k,expr,nodes,sign,ic_train,icir_train,t_train,years_same,ic_2020,ic_2021,ic_2022,ic_2023,ic_valid,t_valid,cover,status
14,"div(ts_decay(ts_decay(ts_corr(ch,mul(turn,cl),5),60),60),ts_std(cs_z(lmoney),3))",11,1.0,0.03750093084103848,0.7708216804054033,10.520571713905833,4,0.03745038480471817,0.04439894233326286,0.03303756927330555,0.03485929913790128,0.004249899535829979,0.40078446995422723,0.9957934778279153,fail: 2024
0,"sub(ts_decay(ts_corr(mul(iret,cl),ch,5),60),ts_std(cs_z(lmoney),5))",10,1.0,0.04283927181838002,0.8959689584136762,10.178983157639943,4,0.05087530596070126,0.04752115591945617,0.04014554718379665,0.03180500588364524,-0.0017047890074018018,-0.11856009189976258,0.9990980943330735,fail: 2024
5,"div(div(ts_mean(ts_corr(ch,cl,5),40),ts_decay(ts_std(abs(lmoney),5),40)),ts_std(cs_rank(lmoney),5))",13,1.0,0.044196813999020736,0.8142975727341338,9.802336951862436,4,0.04618756544548461,0.043099941519680135,0.0438035723932707,0.04364456006047122,0.011822970760600352,1.0040692645776774,0.9992076317721166,duplicate
622,"add(ts_std(cs_z(lmoney),3),add(add(ts_std(ts_corr(iret,vwapc,5),60),ts_std(cs_rank(lmoney),3)),ts_std(ts_corr(hl,vwapc,20),60)))",17,-1.0,-0.04057155436323354,-0.7945858705488729,-9.79191042107005,4,-0.047021984375166276,-0.04542415806714162,-0.03539931921534671,-0.03380704627653354,-0.017233670611599274,-1.0999353791072168,0.9995120604988079,duplicate
633,"add(ts_std(cs_rank(lmoney),10),add(ts_std(ts_std(ts_corr(iret,vwapc,5),60),60),ts_std(cs_rank(lmoney),3)))",13,-1.0,-0.0401147644749344,-0.7622960436149836,-9.774576143953063,4,-0.050561179388256994,-0.03735517937205674,-0.04257514974843684,-0.028968552347668763,-0.020026947607455367,-1.536816976067074,0.9980596225083789,CHOSEN
22,"div(ts_decay(ts_corr(ch,mul(iret,cl),5),60),add(ts_std(lmoney,3),ts_std(cs_z(lmoney),5)))",13,1.0,0.037410269377121254,0.7471354133166173,9.758690427993875,4,0.0449092190516509,0.041072512810466304,0.036544001215543555,0.026086590507837345,-0.006266914242752133,-0.42089823055426623,0.9990980943330735,duplicate
608,"add(ts_decay(ts_corr(iret,vwapc,20),40),add(add(ts_std(ts_corr(iret,vwapc,5),60),ts_std(cs_z(lmoney),3)),ts_std(cs_z(lmoney),5)))",17,-1.0,-0.04378845560922826,-0.8322343404183887,-9.722899898681522,4,-0.048099730633306526,-0.049463675525676605,-0.045744665060264506,-0.03066573634362312,-0.014267392683814661,-0.8338829765087662,0.9991507292063799,duplicate
3,"div(ts_decay(ts_decay(ts_corr(ch,mul(turn,cl),5),60),60),abs(ts_std(cs_z(lmoney),5)))",12,1.0,0.04269762448628083,0.8332348004803076,9.61379240855022,4,0.044689814670931464,0.04726747256201125,0.03923707837546783,0.03927172793218196,0.0010391732296438643,0.07828106483331332,0.9954563301259254,duplicate
612,"add(add(ts_std(ts_corr(iret,vwapc,5),60),ts_std(cs_rank(lmoney),3)),ts_mean(ts_std(cs_z(lmoney),3),5))",13,-1.0,-0.04151999120951301,-0.8063128452500986,-9.507046023595922,4,-0.05035468680101304,-0.04566926771914778,-0.040981078125110225,-0.027833619018787743,-0.019096985807915204,-1.0790678290758007,0.998779439964948,"passed, not chosen (corr / cap)"
610,"add(ts_std(ts_corr(iret,vwapc,5),60),add(ts_std(ts_corr(lmoney,vwapc,20),60),ts_std(cs_z(lmoney),5)))",13,-1.0,-0.04148124172783004,-0.8117756160185329,-9.434192098297691,4,-0.04614271963920172,-0.04390808627504756,-0.040140348766895796,-0.03515560253827761,-0.014203445245148362,-0.8808730203353213,0.9991734902326745,duplicate
11,"div(sub(ts_mean(ts_corr(ch,cl,5),40),ts_decay(ts_mean(ts_decay(ch,5),5),60)),ts_std(cs_z(lmoney),5))",13,1.0,0.041499579771497846,0.7934553379533762,9.342751784957807,4,0.04572303397013277,0.04292380180485463,0.046105751211233996,0.03024582948737959,0.0072008160144281345,0.5422090332799744,0.9991934061306824,duplicate
680,"add(add(ts_std(ts_decay(ts_corr(iret,vwapc,20),40),60),ts_std(sign(lmoney),3)),add(ts_std(vwapc,60),ts_std(cs_rank(lmoney),3)))",16,-1.0,-0.03255674685882105,-0.6755023472817466,-9.274130604684869,4,-0.03504158743773827,-0.0349272995905873,-0.029227413851462308,-0.030863706194951063,-0.01339808323107685,-1.3748516086667049,0.9994764963952225,"passed, not chosen (corr / cap)"
660,"add(ts_mean(ts_std(cs_z(lmoney),3),5),add(ts_std(ts_std(ts_corr(iret,vwapc,5),60),60),ts_std(cs_rank(lmoney),5)))",14,-1.0,-0.038025686253012086,-0.7189942092087062,-9.241200457390754,4,-0.04463466123290697,-0.031246393855333947,-0.049022932782080274,-0.026170724590056576,-0.01089758069692464,-0.702805070730687,0.9987637917593705,duplicate
2,"div(sub(ts_mean(ts_corr(ch,cl,5),40),ts_decay(ts_std(abs(lmoney),5),40)),ts_std(cs_rank(lmoney),5))",13,1.0,0.043659766285580076,0.8499952130394508,9.238132770137916,4,0.041235805614401086,0.04975529770985334,0.04131021340108118,0.04219551336723991,0.008311466304449695,0.7482947135000783,0.9992076317721166,duplicate
713,"add(cs_rank(lmoney),add(ts_std(cs_z(lmoney),3),add(mul(hl,lcap),ts_std(cs_z(lmoney),5))))",14,-1.0,-0.036307502773963836,-0.6095970977630943,-9.226262060741925,4,-0.0459025943487233,-0.023915470622569983,-0.04398311724119496,-0.030977900326236346,-0.007236081471548698,-0.47146884222736485,0.9991706451043878,fail: 2024
681,"add(add(ts_decay(ts_corr(iret,vwapc,20),60),ts_std(cs_rank(lmoney),3)),add(ts_std(ts_corr(ts_z(ch,5),vwapc,5),60),ts_std(lmoney,3)))",17,-1.0,-0.03468661743835984,-0.6771385005752455,-9.197520949962923,4,-0.033070647448048364,-0.04384744967937727,-0.027045908675544458,-0.03475743188939955,0.0003074238133507507,0.02188070604708884,0.9995120604988079,duplicate
601,"add(ts_mean(ts_std(cs_z(lmoney),3),5),add(add(ts_std(ts_corr(iret,vwapc,5),60),ts_std(cs_rank(lmoney),3)),ts_decay(ts_corr(iret,vwapc,20),40)))",18,-1.0,-0.04404678481543547,-0.8592669733909082,-9.182816412828876,4,-0.044473721520973314,-0.05138716005567852,-0.043956741607413155,-0.03560485564582751,-0.014875289194951702,-0.8159701607186909,0.998779439964948,duplicate
602,"add(add(ts_decay(ts_corr(iret,vwapc,20),40),ts_std(cs_z(lmoney),10)),add(ts_std(ts_corr(ts_z(ch,5),vwapc,5),60),ts_std(cs_rank(lmoney),3)))",18,-1.0,-0.044401793408955156,-0.859215108599485,-9.1824445647671,4,-0.047148107088730504,-0.05087448982210493,-0.04396013823476878,-0.034748676212449724,-0.005970308211857529,-0.3685948843821236,0.9981151025099722,fail: 2024
6,"add(ts_std(cs_rank(lmoney),5),ts_decay(ts_decay(ts_min(ts_corr(ch,vwapc,10),3),40),40))",10,-1.0,-0.04157935163342828,-0.7997400318215867,-9.161121611148248,4,-0.04153361644475134,-0.04393751420408349,-0.0324497815221067,-0.04903381368374095,-0.0006440983533678045,-0.04386893680371976,0.9991649548478141,fail: 2024
118,"sub(ts_std(cs_z(lmoney),3),ts_std(lcap,5))",6,-1.0,-0.02639278527485476,-0.5249956492389533,-9.160667138444117,4,-0.031326861128904725,-0.021072764145230148,-0.035230032089796526,-0.017140165242043585,-0.013098091543683724,-1.0052940185514132,0.9995419343458196,duplicate
710,"add(ts_std(add(ts_std(ts_corr(iret,iret,5),60),ts_corr(iret,vwapc,5)),3),add(ts_std(ts_corr(iret,vwapc,5),60),ts_std(cs_z(lmoney),3)))",18,-1.0,-0.032791555530486925,-0.6302805362403191,-9.11463599675319,4,-0.039547697920256406,-0.034324827348409075,-0.03478233087394975,-0.021497006726925505,-0.018024288634643195,-1.13356840830295,0.9994793415235093,duplicate
613,"add(add(ts_decay(ts_corr(iret,vwapc,20),40),ts_min(ts_std(sub(lmoney,lcap),10),20)),ts_std(cs_z(lmoney),3))",14,-1.0,-0.04326540947877354,-0.8098739563281862,-8.999348599098834,4,-0.03921129117832517,-0.047783698143946285,-0.050485911620838556,-0.03484841890407782,-0.009374931455958963,-0.6177904940578517,0.9995177507553815,duplicate
604,"add(add(ts_decay(ts_corr(iret,vwapc,20),40),ts_std(cs_z(lmoney),3)),add(ts_std(ts_corr(iret,vwapc,5),60),ts_decay(ts_corr(ch,vwapc,20),40)))",18,-1.0,-0.04472856492114934,-0.8533109579773459,-8.986392137040182,4,-0.045702254469841795,-0.058285398198216924,-0.03540319171729945,-0.03896305934952937,-0.013583273860089675,-0.7848359354364293,0.9995348215251025,duplicate
648,"add(slog(add(cs_rank(lmoney),ts_std(cs_z(lmoney),5))),add(ts_std(cs_z(cs_rank(lmoney)),10),ts_decay(ts_corr(iret,vwapc,5),40)))",17,-1.0,-0.044833052439389384,-0.7480236603160918,-8.951950790895804,4,-0.05396850648709312,-0.03582410466272004,-0.05521091452822828,-0.03332995900336961,-0.01903926133633432,-1.051341457154299,0.9981634696908483,duplicate
600,"add(ts_decay(add(ts_corr(iret,vwapc,20),mul(hl,lcap)),40),add(ts_std(ts_corr(lmoney,vwapc,20),60),ts_std(cs_z(lmoney),5)))",17,-1.0,-0.04766858533731131,-0.8562688559976768,-8.92639143719774,4,-0.04593407041287824,-0.0463941526555393,-0.05176110767332687,-0.04649566164044284,-0.008236992161834773,-0.7269048910107819,0.9984892368796909,duplicate
521,"add(slog(cl),add(add(ts_corr(lmoney,cs_rank(cl),40),mul(cumr,cumr)),ts_rank(slog(slog(cl)),60)))",16,-1.0,-0.035585076890539316,-0.5221450398768516,-8.867992908900414,4,-0.03588633262131633,-0.03614677691093451,-0.03325597499331872,-0.03718663531403495,0.013616022940438528,0.9521123500507803,0.9918913843825218,fail: 2024
10,"add(ts_std(cs_rank(lmoney),5),ts_decay(ts_min(ts_corr(vwapc,ch,10),5),40))",9,-1.0,-0.04202881570641872,-0.777643162396442,-8.865182103258165,4,-0.04950590636974024,-0.04179802059625666,-0.02917044776535296,-0.048141373273478276,-0.014121625940652556,-0.9681229296970921,0.9992133220286903,duplicate
627,"add(ts_decay(ts_corr(ch,vwapc,20),40),add(ts_std(cs_rank(lmoney),5),ts_std(cs_rank(lmoney),3)))",12,-1.0,-0.04313080569892853,-0.7720920716231047,-8.846434195962845,4,-0.04898731863223651,-0.04324798222160285,-0.03278464464228292,-0.0478917307573201,-0.00987327396844638,-0.7352504873483043,0.9991621097195272,duplicate
606,"add(ts_std(cs_z(lmoney),5),add(ts_corr(ch,vwapc,40),add(mul(hl,lcap),ts_decay(ts_corr(iret,vwapc,20),40))))",16,-1.0,-0.04816697412174648,-0.8391182490712957,-8.828713930976972,4,-0.053338901770019466,-0.04954894435998282,-0.04550881360244768,-0.043871397919251216,-0.0034718422060600602,-0.25143816853411055,0.9992076317721166,duplicate
614,"add(ts_decay(ts_corr(iret,vwapc,20),40),add(ts_std(ts_corr(iret,vwapc,20),60),add(ts_std(cs_z(lmoney),3),ts_std(cs_z(lmoney),10))))",17,-1.0,-0.044181031947688985,-0.8143897824006123,-8.813277425151066,4,-0.04900166865592964,-0.04704143353065389,-0.05027422426100811,-0.029063181972185916,-0.007431642493186729,-0.4429939355729347,0.9980980317402511,duplicate
51,"div(ts_decay(ts_corr(ch,mul(cl,cl),5),60),add(ts_min(ts_std(abs(lmoney),5),40),cs_rank(lmoney)))",14,1.0,0.04242424157179646,0.6700526610882318,8.805438939190916,4,0.03848920280589059,0.038896959037984694,0.03993801623725954,0.05335189137627303,0.01682885754650682,2.2094457043127793,0.999897575381674,CHOSEN
611,"add(ts_mean(ts_std(cs_z(lmoney),3),5),add(mul(hl,lcap),ts_decay(ts_corr(iret,vwapc,20),40)))",13,-1.0,-0.046482452049726786,-0.8087285158263416,-8.788295173388654,4,-0.04785705884964562,-0.046606815085456985,-0.051835684562996726,-0.03897235278151845,-0.0011338581514388861,-0.0799227009245971,0.9988363425306848,duplicate
603,"add(ts_decay(ts_corr(iret,vwapc,20),40),add(add(ts_std(ts_corr(iret,vwapc,5),60),ts_std(cs_rank(lmoney),3)),ts_std(cs_z(lmoney),10)))",17,-1.0,-0.04460034028628083,-0.8494824340952737,-8.785463768088425,4,-0.050181886533834805,-0.050349075833686203,-0.04515576610004449,-0.03153395330390105,-0.014975167937867545,-0.7884796202745942,0.9981207927665459,duplicate
624,"add(add(ts_std(ts_corr(iret,vwapc,5),60),ts_std(cs_z(lmoney),3)),ts_std(cs_z(lmoney),10))",12,-1.0,-0.041468368097024984,-0.7729187866400795,-8.778451565940845,4,-0.055524787295479404,-0.04271606242523357,-0.04515888803522584,-0.020599565327686902,-0.015683485942361387,-0.8750434002126529,0.9981207927665459,duplicate
607,"add(ts_decay(add(ts_corr(iret,vwapc,20),mul(hl,lcap)),40),add(ts_std(ts_std(ts_corr(iret,vwapc,5),60),60),ts_std(cs_z(lmoney),5)))",18,-1.0,-0.04686029065551501,-0.8427924263809777,-8.75887862126384,4,-0.04990248047361541,-0.04964304949183768,-0.049583808224848654,-0.037473169502557774,-0.012570672050488237,-0.9591465689159334,0.9984508276478187,duplicate
108,"div(ts_corr(ch,mul(iret,cl),5),ts_std(cs_rank(lmoney),5))",9,1.0,0.02917977494956313,0.5486367718039364,8.74520753851444,4,0.0358261931735501,0.018282534711018834,0.03759068880886347,0.02464361474859819,0.0033682403283728903,0.31676932047440975,0.9985575199585749,fail: 2024
403,"add(ts_std(add(lmoney,dnlim),3),add(ts_corr(lmoney,slog(cs_rank(cl)),40),mul(cumr,cumr)))",14,-1.0,-0.041878059019072836,-0.7933168524324459,-8.709034988384852,4,-0.04199645193600299,-0.038540594016154846,-0.04772389055280715,-0.039016263931884315,0.027069653216217397,1.512713596521938,0.9918643556637968,fail: 2024
68,"div(sub(ts_mean(ts_corr(ch,cl,5),40),ts_std(add(dnlim,lmoney),5)),sub(ts_std(cs_rank(lmoney),5),cl))",15,1.0,0.029939057946536125,0.6384233601150116,8.70191885324178,4,0.02848689510798898,0.033867093627115326,0.02706235805680332,0.030366769587719597,-0.005530295034443693,-0.5700551214574742,0.9992161671569771,fail: 2024
677,"add(ts_decay(mul(hl,lcap),40),add(ts_std(ts_corr(lmoney,vwapc,20),60),ts_std(cs_z(lmoney),3)))",13,-1.0,-0.03412786882211513,-0.6694984635234311,-8.689664544328895,4,-0.03814102701831766,-0.02755489932497606,-0.03755093658196717,-0.033194166325478884,-0.00785275308912561,-0.706976935330862,0.9995120604988079,duplicate
621,"add(add(ts_decay(ts_corr(iret,vwapc,20),40),ts_mean(ts_std(cs_z(lmoney),3),5)),ts_std(cs_z(lmoney),5))",13,-1.0,-0.043006964839116396,-0.7810117737192835,-8.678573034796191,4,-0.04486551268943423,-0.04107877834138452,-0.05388060773430346,-0.031176650860321568,-0.006430078101896458,-0.4038648928388605,0.9988363425306848,duplicate
625,"add(ts_decay(ts_corr(ch,vwapc,20),40),ts_std(cs_z(lmoney),5))",8,-1.0,-0.041024547757762306,-0.7565749606144011,-8.646942389285954,4,-0.04972479256804661,-0.040693628771322564,-0.037194975100150754,-0.03601554507879294,-0.004849982494310575,-0.3225156348331122,0.9992076317721166,duplicate
77,"add(add(cs_rank(lmoney),mul(ts_std(cs_z(cumr),5),lcap)),ts_std(cs_z(lmoney),5))",12,-1.0,-0.0391954656629054,-0.6130972645387756,-8.645252124843463,4,-0.04867208015447705,-0.02526920588570647,-0.049830462200957264,-0.03244250024299083,-0.013211094277038564,-0.8033378173114072,0.9992161671569771,duplicate
641,"add(slog(ts_corr(ch,vwapc,40)),add(ts_std(ts_corr(lmoney,vwapc,20),60),ts_std(cs_z(lmoney),5)))",13,-1.0,-0.04014906376370931,-0.746147286196451,-8.642060875873607,4,-0.042576515404021256,-0.033842807261507055,-0.04378552094519462,-0.04043199110995321,-0.003063989755786045,-0.23398938776066436,0.9991734902326745,fail: 2024
411,"add(add(oret,ts_std(add(lmoney,dnlim),5)),add(ts_corr(lmoney,slog(cl),20),mul(cumr,cumr)))",15,-1.0,-0.041487183890401944,-0.7530488182351117,-8.636538176893009,4,-0.05358521211612107,-0.037141171698899245,-0.042684057540085155,-0.03165287022733438,0.013144843193464829,0.860176959949979,0.9999687035888448,fail: 2024
692,"mul(ts_std(cs_z(lmoney),5),add(ts_std(cs_z(lmoney),3),ts_corr(turn,cl,20)))",11,-1.0,-0.0333756549646303,-0.6316148091584731,-8.612330838819389,4,-0.045543976003661515,-0.038683623221947565,-0.03198240523930463,-0.015685284532576577,-0.0063221957766328735,-0.5483529551470229,0.9991706451043878,duplicate
615,"add(ts_decay(add(ts_corr(iret,vwapc,5),mul(hl,lcap)),40),add(ts_std(ts_corr(lmoney,vwapc,20),60),ts_std(cs_z(lmoney),5)))",17,-1.0,-0.04604963089820737,-0.8131895735455077,-8.604299380107234,4,-0.05070641270595307,-0.040813800483405945,-0.051551053540786915,-0.04066214009282407,-0.01629506398192017,-1.214272156104034,0.9991734902326745,duplicate
408,"add(ts_corr(hl,cs_rank(cs_rank(cl)),20),add(add(add(ret,ts_std(lmoney,5)),mul(cumr,cumr)),ts_corr(lmoney,cs_rank(slog(cl)),40)))",20,-1.0,-0.04234014313346429,-0.7809954135068031,-8.592591322604907,4,-0.03631684375884214,-0.04148057470458163,-0.049684964315215324,-0.041865437931056675,0.009055987431821034,0.47413720074053606,0.9915400110390977,duplicate
656,"add(ts_decay(ts_delay(ts_corr(iret,vwapc,60),40),40),add(ts_std(ts_corr(iret,vwapc,20),60),add(mul(hl,lcap),ts_std(cs_z(lmoney),5))))",18,-1.0,-0.03908339210430132,-0.7415366117660666,-8.552915202647254,4,-0.043453039816789586,-0.035353086009132846,-0.042100761707873115,-0.035076317637907264,-0.012543331913210713,-0.8779437801240682,0.9991322358725155,fail: 2024
616,"add(add(ts_std(ts_corr(iret,vwapc,5),60),ts_std(cs_rank(lmoney),3)),ts_std(cs_z(lmoney),10))",12,-1.0,-0.04212942043224059,-0.7880124444127605,-8.51956373313228,4,-0.056829679492787256,-0.04467751277699768,-0.042788120347685143,-0.022442747260175477,-0.018141487828833555,-0.9731709042290609,0.9981207927665459,duplicate
484,"add(ts_corr(lmoney,cs_rank(slog(cl)),40),add(ts_corr(lcap,iret,10),mul(cumr,cumr)))",13,-1.0,-0.03503829366364996,-0.5541383199829902,-8.49981151735605,4,-0.038460509573711166,-0.028300243826813464,-0.04738608364939203,-0.02516310120960841,0.013616446236754785,1.0255703837175614,0.9918572428430797,fail: 2024
644,"add(add(ts_std(ts_corr(ts_z(ch,5),vwapc,5),60),ts_std(cs_z(lmoney),3)),add(ts_std(ts_corr(iret,vwapc,5),20),ts_decay(ts_corr(ch,vwapc,20),40)))",19,-1.0,-0.039456474163849634,-0.769749218163476,-8.496097525716268,4,-0.04544739300011918,-0.04877910831796557,-0.03272361206304482,-0.02999113141150162,-0.012651160592608348,-0.7568689493443506,0.9995291312685289,duplicate
402,"mul(cs_z(lmoney),add(ts_corr(cl,lmoney,40),add(mul(cumr,cumr),ts_corr(vwapc,iret,40))))",14,1.0,0.04540686992159787,0.7998097333029756,8.465946492412154,4,0.04468061102335265,0.041139546237069606,0.051782729170667126,0.0439158410950784,-0.006156909903743182,-0.41220137746261615,1.0,fail: 2024
548,"add(add(ts_corr(lmoney,slog(slog(cl)),5),mul(cumr,cumr)),ts_corr(cs_rank(slog(cl)),lmoney,40))",15,-1.0,-0.026332970326686023,-0.4879842109398664,-8.46549242466989,4,-0.02467650608346441,-0.020219118502927624,-0.03561828067501688,-0.02470917711392618,0.004065772604378471,0.3207858604356282,0.9918117207904904,fail: 2024
686,"add(add(ts_decay(ts_corr(iret,vwapc,20),40),cs_rank(lmoney)),ts_std(cs_rank(lmoney),3))",11,-1.0,-0.041035578453844514,-0.6407899196613789,-8.435200114278246,4,-0.034536057448341824,-0.04011990738612956,-0.044548782675376944,-0.04534189633701662,-0.015625981197379225,-1.3297625023016142,0.99954620203825,"passed, not chosen (corr / cap)"
639,"add(add(ts_decay(ts_corr(iret,vwapc,60),40),ts_std(cs_z(cs_z(lmoney)),3)),ts_decay(ts_corr(iret,vwapc,5),40))",14,-1.0,-0.03897909816970846,-0.7548095274339041,-8.416230165272271,4,-0.03791183615418057,-0.03921899669752178,-0.046749742756008884,-0.03137979200513803,-0.018704603995856033,-1.214574859422745,0.9994907220366567,duplicate
49,"add(ts_std(cs_rank(lmoney),5),mul(ts_std(cs_z(lprice),5),lcap))",9,-1.0,-0.04058119063285194,-0.6543750116859984,-8.400319094501045,4,-0.05224733762064596,-0.030925248844106402,-0.049609428654826766,-0.02848474961617009,-0.010691037068377372,-0.6131261282220796,0.9992161671569771,duplicate
60,"add(lmoney,ts_decay(cs_z(ts_std(cs_z(lmoney),5)),40))",7,-1.0,-0.04237337067898434,-0.6191294783618877,-8.394687910598844,4,-0.046767812901810805,-0.033942824210674565,-0.049935561617109846,-0.038530488889962036,-0.023467693011417597,-1.6414571668911035,0.990872828455835,"passed, not chosen (corr / cap)"
629,"add(ts_decay(ts_std(lmoney,3),40),add(add(ts_mean(ts_std(vwapc,3),60),ts_std(cs_rank(lmoney),3)),ts_std(ts_corr(ts_z(ch,5),vwapc,5),60)))",17,-1.0,-0.035882921512193904,-0.7876452046590242,-8.389742309821676,4,-0.032623787213178206,-0.046260230722041884,-0.02762546041656395,-0.03709825672400479,-0.006936047184049274,-0.5000279979714205,0.9995291312685289,duplicate
670,"add(add(ts_decay(ts_corr(lcap,vwapc,60),40),ts_std(cs_z(lmoney),3)),add(mul(hl,lcap),ts_decay(ts_corr(iret,vwapc,20),40)))",17,-1.0,-0.038273362405547406,-0.6988439058390042,-8.389672025040468,4,-0.03194965649762195,-0.041282450020458904,-0.03802024984161258,-0.0421951066846181,-0.022349415368643353,-1.5132011190534806,0.9994907220366567,CHOSEN
665,"add(add(ts_std(cs_z(lmoney),5),ts_std(ts_corr(vwapc,iret,20),60)),ts_max(uplim,3))",11,-1.0,-0.03713828913487928,-0.6921810193262727,-8.386441361968368,4,-0.04587697406855619,-0.038759128890116935,-0.03981995612201531,-0.02281101352269303,-0.006433498894455221,-0.41611963316693157,0.9991734902326745,duplicate
1,"div(sub(ts_decay(ts_corr(mul(iret,cl),ch,5),60),slog(abs(cumr))),ts_max(cs_rank(lmoney),5))",14,1.0,0.049538391892693545,0.856652817314894,8.376347267666885,4,0.05155567427663087,0.038545578969101164,0.05765122209443742,0.05052368154117393,-0.006897700388048779,-0.4414042032659327,0.9990895589482129,fail: 2024
479,"add(ts_corr(hl,cs_rank(lmoney),20),add(add(ts_corr(lmoney,cs_rank(cl),40),mul(cumr,cumr)),ts_rank(slog(slog(cl)),60)))",18,-1.0,-0.03652124169458772,-0.5854350571172678,-8.374111442057826,4,-0.048198774113361015,-0.03155843988674168,-0.031427462987432424,-0.034715879290407876,0.002759143341136717,0.16993815278937519,0.9915713074502529,duplicate
669,"add(add(ts_corr(iret,vwapc,60),add(ts_std(cs_z(lmoney),10),uplim)),add(ts_std(ts_corr(ch,vwapc,40),20),cs_rank(lmoney)))",17,-1.0,-0.0433644612840056,-0.7035089143311355,-8.371862997517503,4,-0.04496981415403202,-0.03581847975365535,-0.058892864363762544,-0.03289251204942418,-0.01166053775859137,-0.7215312081361344,0.9982004563585772,duplicate
65,"div(sub(ts_decay(ts_corr(mul(ret,cl),ch,5),60),abs(ts_min(ts_std(lmoney,5),3))),cs_rank(lmoney))",14,1.0,0.03776190520457539,0.6391070710613348,8.364983710150948,4,0.03426572633272424,0.03957016187779406,0.02612338158336164,0.052362302537613474,0.001255745872169337,0.08504509766186613,0.9985248009832763,fail: 2024
620,"add(ts_decay(ts_corr(iret,vwapc,20),40),add(ts_std(ts_corr(iret,vwapc,20),60),add(mul(hl,lcap),ts_std(cs_z(lmoney),10))))",17,-1.0,-0.044824709488585954,-0.797622599286608,-8.350903715122044,4,-0.050852625683554135,-0.04880366313181159,-0.04562774599983919,-0.03294233751390551,-0.0025395661258250392,-0.16451387093322,0.9981691599474221,duplicate
8,"div(sub(ts_mean(ts_corr(ch,cl,5),40),ts_decay(ts_std(abs(lmoney),5),40)),mul(ts_std(cs_z(cumr),5),lcap))",15,1.0,0.04631765617980294,0.8149811858995175,8.344387871136806,4,0.04773548772173393,0.05330753039976835,0.051317861217698504,0.0315976465901579,0.0064058788465778446,0.44078849665801334,0.9992161671569771,fail: 2024
513,"add(ts_corr(hl,cs_rank(cl),20),add(add(ts_corr(lmoney,slog(cl),40),mul(cumr,cumr)),add(ret,ts_rank(mul(cumr,cl),5))))",20,-1.0,-0.028166602461635302,-0.5528612132725899,-8.33094602523834,4,-0.026427482986411198,-0.025061286322276152,-0.029389475887091225,-0.03215421551766877,0.003647612497847626,0.2808456805280369,0.9961292029657617,fail: 2024
412,"add(add(ts_corr(lmoney,slog(slog(cl)),20),mul(cumr,cumr)),add(oret,ts_corr(vwapc,slog(iret),40)))",16,-1.0,-0.041646359222646076,-0.747526575845075,-8.31561277157643,4,-0.040707727456910904,-0.04557714711101256,-0.04267229441787147,-0.03723291915457388,0.004190316513587396,0.3818005123777354,1.0,duplicate
628,"add(slog(add(ts_corr(ch,vwapc,40),ts_std(cs_z(lmoney),5))),add(ts_std(cs_z(cs_rank(lmoney)),10),ts_decay(ts_corr(iret,vwapc,5),40)))",18,-1.0,-0.046001644846751406,-0.7926693725018797,-8.312560300009961,4,-0.054921687910488494,-0.041451236362226015,-0.0521742088746901,-0.03443792675847263,-0.01651727392318331,-0.8867513324346108,0.9981634696908483,duplicate
400,"add(add(ts_corr(lmoney,cs_rank(cl),40),mul(cumr,cumr)),ts_std(add(lmoney,dnlim),5))",13,-1.0,-0.04338858946059643,-0.8148153460912175,-8.30581789526699,4,-0.04578864756828354,-0.03902581302692717,-0.049112957386080604,-0.03927837912234524,0.028223541749212513,1.4753376491590096,0.9918600879713666,duplicate
605,"add(ts_decay(ts_corr(iret,vwapc,20),40),add(add(ts_std(ts_corr(iret,vwapc,5),60),ts_std(cs_rank(lmoney),3)),ts_std(ts_corr(hl,vwapc,20),60)))",18,-1.0,-0.04243449874477773,-0.8525265610932897,-8.303245516901509,4,-0.040207912948957106,-0.05413836488142009,-0.031987233158000256,-0.043453770913015125,-0.014955783633363003,-0.8568280362393009,0.9995120604988079,fail: 2024
623,"add(add(ts_std(ts_decay(ts_corr(iret,vwapc,20),40),60),ts_min(ts_std(cs_z(lmoney),10),20)),add(ts_decay(ts_corr(ret,vwapc,20),40),ts_std(cs_z(lmoney),5)))",19,-1.0,-0.0433897853156297,-0.8021093410008967,-8.287205831399097,4,-0.032917410289651214,-0.052748189785028134,-0.045096972890627335,-0.042745239850016714,-0.011435630782512628,-0.6693378607663755,0.9938104234119917,duplicate
618,"add(ts_std(ts_corr(iret,vwapc,10),60),add(ts_corr(ch,vwapc,40),add(ts_std(cs_z(lmoney),5),ts_min(ts_corr(iret,vwapc,60),10))))",17,-1.0,-0.04183532128436405,-0.8067303880101871,-8.26279418830698,4,-0.04568132930128632,-0.04726092510213769,-0.036550417536264,-0.03742783273779893,-0.012382460533951017,-0.8209535734095148,0.9991905610023956,duplicate
690,"add(add(ts_decay(ts_corr(iret,vwapc,20),40),ts_std(cs_z(lmoney),10)),add(ts_decay(cs_z(lmoney),10),ts_decay(ts_std(cs_z(lmoney),10),10)))",17,-1.0,-0.04104470972241965,-0.6611997630672393,-8.245154251611156,4,-0.042098474445098386,-0.035020690223262235,-0.05192189736793026,-0.03459897443043211,-0.012348943857720535,-0.8357165512578605,0.9962415855330917,fail: 2024
707,"add(ts_decay(ts_corr(vwapc,iret,20),40),add(ts_std(ts_corr(iret,vwapc,20),60),add(ts_corr(ch,vwapc,5),cs_rank(lmoney))))",16,-1.0,-0.03372181178433498,-0.6234217764260594,-8.229602740291613,4,-0.035391676417765604,-0.032690005330255095,-0.03322301015716281,-0.03356643556801569,-0.01621924541370176,-1.5603928377916763,0.9998819271760964,CHOSEN
123,"div(ts_decay(ts_corr(ch,mul(turn,cl),5),60),add(ts_std(lmoney,3),mul(ts_std(lmoney,3),ts_min(ts_corr(ch,turn,10),5))))",17,1.0,0.030354786228027404,0.5590351866343646,8.228858585113025,4,0.020538345286433408,0.04461541434649595,0.028081270295324205,0.027957742661211378,-0.011489866805808296,-1.0901898901449876,0.9963070234836888,fail: 2024
20,"div(sub(ts_mean(ts_corr(ch,cl,5),40),ts_decay(ts_std(abs(lmoney),5),40)),ts_std(ts_std(cs_rank(lmoney),5),5))",14,1.0,0.037909130293207555,0.7538495938781873,8.219118179043162,4,0.037805411007701815,0.04618416787315004,0.036816975999717824,0.030120311259164062,0.007192552524273246,0.6989471628820432,0.9984878143155475,duplicate
410,"add(ts_std(add(lmoney,dnlim),3),add(ts_corr(lmoney,cl,40),mul(cumr,cumr)))",12,-1.0,-0.04083119167210204,-0.7456449897071021,-8.216997299446183,4,-0.04753018583761769,-0.034771687308828916,-0.04323901401980684,-0.037491422305181224,0.020806900413635258,1.1964368612233054,0.999972971281275,duplicate
440,"add(cs_z(lmoney),add(ts_corr(cl,lmoney,40),add(mul(cumr,cumr),ts_corr(vwapc,iret,40))))",14,-1.0,-0.04269422311216197,-0.6445424065123523,-8.214821946523191,4,-0.041149504324531475,-0.02931440826988091,-0.04774771968344388,-0.05357076384437142,-0.006677911194395358,-0.4936593460035811,1.0,duplicate
401,"add(add(ts_corr(cl,lmoney,40),add(mul(cumr,cumr),ts_corr(vwapc,iret,40))),add(slog(cl),ts_std(add(lmoney,dnlim),5)))",19,-1.0,-0.047670056880249334,-0.8238642909066929,-8.195645099870411,4,-0.05044038329846436,-0.044821409596735806,-0.05068278689517578,-0.04445716686511509,0.020373916010081566,1.0940842558657113,0.9999687035888448,duplicate
694,"add(ts_decay(add(cs_z(lmoney),ts_std(cs_z(lmoney),5)),20),add(mul(hl,lcap),ts_std(cs_z(lmoney),5)))",15,-1.0,-0.03928239737492458,-0.6432757492897294,-8.193918353360516,4,-0.04393307578310643,-0.02604858177079754,-0.05407888206506064,-0.0325174790201814,-0.004318640974157477,-0.2762138631506119,0.9951248726805092,duplicate
413,"add(add(ts_corr(lmoney,abs(slog(iret)),40),mul(cumr,cumr)),add(oret,add(ts_corr(lmoney,slog(cl),40),ts_std(lmoney,5))))",19,-1.0,-0.03994449329369676,-0.7578756556770162,-8.193907829436817,4,-0.045252424438671814,-0.03210534548147753,-0.045651023268393216,-0.03647890685145149,-0.001329353168618347,-0.08296944176794481,0.9999687035888448,fail: 2024
609,"add(slog(add(ts_corr(ch,vwapc,40),ts_std(cs_z(lmoney),5))),ts_decay(add(mul(hl,lcap),ts_std(ts_corr(iret,vwapc,5),20)),40))",18,-1.0,-0.04466989580279792,-0.8339298326491439,-8.186275398901255,4,-0.05637170250193166,-0.05170589641880133,-0.03542422529871379,-0.034191004782028835,-0.021757809658997325,-1.4261798502392808,0.9982459784111666,duplicate
636,"add(add(slog(lmoney),ts_decay(add(ts_corr(iret,vwapc,5),mul(hl,lcap)),40)),add(ts_std(cs_z(lmoney),5),ts_corr(iret,vwapc,60)))",19,-1.0,-0.043853293800572214,-0.7810480103281169,-8.181640668828047,4,-0.04633518601834789,-0.04084997684151076,-0.05091774984996974,-0.036690885873776925,-0.018098700193191007,-1.1836721155636085,0.9992047866438297,duplicate
16,"add(mul(ts_std(cs_z(cumr),5),lcap),ts_decay(ts_min(ts_corr(ch,vwapc,10),5),40))",11,-1.0,-0.04461148266599698,-0.76037099983832,-8.179054947768199,4,-0.05636161506147729,-0.0463630002003485,-0.036130259668335225,-0.03905290815235449,-0.010653016033724089,-0.6178877810263718,0.9992133220286903,duplicate
642,"add(add(ts_std(ts_std(cs_z(lmoney),5),5),add(ts_std(ts_corr(iret,vwapc,5),60),ts_std(cs_rank(lmoney),3))),ts_std(mul(hl,lcap),60))",18,-1.0,-0.04032767552819288,-0.7660236431517531,-8.1693695756379,4,-0.055370221867843114,-0.04408264152682674,-0.03147555653518523,-0.029352188189300642,-0.025518958585937845,-1.6480535396829052,0.9984109958518029,duplicate
13,"div(ts_decay(ts_corr(mul(ret,cl),ch,5),60),abs(ts_std(cs_z(lmoney),10)))",11,1.0,0.040930645932230975,0.7826390016807232,8.15711238152586,4,0.04879251682346135,0.04314066997742177,0.0436032179454178,0.026929592100821215,-0.0030829530995238018,-0.18845302793266835,0.9980923414836775,duplicate
619,"add(ts_decay(ts_corr(iret,vwapc,20),40),add(add(ts_std(oret,10),ts_std(cs_rank(lmoney),3)),ts_std(cs_z(lmoney),10)))",15,-1.0,-0.04522030554093922,-0.7975510729480736,-8.15497889472321,4,-0.04793322649655036,-0.04438518351454138,-0.055458970513547895,-0.031944006612567584,-0.0054453742478097625,-0.3259505059214259,0.9981321732796932,duplicate
107,"add(add(slog(ts_delay(hl,3)),ts_decay(ts_mean(ts_corr(ch,vwapc,10),5),40)),cs_rank(lmoney))",12,-1.0,-0.03700789941907795,-0.5613902358131159,-8.12685561381869,4,-0.04237676638709343,-0.03323678828489276,-0.02497748919562552,-0.04842466234421248,-0.018207126697925725,-2.5505257742640475,0.9998947302533872,duplicate
104,"div(cs_z(ts_std(cs_z(lmoney),5)),add(ts_std(oret,5),cs_z(ts_min(abs(cumr),40))))",12,1.0,0.025406244582509403,0.567359151211158,8.108537939878413,4,0.0338118953553736,0.019019491450323094,0.03232245102640451,0.015612968174783868,0.0074101271126493055,0.8949546539661781,0.9992161671569771,fail: 2024
663,"add(add(add(ts_std(lmoney,5),ts_std(ts_corr(vwapc,iret,5),60)),ts_std(cs_z(lmoney),10)),add(mul(hl,lcap),ts_std(cs_rank(lmoney),5)))",19,-1.0,-0.04055600352635994,-0.7277122933236462,-8.105061933787907,4,-0.05531965667950066,-0.03705960671831097,-0.043434620748988635,-0.025014968866932632,-0.00481477051096804,-0.24447925632802284,0.9981435537928405,duplicate
617,"add(ts_corr(ch,vwapc,20),add(ts_std(cs_z(lmoney),5),add(ts_std(ts_corr(iret,vwapc,10),60),ts_decay(ts_corr(iret,vwapc,20),40))))",17,-1.0,-0.043520023653264045,-0.8071968513142935,-8.098978130024172,4,-0.048228665405080494,-0.050478289447583015,-0.03339366277334403,-0.04178029876290085,-0.014393409854025006,-0.9900562834450428,0.9991905610023956,duplicate
685,"add(ts_std(cs_rank(lmoney),3),ts_min(ts_std(cs_z(lmoney),5),5))",8,-1.0,-0.03220799223171869,-0.6306347628323895,-8.09715474468156,4,-0.0376202117515404,-0.02381277036404121,-0.043756823207245325,-0.02284171383557167,-0.006608960603398578,-0.4682962478237985,0.9984309117498108,duplicate
7,"sub(ts_std(cs_rank(lmoney),5),ts_decay(ts_corr(mul(iret,cl),ch,5),60))",10,-1.0,-0.038118629895575226,-0.7964596321984031,-8.067273737024314,4,-0.04201581435785399,-0.04621211695095568,-0.02812464711182243,-0.03587795412578784,0.002995225261134091,0.23572196715232274,0.9990980943330735,duplicate
21,"add(ts_std(cs_z(lmoney),5),ts_decay(ts_min(ts_corr(vwapc,iret,10),5),40))",9,-1.0,-0.04062476248114634,-0.7315011841127471,-8.06198997608393,4,-0.04461464165566669,-0.03795453486365262,-0.04810850881322716,-0.030978871346662048,-0.005686414882391101,-0.359259510127725,0.9992133220286903,duplicate
748,"add(ts_std(cs_z(lmoney),5),add(ts_std(cs_z(lmoney),5),add(ts_corr(iret,vwapc,5),ts_decay(ts_corr(iret,vwapc,20),40))))",16,-1.0,-0.03505880385158864,-0.5787581708024012,-7.984822525880717,4,-0.03907710940068312,-0.028907219460617306,-0.0435840825243345,-0.028069072266844654,-0.005907548254989751,-0.3884719667142158,0.9991720676685312,fail: 2024
657,"add(add(ts_corr(iret,vwapc,60),ts_std(cs_z(lmoney),10)),add(ts_decay(ts_corr(oret,vwapc,20),40),ts_std(cs_z(lmoney),5)))",16,-1.0,-0.03553856294421656,-0.7315966961448528,-7.977000986978565,4,-0.030978620683519482,-0.03224287933522429,-0.03466960674380565,-0.04512772351812584,-0.006646724308633384,-0.4265178144309579,0.998152089177701,fail: 2024
9,"div(ts_decay(ts_decay(ts_corr(mul(ret,cl),ch,10),60),60),add(ts_min(abs(cumr),40),cs_rank(lmoney)))",14,1.0,0.04394714224142116,0.801903902695632,7.962349470905705,4,0.03759697392024651,0.03358783730863375,0.0551565657030348,0.05004542967582062,-0.00002038801093933455,-0.0014805083380903163,0.9998051087123518,duplicate
221,"add(cs_rank(ts_max(lmoney,5)),add(ts_max(lmoney,3),ts_corr(div(cumr,ts_corr(cl,vwapc,20)),lprice,40)))",14,-1.0,-0.037653691080083346,-0.6293685757440649,-7.95934421533147,4,-0.03236348714838533,-0.023269506460467715,-0.04936168572436325,-0.04646609702602669,-0.0031170569669994696,-0.26170005021729265,0.999219012285264,fail: 2024
646,"add(add(iret,ts_min(ts_corr(iret,vwapc,20),20)),add(ts_std(ts_corr(vwapc,iret,5),60),ts_std(cs_rank(lmoney),3)))",15,-1.0,-0.038403492784264984,-0.7518075627708901,-7.949531529625197,4,-0.03656384544368017,-0.04750473778924824,-0.03512822028128276,-0.034005518636178456,-0.020460036829903057,-1.242122742036545,0.9993641138278925,duplicate
744,"add(add(ts_std(ts_min(ts_corr(ret,vwapc,20),5),60),ts_max(cs_rank(lmoney),3)),ts_min(ts_std(cs_z(lmoney),3),5))",14,-1.0,-0.03475823330524457,-0.5739305362837229,-7.942696632593132,4,-0.030415031236860856,-0.03272349994761128,-0.03460791393727726,-0.0419356794390465,-0.01594140167649397,-1.4791928356174793,0.9987538338103665,duplicate
404,"add(add(mul(cumr,cumr),ts_std(add(lmoney,dnlim),5)),ts_corr(cl,lmoney,40))",12,-1.0,-0.042687022707578924,-0.7711777870735915,-7.934780664144702,4,-0.052085704936688085,-0.03504789632480413,-0.04511868050632217,-0.03808958715122094,0.02308507083032314,1.2427450196914727,0.9999687035888448,duplicate
502,"add(ts_corr(hl,cs_rank(cs_rank(cl)),20),add(add(add(ret,ts_std(lmoney,5)),mul(cumr,cumr)),ts_rank(slog(slog(cl)),60)))",19,-1.0,-0.03831686997105015,-0.5583867959989637,-7.933926250570218,4,-0.037177767587702054,-0.033832518006588715,-0.04070419698252431,-0.04188594811467446,0.001028652517117109,0.056578029280932016,0.9961178224526144,duplicate
33,"div(ts_decay(ts_corr(ch,mul(turn,cl),5),60),add(abs(ts_corr(vwapc,lprice,10)),ts_min(ts_min(abs(cumr),20),20)))",16,1.0,0.04126751147662658,0.719693317458737,7.920188414590997,4,0.02966208262282803,0.03798606657768493,0.05620063634801941,0.04128422687499222,-0.0033046519928991084,-0.26583502326386643,0.9961420060430525,fail: 2024
18,"div(ts_decay(ts_corr(ch,mul(turn,cl),5),60),mul(ts_std(cs_z(cumr),5),lcap))",12,1.0,0.04589548225844646,0.7552563078584427,7.916797231406948,4,0.05292067300001784,0.0461421544921665,0.05035326224419843,0.03301835348221212,0.007890574755527688,0.49765372519642354,0.9955943188478369,duplicate
640,"add(add(ts_decay(ts_corr(ret,vwapc,20),40),ts_std(cs_z(lmoney),5)),ts_std(mul(hl,lcap),5))",13,-1.0,-0.04097658388570032,-0.7504186632741247,-7.9118357604792235,4,-0.03491764184938592,-0.04659307766723567,-0.040589137784059134,-0.04188733901017307,-0.0017163316770330307,-0.11350299665330144,0.9992076317721166,duplicate
667,"add(add(ts_std(ts_corr(iret,vwapc,20),10),ts_min(ts_std(sub(lmoney,lprice),10),20)),ts_std(cs_z(lmoney),5))",14,-1.0,-0.03780961189770501,-0.6976139914348729,-7.903982519887552,4,-0.047081176521471674,-0.034575099548692756,-0.045486285638256324,-0.022765454667031962,-0.0034586660194155924,-0.18491656572803572,0.9992161671569771,fail: 2024
517,"add(ts_corr(cs_rank(slog(cl)),hl,20),add(add(ts_corr(lmoney,slog(cl),40),mul(cumr,cumr)),mul(cumr,ts_z(ts_decay(iret,5),3))))",20,-1.0,-0.028372247623575573,-0.5411711063091982,-7.890675534456671,4,-0.02721207440385706,-0.02971564950538826,-0.029697742602260675,-0.026719332013934498,0.0016041263520224567,0.10097756963170391,0.9961192450167579,duplicate
409,"add(add(ts_corr(lmoney,cs_rank(sign(cl)),40),mul(cumr,cumr)),add(ts_corr(lmoney,slog(cl),40),ts_std(lmoney,5)))",17,-1.0,-0.0396644187227643,-0.7688577390843443,-7.871622129362076,4,-0.04665190730776413,-0.027060528609297075,-0.04651963509006372,-0.038333302028334966,0.019888749533139034,1.1759876692739812,0.9918600879713666,duplicate
458,"add(add(lmoney,add(ts_corr(vwapc,slog(iret),40),mul(cumr,cumr))),cs_z(ts_std(lmoney,5)))",14,-1.0,-0.03766200032756623,-0.6153036468651357,-7.848688394572828,4,-0.03997702145183204,-0.02131887529296379,-0.04522797400297786,-0.04480165472015532,0.004577306967346647,0.2347778105928479,0.9999687035888448,duplicate
631,"add(add(ts_std(ts_corr(iret,vwapc,5),60),ts_std(cs_rank(lmoney),3)),ts_min(ts_decay(ts_std(lmoney,10),10),20))",13,-1.0,-0.0389513740147682,-0.7649977981341637,-7.848662712723997,4,-0.04456315364654141,-0.05196918716111389,-0.02885311982928884,-0.02952506843921665,-0.027469012390862205,-1.6650983254706488,0.999365536392036,duplicate
204,"add(cs_rank(ts_std(lmoney,10)),add(ts_max(lmoney,3),ts_corr(div(cumr,ts_corr(cl,vwapc,20)),lprice,40)))",14,-1.0,-0.04043854621585063,-0.6828933876543754,-7.823607991136122,4,-0.039402382856008784,-0.02454705960215491,-0.055297421023522864,-0.042780497528578904,0.0025718195323844975,0.15429562612339046,0.9992062092079732,duplicate
78,"add(add(slog(ts_std(lmoney,5)),ts_decay(ts_std(lmoney,5),40)),cs_rank(lmoney))",10,-1.0,-0.037978136640425986,-0.6050125808109924,-7.807332728113262,4,-0.041532011830509995,-0.028124424312603872,-0.04494903136815421,-0.03727181944748539,-0.005200108244058537,-0.27366384605181276,0.9999687035888448,duplicate
26,"add(ts_decay(ts_std(abs(lmoney),3),40),mul(add(ts_std(lmoney,3),abs(cumr)),cs_rank(ts_std(cs_rank(lmoney),5))))",15,-1.0,-0.0443600424428228,-0.7410279744586104,-7.806128953637223,4,-0.047884398942524393,-0.028878776393167258,-0.05688630682844399,-0.04379068967955802,-0.0006264317530519181,-0.03473108041511299,0.9992161671569771,duplicate
658,"add(ts_std(cs_z(lmoney),5),add(add(ts_std(ts_corr(iret,vwapc,5),60),ts_decay(ts_corr(iret,vwapc,5),40)),ts_min(ts_std(cs_z(vwapc),3),5)))",18,-1.0,-0.03992649695751487,-0.7370462389418797,-7.801211143672808,4,-0.057057987366814486,-0.038998796396116045,-0.03735993100910626,-0.024920107937039707,-0.012900973688446525,-0.8941001756247864,0.9988249620175373,duplicate
469,"add(cs_rank(lmoney),add(ts_corr(cl,lmoney,40),add(mul(cumr,cumr),ts_corr(vwapc,iret,5))))",14,-1.0,-0.03537104685069651,-0.587061351480303,-7.7975877651454715,4,-0.03581075591482883,-0.0221708806989096,-0.043036058286395194,-0.041008414745995064,0.0030361144965181624,0.18403592941495056,0.9999146461513949,fail: 2024
35,"add(ts_decay(ts_delay(ts_corr(ch,vwapc,10),5),40),mul(ts_std(ts_std(cs_rank(lmoney),5),5),lcap))",12,-1.0,-0.03861012973366192,-0.6951875703339885,-7.79666607338466,4,-0.04181744606589727,-0.04284334182787165,-0.025408848093538536,-0.044884617286981864,-0.011205861732896788,-0.6331246677992688,0.9984821240589739,duplicate
757,"add(add(ts_decay(ts_corr(iret,ts_max(turn,20),20),40),cs_rank(lmoney)),add(ts_std(ts_corr(iret,vwapc,5),60),ts_std(cs_z(lmoney),3)))",17,-1.0,-0.031701422388032544,-0.5720202057346203,-7.790465708586734,4,-0.03924950297719247,-0.027195174897107433,-0.026808032687572564,-0.03371515480721921,-0.010364062271391177,-0.8013911140409935,0.9981079896892551,fail: 2024
655,"add(ts_std(cs_z(lmoney),5),add(ts_corr(ch,vwapc,40),add(mul(hl,lcap),ts_decay(ts_corr(iret,vwapc,20),3))))",16,-1.0,-0.044755000099787556,-0.7337519678871508,-7.787558265786026,4,-0.05055828384948231,-0.03803822464133453,-0.046209910399926786,-0.04416626793958196,-0.0010135317336118937,-0.06706377535701123,0.9992161671569771,fail: 2024
28,"div(ts_decay(ts_decay(ts_corr(ch,mul(turn,cl),5),60),60),add(ts_std(lmoney,10),cs_rank(lmoney)))",13,1.0,0.04221089548728417,0.7289407330518447,7.76952715732216,4,0.038481533413833396,0.04775647035532357,0.031446943707785315,0.05200065395585288,-0.0027379474308440776,-0.1931204873247259,0.996201753737076,fail: 2024
654,"add(ts_std(ts_corr(hl,vwapc,20),60),add(ts_corr(iret,ts_std(cs_z(lmoney),10),60),add(ts_std(ts_corr(iret,vwapc,5),60),ts_std(cs_z(lmoney),3))))",19,-1.0,-0.0368013525274132,-0.7461844911869747,-7.76665627307255,4,-0.045940964467933214,-0.03639170863589467,-0.02449883607229168,-0.04067387174113287,-0.021740103700886717,-1.393332438846382,0.9852096006008911,CHOSEN
645,"add(ts_corr(ch,vwapc,40),add(ts_std(ts_corr(iret,vwapc,20),60),add(mul(hl,lcap),ts_std(cs_z(lmoney),10))))",16,-1.0,-0.044765074064179095,-0.7565478899875994,-7.753234835063394,4,-0.05872853407674611,-0.044258822134955605,-0.03952982853835907,-0.03570094670216991,-0.002986705103532948,-0.20178712818273797,0.9981691599474221,duplicate
52,"div(ts_decay(ts_corr(ch,mul(turn,cl),5),60),add(ts_std(lmoney,3),div(cs_z(cumr),lmoney)))",14,1.0,0.033750007868783745,0.6681672058107938,7.73315398805992,4,0.03049900877037241,0.03514514974474863,0.03213848397104466,0.03755526618691652,-0.000130955832831275,-0.008863342406297074,0.9963411650231309,fail: 2024
635,"add(ts_std(ts_corr(iret,vwapc,5),20),add(add(ts_corr(ch,vwapc,40),ts_std(cs_z(lmoney),10)),ts_delay(ts_std(ts_corr(iret,vwapc,20),60),20)))",18,-1.0,-0.04188858629485251,-0.7771389169707039,-7.725674696280854,4,-0.04990431401445511,-0.04505232817034904,-0.04358998750043506,-0.027733155510417815,-0.019270731029071744,-1.0542218667378322,0.9981378635362669,CHOSEN
650,"add(ts_decay(ts_std(lmoney,3),40),add(add(ts_mean(ts_std(vwapc,3),60),ts_std(cs_rank(lmoney),3)),ts_std(ts_decay(ts_corr(iret,vwapc,20),40),60)))",17,-1.0,-0.04205360420958337,-0.7455446733959384,-7.717579234970186,4,-0.03708055485260324,-0.04660122724043478,-0.04744870220561135,-0.03661362630103365,-0.010695671633584425,-0.6814683162488868,0.9994764963952225,duplicate
661,"add(add(ts_corr(ch,vwapc,20),ts_std(cs_z(lmoney),5)),add(ts_decay(ts_std(ts_max(oret,3),3),40),ts_decay(ts_corr(cl,vwapc,20),60)))",17,-1.0,-0.04081007022191141,-0.7275730159815831,-7.705940750996575,4,-0.051533483828268487,-0.046081901101354523,-0.03231246972156877,-0.03252760375599952,-0.017514090439922605,-1.5189850543654537,0.9991734902326745,"passed, not chosen (corr / cap)"
647,"add(ts_corr(ch,vwapc,40),add(ts_std(cs_rank(lmoney),3),ts_min(ts_std(cs_z(lmoney),3),5)))",12,-1.0,-0.037839720856053145,-0.7310446123552925,-7.690487067658354,4,-0.04523164568274424,-0.031235512937328094,-0.03202424854764615,-0.04334166243975788,-0.006088709609693114,-0.4347390845874204,0.9987993558629559,duplicate
181,"add(uplim,add(abs(cl),ts_min(ts_std(cs_rank(lmoney),5),5)))",9,-1.0,-0.027947997496257516,-0.4690874692365682,-7.6830340176907095,4,-0.03626196470720992,-0.021888168020556688,-0.02886764477780387,-0.02446243137951384,0.002016380012678156,0.1918723451143655,0.9984892368796909,fail: 2024
675,"add(add(ts_std(vwapc,60),add(ts_std(cs_z(lmoney),5),ts_corr(iret,ts_corr(iret,vwapc,60),60))),slog(ts_mean(ts_corr(iret,vwapc,5),40)))",18,-1.0,-0.03707373133170102,-0.6941709145052396,-7.669527323500588,4,-0.03780015438334339,-0.042631612438552846,-0.04518700921609767,-0.021279617492162214,0.004346616179271436,0.26324439367116875,0.9991365035649458,fail: 2024
430,"sub(ts_max(slog(ts_std(dnlim,5)),10),add(mul(cumr,cumr),ts_corr(cs_rank(cl),lmoney,20)))",13,1.0,0.035042364563520244,0.6626519983245162,7.668145580678802,4,0.03625900704133873,0.02938742299283684,0.044591933503518005,0.02946549124264567,0.013557396610915384,0.7111804814389321,0.9961206675809012,duplicate
426,"add(add(ts_corr(hl,abs(slog(cl)),20),add(mul(cumr,cumr),add(dnlim,iret))),add(oret,ts_std(add(lmoney,dnlim),5)))",20,-1.0,-0.04086127155558555,-0.7067999116905875,-7.654758096907753,4,-0.0475447509028669,-0.03773217540954857,-0.04462156110983881,-0.032835456216075705,0.015173712264963982,0.7794964158423945,0.9999687035888448,duplicate
39,"div(ts_decay(ts_corr(mul(ts_std(lmoney,10),cl),ch,5),60),abs(ts_min(ts_std(cs_z(lmoney),5),5)))",13,1.0,0.03426432036846129,0.6905617978761595,7.622099847520391,4,0.03395386042582896,0.03935610281763198,0.0394038011435148,0.02337918137908677,0.0022362853164417983,0.18481047404509862,0.9984550953402489,fail: 2024
634,"add(ts_decay(add(ts_corr(iret,vwapc,5),ts_corr(cl,vwapc,20)),40),ts_std(cs_z(lmoney),5))",12,-1.0,-0.04100090905294574,-0.7542254278625491,-7.598415668329984,4,-0.041645588292912754,-0.04832251634330914,-0.046870678086949835,-0.02581406863168202,-0.01967448491668455,-1.3853919219207778,0.998523378419133,duplicate
243,"add(abs(div(vwapc,div(turn,cumr))),sub(add(abs(cumr),cs_z(ts_corr(lmoney,cl,20))),turn))",16,-1.0,-0.03253285044337328,-0.5948462124680695,-7.597011880368825,4,-0.03938997831229607,-0.038014527951863525,-0.028958356486222598,-0.022879899452056957,0.005654567188100796,0.39497352308792405,0.9970652501721302,duplicate
405,"add(add(mul(cumr,cumr),add(ts_decay(iret,5),ts_corr(vwapc,slog(iret),40))),ts_corr(cs_rank(cl),lmoney,40))",16,-1.0,-0.043148823424562735,-0.7795729174349014,-7.581580203614744,4,-0.029760244059560383,-0.048433155509348146,-0.050485606083594946,-0.0440258853503859,0.01888957907070671,1.118807051525635,0.9918600879713666,duplicate
161,"div(ts_decay(ts_corr(ch,mul(turn,cl),5),60),add(cs_z(ts_std(cs_z(lmoney),5)),ts_min(abs(cumr),20)))",15,-1.0,-0.022704329908990694,-0.5103973697419839,-7.573638468801978,4,-0.023669139628767835,-0.015562480723558649,-0.030541710619323297,-0.020914169086609036,-0.005676583372381038,-0.7421892164260199,0.9955943188478369,fail: 2024
683,"add(ts_corr(iret,vwapc,60),add(ts_corr(vwapc,ch,40),cs_rank(lmoney)))",10,-1.0,-0.039563157222465804,-0.6437609815895865,-7.551862148534317,4,-0.03589003416991059,-0.037660214898294825,-0.03952830804433493,-0.04573246666885558,-0.01594501322928639,-1.6143294480874546,0.9999886194868527,duplicate
668,"add(ts_std(ts_corr(ch,vwapc,40),60),add(ts_std(ts_delta(lmoney,10),10),add(ts_decay(ts_corr(iret,vwapc,20),40),ts_std(cs_z(lmoney),5))))",17,-1.0,-0.0385790206111512,-0.7095605427371601,-7.549879177452393,4,-0.044430222383838286,-0.04394415878008576,-0.038047529350531344,-0.026828116897377186,-0.009156864931166506,-0.5275317522540505,0.9990554174087709,duplicate
407,"add(add(ts_corr(lmoney,slog(cs_rank(cl)),40),mul(cumr,cumr)),ts_std(ts_std(add(lmoney,dnlim),5),5))",15,-1.0,-0.03952912321953703,-0.7652212858818248,-7.54477501386635,4,-0.03701131532762541,-0.03802345508164362,-0.04549836688304574,-0.03741666941262984,0.025004181726040253,1.5417469580331102,0.9918472848940759,duplicate
434,"add(ts_max(lmoney,5),add(ts_corr(lmoney,cl,40),mul(cumr,cumr)))",10,-1.0,-0.03875272576580805,-0.6373073715719896,-7.540836552380411,4,-0.03903690743916539,-0.02011238064529727,-0.046513381060058916,-0.0504381064737247,0.0017498536236906568,0.10845839667257336,0.9999687035888448,duplicate
637,"add(ts_decay(ts_corr(ch,vwapc,20),40),ts_std(cs_z(lmoney),10))",8,-1.0,-0.041276837846946024,-0.7361321371480296,-7.53996843999989,4,-0.05245854623722097,-0.0405295189481311,-0.0404706071533815,-0.030686571699515386,-0.003867159020239951,-0.2326630766878243,0.9982033014868641,duplicate
626,"add(ts_std(cs_z(lmoney),10),add(ts_decay(ts_std(lmoney,3),40),ts_decay(ts_corr(ret,vwapc,20),40)))",12,-1.0,-0.043519552207070995,-0.7725536957813247,-7.533636138930913,4,-0.03393197357746494,-0.05042357903043117,-0.04805009277087197,-0.04150920049882625,-0.002486992446964868,-0.14916962348395377,0.9982033014868641,duplicate
697,"add(ts_std(ts_corr(oret,iret,20),60),add(mul(hl,lcap),ts_std(cs_z(lmoney),5)))",12,-1.0,-0.034160110099018245,-0.6292452470187045,-7.531557964082767,4,-0.05192135475669823,-0.029591913720501354,-0.02903856996176014,-0.025261929019288965,-0.00924966933934439,-0.7808734793551593,0.9991734902326745,duplicate
423,"mul(ts_corr(hl,cs_rank(slog(cl)),20),add(mul(cumr,cumr),ts_std(add(lcap,lmoney),3)))",14,-1.0,-0.037662672115380484,-0.6890628997673064,-7.513994232653602,4,-0.03508929471658263,-0.03194075342349389,-0.043687551667641274,-0.040186364868272845,0.0007048673359930043,0.03721542707803944,0.996133470658192,fail: 2024
155,"div(ts_decay(ts_corr(ch,mul(turn,cl),5),60),cs_z(ts_std(cs_z(lmoney),5)))",11,-1.0,-0.02151325642405992,-0.49688246130537506,-7.502732462059831,4,-0.025079165078896487,-0.017230880504939705,-0.023892667936834637,-0.0196955367821117,-0.008495233453954022,-1.1037256121067247,0.9955943188478369,CHOSEN
144,"div(ts_corr(ch,cl,5),ts_std(cs_rank(lmoney),3))",7,1.0,0.02559520801761038,0.4919482343453396,7.500797290288295,4,0.03410655599666679,0.013637609988472084,0.02944451908005557,0.02516944098167446,0.016260535797848034,1.8370488139391532,0.9994252840860595,"passed, not chosen (corr / cap)"
485,"add(ts_corr(hl,cs_rank(slog(cl)),20),add(ts_std(lmoney,5),ts_std(add(lcap,lmoney),3)))",13,-1.0,-0.030355019551170585,-0.5523636129968154,-7.487331694306643,4,-0.030015218355446797,-0.03238397519465406,-0.03321765892665587,-0.02536305910016134,0.000594674042274341,0.02991994806346576,0.9961206675809012,duplicate
147,"add(ts_std(ts_std(ts_rank(ch,10),5),5),ts_std(cs_rank(lmoney),5))",8,-1.0,-0.02550955192145825,-0.49260227877433643,-7.464554632555913,4,-0.04094505187529072,-0.01328931096593903,-0.02746564223217462,-0.01983225874596737,-0.017388356655042795,-2.038331172616194,0.9991621097195272,"passed, not chosen (corr / cap)"
4,"div(ts_decay(ts_corr(ch,mul(turn,cl),5),60),add(ts_min(abs(cumr),40),cs_rank(lmoney)))",13,1.0,0.049200008618536004,0.8189857752104093,7.464402705987268,4,0.03949941895873293,0.037411734507637115,0.061017897671804384,0.05988717941215422,0.001862261730495933,0.13358735423721255,0.9962757270725336,duplicate
649,"add(add(ts_decay(ts_std(ts_corr(iret,hl,20),40),40),ts_std(cs_z(lmoney),3)),ts_corr(ch,vwapc,40))",13,-1.0,-0.04205779157214204,-0.7298939521187983,-7.462643251272421,4,-0.04825212773993907,-0.03796989565289026,-0.03626482638936083,-0.04608508837683236,-0.0023441227259350375,-0.15349300021412216,0.9994935671649434,fail: 2024
632,"add(add(ts_decay(ts_corr(iret,vwapc,20),40),add(ts_std(ts_corr(iret,vwapc,5),60),ts_std(cs_rank(lmoney),3))),ts_corr(ch,vwapc,40))",17,-1.0,-0.04096689388428943,-0.7799294974644658,-7.455460036400777,4,-0.04058434294789182,-0.05367445422278012,-0.02753580204377861,-0.042122309905533756,-0.01515700382459237,-0.8331911877149593,0.9995348215251025,duplicate
630,"add(ts_decay(ts_corr(iret,vwapc,20),40),add(add(ts_std(ts_corr(ch,vwapc,20),60),ts_std(cs_rank(lmoney),3)),ts_std(ts_corr(hl,vwapc,20),60)))",18,-1.0,-0.04082565510702538,-0.7894273275159809,-7.454024226493489,4,-0.034303592471194536,-0.055772724578460324,-0.030971303748636513,-0.04235269749471001,0.0008938380620311693,0.07302704246633379,0.9995120604988079,duplicate
659,"add(add(ts_std(ts_std(cs_rank(lmoney),3),60),ts_decay(ts_corr(ch,vwapc,20),40)),ts_min(add(ts_std(cs_z(lmoney),5),ts_min(ts_corr(iret,vwapc,60),3)),5))",19,-1.0,-0.03826575487975013,-0.7406808713251423,-7.428989847021256,4,-0.03539665859003854,-0.043683732566356645,-0.03675864191008116,-0.03711346148253035,-0.004299535535379182,-0.338252285485096,0.9873050375841447,fail: 2024
417,"add(ts_std(lmoney,10),add(add(ts_corr(lmoney,slog(cl),40),mul(cumr,cumr)),ts_corr(slog(iret),ts_decay(sign(iret),5),40)))",18,-1.0,-0.038939722963900206,-0.733599742032651,-7.413507369163384,4,-0.044801422492573434,-0.028667469665603598,-0.0386679986329323,-0.044086880674817475,0.012435057165457362,0.8128999733295327,0.999965858460558,duplicate
249,"add(add(ts_max(lmoney,5),ts_min(cs_rank(ts_std(lmoney,20)),10)),ts_min(abs(ts_std(lmoney,20)),60))",12,-1.0,-0.03618241632342941,-0.5714832429427266,-7.4083953541054175,4,-0.0433362194254475,-0.024245152407548095,-0.03925756701462602,-0.03807469917636689,-0.019448455843278544,-1.5237604401096532,0.9981577794342746,"passed, not chosen (corr / cap)"
75,"add(add(ts_corr(ch,vwapc,10),mul(ts_std(cs_rank(lmoney),5),lcap)),ts_std(cs_z(lmoney),5))",13,-1.0,-0.03576900988386147,-0.6193860551016083,-7.380714441131657,4,-0.044190515311690694,-0.024187685108437957,-0.04365623518050079,-0.030606691239873682,-0.010760954739230924,-0.5230419343363256,0.9991976738231126,duplicate
201,"ts_corr(div(cumr,ts_corr(cl,ch,20)),mul(cumr,sub(ts_delta(lmoney,3),ts_max(lmoney,5))),40)",13,-1.0,-0.028408012341996712,-0.7237801090510574,-7.379232722382468,4,-0.020152726834769256,-0.038535591233339654,-0.02679323531460683,-0.02811755418945504,0.029936033745283922,1.9697180950373798,0.9992588440812796,fail: 2024
643,"add(ts_corr(ch,vwapc,20),add(add(ts_std(ts_corr(iret,vwapc,5),60),ts_std(cs_rank(lmoney),3)),ts_mean(ts_std(cs_z(lmoney),3),20)))",17,-1.0,-0.041577525953402195,-0.7618781259671841,-7.370190923872211,4,-0.052040201402460934,-0.047164189327798534,-0.02873322804201556,-0.037995312199809346,-0.023582080018030253,-1.4018486657246887,0.9956298829514223,duplicate
59,"add(ts_std(cs_rank(lmoney),5),ts_decay(ts_std(ts_std(abs(lmoney),5),5),40))",9,-1.0,-0.03638924107182655,-0.636144609806952,-7.366065366858465,4,-0.049884897471576116,-0.029971429824957495,-0.04124914260030568,-0.023285111922315613,-0.015347796174309352,-1.4393993376117147,0.9992161671569771,duplicate
720,"add(ts_std(ts_rank(ts_corr(oret,iret,5),60),5),add(ts_std(cs_z(lmoney),5),ts_min(ts_corr(iret,vwapc,60),5)))",14,-1.0,-0.029904337395771047,-0.6044285534963837,-7.356078381495434,4,-0.03292983599651965,-0.02398117393306854,-0.0417860663458195,-0.020079695565649203,-0.0006661918942507542,-0.051246558129639845,0.9973270019745191,fail: 2024
406,"add(ts_max(slog(ts_std(lmoney,5)),5),add(ts_corr(cs_rank(slog(cl)),lmoney,40),mul(cumr,cumr)))",14,-1.0,-0.04130759280748552,-0.7623591953363126,-7.353742372836237,4,-0.03731198189324995,-0.03832547131150558,-0.05121098223218332,-0.03813550563511224,0.020195832120716083,1.150973786237599,0.9918472848940759,duplicate
23,"add(add(ts_std(cs_rank(lmoney),5),ts_decay(ts_min(ts_corr(ch,vwapc,10),5),40)),ts_decay(ts_decay(ts_std(lmoney,5),40),40))",14,-1.0,-0.04577566962594091,-0.7490213706980832,-7.34406893887146,4,-0.04722983194402526,-0.05357374271584882,-0.03185368584774912,-0.0508472844231368,-0.014465334960333245,-1.0819900889317344,0.9991706451043878,duplicate
38,"div(ts_decay(ts_corr(ch,mul(cl,cl),5),60),ts_max(ts_std(lmoney,3),5))",10,1.0,0.03659148419865808,0.6786592117010416,7.3343443081507775,4,0.03661132161906746,0.039477543672546744,0.03744222157944354,0.03246473582099061,-0.007317854722064174,-0.45924434778918904,0.9998563210215149,fail: 2024
415,"add(add(mul(cumr,cumr),add(ts_decay(iret,5),ts_corr(vwapc,ts_rank(ch,20),40))),ts_corr(cl,lmoney,40))",15,-1.0,-0.038520771027701434,-0.7299532688268096,-7.311756351440121,4,-0.04399579398692375,-0.0416007732926751,-0.02826169496370124,-0.04034803472909701,0.010981666939006486,0.7343352441260907,0.9992275476701244,duplicate
705,"add(ts_std(ts_std(cs_z(lmoney),3),5),add(ts_std(ts_decay(ts_corr(iret,vwapc,20),40),60),ts_std(cs_z(lcap),3)))",14,-1.0,-0.032419402120272056,-0.6212896591115458,-7.309178911314044,4,-0.03524317224891553,-0.03303784918118605,-0.04025790974493466,-0.020051177585291007,-0.008805203388894938,-0.6538581810396933,0.9987211148350679,fail: 2024
767,"add(add(ts_decay(ts_std(cs_z(lmoney),10),40),cs_rank(lmoney)),mul(ts_std(ts_corr(iret,vwapc,5),60),ts_std(cs_rank(lmoney),60)))",16,-1.0,-0.03959740082599866,-0.5589817352822324,-7.304835503814952,4,-0.05142688286685243,-0.033185570986813066,-0.042346387727076405,-0.030630231979545373,-0.030221281605177428,-2.425027332065189,0.9870077216781704,duplicate
638,"add(ts_decay(ts_corr(iret,vwapc,20),40),add(add(ts_decay(ts_corr(iret,vwapc,20),40),ts_std(cs_rank(lmoney),3)),ts_std(ts_corr(hl,vwapc,20),60)))",18,-1.0,-0.041107242298531764,-0.7710198090232405,-7.299368351468241,4,-0.028539888696170627,-0.05000835012553745,-0.0414092459381329,-0.044807752898657995,-0.0028261467605055946,-0.21091694193233637,0.9995120604988079,duplicate
674,"add(ts_std(cs_z(lmoney),10),ts_delay(ts_std(ts_corr(ch,iret,20),10),20))",9,-1.0,-0.035586444575430976,-0.6585283068156976,-7.2988694104203775,4,-0.04814417228026511,-0.03542849906255099,-0.03907843108072108,-0.018128490697942007,-0.0018388058303337022,-0.1328776426764114,0.9975560348016093,fail: 2024
693,"add(add(ts_std(ts_corr(ts_z(lmoney,60),vwapc,20),60),mul(ts_std(cs_z(lmoney),3),ts_std(cs_z(lmoney),10))),dnlim)",15,-1.0,-0.02966653196202398,-0.6471504003599717,-7.292516529393631,4,-0.02557033409778682,-0.023257995527711937,-0.038188549031384196,-0.031885184920224366,0.004887530969179813,0.4469911442541768,0.9980596225083789,duplicate
666,"add(ts_std(mul(hl,lcap),5),add(ts_std(ts_corr(iret,vwapc,20),60),add(iret,ts_std(cs_z(lmoney),10))))",15,-1.0,-0.04046468997608066,-0.7059644005051211,-7.281712802187078,4,-0.0551153012276378,-0.04048001393256613,-0.04528369833038476,-0.01906187424170985,-0.005485287335716036,-0.32952363070813395,0.9981577794342746,duplicate
70,"add(div(ts_decay(ts_delay(ts_corr(ch,vwapc,10),5),40),add(add(ts_std(lmoney,10),cs_rank(lmoney)),ts_std(lmoney,10))),ts_std(cs_z(lmoney),5))",18,-1.0,-0.037348729183508234,-0.6462093835732038,-7.272315629183885,4,-0.04689686554486165,-0.02857168016470432,-0.04227136693447963,-0.031110482305795065,-0.0033050995041949177,-0.16573550750915192,0.9991905610023956,duplicate
416,"add(add(ts_corr(lmoney,slog(slog(cl)),40),mul(cumr,cumr)),add(mul(cs_rank(cl),cumr),ts_std(add(lmoney,dnlim),5)))",19,-1.0,-0.04597234139275739,-0.7452879254520869,-7.24229916077444,4,-0.03950685537669332,-0.04016866073934093,-0.05050156597619117,-0.05450326968005509,0.01132413069625402,0.39658469404695473,0.9999687035888448,duplicate
672,"add(ts_decay(mul(hl,lcap),40),add(ts_std(ts_corr(iret,mul(hl,lcap),20),60),add(ts_std(cs_z(lmoney),3),ts_std(cs_z(lmoney),10))))",19,-1.0,-0.041944391128304524,-0.7011941037064039,-7.242212663706591,4,-0.05357074843134052,-0.028506032249664144,-0.0478673892170008,-0.03745095603965008,-0.008057334391706797,-0.5186639159362917,0.9980980317402511,duplicate
664,"add(ts_decay(ts_corr(iret,vwapc,5),40),ts_std(cs_z(mul(lcap,hl)),5))",10,-1.0,-0.0386798775614594,-0.6885753092123904,-7.2349770895863985,4,-0.051366493003486,-0.027708021988814367,-0.04602622288310023,-0.028750003280478414,-0.003805965061111974,-0.24231491908610553,0.9992161671569771,fail: 2024
264,"add(ts_min(add(ts_std(lmoney,20),iret),60),ts_std(lmoney,3))",8,-1.0,-0.029159922684952926,-0.5302575754330155,-7.230236638573032,4,-0.028964975896731464,-0.02638174288627934,-0.03495180289610289,-0.026086776755166522,-0.0010060157269456453,-0.06199716199731747,0.9999302943569726,duplicate
53,"add(ts_decay(add(ts_std(lmoney,5),slog(lmoney)),40),ts_decay(add(ts_rank(lmoney,5),cs_rank(lmoney)),40))",13,-1.0,-0.042081024195208656,-0.6606790799533058,-7.225945099952612,4,-0.02848040779195956,-0.03949678361410114,-0.047390410520135394,-0.0540631452656448,-0.004348665100623215,-0.30207543271435766,0.9918913843825218,fail: 2024
73,"div(ts_decay(ts_corr(ch,mul(hl,cl),5),60),add(ts_min(ts_std(cs_z(lmoney),5),40),cs_rank(lmoney)))",14,1.0,0.038015871248864894,0.6251651493400338,7.225546933020832,4,0.037165113055140524,0.03727778432763339,0.03228871759221108,0.04603424476852327,0.01948202492754034,2.0336084011554365,0.9910406910247583,duplicate
662,"add(add(ts_decay(ts_corr(ch,vwapc,20),40),mul(hl,lcap)),ts_min(ts_std(cs_z(lmoney),10),20))",13,-1.0,-0.04141838007504718,-0.7061450100028827,-7.2247678311499675,4,-0.04649899954074125,-0.045947389491585104,-0.030075190477106866,-0.04327318579594845,-0.007103055418464798,-0.541051844509407,0.9940152726486438,fail: 2024
55,"div(ts_mean(ts_corr(ch,cl,5),10),ts_std(cs_rank(lmoney),5))",8,1.0,0.034431583326818636,0.6395795700521145,7.222220863661861,4,0.043789632267744086,0.021670716045241813,0.0400738118886024,0.031994775837346306,0.017838291341872946,1.5093300191724488,0.9991493066422364,"passed, not chosen (corr / cap)"
27,"add(ts_decay(ts_std(abs(lmoney),3),40),mul(ts_std(cs_z(cumr),3),lcap))",10,-1.0,-0.045251798600491305,-0.7204254497499576,-7.2194036940992525,4,-0.047318282457995096,-0.04156311794180316,-0.06012131881186727,-0.030753020010151105,-0.009484215223913111,-0.4520004289552607,0.9995547374231104,fail: 2024
652,"add(add(ts_decay(ts_corr(iret,vwapc,20),40),ts_min(ts_std(sub(lmoney,turn),10),20)),ts_std(ts_std(cs_z(lmoney),5),3))",15,-1.0,-0.03878925356527387,-0.735273378694493,-7.206952586610805,4,-0.029469380667539437,-0.04545691431166581,-0.04389620898074994,-0.036113255113830504,-0.0069285353978335166,-0.4687101825594059,0.9988363425306848,fail: 2024
439,"add(ts_std(add(lmoney,dnlim),5),mul(ts_corr(lmoney,slog(slog(cl)),40),mul(cumr,cumr)))",14,-1.0,-0.03689623386336606,-0.6469896003250776,-7.20100871249507,4,-0.04544243517912897,-0.021478994680319937,-0.043490520126269534,-0.03723037380059313,0.024651466176383686,1.163398262169317,0.9999687035888448,fail: 2024
15,"add(ts_std(lmoney,10),div(ts_decay(ts_corr(ch,mul(iret,cl),5),40),ts_decay(ts_std(lmoney,3),40)))",13,1.0,0.04053756632253668,0.7693304651199774,7.194212008506304,4,0.029644149382897642,0.047363836309391574,0.04586879427153675,0.03917177241243953,-0.010655656326572702,-0.7657706401829807,0.9998307148669333,duplicate
698,"add(add(ts_std(ts_decay(ts_corr(iret,vwapc,20),40),60),ts_min(ts_std(cs_z(lmoney),5),20)),ts_std(add(ts_std(cs_z(lmoney),5),ts_std(ts_std(lmoney,5),10)),3))",19,-1.0,-0.03282442549645319,-0.6561379283747827,-7.1905137956999,4,-0.034926296558839304,-0.03682665540607394,-0.04061804326433469,-0.017578488681860464,-0.01015700528116863,-0.7593086634805642,0.9950693926789159,fail: 2024
703,"add(add(ts_std(ts_decay(ts_corr(iret,vwapc,20),40),3),ts_std(cs_rank(lmoney),10)),add(ts_min(ts_corr(iret,vwapc,5),60),ts_std(ts_std(cs_z(lmoney),10),3)))",19,-1.0,-0.03511984873768771,-0.6487232508648857,-7.189932634525901,4,-0.04961131770478048,-0.026422644999245213,-0.041177401629186136,-0.02211562136074368,-0.014816002204526443,-0.956209350601436,0.9978263219888585,duplicate
17,"div(ts_decay(ts_corr(ch,mul(cl,cl),5),60),abs(lmoney))",9,1.0,0.0359765625428892,0.7453321649315877,7.1834716167187835,4,0.0330558329673437,0.04104881019228753,0.026113618778915472,0.044411012764316374,0.012384089374465961,0.9383988942351829,0.999897575381674,duplicate
475,"add(add(mul(cumr,cumr),ts_std(mul(lcap,lmoney),3)),ts_std(add(lmoney,dnlim),5))",13,-1.0,-0.03535074690926798,-0.5714605172835664,-7.181900987706551,4,-0.036592339825914186,-0.027362730209105443,-0.04198251189518487,-0.03550682769118012,0.010544763575097319,0.4489693138213117,0.9999601682039844,duplicate
465,"add(ts_std(lmoney,5),add(add(ts_corr(lmoney,slog(cl),10),mul(cumr,cumr)),ts_corr(vwapc,slog(iret),40)))",16,-1.0,-0.036148998295449354,-0.6087791235816585,-7.170211689732438,4,-0.037348070277601536,-0.02958922242121043,-0.045932925222241315,-0.03132972557822504,0.0008939235116675395,0.0655083804523363,0.9999502102549804,duplicate
688,"add(ts_decay(ts_std(cs_z(lmoney),3),40),add(ts_std(ts_corr(lmoney,cumr,20),60),ts_std(cs_z(lmoney),5)))",13,-1.0,-0.03799601680668693,-0.6470866164066977,-7.160573964067539,4,-0.04003338337281314,-0.03775383551809132,-0.047511719147509256,-0.025602215951850124,-0.015764473099827796,-0.9860676193188338,0.9912939074422866,fail: 2024
580,"add(add(ts_corr(lmoney,slog(slog(cl)),40),mul(cumr,cumr)),add(ts_delay(ts_corr(lprice,iret,5),60),ts_std(add(lmoney,dnlim),5)))",19,-1.0,-0.027482808871893395,-0.4732186495037241,-7.158696818580644,4,-0.031521401604744814,-0.02110534063894316,-0.027814765334512253,-0.02969101377040131,0.0121730034466363,0.8559758839087003,0.9983853896972215,fail: 2024
34,"add(ts_std(cs_rank(lmoney),5),ts_decay(ts_min(ts_std(cs_z(lmoney),5),5),40))",9,-1.0,-0.0416972213677139,-0.6880159129533009,-7.150656524983012,4,-0.04517908428530707,-0.0382102868656739,-0.05150820300452534,-0.03095955095555195,-0.01925444636771527,-1.1128518173733661,0.9900335156112189,duplicate
471,"add(ts_std(add(lmoney,dnlim),5),add(ts_corr(lmoney,slog(cl),40),ts_std(add(lmoney,dnlim),3)))",14,-1.0,-0.031195747538585995,-0.5819212950460328,-7.147924224528981,4,-0.042490778835371175,-0.03440595555541761,-0.025230665812182262,-0.02177844719732274,0.027941595766523736,1.5058566125631851,0.9999601682039844,duplicate
651,"add(add(ts_std(ts_corr(hl,vwapc,20),60),add(ts_std(cs_z(lmoney),10),ts_corr(ch,vwapc,40))),iret)",14,-1.0,-0.04333484798646937,-0.7330940421825523,-7.146821117107729,4,-0.05552301282607356,-0.03712401823562267,-0.03977933613061982,-0.04065584998894683,-0.002392854786025491,-0.1393898483873956,0.9981691599474221,fail: 2024
82,"add(ts_decay(ts_delay(ts_corr(cl,vwapc,10),10),40),add(cs_rank(lmoney),ts_std(lmoney,10)))",11,-1.0,-0.036978734443275166,-0.598500289692115,-7.14086955976053,4,-0.03890068638998413,-0.04013212290160126,-0.03744970874866656,-0.030882429011925693,-0.00987917430618803,-0.6800018557753543,0.9999459425625501,duplicate
422,"add(add(mul(cumr,cs_rank(ts_mean(lprice,60))),ts_std(add(lcap,lmoney),3)),ts_corr(cs_rank(slog(cl)),lmoney,40))",16,-1.0,-0.04128407489800226,-0.6980329396640076,-7.137457689290626,4,-0.023137629221669214,-0.04283594084978334,-0.04357112984564819,-0.05702622682440866,0.011859760867633972,0.6350635544126512,0.9918643556637968,duplicate
102,"div(ts_corr(ch,mul(turn,iret),5),add(ts_std(lmoney,3),add(ts_std(lmoney,3),ts_min(abs(cumr),20))))",15,1.0,0.03571484641047204,0.5809913190725559,7.12888621716359,4,0.03827390872570111,0.019741830580855612,0.04696906468628238,0.038140501981739135,-0.00542105754550191,-0.3292790691388556,0.9963625034852821,fail: 2024
425,"mul(add(ts_corr(hl,cs_rank(cl),20),mul(cumr,cumr)),ts_corr(lmoney,abs(iret),40))",13,-1.0,-0.03544656625622141,-0.6821148445795531,-7.127132450492067,4,-0.029203192405482907,-0.028403481705700635,-0.04767475658108881,-0.036665513463859864,-0.008037916612200338,-0.45586758291620477,0.9961604993769169,fail: 2024
695,"add(ts_std(sub(ts_corr(vwapc,iret,20),ts_corr(cl,ch,20)),40),ts_std(cs_z(lmoney),3))",12,-1.0,-0.031592201794349024,-0.6304395648545146,-7.127075297550253,4,-0.032353132572255014,-0.04767676783532073,-0.027589504214856713,-0.017452822098647017,0.0015153527237175715,0.14630141447721692,0.99954620203825,duplicate
414,"add(add(ts_corr(lmoney,slog(cs_rank(cl)),40),mul(cumr,cumr)),add(mul(mul(cumr,cumr),cumr),cl))",17,-1.0,-0.04267326724637083,-0.7498669929892231,-7.120981745605915,4,-0.025133422618528727,-0.04808308129262806,-0.05033097634465272,-0.047625447470537804,0.01488362981493235,0.6134740632088763,0.9918913843825218,duplicate
653,"add(ts_corr(ch,vwapc,40),add(mul(hl,lcap),ts_decay(ts_corr(iret,vwapc,20),40)))",12,-1.0,-0.04136506125139987,-0.7182519894996474,-7.119777356951024,4,-0.04079807407459591,-0.04831642793503939,-0.030361203909856423,-0.046394605398424625,-0.00018504506663279187,-0.016656127560294914,0.9999914646151395,duplicate
500,"add(ts_std(abs(add(lmoney,dnlim)),5),add(add(ts_corr(lmoney,cs_z(cl),10),ts_corr(cl,lmoney,40)),ts_corr(vwapc,slog(iret),40)))",19,-1.0,-0.02958173635921293,-0.5620387921718618,-7.119116876472739,4,-0.03695139148605052,-0.0337208135909204,-0.029852451870967404,-0.016630898725859846,0.001023496169285065,0.08376084017081693,0.9982004563585772,fail: 2024
741,"add(add(ts_decay(ts_corr(iret,vwapc,60),40),ts_std(cs_z(cs_z(lmoney)),3)),ts_decay(ts_corr(iret,vwapc,5),10))",14,-1.0,-0.03294883310986202,-0.5774972446777883,-7.10613829301526,4,-0.031802755627752886,-0.026751876799780167,-0.04319311176885635,-0.029805130738937945,-0.012096428255207112,-0.7438892481818239,0.999423861521916,fail: 2024
12,"div(ts_decay(ts_corr(mul(turn,cl),ch,5),60),add(ts_std(lmoney,3),ts_min(abs(cumr),20)))",13,1.0,0.04792556630965748,0.7928935473931022,7.105484231665972,4,0.04008203803019614,0.04213171577837544,0.055173238158978385,0.05498414759234972,-0.005652558122765761,-0.41643051854778873,0.9963411650231309,fail: 2024
66,"add(cs_rank(ts_std(cs_rank(lmoney),10)),ts_std(cs_z(slog(lmoney)),5))",9,-1.0,-0.034372149568102014,-0.616644328417425,-7.100274252151189,4,-0.047023687610780004,-0.022234961184822242,-0.04703158500372463,-0.019944229465593242,-0.009764293409942974,-0.6346418042591354,0.9981634696908483,duplicate
699,"add(ts_std(cs_z(vwapc),5),add(add(ts_decay(ts_corr(iret,vwapc,20),40),ts_std(cs_z(lmoney),3)),ts_min(ts_std(lmoney,3),5)))",16,-1.0,-0.038794102327071506,-0.6440929054739171,-7.098026826188455,4,-0.05597360860513247,-0.031707117571150537,-0.04422030755614279,-0.021755077913880233,0.0030748922092317522,0.2136243848149605,0.9991521517705233,fail: 2024
777,"add(ts_std(ts_corr(iret,vwapc,20),3),ts_min(ts_std(cs_z(lmoney),3),5))",9,-1.0,-0.02339555887742843,-0.5264529058581492,-7.096548036828919,4,-0.030331542652312075,-0.0212600759839938,-0.02457979841915215,-0.016820410989241766,0.0019398912777165499,0.1548253106820324,0.9988448779155452,fail: 2024
98,"div(ts_decay(ts_corr(ch,mul(cl,cl),5),60),add(ts_min(ts_std(abs(lmoney),5),40),add(ret,cl)))",15,1.0,0.03438066375151812,0.5851679947660235,7.093155462832705,4,0.026671109952566524,0.042290849317969,0.03036363233659659,0.03855879987327685,-0.005799281799033752,-0.5616746137513342,0.999897575381674,fail: 2024
172,"div(ts_decay(ts_mean(ts_corr(vwapc,iret,5),3),60),ts_std(ts_std(cs_z(lmoney),3),3))",10,-1.0,-0.02470917569319387,-0.4770586244750755,-7.082903253542241,4,-0.030099370827457155,-0.023081927029454292,-0.031578166447278,-0.01304993698357568,-0.010442233445835026,-0.8774542178879771,0.9991023620255037,fail: 2024
162,"div(sub(ts_mean(ts_corr(ch,cl,5),40),ts_decay(ts_std(abs(lmoney),5),40)),cl)",11,1.0,0.03341569424962776,0.49435132604794385,7.078687155856906,4,0.03997355866194545,0.04393899087830535,0.02063803414627224,0.02862597303718515,0.003099243335580723,0.2580990634026056,0.9566146387540614,fail: 2024
463,"add(mul(cumr,cumr),add(add(ts_corr(hl,cs_rank(cl),10),ts_corr(cl,lmoney,40)),ts_corr(vwapc,slog(iret),40)))",17,-1.0,-0.03382264571392348,-0.6170994642092997,-7.067634213205806,4,-0.025049349496495232,-0.031218822127823245,-0.04245218630372123,-0.036882787295490736,0.00006487608758987632,0.003479013954558906,0.9982118368717245,fail: 2024
578,"add(ts_corr(hl,abs(cl),5),mul(cumr,cumr))",8,-1.0,-0.027431894103120948,-0.4318844010640557,-7.060180428126688,4,-0.029570907459990983,-0.009339960177482677,-0.04250096613197291,-0.028471913411847224,0.0035359381165511366,0.22779794514440824,0.9999132235872515,fail: 2024
679,"add(ts_decay(ts_corr(iret,ts_corr(vwapc,iret,60),20),40),add(ts_corr(iret,vwapc,20),ts_std(cs_z(lmoney),5)))",14,-1.0,-0.039335008964614275,-0.669845359929476,-7.054646716531428,4,-0.03927555106570197,-0.03309011942306495,-0.04827447631612828,-0.03647801950292101,0.0015115147149422083,0.08722987085355466,0.9991379261290891,fail: 2024
32,"div(ts_decay(ts_corr(ch,mul(turn,cl),5),60),ts_std(cs_rank(lcap),5))",10,1.0,0.042191053250768294,0.7017880407866313,7.014828427118113,4,0.04014891228098911,0.04783847014309667,0.03152185161215588,0.04990989826146852,0.007148677127107102,0.4877142280378916,0.9949868839585977,duplicate
420,"add(add(mul(cumr,cumr),add(ts_decay(iret,5),ret)),ts_corr(cl,lmoney,40))",12,-1.0,-0.03651718509431066,-0.6855232113854927,-6.9945795085289895,4,-0.03933206573413151,-0.03310114927153935,-0.038053395365863225,-0.035495998776397704,0.014178136386539855,0.911270717402103,0.9999687035888448,duplicate
787,"add(add(ts_delay(ts_corr(lmoney,hl,10),60),ts_std(cs_z(lmoney),5)),ts_std(cs_z(lmoney),3))",12,-1.0,-0.027989922575309002,-0.5293186246905827,-6.987137136324625,4,-0.035260480457299806,-0.019002926258040675,-0.03147334074964803,-0.026062806473871877,-0.007485557604400437,-0.5671381333057518,0.9979785363522041,fail: 2024
45,"add(ts_decay(ts_decay(ts_std(lmoney,5),40),60),add(ts_decay(ts_corr(ret,vwapc,10),40),ts_std(lmoney,5)))",12,-1.0,-0.03993283724960702,-0.6706646154097439,-6.971981499427784,4,-0.03353518247101341,-0.04515398185702094,-0.03749920568459721,-0.04389134770358458,0.0026032798267728165,0.1411368817549201,0.9999004205099608,fail: 2024
453,"mul(add(mul(cumr,cumr),ts_std(mul(lcap,lmoney),3)),ts_corr(cs_rank(slog(cl)),lmoney,40))",14,-1.0,-0.03734302139659872,-0.619147329922307,-6.941216206367405,4,-0.03347518241872298,-0.044884077233613345,-0.03856205617377466,-0.031969274279642516,0.019312094110569902,1.041979980386438,0.9918643556637968,duplicate
538,"add(ts_std(add(lmoney,dnlim),5),add(add(ts_max(ts_max(lmoney,5),3),ts_std(sub(lcap,lmoney),3)),ts_corr(ts_decay(sign(iret),5),slog(iret),40)))",20,-1.0,-0.02870082967012913,-0.5203102286623642,-6.931314650911982,4,-0.034709830625641924,-0.014362883456868173,-0.0296822830613196,-0.036784187031960396,0.013648638327551896,0.7396445744909778,0.9999502102549804,duplicate
261,"add(ts_corr(vwapc,ch,40),cs_rank(lmoney))",6,-1.0,-0.03519039611962788,-0.5306500681107957,-6.921322750843763,4,-0.03804954503176144,-0.025997915237647606,-0.028416005614567703,-0.049572306395181356,-0.016948283626079006,-1.8176651198525393,1.0,"passed, not chosen (corr / cap)"
24,"div(ts_decay(ts_corr(ch,mul(turn,cl),5),60),ts_decay(ts_std(cs_z(lmoney),5),10))",11,1.0,0.040536660865194016,0.7358552142451623,6.9052667237600245,4,0.03902338719873477,0.040541406702671826,0.045919784325971616,0.036300716905620756,0.004087717048992399,0.27034139302412197,0.9938815516191625,duplicate
722,"add(ts_corr(iret,vwapc,20),add(ts_std(cs_rank(lmoney),3),mul(mul(hl,lcap),lcap)))",13,-1.0,-0.04173370980442824,-0.598058968478927,-6.904929772833798,4,-0.0424933116288986,-0.0315755375639637,-0.044141467767579996,-0.04943133507141403,-0.006020876997963281,-0.22138707941199773,0.9995547374231104,fail: 2024
431,"add(add(ts_corr(lmoney,slog(cs_rank(cl)),40),mul(ch,cumr)),add(mul(mul(cumr,cumr),cumr),ts_std(add(lmoney,dnlim),5)))",20,-1.0,-0.040479778344876975,-0.6888562939727448,-6.8966926023782165,4,-0.02877598378036953,-0.046496380616987645,-0.0423828269030768,-0.04464923524970981,0.011970666490549989,0.4696086535881818,0.9918600879713666,fail: 2024
708,"add(add(ts_decay(ts_corr(iret,vwapc,20),40),ts_min(ts_std(cs_z(lmoney),10),20)),add(dnlim,add(mul(hl,lcap),ts_min(ts_corr(cumr,vwapc,60),5))))",20,-1.0,-0.03902977960295173,-0.6387747223327492,-6.893453918358766,4,-0.02072260197067112,-0.04237742237018521,-0.03300774947376701,-0.062072758170685464,-0.026240597211711562,-1.5669882340225447,0.9940067372637832,duplicate
774,"mul(ts_std(ts_std(cs_z(lmoney),10),5),ts_std(cs_z(lmoney),5))",8,-1.0,-0.027668569960142705,-0.5233187031441588,-6.889228168257027,4,-0.04313548591798516,-0.01891372591501903,-0.03267948855440304,-0.014801258762850114,-0.00808957442459524,-0.6316671775945107,0.9974208912079846,fail: 2024
62,"div(ts_decay(ts_corr(mul(ts_std(lmoney,10),cl),ch,5),60),abs(ts_std(ts_std(cs_rank(lcap),5),5)))",13,1.0,0.03424556343008122,0.6386587583562228,6.879220961615666,4,0.038035902763700585,0.041674479411976266,0.02493862797323834,0.032100764058524536,0.009720044324202969,0.7219677237648232,0.9979287466071846,fail: 2024
25,"div(ts_decay(ts_delay(ts_corr(ch,vwapc,10),5),40),add(add(ts_std(lmoney,10),cs_rank(lmoney)),ts_min(abs(cumr),40)))",15,-1.0,-0.04845474169535481,-0.7498761711052347,-6.873111964808363,4,-0.04867192876653136,-0.02944997883063584,-0.06563786200578671,-0.05029666840443303,-0.0001716241280008866,-0.009623394396399877,0.9999587456398409,duplicate
47,"add(ts_decay(ts_std(cs_z(lmoney),5),40),abs(abs(slog(lmoney))))",9,-1.0,-0.041692396706191806,-0.6574085031088479,-6.870486486213623,4,-0.0438176115400103,-0.03935051511297886,-0.0524229302543912,-0.030180455094737494,-0.017226620146381034,-1.1053414627242968,0.9910662971793398,duplicate
769,"add(ts_std(cs_z(lmoney),5),add(ts_mean(cl,10),ts_delay(add(ts_std(hl,10),ts_std(lmoney,5)),10)))",13,-1.0,-0.03003030437232349,-0.5466266391233835,-6.858420355676557,4,-0.035529577020467586,-0.025204625055423858,-0.0408188553970861,-0.01747594904433725,-0.011844883512229367,-1.0293193239615588,0.9991194327952247,CHOSEN
749,"add(add(ts_corr(iret,lcap,20),ts_decay(ts_corr(iret,vwapc,20),40)),ts_std(abs(lmoney),5))",12,-1.0,-0.03405235519130081,-0.5608261388575851,-6.85403965757622,4,-0.042236819603391054,-0.033863264840496746,-0.04940838356073494,-0.008445863054216653,-0.001371900961767014,-0.06731661127161927,0.9999601682039844,fail: 2024
421,"add(ts_std(lmoney,5),add(add(ts_corr(lmoney,slog(hl),40),mul(cumr,cumr)),ts_corr(vwapc,slog(iret),40)))",16,-1.0,-0.04227547386490781,-0.7011943081311293,-6.848039807203325,4,-0.03954821644176503,-0.03092934816647915,-0.05339884210362538,-0.045569487370664415,-0.003571891571433026,-0.2668773665326683,0.9999687035888448,duplicate
433,"add(ts_max(ts_std(add(lmoney,dnlim),5),5),add(ts_corr(ts_corr(ts_decay(iret,5),slog(iret),40),lmoney,40),mul(cumr,cumr)))",17,-1.0,-0.03176868554585812,-0.6710848024304791,-6.846443730050109,4,-0.04548688704656234,-0.02778732383500597,-0.023790275074885764,-0.02979910755961948,0.019307265430056737,1.0758267378528674,0.9999103784589647,fail: 2024
740,"add(ts_std(cs_z(sign(cl)),5),add(ts_corr(ch,vwapc,40),add(mul(hl,lcap),ts_decay(ts_corr(iret,vwapc,20),40))))",17,-1.0,-0.030831591178379948,-0.5900641358769552,-6.841980382521886,4,-0.025082049653012643,-0.03795110037523502,-0.02448601480034634,-0.03627379633364061,0.01873161922086755,1.533453324506936,0.9992062092079732,fail: 2024
443,"add(ts_std(abs(add(lmoney,dnlim)),5),add(add(add(dnlim,iret),ts_corr(cl,lmoney,40)),ts_corr(vwapc,slog(iret),40)))",18,-1.0,-0.03708197531713324,-0.6529225789554539,-6.839336963369392,4,-0.04097101713364001,-0.04683321832445423,-0.03052119211671866,-0.029268040123966638,0.029885036660525822,1.578102354450507,0.9999687035888448,duplicate
130,"div(ts_corr(vwapc,cl,5),abs(ts_std(cs_z(lmoney),5)))",8,-1.0,-0.027967309500120448,-0.5127947954628029,-6.824473819873868,4,-0.0400668179018446,-0.017598808517175584,-0.039005575839559437,-0.013976833224520445,-0.009310591237659554,-0.7173555074241466,0.9991862933099653,duplicate
29,"add(ts_decay(ts_std(lmoney,3),40),ts_decay(ts_min(ts_corr(ch,vwapc,10),5),40))",9,-1.0,-0.04028726420601148,-0.7117726250770716,-6.815919337339551,4,-0.03380052199670136,-0.04893398774203791,-0.032629070556651624,-0.04629815742208852,-0.0022669243981205222,-0.12448442335081043,0.9999971548717131,duplicate
350,"add(add(sub(add(vwapc,ts_std(lmoney,5)),ts_corr(vwapc,lmoney,40)),ts_max(lmoney,3)),add(ts_max(ts_max(ts_std(lprice,5),10),3),cl))",18,-1.0,-0.02874825193761127,-0.4657436472466253,-6.8081993410680095,4,-0.03308866016926719,-0.017364453541837372,-0.02921481124675748,-0.03598190106461257,0.009124687797960412,0.5410855288470736,0.9999203364079686,duplicate
223,"add(add(sub(add(ts_std(lmoney,3),ts_max(lmoney,5)),turn),ts_min(cs_z(ts_std(lmoney,20)),60)),ts_max(lmoney,10))",15,-1.0,-0.038303438448667015,-0.6257467137480411,-6.774407467480834,4,-0.03744874577279444,-0.024398190239888717,-0.050045277153537224,-0.041675115681208075,-0.012904777560974114,-0.8002588828605989,0.9880547288877255,duplicate
758,"ts_std(cs_z(add(ts_corr(iret,ch,5),add(cumr,lmoney))),5)",9,-1.0,-0.026929535369986445,-0.5396125596498758,-6.765477755069406,4,-0.0335395569074887,-0.01671769764631749,-0.03988521704775864,-0.01670313884155947,-0.0069124470046106135,-0.5606824875532391,0.9991720676685312,fail: 2024
671,"add(ts_min(ts_std(cs_z(lmoney),3),5),ts_decay(ts_std(lmoney,3),40))",8,-1.0,-0.032882774309188637,-0.6592938669252636,-6.753248997836439,4,-0.031093190328239362,-0.032339488276208125,-0.04142463518968545,-0.02609434480830496,-0.0008695482881370999,-0.05201802147543772,0.9988448779155452,duplicate
427,"add(ts_std(add(lmoney,dnlim),5),add(ts_corr(lmoney,sign(iret),40),mul(cumr,cumr)))",13,-1.0,-0.03915958468147836,-0.6713491811074358,-6.732600069990089,4,-0.04153985907710811,-0.04489489759169059,-0.04242305035742812,-0.026662542107272726,0.02358360059242759,1.155958007085533,0.9999687035888448,duplicate
200,"ts_corr(div(cumr,ts_corr(vwapc,ch,20)),mul(cumr,lcap),40)",9,-1.0,-0.032868113304822394,-0.7105059995683104,-6.729125867532244,4,-0.023321199731064342,-0.03524316307909427,-0.050485719202667444,-0.021462241250508555,0.030068297947167495,1.5188397595621754,0.9992588440812796,fail: 2024
429,"add(ts_std(lmoney,5),add(add(ts_corr(lmoney,slog(cl),40),mul(mul(cumr,cumr),cumr)),ts_corr(vwapc,slog(iret),40)))",18,-1.0,-0.042062994081154485,-0.6844456214863125,-6.722251003609054,4,-0.028270163963531592,-0.04959482385448261,-0.04199657464652007,-0.049019992211675564,-0.004879952800945838,-0.1851107024736179,0.9999687035888448,duplicate
205,"add(sub(ts_max(lmoney,5),turn),ts_min(cs_z(cs_rank(ts_std(lmoney,20))),60))",10,-1.0,-0.04176861908676844,-0.6527774246459628,-6.721312939292367,4,-0.03709972516719564,-0.028404617644252384,-0.05328977753794059,-0.048980715140179897,-0.018339894106321888,-1.3515661492894964,0.9880803350423071,duplicate
752,"add(add(ts_std(ts_corr(iret,vwapc,5),60),ts_std(ts_corr(iret,vwapc,5),3)),ts_mean(ts_std(cs_z(lmoney),3),20))",14,-1.0,-0.029668140018196162,-0.5664805019683667,-6.714949066439675,4,-0.03179482454860414,-0.033053776670756096,-0.03167549261827145,-0.02140898446761055,-0.01560200901074668,-0.8869116163938562,0.9956583342342906,fail: 2024
30,"div(ts_decay(div(ts_decay(ts_corr(ch,cl,5),60),lmoney),60),slog(ts_decay(ts_std(cs_z(lmoney),5),40)))",13,1.0,0.038858784443943674,0.726749981425336,6.703016958062973,4,0.034352929873436064,0.05256621365736281,0.03142591197647862,0.036880379461586406,0.005082677814585227,0.3598581483239657,0.9910079720494597,duplicate
419,"add(ts_corr(hl,cs_rank(slog(cl)),40),add(mul(cumr,cumr),ts_std(lmoney,5)))",12,-1.0,-0.04012281587591198,-0.6885569133204361,-6.693310112981618,4,-0.038757043497573675,-0.03295659756495372,-0.04975788028355618,-0.0389535314906141,0.025783365057166076,1.1790286688484608,0.9918600879713666,duplicate
700,"add(ts_decay(ts_corr(iret,vwapc,20),20),add(add(ts_std(ts_corr(iret,vwapc,5),10),ts_std(cs_rank(lmoney),3)),ts_std(ts_corr(hl,vwapc,20),60)))",18,-1.0,-0.03818901331453509,-0.651822260561855,-6.68594341039185,4,-0.03188268283250073,-0.03599400436285301,-0.04670155368596681,-0.03821521563356957,-0.007571463584881466,-0.48010475000772157,0.9992744922868572,fail: 2024
150,"add(ts_std(turn,10),div(ts_decay(ts_corr(ch,mul(iret,cl),5),40),ts_std(ts_mean(ts_corr(ch,cl,5),40),5)))",15,1.0,0.02412343004315209,0.515758411118965,6.682038749450795,4,0.02632919118410809,0.027620191060901533,0.01938521493734284,0.023041688735642666,0.004263835076539781,0.49524276469628287,0.9998307148669333,fail: 2024
91,"div(sub(ts_mean(ts_corr(ch,ch,5),40),ts_decay(ts_std(abs(lmoney),5),40)),mul(ts_std(cs_z(cumr),5),lcap))",15,1.0,0.03893761771858167,0.5956810435133024,6.677017050930732,4,0.052096397265405756,0.03430285850176185,0.051898644609311366,0.015372434697099181,0.008757772077492868,0.46156266207481733,0.9992161671569771,fail: 2024
684,"add(add(ts_min(add(ts_corr(ch,vwapc,40),ts_delay(dnlim,20)),20),ts_min(ts_std(sub(lmoney,turn),10),20)),ts_std(cs_z(lmoney),10))",17,-1.0,-0.036741872719106214,-0.6686950465761847,-6.675131124220174,4,-0.04438825677040727,-0.03476153057616649,-0.039268798243186714,-0.027744749820647903,-0.0036348107131830166,-0.21165510430126686,0.9977423907043969,duplicate
506,"add(add(ts_corr(lmoney,slog(slog(cl)),40),mul(cumr,cumr)),add(slog(slog(cl)),ts_std(ts_corr(lmoney,vwapc,5),5)))",18,-1.0,-0.02893339198407949,-0.5525159231222834,-6.67158821104254,4,-0.03429909494831016,-0.02822064099802948,-0.024957935076735122,-0.028170465472221747,0.0137765391058672,0.9153440213147126,0.9999146461513949,fail: 2024
269,"add(abs(add(cs_z(ret),cumr)),abs(add(ts_max(lmoney,10),ts_max(lmoney,5))))",12,-1.0,-0.032902884104915535,-0.5387411380448124,-6.66952031984536,4,-0.04446090572492561,-0.013827474023601249,-0.03876491143040586,-0.03474955733264525,-0.0039360897373371204,-0.33555173472663763,0.9999502102549804,fail: 2024
140,"add(ts_std(ts_mean(ts_std(cs_z(lmoney),5),20),5),ts_std(cs_rank(lcap),5))",9,-1.0,-0.02446253281765057,-0.5044952282168207,-6.6659787148371095,4,-0.03200607283100526,-0.029869621634433515,-0.019189629450123872,-0.015996649601442498,-0.007212123642117207,-1.0386982400316933,0.9943922521466493,"passed, not chosen (corr / cap)"
160,"add(ts_decay(ts_corr(mul(turn,cl),ch,5),60),div(ts_mean(ts_corr(ch,cl,5),40),ts_std(cs_rank(vwapc),3)))",15,1.0,0.026134185618807433,0.5118812303617004,6.663992144667639,4,0.03277075933667983,0.029147492543700314,0.02293939136380829,0.019022055363231993,0.0016696820192553137,0.2705394858583049,0.9959286214215399,fail: 2024
93,"ts_std(cs_z(add(lmoney,ts_delay(ts_max(lmoney,3),10))),5)",7,-1.0,-0.025776940933287633,-0.5580808344842316,-6.655000697013388,4,-0.03201336709450961,-0.022070878311927496,-0.03912301613200717,-0.008380431710316787,-0.0030507563776125905,-0.2546401492519913,0.9991549968988102,fail: 2024
595,"add(lmoney,cs_z(ts_delay(ts_std(lmoney,5),10)))",6,-1.0,-0.02340447329076373,-0.41509337398345997,-6.6296601047899,4,-0.022859378925518904,-0.018108722807958322,-0.02990999121232389,-0.02270307039962639,-0.01825861571113288,-2.2171891604760727,0.9999416748701199,duplicate
461,"add(ts_std(lmoney,5),add(add(ts_corr(lmoney,ts_min(vwapc,5),40),ts_corr(cl,lmoney,40)),ts_corr(vwapc,slog(iret),40)))",16,-1.0,-0.0335791416463545,-0.6187184621446028,-6.6290469737937165,4,-0.021541692737878947,-0.04266069156177382,-0.03838210546869538,-0.03156993897805663,0.009126655529337467,0.8211756219224741,0.9999687035888448,fail: 2024
448,"add(ts_std(add(lmoney,dnlim),3),add(add(ts_std(lmoney,5),mul(cumr,cumr)),ts_corr(vwapc,cs_rank(cl),40)))",16,-1.0,-0.038315895451977715,-0.6370575446641372,-6.627051996968561,4,-0.027433098802020113,-0.02917043090304633,-0.057446796474699316,-0.039389150763431996,0.01114925574782574,0.47085215398017816,0.9918515525865061,duplicate
709,"add(ts_corr(ch,vwapc,20),add(ts_std(cs_z(lmoney),3),ts_corr(lprice,vwapc,60)))",11,-1.0,-0.03590284369767287,-0.6024634073984365,-6.627016429274135,4,-0.03856954828346409,-0.029541804874411673,-0.01899202684101638,-0.05848266677014378,-0.03244299614144599,-2.404851963818316,0.9995433569099631,"passed, not chosen (corr / cap)"
154,"div(ts_decay(ts_corr(ch,mul(turn,cl),5),60),sub(ts_std(lmoney,3),ts_decay(mul(ts_std(lmoney,5),cs_rank(lmoney)),40)))",16,1.0,0.025599189354387087,0.5174215543808448,6.6186329056898545,4,0.02928193399865648,0.03092618432374328,0.021503459559974823,0.02017746937310542,-0.00349197533164422,-0.37082508716690554,0.9883079453052538,fail: 2024
442,"add(ts_std(lmoney,5),add(add(slog(iret),mul(cumr,cumr)),ts_corr(ts_decay(sign(iret),5),slog(iret),40)))",16,-1.0,-0.03789054712542489,-0.6488028671772696,-6.618451138855727,4,-0.04349314382186539,-0.01546644815423434,-0.0436061150716687,-0.05012791187553013,0.01114784497511053,0.6103828697799129,0.9999687035888448,duplicate
43,"add(ts_std(cs_rank(lmoney),5),ts_decay(abs(ts_std(lmoney,5)),40))",8,-1.0,-0.0390058537562324,-0.6607808316040661,-6.6179638226348505,4,-0.04175039869415767,-0.03756196759358516,-0.04576352412472306,-0.030175915694841904,-0.009048096037825899,-0.5404901385862189,0.9992161671569771,duplicate
737,"add(ts_std(cs_z(vwapc),3),add(ts_std(hl,60),add(add(ts_corr(ch,vwapc,40),ts_std(lmoney,5)),ts_corr(ret,vwapc,20))))",17,-1.0,-0.03570806695081891,-0.5937405854580174,-6.603693197002183,4,-0.04625369030951715,-0.029131854661795936,-0.0355257002229938,-0.03154320658069489,0.005089186531242944,0.3379096354337917,0.9995305538326723,duplicate
88,"div(ts_decay(ts_corr(ch,mul(turn,cl),5),60),add(ts_std(lmoney,3),mul(ts_std(lmoney,3),ts_min(ts_corr(ch,vwapc,10),5))))",17,1.0,0.03223266405480979,0.6088898574185332,6.60146456234263,4,0.03722721228018646,0.0345956906820015,0.024291537480106748,0.03283837419917188,-0.0015714659950299805,-0.12529901358421477,0.9963070234836888,fail: 2024
714,"add(add(ts_std(oret,60),ts_decay(ts_corr(ch,vwapc,20),40)),ts_delay(add(ts_std(cs_z(lmoney),5),ts_min(ts_corr(iret,vwapc,60),60)),5))",17,-1.0,-0.03228672134801127,-0.6197552939298095,-6.595949251534992,4,-0.026367724534000055,-0.03255134204212373,-0.037866394987045054,-0.03239410766696703,-0.0036125476308782245,-0.29008001744035317,0.9973597209498176,fail: 2024
435,"add(add(mul(cumr,cumr),ts_std(lmoney,5)),ts_corr(slog(slog(cl)),ts_delta(lmoney,10),40))",13,-1.0,-0.038573930715232206,-0.649053494036686,-6.593126935048442,4,-0.047689829588438475,-0.031016581860675626,-0.043449504967634126,-0.03152136680748044,0.018402741043773117,1.0129841421597383,0.9992929856207217,duplicate
723,"add(ts_std(ts_corr(abs(vwapc),vwapc,20),20),ts_std(cs_z(lmoney),10))",9,-1.0,-0.033651040667568376,-0.5811265513920901,-6.5889176605514725,4,-0.04182852009874711,-0.02732007827110581,-0.04217762538676404,-0.0222839042807748,0.0033234715415902303,0.16977514947431785,0.9981321732796932,fail: 2024
687,"add(add(ts_std(ts_decay(ts_corr(iret,vwapc,20),40),60),ts_min(ts_std(cs_z(lmoney),10),20)),add(ts_std(ts_corr(cl,vwapc,5),60),ts_std(cs_rank(lmoney),3)))",19,-1.0,-0.0333017941059919,-0.6727205545956498,-6.585692571846534,4,-0.03084454895152879,-0.04657931386437095,-0.028584764677812808,-0.02656964203752027,-0.029980000154045727,-2.894443148813993,0.9938232264892825,"passed, not chosen (corr / cap)"
83,"div(ts_decay(ts_corr(mul(ret,cl),ch,5),60),slog(ts_std(cs_z(vwapc),5)))",11,1.0,0.03519260109247276,0.5983360057904934,6.585084250137364,4,0.052919755839031773,0.03779319839985848,0.0270247363640476,0.021785268581931232,-0.009149669526288142,-0.516265993289685,0.99909667176893,duplicate
728,"add(add(ts_corr(ch,vwapc,40),dnlim),ts_min(ts_std(ts_delta(lmoney,60),5),5))",10,-1.0,-0.029599282330516515,-0.5767341183195,-6.584981032456858,4,-0.028180804226735277,-0.019149216177785644,-0.03666574460351339,-0.034911374567019676,0.011259343307064972,0.7934697488580559,0.9988263845816808,fail: 2024
19,"div(ts_decay(ts_corr(ch,mul(abs(cumr),cl),5),60),add(ts_std(lmoney,10),ts_min(abs(cumr),20)))",14,1.0,0.04622181708901908,0.7539746996826822,6.57190214340343,4,0.04266831574993072,0.03556871452235134,0.058893221447347474,0.04796717860206553,0.00298433184646896,0.22100862664634693,0.9999459425625501,duplicate
260,"ts_corr(div(cumr,ts_corr(cl,ch,20)),lmoney,40)",7,1.0,0.021219103065258114,0.5310522231727857,6.559919008958527,4,0.0173313007008378,0.02562140637486282,0.021890925427680848,0.019917724144958987,-0.0032454890883340695,-0.43949573656145374,0.9992588440812796,fail: 2024
86,"div(ts_decay(ts_corr(ch,mul(turn,cl),5),60),add(slog(ts_std(cs_z(cl),5)),cs_rank(ts_corr(ch,vwapc,5))))",16,1.0,0.032707955907544245,0.6111499608289995,6.555292524417361,4,0.040322247085016825,0.03064009061726596,0.026547283261546803,0.03335547305570338,0.0022806510944139015,0.32367109702436186,0.9955701352573988,fail: 2024
40,"add(ts_mean(ts_std(cs_rank(lmoney),5),20),ts_decay(ts_decay(ts_corr(ch,vwapc,10),40),40))",10,-1.0,-0.03421505742132685,-0.67465065305443,-6.545474528763972,4,-0.029212230089965655,-0.04716698309598747,-0.017399302905597165,-0.04388827776243463,0.006037726539577566,0.39099511676837717,0.9953026931984363,duplicate
459,"add(ts_corr(cs_rank(cl),hl,40),add(ts_corr(vwapc,slog(iret),40),ts_std(lmoney,5)))",12,-1.0,-0.0330957327595914,-0.6054668497895818,-6.539656473318811,4,-0.025867295186743168,-0.04325477979392668,-0.03501459214496493,-0.027772193979492994,0.023333775813613487,0.9012843163366537,0.9918600879713666,fail: 2024
455,"add(add(mul(cumr,cumr),ts_std(add(lcap,lmoney),3)),ts_corr(cs_rank(cs_rank(ret)),lmoney,40))",14,-1.0,-0.036298250143725785,-0.6179295850401685,-6.5308609130177855,4,-0.036714071779437134,-0.03445573814487307,-0.05145594909075698,-0.02126894070056654,0.014872597902512802,0.8083380824032773,0.9918643556637968,duplicate
151,"div(cs_z(ts_min(abs(cumr),40)),ts_decay(cs_z(ts_std(cs_z(lmoney),5)),3))",10,1.0,0.022551359528289197,0.49474488031453184,6.52784382390504,4,0.02359436569627496,0.00832446946615426,0.033205285984546536,0.025381375744868265,0.0032739726708289575,0.42717036445902895,0.9987993558629559,fail: 2024
505,"add(lmoney,cs_z(ts_decay(ts_std(lmoney,5),5)))",6,-1.0,-0.030217715231178537,-0.5086447025321038,-6.5277905641114184,4,-0.035689152870135604,-0.016823257777804926,-0.03556719990514511,-0.03307164520313921,0.00527005054123017,0.2588747374587157,0.999955900511554,duplicate
185,"div(ts_corr(ch,mul(turn,iret),5),ts_decay(abs(ts_std(lmoney,5)),40))",10,1.0,0.029445187271860098,0.4665691292471388,6.525243806538654,4,0.03510221658315732,0.02471252309408522,0.0323795281912966,0.025215634195165256,0.005402384202335266,0.38130161287914505,0.9963625034852821,fail: 2024
238,"add(add(add(lmoney,ts_std(lmoney,20)),ts_std(lmoney,10)),ts_min(cs_z(cs_rank(ts_std(lmoney,20))),60))",13,-1.0,-0.04198488159241286,-0.5954935641407682,-6.521085635998444,4,-0.04541974438190529,-0.026700860666747803,-0.04928732703404774,-0.0470172509598984,-0.023724295137285748,-1.8578937360072398,0.9880789124781636,duplicate
100,"div(cs_z(lmoney),add(ts_min(abs(cumr),40),cs_rank(ts_delay(ts_corr(vwapc,ch,10),5))))",12,-1.0,-0.03520308371605659,-0.5724334432131741,-6.5204350666090365,4,-0.033913221042025966,-0.01686410254864942,-0.03922133372504527,-0.05238585544136939,-0.019476371473065558,-1.6644196359438193,0.999938829741833,"passed, not chosen (corr / cap)"
480,"add(ts_std(lmoney,5),add(ts_corr(slog(slog(cl)),hl,40),add(mul(mul(cumr,cumr),cumr),ts_std(add(lcap,lmoney),3))))",19,-1.0,-0.033950440518640324,-0.588626380972606,-6.512661205046597,4,-0.028715113235287283,-0.036254614579262316,-0.03421072699807869,-0.036888363166149636,0.001178725689757042,0.03972867070213108,0.9999601682039844,duplicate
682,"add(ts_std(ts_delta(cs_z(lmoney),10),10),add(ts_corr(ch,vwapc,40),ts_std(cs_z(lmoney),10)))",12,-1.0,-0.037913541302359216,-0.6541688575162982,-6.512160658992473,4,-0.04940179993667728,-0.03543206667498812,-0.04199929715399746,-0.02353615926713493,-0.006009515821859999,-0.3537679161557125,0.9940223854693608,duplicate
36,"mul(ts_std(cs_z(mul(cumr,cs_rank(lmoney))),5),lcap)",8,-1.0,-0.042555837785045465,-0.6746414246662993,-6.5002678916040795,4,-0.03874907244820629,-0.0251828304239165,-0.05949436003869447,-0.04729593905302373,0.0006283771788450674,0.025798400319962778,0.9992161671569771,fail: 2024
452,"add(ts_max(ts_std(sub(cl,lmoney),5),40),add(ts_corr(cs_rank(slog(cl)),lmoney,40),add(mul(cumr,cumr),ts_std(sub(lcap,lmoney),5))))",20,-1.0,-0.03703462806764921,-0.6479378148393444,-6.495797578538552,4,-0.03924416829890585,-0.03927434404829034,-0.03633079511260908,-0.03291317248225807,0.013929763598189393,0.9057620217350427,0.9918600879713666,duplicate
324,"add(add(abs(cumr),ts_delta(lmoney,3)),ts_max(lmoney,10))",8,-1.0,-0.03109668329576088,-0.4528194089276092,-6.495661851263307,4,-0.0368017354735064,-0.010967877379200831,-0.039538626118913324,-0.037712167437521246,-0.006420503185832308,-0.43691760196982216,0.9998847723043832,fail: 2024
451,"add(add(mul(cumr,cumr),ts_std(lmoney,3)),cs_rank(lmoney))",9,-1.0,-0.03863638754704615,-0.6072912563493659,-6.495366187483914,4,-0.04096544295577059,-0.017407578426169388,-0.05419851166645593,-0.04237668671064728,0.005060715690694752,0.2868574660379672,0.999972971281275,duplicate
101,"mul(ts_std(abs(cs_z(ret)),5),lcap)",6,-1.0,-0.03117232852067933,-0.5499493465872644,-6.486332933348991,4,-0.04963913733770097,-0.023102802691675545,-0.03660956950481088,-0.013786119994669478,-0.0008127779889629513,-0.047271121781477764,0.9992161671569771,fail: 2024
509,"add(ts_corr(cs_rank(slog(cl)),hl,20),add(ts_corr(vwapc,slog(cl),40),add(ts_max(ts_max(lmoney,5),5),ts_std(lmoney,5))))",17,-1.0,-0.03245698768665827,-0.5452249426646493,-6.485033299377575,4,-0.030243787424061103,-0.031822026711543674,-0.038334301186589356,-0.02915288503408196,-0.0053321842629119025,-0.2991786176274384,0.9961092870677539,duplicate
432,"add(add(ch,mul(cumr,cumr)),add(ts_corr(vwapc,slog(iret),40),ts_std(add(lcap,lmoney),3)))",15,-1.0,-0.044465200076450516,-0.6687628757580008,-6.484138935228206,4,-0.036965858684459875,-0.036091109611173164,-0.0597391584183355,-0.04519346262206117,0.006430004769725497,0.38471451004210955,0.999972971281275,duplicate
444,"mul(ts_corr(hl,slog(cl),40),add(mul(cumr,cumr),ts_std(lmoney,3)))",11,-1.0,-0.03639392944176285,-0.623748774951563,-6.4678733621883016,4,-0.03915757303286167,-0.02968880329175695,-0.04109690459075909,-0.03557791258998603,0.018547598533969735,0.9722572226322614,0.999972971281275,duplicate
755,"add(ts_std(ts_corr(cs_z(lmoney),vwapc,10),60),add(ch,add(ts_std(cs_z(lmoney),5),ts_min(ts_corr(iret,vwapc,10),5))))",16,-1.0,-0.0346808948580657,-0.569957155423142,-6.463640614943388,4,-0.03655065806303988,-0.024753679488804727,-0.04744149661549701,-0.029567298707039974,-0.005513105506108488,-0.3308552079647991,0.9856008057403308,fail: 2024
706,"add(ts_decay(ts_corr(iret,vwapc,5),40),ts_std(cs_z(mul(lcap,ch)),5))",10,-1.0,-0.03634069382339837,-0.6010262768768245,-6.462167544168846,4,-0.04375366220627279,-0.03190538972791537,-0.045997373359869545,-0.02249232789732535,-0.00653409513690176,-0.48905834773072143,0.9992161671569771,duplicate
428,"add(ts_std(lmoney,5),add(add(ts_corr(hl,slog(cl),40),mul(cumr,cumr)),ts_corr(vwapc,slog(iret),40)))",16,-1.0,-0.04259770885953786,-0.6804848683496795,-6.456387111735646,4,-0.040495163457057316,-0.042532574636919174,-0.04788291090882606,-0.039193759777960344,0.015407952738923708,0.6991521770063923,0.9999687035888448,duplicate
447,"add(add(ts_corr(div(ts_delta(lmoney,10),ts_z(hl,3)),slog(slog(cl)),40),mul(cumr,cumr)),ts_std(add(lmoney,dnlim),5))",18,-1.0,-0.03370314391933877,-0.6459259020818434,-6.435088913919102,4,-0.04062831986129261,-0.019092990217228333,-0.04824668982941569,-0.026227630278974248,0.011427910027633595,0.6287537963756705,0.9992033640796864,fail: 2024
424,"add(add(cs_rank(lmoney),mul(cumr,cumr)),ts_corr(vwapc,slog(iret),40))",11,-1.0,-0.045332834603749275,-0.675335894214762,-6.434074557460895,4,-0.035860311592430985,-0.03084867668312729,-0.06522796102806691,-0.049888729951154794,-0.001642902743606512,-0.10886594065424927,1.0,duplicate
72,"div(cs_z(lmoney),add(ts_std(lmoney,3),ts_min(abs(cumr),20)))",9,-1.0,-0.03994032886339051,-0.6082545919776863,-6.429251101136053,4,-0.039507666171323355,-0.01674730012120503,-0.05849716842967309,-0.045597739919874716,-0.0013460425680558033,-0.08326596090976363,0.999972971281275,fail: 2024
50,"add(add(ts_std(lmoney,3),ts_min(abs(cumr),20)),add(abs(cl),ts_std(cs_z(lmoney),5)))",13,-1.0,-0.04321841663093895,-0.6675785479711269,-6.418001918635068,4,-0.0466615468428428,-0.02311362094838587,-0.06241700056726729,-0.040515825666125854,0.005573398101499633,0.33036116754945133,0.9992161671569771,duplicate
445,"add(add(ts_corr(lmoney,cs_rank(sign(cl)),40),mul(cumr,cumr)),add(ts_std(add(lmoney,dnlim),3),ts_std(lmoney,5)))",17,-1.0,-0.0368377704718939,-0.6466982342618723,-6.416718857921089,4,-0.045300050447225466,-0.014291673744674159,-0.04982298157438357,-0.03810449619092705,0.02191431732383152,1.3876002664696863,0.9918515525865061,duplicate
318,"add(add(abs(div(cl,div(turn,ch))),sub(iret,turn)),ts_std(lmoney,5))",13,-1.0,-0.027801249389072153,-0.4791733311823224,-6.407902939154731,4,-0.033982592245143835,-0.0217594642418728,-0.03203151539089072,-0.023015562078230214,0.00960064450652487,0.42573617031630645,0.9549758448608447,duplicate
37,"add(ts_decay(ts_delay(ts_corr(iret,vwapc,10),5),40),ts_decay(ts_std(cs_z(lmoney),5),20))",10,-1.0,-0.03919829698749639,-0.6826280042964082,-6.406555262485793,4,-0.03380934679554967,-0.047746564033934694,-0.044496617790767135,-0.02992269685160057,-0.00635695225615539,-0.368774238903745,0.9953453701227388,duplicate
721,"add(add(ts_std(ts_corr(iret,vwapc,5),60),ts_std(ts_std(sub(lmoney,turn),10),3)),ts_min(add(ts_std(lmoney,5),ts_min(ts_corr(iret,vwapc,60),5)),5))",19,-1.0,-0.031573518694027546,-0.6220834947412098,-6.3880714229029,4,-0.032146085694864865,-0.04050636508426252,-0.027554974220534365,-0.025522262171651006,-0.00892340802251492,-0.5219378969232504,0.9999203364079686,duplicate
31,"div(ts_decay(ts_corr(ch,mul(turn,cl),5),60),add(abs(ts_corr(vwapc,vwapc,10)),ts_min(abs(cumr),20)))",15,1.0,0.0415541547898866,0.7317904946089495,6.383501342692431,4,0.02944756303545003,0.03958420799096563,0.03909386707131158,0.05972604843857909,0.004112451585582289,0.3589892173537973,0.9963368973307006,duplicate
159,"div(ts_decay(ts_corr(ch,mul(turn,cl),5),60),add(ts_std(lmoney,3),ts_delta(lcap,20)))",12,1.0,0.02711638174606523,0.4999463942812192,6.379359949852621,4,0.030106347399177374,0.036513469009487716,0.017837039073925583,0.023657318705069198,-0.002562053009869775,-0.2638088598357906,0.9959784111665595,fail: 2024
127,"add(add(ts_std(cs_rank(lmoney),5),ts_min(ts_corr(ch,vwapc,10),5)),mul(cumr,hl))",12,-1.0,-0.028823318732904248,-0.5322867274003528,-6.374564283965111,4,-0.036330212936439614,-0.019106009317125545,-0.02768952272626021,-0.032495307557261655,-0.018455140853452925,-1.0779465026662673,0.9991834481816785,duplicate
446,"add(ts_corr(cs_rank(cl),lmoney,40),add(ts_corr(vwapc,slog(iret),40),ts_std(lmoney,5)))",12,-1.0,-0.03669996713389486,-0.6226236205449586,-6.365953835456549,4,-0.030257983948882582,-0.050575867457522045,-0.036551186883634956,-0.0286889397849332,0.01688201923323142,0.9197481096422832,0.9918600879713666,duplicate
734,"add(add(ts_std(ts_decay(ts_corr(iret,vwapc,20),40),60),ts_min(ts_corr(iret,vwapc,10),20)),ts_std(ts_std(cs_z(lmoney),10),3))",15,-1.0,-0.02766874529592395,-0.5891647183757253,-6.3596176226378205,4,-0.01863497209667186,-0.030349436159645218,-0.030934367999052033,-0.031078330424326638,-0.00468251852050356,-0.35119001701363656,0.9977679968589783,fail: 2024
515,"add(ts_std(add(lcap,lmoney),3),cs_z(ts_max(ts_std(add(lmoney,dnlim),3),5)))",11,-1.0,-0.026505365446174028,-0.51224861633506,-6.359172700375531,4,-0.034491487870945255,-0.021123664626422185,-0.02964983796870407,-0.020198411597884512,0.026351712637799573,1.0896304432359343,0.9999502102549804,duplicate
331,"add(sub(add(abs(ts_rank(ch,5)),ts_max(lmoney,5)),turn),add(iret,add(turn,abs(cumr))))",15,-1.0,-0.031210227642753982,-0.4755855234462326,-6.357667473664134,4,-0.03160456204001213,-0.013268366188707727,-0.042480496040252926,-0.03816336846901989,-0.0007712049999725225,-0.0511019335134782,0.9999687035888448,fail: 2024
780,"add(add(ts_corr(turn,cl,20),ts_delay(ts_std(cs_z(lmoney),10),10)),ts_std(cs_z(lmoney),3))",12,-1.0,-0.029317717587442095,-0.5372689233408172,-6.351412123059416,4,-0.039217039664039284,-0.0423743433248129,-0.02328463574276837,-0.010682923413762545,-0.006427618927929821,-0.794925427492401,0.9942030511155748,duplicate
726,"add(ts_std(cs_z(lmoney),10),add(iret,ts_std(cs_z(ts_corr(oret,vwapc,60)),5)))",11,-1.0,-0.03038168167474901,-0.5824624359059387,-6.344201696984656,4,-0.04499603135064781,-0.012534190521615274,-0.05177590183140171,-0.010509519236098039,-0.006932339537124955,-0.4389343309000686,0.9981463989211273,fail: 2024
473,"add(ts_corr(lmoney,slog(ts_corr(ret,ch,10)),40),add(ts_corr(lmoney,slog(cl),40),mul(cumr,cumr)))",15,-1.0,-0.029295816055572438,-0.5817885085314515,-6.335928240047331,4,-0.027404249812487836,-0.026236590931245696,-0.03938484284751685,-0.02369173378693174,0.009483970635585336,0.6615415487039723,1.0,fail: 2024
437,"add(ts_max(add(lmoney,mul(cumr,cumr)),10),add(ts_corr(lmoney,slog(slog(cl)),40),mul(cumr,cumr)))",16,-1.0,-0.03907166399651485,-0.6572251767119782,-6.335122938337323,4,-0.042976374638150926,-0.019347189455158977,-0.05345681078002854,-0.04071418483824152,0.007478780267766479,0.4576072852462475,0.999965858460558,fail: 2024
716,"add(ts_std(sub(cs_z(lmoney),ts_corr(cl,ch,20)),10),ts_std(ts_std(cs_z(lmoney),10),3))",12,-1.0,-0.03223950606445849,-0.5984371718226354,-6.329435466469867,4,-0.04484365912994615,-0.026593671974614874,-0.04654848354865193,-0.008919849674158405,-0.007830342514665873,-0.49078537859098187,0.9978462378868663,duplicate
715,"add(ts_std(ts_delta(cs_z(lmoney),10),10),ts_delay(ts_std(ts_corr(ch,iret,20),10),20))",10,-1.0,-0.030264205504399788,-0.5912992972579422,-6.327165389295583,4,-0.03658428441981283,-0.03720566072147056,-0.02879547553576148,-0.017290811197688945,-0.0054391155824564585,-0.4231146962036171,0.9936553639203591,duplicate
85,"div(ts_decay(ts_corr(ch,mul(ts_mean(ch,3),cl),5),60),add(ts_std(lmoney,20),cs_rank(lmoney)))",13,-1.0,-0.03632137464740589,-0.6022511691856907,-6.326675551807913,4,-0.040160903811046124,-0.03895724969657345,-0.0268097983094656,-0.03961675134455186,-0.019573787895607556,-1.4788089608261037,0.9999402523059765,"passed, not chosen (corr / cap)"
222,"ts_corr(div(cumr,ts_corr(cl,ch,20)),mul(cumr,add(turn,ts_corr(lcap,iret,5))),40)",13,1.0,0.022949300499362956,0.6227981949183758,6.323518133559307,4,0.012684068358045765,0.016754473282053966,0.03317946350381879,0.029845657861660914,-0.012009814380414202,-0.8845196258083259,0.9992588440812796,fail: 2024
418,"add(ts_corr(vwapc,slog(iret),40),add(mul(cumr,cumr),ts_std(add(lmoney,dnlim),5)))",13,-1.0,-0.047037015616209925,-0.6932541073253397,-6.320478641017645,4,-0.045002727740368606,-0.03509278943720758,-0.061201348638138926,-0.04689679083802076,0.01597396506228889,0.8047487663519236,0.9999687035888448,duplicate
552,"add(add(mul(cumr,cumr),abs(cs_z(cl))),ts_corr(cs_rank(slog(ret)),lmoney,40))",13,-1.0,-0.028533557746341025,-0.47353952103724267,-6.313041625666605,4,-0.027516488451031593,-0.024327121652378183,-0.04545222844857307,-0.015750722903141973,0.012370927089443894,0.7533465594436344,0.9918913843825218,fail: 2024
300,"add(lmoney,add(cs_z(ts_std(lmoney,20)),add(lmoney,abs(cumr))))",10,-1.0,-0.03628185313606308,-0.49062446064767673,-6.3087757315350395,4,-0.04947240267824688,-0.01409290905384569,-0.04237111748969721,-0.03950813322497123,-0.017985064508184018,-1.390276335951546,1.0,duplicate
92,"div(ts_decay(ts_decay(ts_corr(ch,mul(turn,cl),5),60),10),abs(ts_std(ts_std(add(dnlim,lmoney),5),5)))",14,1.0,0.029533298081529227,0.5884385875909341,6.304908974819907,4,0.033401958448088964,0.03283656130922353,0.02348703409887635,0.028268223196453505,-0.013302423538244013,-0.8734731053359405,0.996297065534685,fail: 2024
673,"add(add(ts_std(cs_z(lmoney),3),ts_std(cs_rank(lmoney),10)),add(ts_std(ts_corr(iret,vwapc,5),60),add(ts_decay(abs(cumr),40),ts_std(sign(lmoney),3))))",20,-1.0,-0.04843706516327109,-0.7048264697797064,-6.304799926876409,4,-0.05586201936838221,-0.03487846946446541,-0.05930409450223477,-0.043281652416386776,-0.000672260111137778,-0.0411993037225588,0.9981207927665459,duplicate
470,"add(add(sub(cumr,cumr),ts_std(cs_z(cl),3)),add(ts_corr(lmoney,slog(cl),40),mul(cumr,cumr)))",16,-1.0,-0.038487168995541346,-0.5948016022703635,-6.301696749120748,4,-0.05310843678367604,-0.02791596578092529,-0.04107086077305558,-0.031204729622131954,0.010080949244163435,0.7755041581851547,0.9995547374231104,fail: 2024
131,"div(ts_corr(ch,cl,5),ts_std(cs_rank(lcap),5))",7,1.0,0.029166878056271866,0.5084747921708022,6.298585181989991,4,0.03864991878633075,0.019011099729339644,0.02869968620044264,0.030418170658764596,0.011843363920448461,0.8627679573611279,0.9985703230358657,fail: 2024
178,"mul(ts_std(ts_std(abs(cs_z(ret)),5),5),lcap)",7,-1.0,-0.02200940558464817,-0.46306527048970836,-6.287460330261922,4,-0.037315471364671955,-0.016988945183288612,-0.02471211619179913,-0.007740364526069251,-0.011255080635476082,-0.9892914966461327,0.9984892368796909,fail: 2024
46,"div(ts_decay(ts_corr(ch,mul(turn,cl),5),60),add(ts_std(lmoney,3),add(ts_std(lmoney,3),cs_rank(cumr))))",15,1.0,0.04200866079074975,0.6815530745817713,6.264886862786942,4,0.021407585798158147,0.04436391539375371,0.04365869445492603,0.06026398299861914,0.006047811325980831,0.25670779711633634,0.9963411650231309,duplicate
202,"add(add(abs(cumr),ts_max(lmoney,5)),ts_min(cs_z(cs_rank(ts_std(lmoney,20))),60))",11,-1.0,-0.04792576510873447,-0.6838350232884368,-6.253872771636606,4,-0.041923531651144284,-0.025398842336580258,-0.0662595978815374,-0.05921896616217145,-0.010057009992951409,-0.6575853376227755,0.9880803350423071,fail: 2024
229,"add(add(abs(cumr),ts_delay(sub(uplim,turn),60)),add(ts_max(ts_max(lmoney,5),3),ts_std(lmoney,5)))",14,-1.0,-0.037170029217559186,-0.6085636637535419,-6.251701285730524,4,-0.03827221479629542,-0.013961699838022349,-0.05077361652179244,-0.04658054874683565,0.005466681221019102,0.28773644913314966,0.9986343384223194,duplicate
588,"add(add(ts_delta(lmoney,10),add(ts_corr(hl,cl,40),ts_std(lmoney,5))),add(ts_corr(slog(slog(cl)),hl,40),mul(cumr,cumr)))",19,-1.0,-0.03121689509172188,-0.46779596041590454,-6.2514282076489645,4,-0.037921390954051025,-0.01832056125587223,-0.03227389019503631,-0.03686768157390916,-0.0012965587938859704,-0.07069858315556313,0.999853475893228,fail: 2024
474,"mul(ts_std(add(ts_std(lmoney,5),mul(cumr,cumr)),5),add(ts_corr(lmoney,slog(cl),40),mul(cumr,cumr)))",16,-1.0,-0.031532058359541586,-0.5841494802770317,-6.246941207087891,4,-0.03610669668220604,-0.02282160352805338,-0.04029166420454098,-0.02648761852766067,0.005466082372767977,0.4041959408215424,0.999948787690837,fail: 2024
676,"add(ts_std(cs_z(add(lmoney,ret)),20),ts_mean(ts_corr(iret,vwapc,5),40))",10,-1.0,-0.03741930609142624,-0.6598001812362123,-6.244731766812668,4,-0.0494576764998214,-0.04429797321695014,-0.03382349703372538,-0.020556616820934268,-0.012556283452589702,-0.678649617481167,0.9961604993769169,fail: 2024
546,"add(slog(cl),add(cs_rank(ts_corr(vwapc,slog(iret),40)),lmoney))",10,-1.0,-0.03181468711787234,-0.47218898375905644,-6.243182413550833,4,-0.021953115471132836,-0.024509577822545495,-0.03755509570310246,-0.04440439115088787,-0.007784753777914416,-0.7478404657155852,1.0,duplicate
727,"div(cs_z(lmoney),ts_std(cs_z(mul(hl,lcap)),10))",8,-1.0,-0.037072236149980786,-0.5688951288763027,-6.2429934153642925,4,-0.052787069308342996,-0.01742085793499622,-0.046277843997949056,-0.031320305604962274,-0.008841824593305339,-0.4824344880497589,0.9982118368717245,fail: 2024
760,"add(add(ts_decay(ts_corr(iret,vwapc,20),40),ts_min(ts_std(sub(lmoney,lprice),10),20)),ts_std(ts_corr(iret,vwapc,5),5))",15,-1.0,-0.032735493623902455,-0.5608506393267778,-6.242805695447186,4,-0.02267520521258899,-0.03439687889782183,-0.041942519896321216,-0.031888584594316156,-0.002620281880759377,-0.1679736137781655,0.9998492082007978,fail: 2024
518,"add(lmoney,add(ts_corr(hl,slog(slog(cl)),40),add(mul(cumr,cumr),ts_max(ts_max(lmoney,5),5))))",15,-1.0,-0.03551409090377676,-0.5204744111815678,-6.238403284548525,4,-0.03803422114982628,-0.01323432475364376,-0.04379377973342073,-0.048174302794810435,-0.0057458958150797875,-0.3379858757239287,0.999955900511554,duplicate
209,"ts_corr(div(cumr,ts_corr(cl,ch,20)),lprice,10)",7,1.0,0.03261332907421531,0.6301941083815892,6.235686403666206,4,0.03059017254971926,0.030564123530156667,0.03536873123866375,0.03407385694237038,0.0021883600331659586,0.13776196581575129,0.9999174912796818,fail: 2024
701,"add(ts_std(cs_z(lmoney),20),add(ts_std(ts_corr(iret,vwapc,20),60),add(mul(hl,lcap),ts_corr(ch,vwapc,20))))",16,-1.0,-0.03856492059933829,-0.6421171692329622,-6.226523804347037,4,-0.06108859436206353,-0.041860289854445946,-0.022937245014030726,-0.027288314437849775,-0.011266161277848064,-0.8869445392010744,0.9961178224526144,duplicate
213,"add(add(abs(cumr),lmoney),ts_min(cs_z(cs_rank(ts_std(lmoney,20))),60))",10,-1.0,-0.046427115286057384,-0.627224007598328,-6.224816606491845,4,-0.041738969689403244,-0.021622432196700136,-0.06247472167876164,-0.06128338960128967,-0.017352475746528442,-1.3124819808169115,0.9881087863251754,duplicate
775,"add(ts_std(ts_corr(iret,lprice,5),20),add(add(ts_corr(vwapc,ch,40),ts_std(cs_z(lmoney),10)),ts_delay(ts_std(cs_z(lmoney),3),20)))",17,-1.0,-0.031569301058946356,-0.5590748896561456,-6.223447145578079,4,-0.0318565911858871,-0.031134445029455202,-0.030831130508555692,-0.03253987023321916,-0.012622384314437933,-0.6754116927728455,0.9913906418040389,fail: 2024
71,"add(ts_decay(ts_corr(ch,ts_std(ts_max(vwapc,10),60),10),20),div(ts_decay(ts_corr(ch,mul(ret,cl),40),60),add(ts_std(lmoney,5),ts_min(abs(cumr),20))))",20,1.0,0.03392359902586045,0.6527187072798375,6.22281672708139,4,0.03169749467585757,0.029535834465346897,0.04120478868247096,0.03322279471977787,-0.005244654126579102,-0.5124483789780548,0.9996429364000022,fail: 2024
44,"add(ts_std(lmoney,5),add(add(ts_std(lmoney,10),cs_rank(lmoney)),ts_min(abs(cumr),40)))",12,-1.0,-0.04397102320883021,-0.6735833587546769,-6.218265216474532,4,-0.045939262307173795,-0.019401524367384373,-0.06647378034865165,-0.04418115393162233,0.005154228673832242,0.25844425417746913,0.9999502102549804,duplicate
460,"add(add(ts_corr(lmoney,slog(slog(cl)),20),mul(cumr,cumr)),mul(cumr,ts_rank(oret,20)))",14,-1.0,-0.038577804547780085,-0.6122545599435543,-6.2175714671064135,4,-0.02656930473351893,-0.04305501378644762,-0.04100657195991246,-0.04419926109136929,-0.0014365823343933488,-0.08382372585776884,1.0,duplicate
142,"div(ts_std(cs_rank(lmoney),5),ts_decay(ts_max(ts_corr(ch,vwapc,10),40),40))",9,1.0,0.024232588660436143,0.5004626142925943,6.214836356228447,4,0.021160960714371086,0.01798852862382534,0.018492752191017012,0.04076088099251607,0.0028942759971585276,0.2681701622083939,0.9991663774119575,fail: 2024
756,"add(ts_std(mul(hl,lcap),3),ts_std(add(ts_std(ts_corr(iret,vwapc,60),10),ts_decay(ts_corr(iret,vwapc,5),40)),60))",15,-1.0,-0.025465388347252343,-0.5651136632435781,-6.213714379743313,4,-0.036337636915716315,-0.03568913060552565,-0.008582802667811201,-0.02075615741298808,-0.007953266460225681,-0.7248038191990788,0.9998918851251003,fail: 2024
678,"add(slog(add(ts_corr(ch,vwapc,40),ts_decay(ts_corr(iret,vwapc,20),40))),ts_decay(add(ts_std(cs_z(lmoney),5),ts_std(cs_z(lmoney),5)),40))",18,-1.0,-0.042785602693313,-0.6858749651933388,-6.213016769903712,4,-0.03689977963198237,-0.05224027082094311,-0.04661118981245884,-0.03467238353519506,-0.0070325374864827345,-0.42794182675220366,0.9910662971793398,duplicate
754,"add(ts_std(ts_corr(iret,ts_std(turn,3),20),10),add(ts_std(ts_std(cs_z(lmoney),3),5),ts_min(ts_std(sub(lmoney,turn),10),20)))",16,-1.0,-0.028158582608118356,-0.5707990395676508,-6.191742260019917,4,-0.032801011877703706,-0.022115878059014122,-0.03920882276616786,-0.01759798882836771,-0.005154792869956616,-0.3047758138719828,0.9988448779155452,fail: 2024
719,"add(ts_std(mul(ts_std(ts_corr(iret,vwapc,20),60),lcap),20),ts_std(ts_std(cs_z(lmoney),3),10))",12,-1.0,-0.03187411580795007,-0.5966636904383495,-6.190623644101626,4,-0.03165927217504845,-0.030479962076096406,-0.04778868502840806,-0.016216471501546006,-0.008335230151418916,-0.47115889733090555,0.9977879127569862,fail: 2024
732,"add(ts_std(ts_corr(ch,iret,20),10),ts_min(ts_std(sub(lmoney,turn),10),20))",10,-1.0,-0.027509909934785085,-0.5696772289719312,-6.188796874278491,4,-0.024836187423499103,-0.03721854721770647,-0.030234331695395637,-0.0167913834389699,-0.003875526710997053,-0.2584955267190816,0.9999430974342634,fail: 2024
96,"div(ts_decay(ts_corr(ch,mul(ts_mean(ch,3),cl),5),60),ts_std(add(ts_std(lmoney,3),cs_rank(oret)),5))",14,-1.0,-0.02669410046718554,-0.5819822522612865,-6.18690526963223,4,-0.02901980488734998,-0.030745242962528906,-0.01989694068271836,-0.027125498057107074,-0.008015191521731573,-0.7582729827446283,0.999140771257376,fail: 2024
113,"div(ts_corr(ch,cl,5),add(ts_std(lmoney,5),ts_min(abs(cumr),20)))",10,1.0,0.03335853481022616,0.547349922559477,6.181072087712692,4,0.04163833750580023,0.011783335446533382,0.04660961021719148,0.03346722775985164,0.0033203248029134375,0.2939682568713879,0.9999118010231082,fail: 2024
235,"add(add(add(lmoney,ts_std(lmoney,20)),ts_std(lmoney,5)),abs(mul(cumr,mul(cumr,lcap))))",14,-1.0,-0.042876252956765594,-0.6052262211685904,-6.180559100697043,4,-0.05135275693813618,-0.012112567232037347,-0.05631655045483268,-0.05266463833732522,-0.0019687488909528434,-0.09930148234972566,0.9999687035888448,duplicate
796,"add(add(ts_std(ts_corr(iret,vwapc,5),60),ts_std(cs_rank(slog(iret)),3)),ts_std(cs_rank(lmoney),5))",13,-1.0,-0.030374699086827953,-0.5276247952850043,-6.1751484884104855,4,-0.04819685171050242,-0.032891488292469136,-0.022033313960837554,-0.017145071647759965,-0.012446079165590464,-0.9874726762774976,0.9991507292063799,fail: 2024
54,"div(ts_decay(ts_corr(mul(turn,cl),ch,5),60),add(oret,cs_rank(ts_min(ts_std(lmoney,10),40))))",13,1.0,0.03256594969392229,0.6604682016605413,6.166602669495731,4,0.02586199656064687,0.03502669568336952,0.03089181011689881,0.03906477826220253,0.009893524286274841,0.8026655364820734,0.9962344727123746,fail: 2024
743,"add(ts_decay(ts_corr(iret,ts_std(cs_z(lmoney),10),20),40),add(ts_std(ts_corr(iret,vwapc,20),60),add(mul(hl,lcap),ts_std(cs_z(lmoney),10))))",19,-1.0,-0.03181696991724983,-0.5942674194412689,-6.1609840143276635,4,-0.04862317523761909,-0.02085428182064429,-0.028328808963274506,-0.029211360258821976,-0.020579329594902322,-1.7447987517127175,0.9841853544176307,"passed, not chosen (corr / cap)"
696,"add(ts_std(ts_corr(ch,vwapc,5),60),add(ts_std(ts_corr(vwapc,iret,20),60),mul(hl,lcap)))",13,-1.0,-0.031641888324002644,-0.6341768030236716,-6.152740808227692,4,-0.03610999254339765,-0.051089666414083225,-0.012853965637070119,-0.02591843985809815,-0.005652834095360555,-0.4587122619974883,0.9999573230756975,fail: 2024
76,"div(ts_decay(ts_corr(mul(hl,cl),ch,5),60),slog(ts_std(cs_z(vwapc),5)))",11,1.0,0.034710188175826565,0.6102419056342755,6.149855896500037,4,0.04754216697521186,0.03282987269110127,0.02964630437977463,0.02821338135764641,0.002792276432832526,0.22661399014599967,0.9991706451043878,fail: 2024
218,"ts_corr(div(cumr,ts_corr(cl,ch,20)),mul(cumr,sub(ts_delta(lmoney,3),ts_corr(lcap,iret,5))),40)",14,-1.0,-0.025406452849953336,-0.63863463791384,-6.14054982848478,4,-0.011442636985977568,-0.03455097902443551,-0.028745675697145322,-0.0270489662686252,0.00390752072423529,0.33650447837178865,0.9992588440812796,fail: 2024
795,"add(ts_decay(ts_corr(ts_std(cs_z(lmoney),5),vwapc,20),40),add(ts_std(ts_corr(iret,vwapc,20),60),add(ts_std(cs_z(lmoney),3),ts_std(cs_z(lmoney),10))))",19,-1.0,-0.026044999974844472,-0.5520129152103487,-6.140215557622023,4,-0.02527212545897528,-0.023301439620973786,-0.03559746432444273,-0.019451322602645423,-0.006870127489101047,-0.5401347514126451,0.9855737770216059,fail: 2024
226,"add(add(abs(ts_delay(cumr,10)),ts_max(lmoney,5)),div(ts_std(lmoney,20),ts_rank(dnlim,5)))",12,-1.0,-0.04097771756648166,-0.6051236821160475,-6.131981697431397,4,-0.04836438426943381,-0.015082724782201814,-0.05507093926887836,-0.04589610483246641,-0.00003256907197225384,-0.0018502244617802435,0.999853475893228,duplicate
596,"add(ts_std(lmoney,5),add(add(ts_corr(lprice,slog(cl),10),ts_std(lmoney,5)),ts_corr(vwapc,slog(iret),40)))",15,-1.0,-0.03033404355060813,-0.4470615821029135,-6.1302382910573305,4,-0.03920580822258345,-0.02753102861394159,-0.03892947420860787,-0.014248973845105989,0.01040228443036943,0.7572608774496186,0.9999502102549804,fail: 2024
750,"add(ts_std(ts_corr(cs_z(lmoney),vwapc,10),20),add(ch,add(ts_std(cs_z(lmoney),5),ts_min(ts_corr(iret,vwapc,60),5))))",16,-1.0,-0.031302562935715726,-0.5765540996720643,-6.129426443917931,4,-0.03288500814198542,-0.02722991721411408,-0.03978703477089067,-0.024749968099124452,-0.014448267263644775,-1.517072775649789,0.9938715936701585,"passed, not chosen (corr / cap)"
217,"add(add(add(abs(cumr),ts_std(lmoney,10)),ts_min(cs_rank(ts_std(lmoney,20)),40)),ts_max(lmoney,5))",13,-1.0,-0.04335813025993663,-0.6353132751358588,-6.123191426105065,4,-0.047531638733530994,-0.01767918044889585,-0.057114140279706536,-0.05194124256860252,-0.0031973366905846613,-0.17520340185323402,0.9918415946375022,duplicate
753,"add(ts_std(ts_corr(iret,ts_std(turn,3),20),3),ts_std(cs_z(lmoney),10))",9,-1.0,-0.031452365375431945,-0.5452062006190956,-6.1196950852742535,4,-0.045058037186654215,-0.023031402630549414,-0.043495643008663896,-0.012563869943926574,-0.0023664939702881978,-0.15073718798263855,0.9982118368717245,duplicate
519,"add(ts_corr(ts_corr(slog(slog(cl)),hl,40),cs_rank(slog(cl)),20),add(mul(cumr,cumr),ts_std(add(lmoney,lmoney),3)))",18,-1.0,-0.029241570826349126,-0.5324799275197155,-6.105199021188935,4,-0.03138071778153717,-0.021714307315103373,-0.03700934286101352,-0.026660174856816283,0.015936058768993337,0.8134524907029803,0.9961249352733315,fail: 2024
450,"add(add(ts_corr(hl,cs_rank(cl),40),add(div(ch,lmoney),ts_corr(vwapc,abs(cl),40))),add(abs(cl),mul(cumr,cumr)))",20,-1.0,-0.03535482045750058,-0.6513193934715176,-6.098621396112708,4,-0.026572363799890128,-0.04198373664153018,-0.04190939182943803,-0.03054533657999509,0.018962570375497388,0.9231483388151496,0.9918913843825218,fail: 2024
436,"add(add(ret,cs_z(ts_max(ts_std(lmoney,5),5))),add(ts_corr(hl,slog(slog(cl)),40),add(ts_std(lmoney,5),abs(mul(lcap,cumr)))))",20,-1.0,-0.043317364504670254,-0.6742320937660665,-6.079966324364212,4,-0.04410260781968432,-0.025316825402848357,-0.06082500408529612,-0.043075138702330165,0.012896904988399795,0.49686662246697566,0.999948787690837,duplicate
176,"div(ts_decay(ts_delay(ts_corr(ch,vwapc,10),5),40),ts_std(add(ts_corr(ch,mul(iret,cl),5),lmoney),5))",14,-1.0,-0.02492177218848445,-0.49124337697763404,-6.067305120830048,4,-0.020661568655268338,-0.023147440620615634,-0.03619658586873157,-0.01921085417465564,0.011065147997288884,0.6938608641979396,0.9996372461434286,duplicate
58,"ts_decay(ts_std(cs_z(lmoney),3),20)",4,-1.0,-0.0368853288000834,-0.6283412815439774,-6.061616966574153,4,-0.03643836143177912,-0.030957245417878247,-0.05963442058355739,-0.01898422979905662,-0.005320293778045012,-0.27716581853658956,0.9957593362884732,duplicate
64,"div(ts_decay(ts_corr(ch,sub(turn,cl),5),60),add(abs(ts_corr(ch,vwapc,10)),ts_min(abs(cumr),20)))",15,-1.0,-0.037405383140017075,-0.6438127177558697,-6.05607506409697,4,-0.018258172136716114,-0.03768469043576193,-0.05787757891932625,-0.035734022155145186,-0.0033688133526372207,-0.21931646266707935,0.9999459425625501,fail: 2024
254,"add(add(add(hl,ts_max(lmoney,5)),add(ts_mean(hl,10),cs_z(cl))),abs(abs(mul(cumr,lcap))))",16,-1.0,-0.042447820143345784,-0.5794019592708132,-6.0508301143735075,4,-0.04827393778243366,-0.019593659568474524,-0.05178925018369852,-0.05094188513714668,0.004374722466589167,0.21654870424471934,0.9999502102549804,duplicate
486,"add(slog(cl),add(add(ts_std(add(lmoney,dnlim),3),mul(cumr,cumr)),ts_corr(vwapc,mul(cumr,oret),40)))",17,-1.0,-0.03046813797924174,-0.5681538988972211,-6.048913404274528,4,-0.026680433120336116,-0.018043116267067245,-0.040239233184703974,-0.03759523081657481,0.0215497864296368,1.5809842885554046,0.999972971281275,fail: 2024
717,"add(ts_std(cs_z(mul(lcap,vwapc)),10),ts_std(cs_z(lmoney),10))",9,-1.0,-0.03645667250946566,-0.5862197751923851,-6.041689150856164,4,-0.05038732636337041,-0.024654705101064094,-0.05282170716459066,-0.016195997428933868,-0.008929515902502926,-0.5099102820911333,0.9982118368717245,fail: 2024
462,"add(ts_corr(lmoney,cs_rank(sign(cl)),40),add(mul(mul(cumr,cumr),cumr),ts_std(add(lmoney,dnlim),5)))",16,-1.0,-0.033080679263237045,-0.6155036796190244,-6.041642841523167,4,-0.028054345068579286,-0.017046580966389564,-0.0448329849896254,-0.04336858473676552,0.007225844463358772,0.35630491130671504,0.9918600879713666,fail: 2024
231,"add(abs(div(cl,ts_min(div(turn,cumr),10))),ts_max(lmoney,5))",10,-1.0,-0.04296546611685248,-0.5917088688757485,-6.040785453884727,4,-0.03120035586543065,-0.027606878442706064,-0.054251305816664666,-0.06043101086146124,-0.004343892243791928,-0.14997788217351404,0.9999089558948213,fail: 2024
730,"add(slog(add(ts_corr(ch,vwapc,40),ts_std(cs_z(cl),5))),ts_decay(add(ts_std(cs_z(lmoney),5),ts_std(ts_corr(iret,vwapc,5),20)),40))",18,-1.0,-0.040070405713558785,-0.6038989665679921,-6.0393844461125035,4,-0.05858881851677867,-0.03933505320690626,-0.036555691500370434,-0.024365777602815386,-0.0029780886540485955,-0.230596307990292,0.9908856315331258,fail: 2024
115,"add(mul(ts_std(ts_std(abs(lmoney),20),5),lcap),ts_decay(ts_min(ts_corr(ch,vwapc,10),5),40))",12,-1.0,-0.031073162067574583,-0.5549036989782916,-6.03874421812578,4,-0.03538252465923244,-0.039789588488839615,-0.008409238783623407,-0.04156819692990907,-0.0014449316670863185,-0.09991606153668985,0.9999971548717131,fail: 2024
456,"add(add(ret,ts_std(lmoney,5)),add(add(lmoney,dnlim),add(ts_std(lmoney,5),abs(mul(lcap,cumr)))))",16,-1.0,-0.04279457651162977,-0.6251621683635609,-6.0314389056295745,4,-0.043828730385677715,-0.016139156375642782,-0.05778248019830116,-0.054554282436863735,0.006990961950388605,0.29329288874569037,0.9999687035888448,duplicate
191,"div(div(ts_decay(ts_corr(ch,mul(turn,cl),5),60),abs(lmoney)),ts_std(add(dnlim,ts_z(iret,40)),5))",15,1.0,0.028921505147593687,0.48051102803927853,6.028700673552404,4,0.02576360307503209,0.036099892099212605,0.024883409796695396,0.028922596773414765,0.002409030357797154,0.20580067501056123,0.9963368973307006,fail: 2024
315,"add(add(sub(add(vwapc,ts_std(dnlim,5)),ts_corr(vwapc,lmoney,40)),ts_min(cs_z(ts_std(lmoney,20)),60)),add(ts_max(ts_delta(lmoney,3),3),cl))",19,-1.0,-0.03425812825346937,-0.5051847574938407,-6.023552103608955,4,-0.03413616384240874,-0.025740930077585357,-0.03590178988274564,-0.04195745130479378,0.004930868857556512,0.22702122211053866,0.9880319678614309,fail: 2024
149,"div(sub(ts_mean(ts_corr(ch,cl,5),40),ts_decay(ts_mean(ch,5),60)),ts_std(ts_std(ts_std(lmoney,3),5),5))",13,1.0,0.0249068884168753,0.5101562898889161,6.014715395110459,4,0.023071880952968672,0.03244260304134124,0.02755647796458249,0.015737329545558315,0.0026149323069671175,0.2982305271415848,0.9999374071776896,fail: 2024
203,"abs(ts_min(add(turn,oret),60))",5,-1.0,-0.03912444406681275,-0.6658137814932799,-6.0126465210226465,4,-0.0326161542871726,-0.034626977567785176,-0.04064453368500685,-0.04956126347004027,-0.022312821483626573,-1.0774943357419435,0.9999886194868527,"passed, not chosen (corr / cap)"
233,"add(add(lmoney,abs(abs(mul(cumr,lcap)))),abs(ts_max(ts_delta(lmoney,3),5)))",12,-1.0,-0.04161361220432945,-0.5980887211776993,-6.011450658543702,4,-0.042676308634978385,-0.013969779717855116,-0.054453889964305224,-0.05678043955116853,0.0011485473003145729,0.050765477719356494,0.9999189138438253,duplicate
438,"add(ts_corr(vwapc,slog(iret),40),add(mul(mul(cumr,cumr),cumr),ts_std(add(lmoney,dnlim),5)))",15,-1.0,-0.04229315001842706,-0.6528209826008022,-6.000720984891373,4,-0.023835500483564004,-0.03969123911088833,-0.05188963346304526,-0.05494077080533217,-0.00008317214838224906,-0.0033722842418710663,0.9999687035888448,duplicate
41,"sub(sub(ts_mean(ts_corr(ch,cl,5),40),ts_min(abs(cumr),20)),ts_std(ts_decay(ts_decay(ts_max(cl,10),40),40),5))",14,1.0,0.043417963659236176,0.6904799939299304,6.000418094992042,4,0.03065328300568139,0.037601659902896774,0.05370507665095882,0.05258401735881723,0.001371376979300685,0.11790005720839636,0.9999473651266936,duplicate
691,"add(ts_mean(ts_corr(iret,vwapc,20),10),add(ts_std(ts_corr(iret,hl,20),60),ts_min(ts_std(cs_z(lmoney),3),5)))",14,-1.0,-0.03713990419036935,-0.6445653504356939,-5.994324948977241,4,-0.025772031547895483,-0.03289461600591348,-0.04054012060288555,-0.05058400242165894,-0.0017590416146625544,-0.13009126739650081,0.9988022009912427,fail: 2024
751,"add(slog(add(ts_corr(ch,vwapc,40),ts_std(cs_z(lmoney),5))),add(ts_std(ts_decay(iret,40),10),ts_decay(ts_corr(iret,lprice,5),40)))",17,-1.0,-0.035240474315680365,-0.5794236506294059,-5.989742620075577,4,-0.058073703876678325,-0.03276397430646011,-0.03768172168388408,-0.010184061898543326,0.025588397789291922,1.6135514357377188,0.9992161671569771,fail: 2024
468,"add(add(ts_max(ts_std(add(lmoney,dnlim),5),10),ts_corr(vwapc,slog(iret),40)),add(ts_corr(lmoney,slog(cl),40),oret))",17,-1.0,-0.03486256506008494,-0.6010311195207312,-5.984753620664285,4,-0.03753812533271271,-0.04206125249098335,-0.03144563592078976,-0.0277469752852097,0.025701256802203386,1.5062188902756068,0.9999601682039844,fail: 2024
63,"ts_decay(ts_corr(mul(ret,cl),ch,5),40)",6,1.0,0.031138598874461684,0.6119593907365587,5.984712356008262,4,0.020410057876010926,0.043061898271514895,0.022955429408322126,0.038785660955662486,-0.023055872143766677,-1.3642631069725824,0.9998605887139451,fail: 2024
494,"add(ts_corr(hl,cs_rank(ts_z(add(cumr,lcap),60)),20),add(mul(cumr,cumr),ts_std(add(lcap,lmoney),3)))",16,-1.0,-0.03458539894727993,-0.5557060213705014,-5.9841351013362205,4,-0.04820482651468313,-0.020068833289290752,-0.046482503630989616,-0.022544246108160693,0.017467313596496267,0.852509001701271,0.9960907937338894,fail: 2024
80,"ts_max(cs_z(ts_std(cs_z(lmoney),5)),10)",5,-1.0,-0.03280691315514705,-0.5891234285506981,-5.98383457428023,4,-0.03943006512172398,-0.02459257055666114,-0.04996116949817308,-0.015772204053525262,-0.006203833480781193,-0.38532187279254215,0.997336959923523,fail: 2024
206,"add(add(ts_max(lmoney,10),abs(abs(mul(cumr,lcap)))),ts_max(ts_delta(lmoney,3),5))",12,-1.0,-0.04289190409882932,-0.6560922147107761,-5.964355254903614,4,-0.044230154493426974,-0.017521726773810333,-0.05863190440563324,-0.05208049310265663,0.0062796792718139375,0.26575810286315,0.9999189138438253,duplicate
74,"div(ts_decay(ts_corr(ch,mul(turn,cl),5),60),add(ts_min(abs(cumr),40),cs_rank(ts_delay(ts_corr(vwapc,ch,10),5))))",16,1.0,0.037977299775166895,0.6325244707224656,5.944988121913136,4,0.030029912884878916,0.03678392475680975,0.0319472528565764,0.05463103958557263,0.009691053802596312,0.9568361710243705,0.996314136304406,duplicate
724,"add(ts_decay(ts_corr(ts_min(oret,3),vwapc,20),40),add(ts_std(ts_corr(iret,vwapc,20),60),ts_std(cs_z(lmoney),5)))",14,-1.0,-0.028378212674712522,-0.5985410917940329,-5.944855072588732,4,-0.030471647075983915,-0.037475659486113325,-0.00602975956449085,-0.04054536886473199,0.008471970502771774,0.5985762906075537,0.9991734902326745,fail: 2024
42,"add(ts_std(cs_z(lmoney),5),ts_min(abs(cumr),40))",7,-1.0,-0.04392392246962777,-0.6585204023063675,-5.943666302358975,4,-0.04555006703510861,-0.020945458903795188,-0.06887283440697081,-0.040082188660797255,0.0044610664684102104,0.2675490110974487,0.9992161671569771,duplicate
228,"ts_corr(div(cumr,ts_corr(cl,ch,40)),lprice,10)",7,1.0,0.030859869508203623,0.5818662353474257,5.932582912195642,4,0.015046030046670303,0.031538644985443384,0.044994076237675144,0.032024315298480675,-0.01098217863675915,-0.49476974434733184,0.999965858460558,fail: 2024
137,"add(add(ts_corr(ch,vwapc,10),mul(ts_std(cs_rank(lmoney),5),lcap)),ts_std(cs_z(hl),5))",13,-1.0,-0.030626083719493203,-0.5255626148208696,-5.928753537553547,4,-0.05080127769720898,-0.01583678817702026,-0.03338323019371341,-0.021684894730690952,0.0034228744862624338,0.23979453485463867,0.9991976738231126,duplicate
179,"div(ts_decay(ts_corr(ch,mul(turn,cl),5),60),ts_std(sub(ts_std(lmoney,5),ts_min(lprice,20)),3))",13,1.0,0.0244869118498855,0.48665134540496613,5.926727525617555,4,0.028537661328225744,0.025626652942081232,0.019512717569875146,0.024226576135506588,-0.0016761079187082482,-0.17536140659995877,0.9963269393816967,fail: 2024
309,"add(abs(add(abs(cumr),div(hl,cumr))),ts_max(lmoney,5))",10,-1.0,-0.02659704389027418,-0.4811651364006808,-5.925767990382387,4,-0.02550356217934041,-0.009592695726290606,-0.02942751259047515,-0.04339704042491798,-0.015285092110985814,-1.1504199428448525,0.997033953760975,"passed, not chosen (corr / cap)"
171,"div(div(ts_decay(ts_corr(mul(ret,cl),ch,5),60),abs(ts_std(abs(lmoney),5))),ts_std(ts_corr(ch,vwapc,10),5))",16,1.0,0.02665280340002473,0.507132220289118,5.915513594897882,4,0.030826720957995924,0.026362723397228047,0.01540915914053833,0.03469438432712113,0.0031180927354517935,0.3191888984804169,0.9998164892254991,fail: 2024
126,"add(ts_decay(ts_decay(ts_std(lmoney,5),60),40),mul(ts_std(cs_z(sub(uplim,cl)),5),lcap))",12,-1.0,-0.0387739001653417,-0.5328818635429512,-5.9150100454697805,4,-0.050176472793076445,-0.030705148663415876,-0.042657994094133005,-0.03085503471584367,-0.0022949872949522524,-0.16648507845365443,0.9991478840780931,duplicate
237,"add(add(abs(add(cumr,cumr)),lmoney),cs_z(div(ts_std(lmoney,10),ts_rank(dnlim,5))))",13,-1.0,-0.04024864044812353,-0.596759089377822,-5.914646820235447,4,-0.04923384885568126,-0.01502719542595851,-0.05437764925410786,-0.04262956970740569,0.005354997086219123,0.2713873861309086,0.9999502102549804,duplicate
449,"add(add(ch,mul(cumr,cumr)),add(ts_std(lmoney,10),ts_std(add(lcap,lmoney),3)))",13,-1.0,-0.03928151718763249,-0.6234563839211603,-5.9141181414270205,4,-0.0458386669906983,-0.02089539893173506,-0.05410102539535127,-0.036060333240891036,0.008878565895659806,0.4449270342518407,0.9999473651266936,duplicate
168,"div(div(ts_decay(ts_corr(mul(ret,cl),ch,5),60),abs(ts_std(abs(lmoney),5))),ts_std(ts_delay(ts_corr(ch,vwapc,10),5),5))",17,1.0,0.027332986630129508,0.5146518351753792,5.911051005618008,4,0.02911489803407249,0.029077867362727296,0.01291410805544939,0.03924410937172761,0.00697570750574772,0.8072011449080905,0.9997979958916348,fail: 2024
219,"add(sub(add(ch,abs(ts_max(lmoney,10))),turn),ts_min(cs_z(cs_rank(ts_std(lmoney,20))),60))",13,-1.0,-0.03804518296704529,-0.6332955507825518,-5.9099362379918805,4,-0.03606321165503919,-0.029155846348792827,-0.04924778764346357,-0.03773159697319737,-0.015726317454295917,-1.0317934992223219,0.9880789124781636,duplicate
472,"add(add(ts_corr(lmoney,slog(iret),40),mul(cumr,cumr)),add(oret,ts_std(add(lmoney,dnlim),5)))",15,-1.0,-0.03572727425802387,-0.5830017656175367,-5.9075600781676165,4,-0.04452772408799525,-0.03640025030867553,-0.038334358068522686,-0.02245597665109124,0.026003938275418345,1.3026601119938528,0.9999687035888448,fail: 2024
125,"add(ts_std(lmoney,10),div(ts_decay(ts_corr(ch,sub(iret,cl),5),40),ts_decay(ts_std(lmoney,3),40)))",13,1.0,0.032477071183992234,0.5404821326124651,5.889529518905321,4,0.01602842945544674,0.033217965968124714,0.04687125581097289,0.03398652741821415,-0.01721127468756004,-0.8376460378342157,0.999965858460558,fail: 2024
128,"add(add(ts_corr(ch,vwapc,10),mul(ts_std(cs_rank(oret),5),lcap)),ts_std(cs_z(lmoney),5))",13,-1.0,-0.029896090818058507,-0.5339414611206804,-5.887713596567397,4,-0.03372643160460797,-0.023764605787158714,-0.03379060308030934,-0.02816172920680253,-0.006123646605131427,-0.2742504773876159,0.9991976738231126,fail: 2024
354,"abs(div(cs_z(ts_delta(cl,60)),ts_corr(cl,ch,20)))",8,-1.0,-0.022560238335119685,-0.42298800997334485,-5.88303064292887,4,-0.03138071151073963,-0.01438834184278646,-0.03143667436757102,-0.012127199177237804,-0.024289112144473275,-3.123990759851049,0.9986713250900483,"passed, not chosen (corr / cap)"
747,"add(ts_std(ts_delta(lmoney,60),10),ts_std(cs_z(lmoney),3))",7,-1.0,-0.031059861089767434,-0.5442206008441564,-5.882348568274253,4,-0.035170891640062055,-0.013344550416531778,-0.05307831606736997,-0.021907707086576748,-0.01013907514020276,-0.6725711825377109,0.9983398676446321,fail: 2024
441,"add(add(ret,ts_std(lmoney,5)),add(ts_corr(hl,slog(cl),40),add(ts_std(lmoney,5),abs(mul(lcap,cumr)))))",17,-1.0,-0.0419773552748129,-0.6541662551727351,-5.882123097679379,4,-0.04040267745002006,-0.027773433322769134,-0.056582607005487465,-0.04333359431077693,0.014453306567130349,0.5985682929371445,0.9999687035888448,duplicate
735,"add(ts_min(ts_std(sub(lmoney,turn),10),20),ts_std(ts_std(cs_rank(lmoney),3),3))",10,-1.0,-0.02776978848280863,-0.5690106887429038,-5.8802195771360735,4,-0.02565214063573644,-0.02844889710191158,-0.03385417666651832,-0.022688987993843838,-0.011475908402479949,-0.7305038860790487,0.9991251230517985,duplicate
332,"abs(mul(sub(cumr,add(vwapc,cs_rank(lmoney))),mul(mul(lcap,lcap),abs(ts_delta(cl,60)))))",15,-1.0,-0.028042045205432877,-0.4703644436300559,-5.874968459247815,4,-0.04280960554359557,-0.008057783109510743,-0.041976348188038456,-0.01851967961875863,0.00454179564969218,0.2386505790537569,0.9986713250900483,fail: 2024
105,"add(ts_decay(ts_corr(iret,vwapc,10),40),ts_decay(ts_rank(lmoney,5),40))",8,-1.0,-0.035209394480716104,-0.5497889211831286,-5.87247974606383,4,-0.021580987664058405,-0.040664703952658296,-0.04215622864760293,-0.036589162744875635,-0.0034890425843460593,-0.18190136894033626,1.0,fail: 2024
208,"ts_corr(div(cumr,ts_corr(cl,vwapc,20)),lprice,40)",7,-1.0,-0.030642692328556327,-0.6325302151686679,-5.872316724720249,4,-0.011286354909383657,-0.029926208372840105,-0.05487174218216736,-0.026182355358077284,0.009662406894211642,0.6738752153228349,0.9992588440812796,fail: 2024
347,"abs(add(ts_corr(cl,ts_mean(lmoney,3),20),mul(add(lcap,lcap),cl)))",11,-1.0,-0.026959383391408447,-0.4406927171702111,-5.868157936606803,4,-0.03828665073755017,-0.025048508279896214,-0.019803954109050188,-0.024440969696004528,0.0005103136920865322,0.04622442468694967,1.0,fail: 2024
239,"add(sub(sub(add(abs(cumr),ts_std(lmoney,5)),ts_min(ts_corr(vwapc,lmoney,40),3)),turn),div(ts_std(lmoney,10),lprice))",17,-1.0,-0.03372813563862241,-0.6101174069491875,-5.866994700062433,4,-0.043555372115320415,-0.01427567271831797,-0.03941537348398639,-0.038083875309293365,0.038954252032713216,2.231954887106562,0.999948787690837,duplicate
704,"add(ts_std(ts_corr(iret,oret,20),60),add(ts_min(ts_std(cs_z(lmoney),3),10),ts_corr(ch,vwapc,40)))",13,-1.0,-0.028448623575010296,-0.6225339029682643,-5.866946320561544,4,-0.039251302280759105,-0.032695527992847494,-0.0044845707709987625,-0.03814207189871795,-0.007955155393311004,-0.5605238088186592,0.9978064060908506,fail: 2024
241,"add(abs(div(vwapc,ts_decay(div(turn,cumr),10))),ts_decay(ts_corr(ret,vwapc,10),60))",12,-1.0,-0.03907627868081197,-0.5836103070064365,-5.864796081724096,4,-0.02739013323588862,-0.04059285724283112,-0.03936575301095443,-0.04994121969733345,0.012308959862743019,0.458697307251751,0.9998989979458174,fail: 2024
48,"mul(ts_decay(ts_std(lmoney,5),40),add(ts_decay(ts_std(lmoney,3),40),mul(add(ts_std(lmoney,10),abs(cumr)),lcap)))",15,-1.0,-0.04852493347891248,-0.6793830108589822,-5.863188255366734,4,-0.0431152932297241,-0.036113609208117806,-0.06623126825337945,-0.048731093492192464,0.004850092347706321,0.1644947328211437,0.999965858460558,fail: 2024
56,"add(cs_rank(ts_std(cs_rank(lmoney),10)),abs(cumr))",7,-1.0,-0.042452834177439586,-0.6352346271346853,-5.859413506890989,4,-0.05254307145397984,-0.01759530025686558,-0.06306063199345088,-0.03612417360289418,0.0011101515823553792,0.07086035522604049,0.9982118368717245,duplicate
539,"add(add(ts_corr(cs_rank(cl),lmoney,40),mul(cumr,cumr)),add(oret,ts_std(sign(iret),5)))",14,-1.0,-0.028787683799411552,-0.4943520500348417,-5.858971016219813,4,-0.020901518758772508,-0.027507796181378302,-0.03376399010743596,-0.033417026195409115,0.010344241805228709,0.725184548534483,0.9918600879713666,fail: 2024
464,"add(slog(iret),add(add(ts_corr(lmoney,slog(hl),40),mul(cumr,cumr)),ts_corr(vwapc,sign(iret),40)))",16,-1.0,-0.034219842528245836,-0.6101281762789056,-5.858071767471332,4,-0.03296008631692425,-0.02837695204844476,-0.03375017841616765,-0.04254383284981021,-0.012337313093922187,-0.966643610961678,1.0,fail: 2024
61,"add(add(ts_min(abs(cumr),40),cs_rank(lmoney)),ts_min(ts_corr(ch,vwapc,10),5))",11,-1.0,-0.03994506358830326,-0.6315922350349883,-5.852887430695497,4,-0.03761606575710864,-0.016187326599162433,-0.06065703712386697,-0.04594858832013629,-0.0021369863393107045,-0.1424532470504643,0.9999601682039844,duplicate
712,"ts_max(add(add(mul(hl,lcap),ts_corr(ch,vwapc,40)),ts_std(lmoney,5)),10)",11,-1.0,-0.03444099719230713,-0.5993899269180132,-5.8453860512040645,4,-0.042373725678771734,-0.026779203871629152,-0.03505221039512818,-0.03347379881959742,0.0031583976923441723,0.1667357110085935,0.9999274492286857,duplicate
352,"add(add(sub(add(abs(cumr),ts_std(lmoney,5)),turn),mul(cumr,cs_rank(hl))),ts_rank(iret,5))",15,-1.0,-0.03625376957559358,-0.45168984656805833,-5.839552635013239,4,-0.026590049090036365,-0.026067919250755665,-0.05031496106718151,-0.04268199295098606,-0.010992734153845612,-0.4585871483559665,0.9999687035888448,fail: 2024
193,"div(ts_corr(ret,sub(iret,cl),5),mul(ts_std(ts_std(lmoney,3),5),ts_mean(ts_std(cs_z(lmoney),5),20)))",14,1.0,0.026743452012388882,0.47499094830490085,5.8305663946830615,4,0.022192760472774693,0.024047035550020267,0.03845035231751361,0.0218926708840705,-0.010467841845280722,-0.46417083539686715,0.9952557485817035,fail: 2024
793,"add(ts_corr(vwapc,iret,60),add(add(ts_std(ts_corr(oret,vwapc,60),60),ts_std(cs_rank(lmoney),3)),ts_std(ts_std(cs_z(lmoney),10),5)))",17,-1.0,-0.02782810351318087,-0.5451668019962126,-5.830292607429191,4,-0.02643410252228019,-0.030265302593731648,-0.026428198966333326,-0.028213984800747077,-0.007908048054094877,-0.9431505638476124,0.9973184665896585,fail: 2024
169,"div(ts_decay(ts_corr(mul(ts_std(lmoney,10),cl),ch,5),60),abs(ts_std(ts_delta(cs_rank(cl),5),5)))",13,1.0,0.024541173864628018,0.49854835663567354,5.826066231139536,4,0.035310740296202764,0.02968726811152998,0.01673906402738644,0.015584635564820879,-0.01205660517175252,-1.5892296052926742,0.9972914378709336,fail: 2024
790,"mul(add(ts_std(ts_corr(iret,vwapc,5),60),ts_decay(ch,10)),ts_std(mul(hl,lcap),5))",12,-1.0,-0.030797775780903824,-0.5285495418286851,-5.823113293109893,4,-0.04962483896712383,-0.026616489495335908,-0.023563599324179525,-0.022615635127821575,-0.012804552307984543,-1.0529729705031143,0.9999302943569726,duplicate
141,"sub(ts_decay(ts_delay(ts_corr(ch,vwapc,10),5),40),ts_decay(ts_corr(mul(ret,cl),ch,5),10))",12,-1.0,-0.02819195771878,-0.5151554946987248,-5.817116335320514,4,-0.02382749070232799,-0.027984733342019643,-0.030184571035796814,-0.03103679294879148,0.021816764523818293,1.4468530845083227,0.9997496287107586,duplicate
739,"add(ts_delay(ts_std(lmoney,10),20),ts_std(cs_z(lmoney),10))",7,-1.0,-0.03133220277879745,-0.5501112120463493,-5.80799746543593,4,-0.040178794604237476,-0.03695210296332016,-0.02781735737084061,-0.01927444273492688,-0.009595860137680032,-0.7746847940519371,0.99785192814344,fail: 2024
57,"div(ts_decay(ts_decay(ts_corr(ch,mul(turn,cl),5),60),60),lmoney)",9,1.0,0.03205580549230036,0.6399825127614495,5.802995285184177,4,0.0222630316536268,0.04442619998367319,0.010305228748590654,0.05303896274737649,-0.0046035449696932304,-0.3644244654410947,0.996235895276518,duplicate
67,"add(ts_std(cs_z(lmoney),5),mul(add(ts_std(lmoney,10),abs(cumr)),abs(ts_std(lmoney,20))))",13,-1.0,-0.04101066585878956,-0.6310208919827159,-5.798616182872831,4,-0.05472267668482506,-0.02260124067121488,-0.057091555372457796,-0.0285667582911258,-0.00044156380439687063,-0.024855171815181806,0.9991976738231126,duplicate
497,"add(ts_std(add(lmoney,dnlim),3),add(ts_corr(lmoney,ts_std(ts_std(lprice,10),3),40),mul(cumr,cumr)))",14,-1.0,-0.03028932759760313,-0.5443549515969308,-5.796347938978975,4,-0.0211486856934831,-0.02355715948701781,-0.02694711126160422,-0.05140203885047705,0.014802144279946337,1.297712338225278,0.9999687035888448,fail: 2024
738,"add(slog(ts_corr(cl,vwapc,20)),add(ts_std(cs_z(lmoney),10),ts_decay(ts_std(ts_corr(lmoney,vwapc,20),60),40)))",14,-1.0,-0.033834675208227985,-0.5805890015594148,-5.7949363159439695,4,-0.04152931613414529,-0.02547642246447791,-0.0494278050458332,-0.01748951797308274,-0.012858590845810617,-1.0531362346752509,0.9981335958438367,"passed, not chosen (corr / cap)"
224,"add(add(ts_max(lmoney,10),abs(add(cumr,cumr))),abs(ts_max(ts_delta(lmoney,3),5)))",12,-1.0,-0.03991351980890935,-0.6113939632436608,-5.784078128663764,4,-0.04549663695995408,-0.0136636115105684,-0.054747229706219876,-0.04639439063987692,0.005021296880548773,0.27214572821716165,0.9999189138438253,duplicate
296,"abs(ts_corr(div(cumr,ts_corr(cl,ch,20)),ts_max(lmoney,5),40))",9,1.0,0.020356311390812322,0.4889539489602536,5.780117052443913,4,0.016829909502349465,0.025958122152355698,0.024146650495491816,0.013923793655558915,-0.010466813706114415,-1.4095043076510265,0.9992588440812796,fail: 2024
766,"mul(ts_std(cs_z(lmoney),5),ts_std(ts_std(ts_corr(ch,iret,20),10),10))",9,-1.0,-0.025637995772229583,-0.5325685065098084,-5.774290590374003,4,-0.027939788078156984,-0.03274924886787675,-0.020666447659080833,-0.020731862789421338,-0.0029649427620224164,-0.20546724870824704,0.9991009394613604,fail: 2024
733,"add(ts_std(ts_corr(iret,vwapc,20),20),ts_std(ts_std(cs_z(lmoney),3),10))",9,-1.0,-0.030000259782850466,-0.5652834646028888,-5.774156783413166,4,-0.03608119200056715,-0.033187021362669995,-0.036530650330672314,-0.012659064735908443,-0.0014434152823236531,-0.08551433767663581,0.9977921804494164,duplicate
330,"add(add(abs(ts_delay(cumr,10)),ts_max(lmoney,5)),div(ts_std(lmoney,10),ts_rank(ts_delay(ts_min(iret,10),40),5)))",14,-1.0,-0.02910886619803752,-0.4726866498071325,-5.771344130850699,4,-0.03212835817739613,-0.00979483297833437,-0.03990761809557227,-0.03520061082337831,0.004233652535916572,0.3259052114483592,0.9260437353120252,fail: 2024
215,"mul(abs(div(ts_std(lmoney,20),ts_mean(div(turn,cumr),10))),ts_std(div(cumr,ts_corr(cl,ch,20)),20))",15,-1.0,-0.036561353755620876,-0.6449772048010867,-5.769451743869829,4,-0.028334262280810218,-0.04036589190161475,-0.03603891575959615,-0.041996242687478175,0.01408098686763825,0.6433180819582889,0.9997297128127507,fail: 2024
103,"div(ts_decay(ts_corr(ch,mul(turn,cl),5),60),add(ts_std(lmoney,3),add(ts_std(lmoney,3),ts_min(cumr,20))))",15,1.0,0.028976767901900343,0.580101153324111,5.768200431634392,4,0.026701581188182465,0.026119037765209872,0.02995327484020229,0.0335513566601816,-0.0016130944184714778,-0.25334637434135465,0.9963411650231309,fail: 2024
95,"div(div(ts_decay(ts_corr(ch,mul(turn,cl),20),60),abs(lmoney)),ts_std(add(dnlim,lmoney),5))",14,1.0,0.030230121035533457,0.5828069400738125,5.7676889121853785,4,0.03063973153595366,0.04851100158571302,0.008437803752510135,0.03354211857940631,-0.023303491753018758,-1.690244979900645,0.9997937281992045,fail: 2024
329,"abs(add(abs(add(sub(cumr,iret),cumr)),cs_z(ts_delta(cl,60))))",11,-1.0,-0.02934041625088257,-0.4617010204585211,-5.763021333505897,4,-0.03255447847300368,-0.017108577012115923,-0.036656689934543386,-0.031244405316941153,0.002821497611118885,0.18692820457542544,0.9986713250900483,fail: 2024
106,"add(ts_decay(ts_std(lmoney,5),5),ts_decay(ts_min(ts_std(lmoney,10),40),40))",8,-1.0,-0.031837535857955505,-0.548842323598118,-5.761341716854903,4,-0.03574440099298116,-0.02274366368028458,-0.03959304422532422,-0.029048439416596118,0.004798588418818976,0.20973327541498799,0.9999061107665345,duplicate
276,"sub(div(hl,cumr),add(add(cs_rank(ts_std(lmoney,20)),ts_max(lmoney,5)),abs(cumr)))",13,1.0,0.02979770152888466,0.5322407832280365,5.761028513745569,4,0.03317318736740705,0.010901581676192524,0.04337110270542566,0.032000194654316,-0.0013061117552583238,-0.11419901763268642,0.997033953760975,fail: 2024
467,"add(add(ts_corr(lmoney,abs(slog(iret)),40),mul(cumr,cumr)),slog(cl))",12,-1.0,-0.032379793608953704,-0.5812623428548587,-5.753734075384511,4,-0.034856519562046384,-0.016267868602192537,-0.04577167253760421,-0.03270793238410313,-0.010989812299779494,-0.8174535588566416,1.0,duplicate
220,"add(abs(mul(cumr,lcap)),add(ts_max(lmoney,3),ts_max(lmoney,10)))",10,-1.0,-0.04136830779058759,-0.6204435781963562,-5.75265355773452,4,-0.03978454453847659,-0.012329524958917273,-0.059033711339839666,-0.05569523557085845,0.0012400552363880822,0.05355825717053356,0.9999473651266936,duplicate
69,"ts_decay(ts_corr(vwapc,ch,5),60)",4,-1.0,-0.029354585720733854,-0.6027229177818724,-5.749783959447356,4,-0.03282884240315568,-0.03214771193588716,-0.01754280211248104,-0.03539747073922445,-0.019962253031830253,-1.8488014515845417,0.9999800841019921,"passed, not chosen (corr / cap)"
702,"add(add(ts_std(mul(hl,lcap),60),ts_min(ts_std(lmoney,10),20)),ts_corr(ch,vwapc,40))",12,-1.0,-0.034905197572233135,-0.6218366974809636,-5.746363916108514,4,-0.03469208920953715,-0.03398004445185551,-0.027886709965608412,-0.0438421728717357,-0.006090014598421106,-0.4620620008987678,0.9999317169211159,duplicate
84,"div(ts_decay(ts_corr(ch,mul(turn,cl),5),60),add(abs(ts_corr(vwapc,vwapc,10)),ts_min(ts_corr(vwapc,ch,10),20)))",16,1.0,0.031110332234111776,0.6173704748430779,5.744533719555778,4,0.030123922552494475,0.04294879681614243,0.016983339010760927,0.034647359470539194,-0.0019936027365886266,-0.14878851825213094,0.996279994764964,fail: 2024
779,"add(ts_decay(ts_corr(ts_std(ts_corr(iret,vwapc,5),60),vwapc,20),40),add(ts_std(ts_corr(iret,ts_rank(turn,60),20),20),ts_std(cs_z(lmoney),5)))",17,-1.0,-0.02915828741401966,-0.5578821940526258,-5.732695709848109,4,-0.029985052889071398,-0.02001684871645644,-0.04963760971296617,-0.015875344412776375,0.008999659829118897,0.5952415508423583,0.9989885568940303,fail: 2024
516,"add(add(mul(cumr,cumr),iret),add(add(add(hl,lmoney),cumr),add(ts_std(lmoney,10),ts_corr(slog(cl),lmoney,40))))",19,-1.0,-0.0423035787477551,-0.5438941405901551,-5.7120099706955125,4,-0.027073521024035863,-0.025544084229366663,-0.05128158592981717,-0.06764649031686436,-0.015747243205055897,-0.6650077766166335,0.999965858460558,fail: 2024
566,"mul(ts_std(add(ts_corr(slog(cl),lcap,40),mul(iret,cumr)),3),add(ts_corr(lmoney,cl,40),mul(cumr,cumr)))",17,-1.0,-0.0278883546331232,-0.47477298561115705,-5.705898551886058,4,-0.03269898084033263,-0.013816429449831243,-0.03925770537435627,-0.02562189658701302,0.012891500677232715,1.053798399187707,0.999972971281275,fail: 2024
211,"add(add(cs_z(ts_std(lmoney,20)),ts_max(lmoney,5)),abs(mul(cumr,lcap)))",11,-1.0,-0.04332047440483945,-0.6355988585085547,-5.7025243930521325,4,-0.05176750894869705,-0.020893813778240036,-0.058364765347806116,-0.04221789852207172,0.0001806285340555973,0.008290288992271019,0.9999687035888448,duplicate
212,"add(abs(mul(cumr,lcap)),add(add(sub(ts_max(lmoney,10),turn),ret),ts_std(lmoney,3)))",14,-1.0,-0.04154727301607019,-0.6451236962629203,-5.699222713857323,4,-0.041177224403548096,-0.018735244671369562,-0.05946471838720484,-0.04741705998797307,0.009397094924691896,0.40142491302382066,0.9999473651266936,duplicate
554,"add(mul(cumr,cumr),add(add(ts_corr(hl,ch,10),ts_corr(cl,lmoney,40)),ts_corr(vwapc,slog(iret),40)))",16,-1.0,-0.028479881906915954,-0.48412086467396526,-5.69828355668349,4,-0.0201783157904043,-0.031297705027489416,-0.03102103641633356,-0.03172689619077985,0.010521202204365502,0.6208638040340616,0.999965858460558,fail: 2024
481,"add(ts_min(slog(ts_std(sub(cl,lmoney),5)),5),mul(ts_corr(lmoney,slog(cl),40),mul(cumr,cumr)))",15,-1.0,-0.03246886375702642,-0.5699866661328729,-5.687433011121882,4,-0.031122557160436038,-0.020664283602439545,-0.043511251772272296,-0.03483722385135479,0.021898492270241755,1.2434053464520536,0.999955900511554,fail: 2024
361,"add(add(add(ts_corr(lprice,ts_delta(turn,40),5),div(ts_std(lmoney,10),ts_rank(dnlim,5))),ts_max(dnlim,3)),abs(slog(mul(cumr,lcap))))",19,-1.0,-0.028289409366931695,-0.45807325597858733,-5.684566143741611,4,-0.03518608029009084,-0.012362047901986466,-0.03647382421583515,-0.029256963250277317,0.008325544953829823,0.41232496081927145,0.9986883958597693,fail: 2024
504,"add(ts_std(lmoney,5),add(add(ts_corr(lmoney,slog(hl),40),slog(cl)),ts_corr(vwapc,slog(iret),40)))",15,-1.0,-0.030368374070292546,-0.5407695904667079,-5.683303918887573,4,-0.02937987930938571,-0.03097228774238103,-0.030105361436428273,-0.031079244033993977,-0.00815933809285916,-0.6367353784023367,0.9999687035888448,duplicate
170,"add(ts_std(cs_rank(lmoney),5),ts_decay(ts_rank(iret,5),40))",7,-1.0,-0.029788043188146835,-0.4718286070203868,-5.668299607029651,4,-0.050217887998458936,-0.01739515789181814,-0.021207688849304865,-0.030346706482725076,-0.005397154704000742,-0.3971376344294364,0.9992161671569771,fail: 2024
337,"add(cl,abs(ts_min(add(turn,oret),60)))",7,-1.0,-0.035059550589543506,-0.4329337180913099,-5.667246252195314,4,-0.043581569737873575,-0.030255908818403832,-0.027886354576660156,-0.03882582992194399,-0.02117531497320645,-0.9048664006352755,0.9999886194868527,fail: 2024
689,"add(ts_decay(add(ts_std(cs_rank(lmoney),5),ts_std(ts_corr(iret,vwapc,20),20)),40),mul(hl,cumr))",13,-1.0,-0.03581632516799984,-0.6465554695906449,-5.667219908888331,4,-0.026127670802474943,-0.05163479728742893,-0.02617336675204329,-0.03963555694384947,-0.017364074562979667,-0.7226252996073339,0.9906978530661947,fail: 2024
89,"add(ts_std(cs_rank(lmoney),5),ts_decay(ts_delay(ts_corr(vwapc,iret,60),5),40))",9,-1.0,-0.02721252362954176,-0.5751485178306577,-5.666035317012698,4,-0.022252981035386636,-0.023831168581738085,-0.03650472444403495,-0.026208566751209802,-0.019315696760182882,-1.3405565639097219,0.9991450389498062,"passed, not chosen (corr / cap)"
466,"add(ts_std(abs(add(lmoney,dnlim)),5),add(add(mul(cumr,cumr),ts_corr(cl,lmoney,40)),ts_corr(vwapc,abs(slog(iret)),40)))",19,-1.0,-0.04048562887661957,-0.6177670887421869,-5.664853465861935,4,-0.040965740310774115,-0.02390990793104226,-0.05030087595851226,-0.047435598638871625,0.014120619624749888,0.7994029289680746,0.9999687035888448,fail: 2024
207,"add(add(sub(abs(mul(cumr,lcap)),uplim),ts_max(lmoney,5)),ts_min(cs_z(cs_rank(ts_std(lmoney,20))),60))",15,-1.0,-0.04774130938967113,-0.6673368161831387,-5.662843369765025,4,-0.040941054063011725,-0.02301960323414506,-0.06871736014180303,-0.05943195354421934,0.0006933040638787175,0.0315655072694851,0.9880803350423071,duplicate
199,"add(slog(ts_std(cs_rank(lmoney),5)),ts_delay(ts_corr(ch,vwapc,10),10))",9,-1.0,-0.025160302295522904,-0.4489730801139071,-5.656901563009727,4,-0.03417763955722977,-0.0240347190249741,-0.008589483327078363,-0.0346283655105101,-0.0225339794606002,-1.9079295892542767,0.9991663774119575,"passed, not chosen (corr / cap)"
797,"add(add(ts_std(vwapc,60),add(ts_std(cs_z(lmoney),5),ts_corr(iret,ts_corr(ch,vwapc,20),60))),ts_decay(ts_corr(iret,vwapc,40),40))",17,-1.0,-0.028009026239870255,-0.5431993706929135,-5.656151423835841,4,-0.03526122263360121,-0.03573398812963347,-0.012620979233924877,-0.028391188740095136,-0.01531369230999428,-1.320197940655916,0.9991734902326745,"passed, not chosen (corr / cap)"
257,"add(add(abs(ts_delay(cumr,10)),ts_max(lmoney,5)),div(cs_rank(ts_std(lmoney,20)),ts_rank(dnlim,5)))",13,-1.0,-0.03719968594658165,-0.5647334587263008,-5.648694978345653,4,-0.04949036129528021,-0.017959553531228294,-0.04675172353985966,-0.03438124689510581,-0.004296029219807168,-0.2750410305303708,0.999853475893228,duplicate
119,"add(ts_std(cs_z(lmoney),5),ts_decay(ts_corr(oret,vwapc,20),40))",8,-1.0,-0.02366894133480785,-0.528704450738371,-5.640140384782187,4,-0.017073311858308415,-0.01994585514710804,-0.01397146861100654,-0.04563381149571434,-0.005000403267792342,-0.3488302700068794,0.9992076317721166,duplicate
120,"sub(ts_decay(ts_corr(div(iret,cl),ch,5),60),ts_corr(ch,vwapc,10))",10,1.0,0.02769555396523171,0.5340916422491212,5.639396576914396,4,0.03861030439133054,0.028692917147107085,0.013489614992954745,0.030153443669092766,0.008879650682864112,0.7616210118101869,0.9998207569179294,fail: 2024
762,"mul(ts_std(cs_z(lmoney),5),ts_decay(ts_std(ts_corr(ret,iret,20),10),10))",9,-1.0,-0.030036303122052375,-0.535652680007388,-5.63752800430516,4,-0.023612819401472578,-0.01891742937112684,-0.04040809374777577,-0.037967613231331715,-0.004973942092006154,-0.2080630283527671,0.9991009394613604,fail: 2024
388,"add(ts_rank(iret,5),ts_min(cs_z(cs_rank(ts_std(lmoney,20))),60))",8,-1.0,-0.028473122869321372,-0.3905954416490945,-5.6344387618292515,4,-0.026378950118729195,-0.02856466086383012,-0.031225841799087068,-0.027660825424638,-0.016135337712491832,-1.5898473917711753,0.9880803350423071,"passed, not chosen (corr / cap)"
236,"add(ts_std(lmoney,10),ts_corr(lprice,div(cumr,ts_corr(cl,vwapc,40)),40))",10,-1.0,-0.031744185618078236,-0.5873615936792113,-5.633938731801379,4,-0.027682106188412683,-0.02172442089055795,-0.0526032837635401,-0.024386657921220262,0.002568808344337137,0.14465084189627234,0.9999231815362555,fail: 2024
210,"add(add(ts_std(lmoney,20),ts_max(lmoney,5)),abs(mul(cumr,lcap)))",10,-1.0,-0.04200348021808248,-0.6334623589238827,-5.62792651716496,4,-0.043327261294226774,-0.01582988667318122,-0.059379015524615726,-0.050300425402367094,0.006366676561917891,0.285676164755201,0.9999687035888448,duplicate
234,"add(add(sub(add(abs(cumr),ts_std(lmoney,5)),turn),mul(cumr,cs_rank(hl))),ts_std(lmoney,3))",15,-1.0,-0.04286665053554473,-0.6097649414156607,-5.620548540745627,4,-0.0327693503470986,-0.026434354183461455,-0.06045351170743277,-0.05277919151179695,-0.005875651179071425,-0.20744509356027113,0.9999601682039844,duplicate
214,"add(ts_min(ts_min(add(ts_std(lmoney,20),iret),60),60),cl)",8,-1.0,-0.035508680282852596,-0.6172977856104022,-5.612196566681714,4,-0.028379458476042656,-0.02354305410196424,-0.04393525667866985,-0.047277081066666685,-0.01774778158591396,-1.078213461152831,0.9999189138438253,"passed, not chosen (corr / cap)"
146,"div(ts_decay(ts_corr(mul(ret,cl),ch,5),60),slog(ts_std(ts_decay(ts_corr(ch,vwapc,10),40),5)))",13,1.0,0.02251809631997725,0.5132494350661055,5.609892509200003,4,0.02541141190781467,0.0312225510919114,0.006392629859851883,0.027423547387515023,0.003642130185369554,0.4705755388021895,0.999880504611953,fail: 2024
382,"add(abs(cumr),ts_max(ts_z(lmoney,5),5))",6,-1.0,-0.02469655198405852,-0.39101987855659065,-5.6071136213949275,4,-0.024016741128868823,-0.0075349003758517176,-0.03232940914764065,-0.03595593635065795,-0.005540466785870231,-0.46950067185019473,0.999948787690837,fail: 2024
776,"add(ts_std(add(mul(hl,lcap),ts_std(cs_z(lmoney),10)),3),ts_std(ts_corr(iret,vwapc,20),60))",13,-1.0,-0.026062791153685337,-0.5430141770213418,-5.600483402526582,4,-0.034981819195331526,-0.03720833357855191,-0.011982085268289306,-0.019419534144197732,-0.0004034053629877391,-0.03204980844761348,0.9977879127569862,fail: 2024
798,"add(add(ts_std(cs_z(lmoney),5),ts_min(ts_corr(iret,vwapc,60),5)),ts_min(ts_rank(abs(oret),20),5))",13,-1.0,-0.026640862150521836,-0.5262462272455525,-5.578763162587577,4,-0.027800371163043694,-0.02142573144155604,-0.04016710689744993,-0.01628866687214752,-0.004466258782189659,-0.48581184532675326,0.9991990963872561,fail: 2024
587,"add(add(ts_corr(lmoney,slog(cs_rank(cl)),40),cs_z(cl)),add(add(mul(cumr,cumr),cumr),ts_std(add(lmoney,dnlim),5)))",19,-1.0,-0.03891957045203819,-0.4689645995989033,-5.576301817972533,4,-0.031590766383865806,-0.03587083898819102,-0.04006440394702569,-0.04907654524160279,0.006048203137417733,0.3474407056542682,0.9918600879713666,fail: 2024
477,"add(slog(cl),add(add(add(ret,ts_std(lmoney,5)),mul(cumr,cumr)),ts_corr(vwapc,cs_z(ts_corr(oret,vwapc,5)),40)))",18,-1.0,-0.03377834373365723,-0.5862695004275424,-5.572091006839791,4,-0.033105232580991295,-0.01087915294632649,-0.0458826113007347,-0.04644276282952348,0.01653367065275678,1.1162125999871213,0.9917818469434787,fail: 2024
79,"ts_decay(add(div(ts_corr(iret,vwapc,10),lmoney),div(ts_mean(ts_corr(ret,vwapc,10),10),ts_std(cs_z(lmoney),5))),60)",15,-1.0,-0.03895611995012606,-0.621789409087609,-5.55356266554282,4,-0.02610265465770415,-0.04941263050852974,-0.03739416625370918,-0.043302060198539244,-0.016724810496760674,-0.9296027125094156,0.987077427321198,fail: 2024
489,"add(ts_corr(cl,lmoney,20),add(mul(cumr,cumr),ts_corr(vwapc,abs(iret),40)))",12,-1.0,-0.032300985746559895,-0.542337453216616,-5.552165399307201,4,-0.028258401839327978,-0.02396777384375977,-0.03890043560248099,-0.03868221432893491,0.0035965547505666068,0.2200726649392206,1.0,duplicate
216,"add(ts_decay(cs_rank(lmoney),5),ts_min(cs_z(cs_rank(ts_std(lmoney,20))),60))",9,-1.0,-0.03712145888440693,-0.6209384029946602,-5.550524814806824,4,-0.02714053242418957,-0.0319771552944667,-0.04468429479810548,-0.045470891513697625,-0.022349039381854573,-1.7863397185947014,0.9878868663188023,"passed, not chosen (corr / cap)"
533,"add(ts_corr(vwapc,slog(cl),40),add(slog(slog(cl)),ts_std(lmoney,5)))",11,-1.0,-0.027070577824748376,-0.48703301560203166,-5.548084880335567,4,-0.02718715768153915,-0.036107773016472326,-0.028104425126769434,-0.01587348106511862,-0.002517927846486711,-0.20896098287186465,0.9999687035888448,duplicate
729,"add(ts_corr(ch,vwapc,20),add(ts_std(ts_corr(iret,cl,5),60),ts_min(ts_std(cs_z(lmoney),3),5)))",13,-1.0,-0.03151407169383956,-0.5860969560360033,-5.544355078326413,4,-0.031542593375870114,-0.025852857818307835,-0.026396909792551434,-0.04331089243199571,-0.002117715980615298,-0.10614211683854065,0.9988249620175373,fail: 2024
781,"add(ts_std(cs_rank(cl),10),add(ts_std(ts_corr(iret,turn,5),60),ts_std(cs_rank(lmoney),3)))",12,-1.0,-0.03133156460591983,-0.5371640381820921,-5.5368463714200935,4,-0.045548034167643484,-0.00876434034559638,-0.04556851753758648,-0.024923830589161537,0.0017396718402919226,0.11321800202079292,0.9981207927665459,fail: 2024
457,"add(add(ts_max(ts_std(add(lmoney,dnlim),3),10),mul(hl,cumr)),add(mul(oret,cumr),mul(cumr,cumr)))",17,-1.0,-0.04011302216148894,-0.6281965865140979,-5.535296500015484,4,-0.04397648200775983,-0.021655827156462564,-0.05652821319459645,-0.038184521770382895,0.022327219147911522,0.9249561408439727,0.9999587456398409,duplicate
492,"add(ts_corr(abs(cl),hl,40),add(ts_corr(vwapc,slog(iret),40),add(ts_std(lmoney,5),ts_corr(vwapc,slog(iret),40))))",17,-1.0,-0.03245405431963686,-0.5600243220595471,-5.532841381393786,4,-0.026973977118108707,-0.04446033881030428,-0.032084269187330657,-0.025683102422610887,0.013192255846150977,0.5444990930173588,0.9999687035888448,duplicate
268,"add(abs(div(vwapc,div(turn,cumr))),ts_max(add(turn,sub(ts_max(lmoney,5),turn)),10))",14,-1.0,-0.03299190656385351,-0.5479011652109201,-5.521221717961207,4,-0.036439964832952906,-0.018496414609160884,-0.044602273657440766,-0.032425470133767696,0.002193309427281142,0.08390612826352145,0.996992699400816,fail: 2024
167,"add(ts_std(lmoney,5),ts_delay(add(ts_std(lmoney,3),ts_decay(ts_std(lmoney,3),40)),60))",10,-1.0,-0.028104691597764797,-0.48702319801670374,-5.518935522601493,4,-0.027324385161565438,-0.020301139438046966,-0.04163116273802873,-0.022731260027013703,-0.0013628707298818277,-0.09369278584247141,0.9987993558629559,fail: 2024
253,"add(abs(add(abs(mul(cumr,lcap)),cs_rank(iret))),cs_rank(ts_std(lmoney,20)))",12,-1.0,-0.03951145797365961,-0.5643074966461609,-5.518104390298117,4,-0.042812365218533495,-0.023968352118486427,-0.05212494068912424,-0.03916028804225822,0.006684699229057457,0.2980473999814438,1.0,duplicate
259,"ts_corr(div(cumr,ts_corr(cl,vwapc,10)),lmoney,40)",7,-1.0,-0.027959801916744707,-0.5315985630990026,-5.513239745986709,4,-0.02050969538800112,-0.020610981809064927,-0.04038632090260229,-0.030624605437438585,-0.008891611807237956,-0.9230548449775355,1.0,fail: 2024
759,"add(ts_decay(ts_corr(iret,vwapc,20),40),ts_std(cs_z(ts_corr(ch,vwapc,40)),3))",10,-1.0,-0.02916884224877685,-0.5415139304320957,-5.507082506391037,4,-0.017705196553291256,-0.031575502303056224,-0.034737252716402225,-0.03302989282636857,0.005051554668269635,0.3450814986846878,0.99954620203825,fail: 2024
771,"add(ts_corr(ch,ts_std(cs_z(lmoney),5),40),add(ts_std(cs_z(lmoney),5),ts_min(ts_corr(iret,vwapc,60),5)))",14,-1.0,-0.02732583550528441,-0.5495598219835339,-5.504585275680653,4,-0.03690777702217274,-0.01731674422308996,-0.04136516616851946,-0.012422122258526522,-0.0020186518558893115,-0.12000835539967963,0.9908842089689824,fail: 2024
772,"mul(ts_mean(ts_std(ts_delta(cs_rank(lcap),10),10),5),ts_std(abs(lmoney),5))",9,-1.0,-0.03051774554357332,-0.5283760025864251,-5.499179327124402,4,-0.039969443459396244,-0.026595366010495076,-0.019594701553366824,-0.03639897757354171,-0.0023112772925487166,-0.11232495479082306,0.9930906059554225,fail: 2024
454,"add(ts_max(ts_std(lmoney,3),5),mul(cumr,cumr))",7,-1.0,-0.03901074679800631,-0.5909473110007056,-5.496456466832432,4,-0.04003274212716883,-0.020450763538720062,-0.056955106097729566,-0.03864511836582096,0.011479638768071614,0.5869393372747997,0.9999587456398409,duplicate
232,"add(ts_std(lmoney,3),ts_min(cs_z(cs_rank(ts_std(lmoney,20))),60))",8,-1.0,-0.03475112042272153,-0.5825319043552314,-5.491098537631182,4,-0.027664260950261428,-0.0338981401006626,-0.04033488099637847,-0.03736700735142354,-0.0141206824963984,-0.9391814429723179,0.9880831801705939,duplicate
111,"ts_mean(mul(ts_std(cs_z(cumr),5),lcap),5)",6,-1.0,-0.03710870651022342,-0.5372227722703804,-5.490063153839429,4,-0.05491792353793764,-0.030384508958766657,-0.05323844496232904,-0.007257772400992084,-0.0037213530048003157,-0.17241213758277862,0.9984807014948304,duplicate
258,"sub(sub(ts_corr(ret,ch,10),iret),ts_min(abs(cumr),60))",9,1.0,0.037198442759377844,0.5471299434124729,5.486760657068297,4,0.022104246493710643,0.02617288654320514,0.05803935366886495,0.04309708263716614,0.009959441035768919,0.5218632713405208,0.9999544779474107,fail: 2024
134,"add(ts_decay(abs(add(cumr,hl)),5),add(ts_std(lmoney,5),abs(cs_z(ret))))",12,-1.0,-0.03749174418619299,-0.5233286237862522,-5.475879138844375,4,-0.04747579568841805,-0.024126675145086398,-0.048981852637214704,-0.028627404895699603,-0.0008099774635929985,-0.05644479894028033,0.9999687035888448,fail: 2024
711,"add(ts_decay(ret,40),ts_decay(ts_std(lmoney,3),40))",6,-1.0,-0.03479535485574207,-0.5838108795380712,-5.470805145652831,4,-0.023778016285727916,-0.03920942781552473,-0.04632636277637183,-0.02942924456838392,-0.0029380328566084783,-0.16648088359394325,1.0,duplicate
99,"div(cs_z(ts_mean(ts_std(cs_z(lmoney),3),20)),sub(ts_decay(ts_min(abs(cumr),3),3),ts_std(mul(ts_corr(ch,cl,5),cl),5)))",17,-1.0,-0.033600871760726264,-0.5929178194160766,-5.47045704653208,4,-0.028203648876448148,-0.02370266226978916,-0.06051505875750216,-0.020947282683611027,-0.003706984593700491,-0.25414387755602147,0.9956654470550077,fail: 2024
366,"add(add(div(dnlim,ts_corr(cl,ch,20)),ts_z(lmoney,5)),abs(mul(cumr,lcap)))",13,-1.0,-0.02997106695453243,-0.4282930580231968,-5.467246360973744,4,-0.028276712058599246,-0.011431664232751009,-0.040651449090539006,-0.04052378471105305,0.002186917672481607,0.11097522128657948,0.9999687035888448,fail: 2024
351,"add(add(cumr,add(abs(cumr),ts_max(ts_z(lmoney,5),3))),ts_max(lmoney,10))",11,-1.0,-0.03194267187411129,-0.4370035143885416,-5.4669425810662196,4,-0.01952781300721575,-0.01862076483235729,-0.04002512991578705,-0.05139099436151538,-0.01816763702288272,-1.041662149772557,0.9999374071776896,"passed, not chosen (corr / cap)"
487,"add(add(iret,ts_corr(lmoney,slog(cl),40)),ts_corr(lmoney,abs(ts_z(ts_z(cl,5),60)),40))",13,-1.0,-0.028159524290412647,-0.5509463502658042,-5.462644063862815,4,-0.034900566202416154,-0.04345360474967062,-0.013712538664504257,-0.01975063644088003,0.019194910951602438,1.4698860082388647,0.9999317169211159,fail: 2024
163,"div(ts_decay(ts_decay(ts_corr(ch,mul(turn,cl),5),60),60),abs(ts_std(cs_z(ts_decay(lprice,5)),5)))",13,1.0,0.03312145071307497,0.5021181551485862,5.460465932686446,4,0.04530191268875367,0.04161524696944142,0.028881363287829788,0.015032113186026843,0.0025642152922544037,0.17646655312002477,0.9954364142279175,fail: 2024
363,"add(ts_std(lmoney,20),abs(ts_max(ts_delta(lmoney,3),5)))",7,-1.0,-0.026451734778257168,-0.40750753184466176,-5.455035358224256,4,-0.03803135416759829,-0.015882012999373193,-0.025340422939982753,-0.026558215979711107,-0.003775968677806773,-0.2398829548365574,0.9999189138438253,fail: 2024
784,"add(add(ts_std(ts_decay(ts_corr(vwapc,iret,20),40),60),ts_std(ts_corr(hl,vwapc,20),60)),ts_std(add(ts_std(cs_z(lmoney),5),ts_std(ts_std(lmoney,5),10)),3))",19,-1.0,-0.029234488987925775,-0.5578129398787,-5.454002941780582,4,-0.031139177959144053,-0.02996529766806131,-0.02419201158778864,-0.031858260940659765,-0.0036440259868600953,-0.2535393698012804,0.9987324953482153,fail: 2024
499,"sub(ts_max(slog(ts_std(dnlim,5)),10),add(mul(cumr,cumr),ts_corr(cs_rank(iret),lmoney,20)))",13,1.0,0.03377692473766976,0.5381380184868438,5.450681664890423,4,0.035134974610680374,0.037030277488568276,0.050845383697483794,0.010016119733665611,0.013270915570069416,0.6157487700331774,0.9961206675809012,fail: 2024
189,"add(ts_std(lmoney,5),cs_rank(abs(mul(hl,lcap))))",8,-1.0,-0.031688442564499125,-0.4557383604194927,-5.443184536113024,4,-0.045709295497983006,-0.02079538151557383,-0.02860524955115181,-0.03162545288704353,0.002367197788483516,0.10944605812088491,0.9999687035888448,duplicate
166,"add(ts_decay(ts_corr(mul(hl,cl),ch,5),60),ts_decay(ts_corr(ch,sub(iret,cl),5),20))",13,1.0,0.031504736904037274,0.5005525973754201,5.441144608862516,4,0.017654757127061594,0.028363393462519832,0.036393620264774176,0.044834066174605156,-0.004943391125071351,-0.3149122356879353,0.9999544779474107,duplicate
495,"add(add(mul(cumr,cumr),iret),add(ts_corr(lmoney,slog(cl),40),ts_corr(ts_corr(iret,vwapc,20),slog(cl),40)))",17,-1.0,-0.032456251578731804,-0.5571150835485995,-5.437345300925551,4,-0.03077342537167188,-0.03007245093388598,-0.034381926559869824,-0.03481904334152682,0.02748510888561699,1.8970966907890272,0.9992588440812796,fail: 2024
764,"add(ts_decay(ts_corr(cl,vwapc,20),40),mul(hl,lcap))",8,-1.0,-0.0297827453946502,-0.5308712025000367,-5.431333984445805,4,-0.031724658813444925,-0.04634005616051567,-0.021846075857813185,-0.018132802186696054,-0.020265178083134258,-1.0584022058673777,0.9999914646151395,"passed, not chosen (corr / cap)"
395,"add(add(abs(add(cumr,dnlim)),lmoney),add(div(cs_z(ts_std(lmoney,20)),ts_corr(lcap,iret,5)),ts_std(cl,20)))",17,-1.0,-0.023444088334371085,-0.41609659915146285,-5.423923247189688,4,-0.03575823107446757,-0.014627536278956526,-0.027873007383976616,-0.01474855464033376,-0.008034707439090946,-0.8383122939745701,0.9998677015346622,fail: 2024
746,"add(ts_decay(add(cl,ts_std(cs_rank(lmoney),3)),40),ts_std(ts_corr(ch,vwapc,40),5))",11,-1.0,-0.03540175388730548,-0.560759751338478,-5.41885084109761,4,-0.041371662174246114,-0.02598967942432692,-0.038321796443634704,-0.035989066476199344,-0.0014472007525284623,-0.12401688140881476,0.991493066422365,fail: 2024
731,"ts_std(cs_z(sub(ts_delta(lmoney,60),ts_std(lmoney,3))),10)",7,-1.0,-0.030758106471692276,-0.5597618788349106,-5.412698196345796,4,-0.04444155463751946,-0.010193271239680035,-0.05027643449185151,-0.016951507721486084,-0.010345778750645906,-0.8626661686598662,0.9969998122215331,duplicate
274,"ts_std(cs_rank(lcap),10)",3,-1.0,-0.032275232106344295,-0.5116295486287978,-5.408583385838316,4,-0.03813280475462658,-0.033718681801541674,-0.028150066987658016,-0.028764560293025397,-0.010447046753533746,-0.6173043372716688,0.9982118368717245,duplicate
788,"ts_std(cs_z(add(ts_corr(iret,ch,5),add(cumr,lmoney))),10)",9,-1.0,-0.028309049683777343,-0.5171244076143935,-5.407575751313285,4,-0.03454354447627645,-0.018473302657255945,-0.046642212650097895,-0.012193569389740444,-0.012314692591064151,-0.7664550865746091,0.9981151025099722,fail: 2024
725,"add(ts_std(cs_z(lcap),10),add(ts_std(cs_z(lmoney),20),ts_std(ts_corr(cumr,vwapc,20),60)))",12,-1.0,-0.03337002675678404,-0.5870670787246569,-5.407090219247631,4,-0.05557714944764413,-0.04035033137296085,-0.03355560989577558,-0.0010738459638160826,-0.019511528814509637,-1.2295784608870035,0.9959599178326951,"passed, not chosen (corr / cap)"
765,"add(add(ts_decay(ts_std(cs_rank(lmoney),3),40),ts_std(ts_decay(ts_corr(iret,vwapc,20),40),3)),add(iret,ts_min(ts_corr(iret,vwapc,20),20)))",17,-1.0,-0.03319189760673769,-0.5660277343479191,-5.403815672737527,4,-0.015756953868405595,-0.038027846502329876,-0.04471096759161735,-0.034431448785221516,-0.00349064325827924,-0.27768888743402204,0.991493066422365,fail: 2024
483,"add(ts_std(lmoney,5),add(add(ts_corr(lmoney,turn,40),mul(mul(cumr,cumr),cumr)),ts_corr(vwapc,slog(iret),20)))",17,-1.0,-0.03848215353288725,-0.5737351938667986,-5.399579717052721,4,-0.018650905779129805,-0.030675407194502752,-0.05296154525722685,-0.05301617962836377,-0.010888712599976789,-0.41242313810578846,0.9999687035888448,duplicate
783,"sub(sub(cl,lmoney),mul(mul(cumr,lcap),ts_decay(cumr,5)))",10,1.0,0.03613172119498808,0.5228696736103138,5.398651575441776,4,0.037500803027811766,0.005752309396290009,0.05057766045489895,0.05221132699050414,0.001384663741518273,0.07608464343975498,0.9999687035888448,duplicate
785,"add(add(ts_std(ts_corr(iret,vwapc,10),60),ts_std(cs_rank(lmoney),3)),ts_std(ts_corr(vwapc,ts_corr(ch,vwapc,40),5),60))",15,-1.0,-0.02883631144098795,-0.5417205285580462,-5.386512815117603,4,-0.03438338868869668,-0.04194496932569815,-0.016473457221786513,-0.02186104937704655,-0.013714905876094034,-1.0538085758192635,0.999485031780083,"passed, not chosen (corr / cap)"
770,"ts_max(add(add(mul(hl,lcap),ts_rank(ts_z(lmoney,3),5)),ts_std(lmoney,5)),10)",11,-1.0,-0.027457311784281707,-0.5383558445667618,-5.376402621935407,4,-0.03593618463144691,-0.021374368744242627,-0.031297241741202554,-0.02061806294850571,0.0029708358035918023,0.18616493587498156,0.9998776594836661,fail: 2024
718,"add(ts_decay(ts_corr(iret,vwapc,20),40),add(ts_std(cs_z(lmoney),60),add(ts_std(cs_z(lmoney),3),ts_std(cs_z(lmoney),10))))",16,-1.0,-0.042393069342229577,-0.6134344462961949,-5.368446281641504,4,-0.05791149517821163,-0.03825321929781303,-0.05473237196421289,-0.016369969107521955,-0.020227213466289237,-1.1584841040072376,0.9876137340032662,duplicate
225,"add(ts_std(lmoney,5),ts_min(cs_z(ts_std(lmoney,20)),60))",7,-1.0,-0.036626543908604335,-0.5881803935549105,-5.358753407238693,4,-0.027381512364219308,-0.032213663818518756,-0.04747487896426065,-0.039764894332620315,-0.01665511970132762,-1.0000807690190872,0.9880803350423071,duplicate
478,"add(add(mul(cumr,cumr),ts_std(ts_std(lmoney,5),3)),add(ts_corr(vwapc,slog(slog(cl)),60),mul(lcap,hl)))",17,-1.0,-0.038213011120214545,-0.5816032744898213,-5.356396424629207,4,-0.03982684668608646,-0.031296742205228274,-0.04717712267193739,-0.03422738355604196,-0.008860877632283042,-0.6315164168548869,0.9999473651266936,fail: 2024
262,"add(add(add(lmoney,ts_std(lmoney,20)),ts_min(ts_delay(cumr,10),60)),abs(mul(cumr,mul(cumr,lcap))))",15,-1.0,-0.04257702707352011,-0.5609840332411148,-5.348107869415867,4,-0.03580973116386828,-0.01249393897223068,-0.057770825362781615,-0.06645822222581622,-0.005894179868525551,-0.22947621021712752,0.9999601682039844,duplicate
81,"ts_decay(ts_std(lmoney,3),60)",3,-1.0,-0.036512757695117595,-0.5829680029882122,-5.335784195518241,4,-0.02510775024118764,-0.04227120307364708,-0.04057889087856863,-0.03826891314275183,-0.0037967960167954343,-0.24264266737250775,0.9999857743585658,duplicate
246,"add(add(cs_z(cs_rank(ts_std(lmoney,20))),add(abs(mul(cumr,lcap)),ts_rank(lmoney,20))),ts_min(cs_z(ts_std(lmoney,20)),60))",17,-1.0,-0.04231850335162053,-0.5931254519803899,-5.334144575168558,4,-0.046013620393133337,-0.023167129283051827,-0.055588538730435254,-0.044782403333074934,-0.009079765168659187,-0.4625971704543575,0.9881087863251754,duplicate
290,"ts_corr(div(cumr,ts_corr(sign(ret),ch,20)),abs(lmoney),40)",9,1.0,0.0228883177280987,0.4942393406036611,5.333180046917664,4,0.017682088850373392,0.027911786975697402,0.023986470516785992,0.02188676847587445,0.00799035156059829,1.075038903279263,0.9992588440812796,"passed, not chosen (corr / cap)"
736,"add(ts_std(ts_corr(ch,vwapc,20),10),add(ts_std(ts_corr(turn,iret,20),60),ts_decay(ts_corr(iret,vwapc,20),40)))",14,-1.0,-0.03179849918517177,-0.5827644205810134,-5.33171300080316,4,-0.011931327985744977,-0.034663622836326534,-0.03471506240907917,-0.04729935553831436,0.006176995733627477,0.5160821831872014,0.9999089558948213,fail: 2024
90,"div(ts_decay(ts_corr(ch,iret,5),60),add(ts_std(lmoney,20),add(ts_std(lmoney,3),ts_min(cumr,20))))",13,1.0,0.03602225605201287,0.5904127479473091,5.323840133322311,4,0.03282633792573525,0.03503444976050698,0.040331271221156165,0.035903990724360006,0.00027448508998577175,0.022173609913828954,0.9999530553832673,fail: 2024
511,"add(ts_corr(hl,cs_rank(ts_z(lmoney,10)),20),add(add(add(ret,ts_std(lmoney,5)),mul(cumr,cumr)),ts_rank(ts_mean(uplim,3),60)))",18,-1.0,-0.03322164077754123,-0.5477242419654361,-5.321387791579048,4,-0.03587830498782964,-0.014571889229427828,-0.04586349088178906,-0.03696368827918604,0.00996594893598847,0.5276318187280522,0.9960025947569976,fail: 2024
476,"add(add(ts_corr(lmoney,cs_rank(cl),40),mul(cumr,cumr)),ts_corr(vwapc,slog(ts_std(ret,3)),40))",14,-1.0,-0.03518898076386373,-0.5754158260828293,-5.304316767345931,4,-0.025440727077413027,-0.04002285696237459,-0.04671050742664862,-0.027976239936603274,0.014159744759237739,1.1042250837829108,0.9918913843825218,fail: 2024
542,"add(ts_corr(hl,cs_rank(slog(cl)),20),add(mul(cumr,cumr),ts_corr(hl,add(mul(cumr,cumr),ts_corr(hl,iret,40)),40)))",19,-1.0,-0.030247527571726083,-0.5116140892522069,-5.3021930412808445,4,-0.021210294988901267,-0.0215229268688584,-0.040869866562824736,-0.03814580563768719,-0.011342373360801758,-0.6601783802542365,0.9961178224526144,fail: 2024
482,"add(ts_std(lmoney,5),add(add(ts_corr(lcap,slog(cl),40),mul(cumr,cumr)),ts_corr(vwapc,ret,40)))",15,-1.0,-0.03867415471049811,-0.5664045010852724,-5.301729066271719,4,-0.04367551312100625,-0.038667850423083974,-0.04667641279145244,-0.024419201735372348,0.00713318375043826,0.37766740881756156,0.9999687035888448,fail: 2024
283,"add(abs(ts_delta(lmoney,3)),add(abs(cumr),ts_std(cs_z(ts_max(lmoney,3)),5)))",11,-1.0,-0.03219456937052069,-0.5156859487377846,-5.291269998240556,4,-0.037256612480759864,-0.014345859320055302,-0.045052802688557624,-0.03217406078911812,0.005175753115471958,0.3316588792448472,0.9991549968988102,duplicate
112,"div(ts_decay(ts_corr(ch,mul(turn,cl),5),60),add(abs(cumr),div(cs_z(cumr),lmoney)))",14,1.0,0.0279078574568888,0.564474915911381,5.286828670076132,4,0.01413599112973675,0.027623167963087208,0.03185214849058077,0.039044620508193226,-0.010045821920703102,-0.8369666062735978,0.9963667711777124,fail: 2024
794,"add(ts_corr(ch,vwapc,40),add(ts_std(cs_z(ts_corr(ret,vwapc,20)),5),ts_min(ts_corr(iret,vwapc,60),5)))",14,-1.0,-0.0305059630182024,-0.5323592932196097,-5.286437347055852,4,-0.022590054952207003,-0.03656290505848116,-0.023633813191037373,-0.04007514402464167,0.0028156356321599302,0.19389097997583385,0.9991990963872561,fail: 2024
799,"add(ts_decay(ts_corr(iret,vwapc,20),40),add(ts_std(cs_z(ts_corr(iret,vwapc,60)),60),add(mul(hl,lcap),ts_std(cs_z(lmoney),10))))",18,-1.0,-0.025012292801851486,-0.5440176754935827,-5.284596279138058,4,-0.03359369842880291,-0.03330976980088716,-0.00560853410041256,-0.027700714193857633,-0.017529955998745777,-1.1763882122515896,0.987650720670995,"passed, not chosen (corr / cap)"
303,"abs(add(add(abs(cumr),cumr),cs_z(ts_delta(cl,60))))",9,-1.0,-0.03146789440228669,-0.4840425840350746,-5.282631745526689,4,-0.024694974364620852,-0.01826465554352023,-0.04470614340123552,-0.03893644804069136,-0.005347823026185493,-0.384930354183741,0.9986713250900483,fail: 2024
265,"add(sub(sub(add(abs(cumr),ts_std(lmoney,5)),ts_min(ts_corr(lprice,lmoney,40),3)),turn),div(ts_std(lmoney,10),lprice))",17,-1.0,-0.03756663372391272,-0.5648956850533512,-5.279745879171149,4,-0.037285986675740956,-0.013605718611698375,-0.053928673659424366,-0.04630457915640141,0.01878606447593385,1.188984744793454,0.999948787690837,fail: 2024
279,"add(add(sub(cs_z(ts_std(lmoney,20)),uplim),ts_max(lmoney,5)),ts_min(cs_z(cs_rank(ts_std(lmoney,20))),60))",14,-1.0,-0.034024195124317175,-0.5330675274632876,-5.274614519928601,4,-0.04192059584919636,-0.026451752286350716,-0.03770992123872553,-0.029632034553246513,-0.01388411188613172,-0.9396519450188232,0.9880803350423071,duplicate
763,"add(ts_std(cs_z(ts_z(ret,3)),20),mul(hl,lcap))",8,-1.0,-0.03721918855701468,-0.5313917138782068,-5.270568998370228,4,-0.036744888523249836,-0.038581736359652806,-0.05420598505857804,-0.017641591447446606,-0.012454992898463848,-0.5558496573339798,0.9961576542486301,fail: 2024
230,"add(abs(mul(cumr,lcap)),add(ts_max(lmoney,3),cumr))",9,-1.0,-0.04228559337771405,-0.5881155004035727,-5.266663057477932,4,-0.028832621035959433,-0.018439950066337883,-0.05870001220403139,-0.06532303341274567,-0.001877383163635518,-0.07404656900567284,0.999972971281275,duplicate
310,"add(add(ts_min(div(turn,cumr),10),add(ts_max(lmoney,3),ts_std(lmoney,20))),abs(ts_delay(cumr,10)))",14,-1.0,-0.0310180258852966,-0.4961666577675011,-5.2629464582137855,4,-0.019453585428116774,-0.01238510113400158,-0.046377059572553336,-0.047402974271465184,-0.0022154871889414284,-0.1348506137831367,0.9997908830709177,duplicate
527,"add(ts_std(add(ts_corr(lcap,turn,40),mul(cumr,cumr)),3),add(ts_corr(slog(ts_delta(cl,60)),lmoney,40),mul(cumr,cumr)))",18,-1.0,-0.029682628310419405,-0.5220585405238047,-5.262002391003578,4,-0.021470064455922356,-0.0273857304754278,-0.04637997326973757,-0.022954310257888844,0.0044773981292264295,0.3542219003451673,0.9999089558948213,fail: 2024
121,"add(ts_decay(ts_std(lmoney,5),40),cs_rank(abs(cs_rank(add(cumr,lmoney)))))",10,-1.0,-0.043811812430075654,-0.5329964097994218,-5.261761588512248,4,-0.02424623274065673,-0.033796675556910384,-0.059422735633722544,-0.05924290161299608,-0.026098087297255233,-1.0110596116718253,1.0,duplicate
536,"add(ts_corr(hl,add(lcap,ret),20),add(mul(cumr,cumr),ts_std(ts_max(lmoney,3),3)))",13,-1.0,-0.031309373435573905,-0.49243064130582054,-5.247726495522702,4,-0.04457358709764533,-0.026785780333409875,-0.03765762334389801,-0.014747168576424916,0.006665900656326602,0.42111454636262385,0.9999502102549804,fail: 2024
549,"add(ts_corr(hl,cs_rank(lcap),20),add(add(add(turn,ts_std(lmoney,5)),mul(cumr,cumr)),ts_corr(cs_rank(slog(cl)),lmoney,40)))",19,-1.0,-0.03221010803197626,-0.5022814601220598,-5.233423445304132,4,-0.041681077133925486,-0.021995782319530834,-0.039470097844533175,-0.02507761084515184,0.014171088437625953,0.7033939140978529,0.9911132417960726,fail: 2024
528,"add(ts_std(add(lmoney,dnlim),3),add(mul(mul(cumr,cumr),cumr),ts_std(cl,5)))",13,-1.0,-0.031066631185140442,-0.5014238067975375,-5.233222777799988,4,-0.020159729252457514,-0.02429733662281584,-0.03797591185151053,-0.04293663040244935,0.0005105558690105088,0.022800907852393228,0.9999601682039844,fail: 2024
247,"abs(mul(sub(cumr,add(vwapc,cs_rank(lmoney))),ts_min(cs_rank(ts_std(lmoney,20)),60)))",12,-1.0,-0.033060401299334935,-0.5721106436185511,-5.2285918859162885,4,-0.035573892474055686,-0.01989727294782708,-0.04022962693894697,-0.03691971907839896,-0.012708466235146335,-1.4712079734865584,0.9881087863251754,duplicate
745,"add(ts_std(cs_z(lmoney),10),ts_mean(ts_std(ts_corr(iret,add(hl,vwapc),20),60),10))",11,-1.0,-0.03344928933463413,-0.5619087081470315,-5.223355513321063,4,-0.05041022691231939,-0.027184574691738756,-0.04193984449994779,-0.012390934026218546,-0.012305397288417315,-0.7129408131712494,0.998162047126705,fail: 2024
761,"add(ts_mean(ts_std(ts_delta(cs_z(lmoney),10),10),10),add(ts_std(ts_corr(iret,hl,20),60),ts_min(ts_std(cs_z(lmoney),3),5)))",15,-1.0,-0.03285082202577574,-0.5606778138356281,-5.220199745661894,4,-0.03280677535222361,-0.031029173001501358,-0.033452397537218556,-0.034243504291851225,-0.0015100836925044218,-0.10575599735552318,0.9915926459124041,fail: 2024
550,"add(ts_corr(hl,cs_rank(slog(ts_rank(dnlim,40))),20),add(mul(cumr,cumr),ts_std(add(lcap,lmoney),3)))",15,-1.0,-0.03177948062399538,-0.4858040505471437,-5.22009655483742,4,-0.043174436187292324,-0.009817014746808682,-0.045262147524294395,-0.02863513499685896,0.017401656526777203,0.9530260134511384,0.9961249352733315,fail: 2024
574,"add(ts_std(add(lmoney,dnlim),20),ts_std(add(lmoney,dnlim),3))",9,-1.0,-0.024760922729305124,-0.43990634712969295,-5.209011676289976,4,-0.04087879929457764,-0.021305308902152063,-0.02394304319585155,-0.011733759841217967,0.013506038442537994,0.710173885342491,0.999972971281275,fail: 2024
124,"div(sub(ts_decay(ts_corr(mul(ret,cl),ch,5),60),abs(ts_min(ts_std(lmoney,5),3))),add(ts_decay(lcap,3),ts_std(cs_z(lmoney),5)))",18,1.0,0.04134771286545642,0.5623472438345539,5.20356193852376,4,0.02987315400166786,0.04975009556099005,0.03386962428251251,0.05291439271142192,-0.017161504136360507,-0.5457883062156175,0.9990867138199261,duplicate
272,"ts_corr(div(cumr,ts_corr(cl,ch,10)),abs(lprice),40)",8,1.0,0.020216501160484672,0.5189201069771764,5.201039210404843,4,0.017130851096218765,0.009856884221646,0.019727365462018528,0.03553582568891553,-0.01452781310517286,-0.8671526609703781,1.0,fail: 2024
158,"add(ts_std(cs_rank(mul(cl,cl)),5),add(ts_decay(ts_decay(ts_corr(ch,vwapc,10),5),40),ts_std(ts_delta(lprice,60),5)))",15,-1.0,-0.0302285422268066,-0.5122694011891283,-5.198723535219933,4,-0.043713793084274505,-0.023992821620322128,-0.023712815542239696,-0.029392207415386763,0.01108178659862411,0.9870470184739735,0.9981051445609682,duplicate
792,"add(ts_decay(ts_min(ts_std(cs_z(lmoney),10),40),40),add(ts_std(ts_corr(lcap,vwapc,20),60),mul(hl,lcap)))",14,-1.0,-0.0333242424177921,-0.5334600786485634,-5.197906880684998,4,-0.04627971283117992,-0.029768031846419064,-0.03228349565318593,-0.024128950903878538,-0.036434306481918186,-1.8976954816793004,0.9802974866136714,"passed, not chosen (corr / cap)"
289,"ts_corr(div(cumr,ts_corr(cl,ch,20)),ts_decay(ret,5),40)",8,1.0,0.02336989649331594,0.492808171311181,5.1978302077788445,4,0.021078594382986458,0.0266883630431765,0.015718400119676366,0.03061904203003416,-0.013186376644223962,-0.9926891249811514,0.9992588440812796,fail: 2024
512,"add(ts_std(add(ts_std(add(lmoney,dnlim),3),mul(cumr,cumr)),20),slog(cl))",12,-1.0,-0.028951042681936497,-0.5219328666469272,-5.197555950227049,4,-0.036154277275130535,-0.026268310001186564,-0.035869914563064854,-0.01640421480882799,-0.0007299529314799681,-0.027563048764699574,1.0,fail: 2024
773,"add(ts_corr(ch,vwapc,20),add(add(ts_std(ts_std(uplim,3),60),ts_std(cs_rank(lmoney),3)),ts_mean(ts_corr(iret,vwapc,5),20)))",16,-1.0,-0.03351417342124474,-0.5558113227555346,-5.197183237126152,4,-0.04351763772996522,-0.03020033832335722,-0.02600918291569572,-0.03437674267061331,-0.019321145476115978,-1.6250027948261476,0.9995405117816762,"passed, not chosen (corr / cap)"
267,"add(add(add(ts_max(lmoney,10),cumr),add(abs(cumr),cl)),ts_max(lmoney,5))",12,-1.0,-0.039124797164274576,-0.5418680345789633,-5.195776050626718,4,-0.024913700674746738,-0.016430184123424407,-0.05559284877573709,-0.06167148913670862,-0.012162130461090544,-0.507174412234874,0.9999502102549804,duplicate
280,"add(add(abs(ts_max(lmoney,10)),mul(cumr,cs_rank(hl))),ts_min(ts_std(lmoney,20),40))",12,-1.0,-0.03487301685603103,-0.5220987505170636,-5.189744859143577,4,-0.022455551978339604,-0.020254656234842346,-0.04942183464468257,-0.0486689068622491,-0.02672411943496125,-0.9907222821679136,0.9999573230756975,duplicate
325,"ts_corr(mul(cumr,ts_corr(cl,ch,20)),lprice,5)",7,1.0,0.02177867483301888,0.4487404707913701,5.188112967390297,4,0.01697101610592459,0.021670210864875177,0.028437812327307587,0.019892279092407875,0.006283372490020465,0.4852532616727501,0.9998847723043832,fail: 2024
266,"add(add(cumr,abs(abs(mul(cumr,lcap)))),div(cs_rank(ts_std(lmoney,20)),div(turn,cl)))",15,-1.0,-0.04169283721986819,-0.5551317793949753,-5.182095879346695,4,-0.034985343931748125,-0.03131386831665312,-0.05116369122481031,-0.050109414791354355,-0.0014582094367660953,-0.04738434762189521,0.9566146387540614,fail: 2024
227,"add(sub(add(abs(cumr),ts_std(lmoney,5)),turn),ts_min(cs_z(ts_std(lmoney,20)),60))",12,-1.0,-0.043758448104747195,-0.6020220253128761,-5.181993401105228,4,-0.03190231550814979,-0.029664941334957066,-0.06259498955688655,-0.05166487043331937,-0.0043964769240317034,-0.249989003777272,0.9880803350423071,duplicate
153,"div(cs_z(ts_decay(ts_corr(mul(vwapc,cl),ch,5),40)),add(ts_decay(cl,3),abs(ts_std(ts_corr(ch,cl,5),5))))",16,-1.0,-0.02282936031098067,-0.5177403308343759,-5.178363400895418,4,-0.02391106873815841,-0.020394547533678895,-0.01930649263083392,-0.028174782644354683,-0.013412416750404244,-1.1375550439729438,0.9996443589641457,"passed, not chosen (corr / cap)"
270,"add(add(ts_max(lmoney,5),ts_min(cs_z(ts_std(lmoney,20)),10)),cumr)",9,-1.0,-0.03736868938124925,-0.5243871027635876,-5.178191126316064,4,-0.026838820717047657,-0.028598523938524394,-0.04586042540928653,-0.049291350780335697,-0.0276270247769344,-1.117706656305768,0.9982004563585772,duplicate
778,"add(ts_decay(ts_corr(iret,vwapc,20),40),add(ts_corr(ts_corr(ch,vwapc,40),vwapc,60),ts_std(cs_z(lmoney),10)))",14,-1.0,-0.028554348919221515,-0.5462691170086055,-5.176913311302124,4,-0.030259500855796515,-0.0249419016686317,-0.048124674712551885,-0.00922156122383531,0.003219964559773632,0.14960528188987487,0.9981478214852708,fail: 2024
94,"div(cs_z(cs_z(ts_min(abs(cumr),40))),ts_decay(cs_rank(lmoney),3))",9,-1.0,-0.03362157645904602,-0.5652101101647813,-5.171863532102516,4,-0.02693790124313438,-0.010190192740094377,-0.05649797239771747,-0.041684343445531465,0.0073024814285241,0.5576896178702275,0.9994821866517961,duplicate
298,"ts_corr(div(cumr,ts_corr(cl,ch,20)),add(turn,oret),40)",9,1.0,0.02149121608159357,0.4871363189785511,5.1708585566269365,4,0.008336126701829672,0.030543278829350783,0.03522735070639236,0.01096131061723301,-0.010467138551538734,-1.4290932516451484,0.9992588440812796,fail: 2024
598,"add(add(hl,ts_std(cs_z(cl),3)),add(ts_std(add(lmoney,dnlim),5),ts_corr(lmoney,slog(cs_rank(hl)),20)))",16,-1.0,-0.026463346686526026,-0.44772661279328957,-5.1569180104662475,4,-0.050990210698294174,-0.021110112386599468,-0.01592499189743746,-0.016920766772417092,0.002917009289573975,0.23618432456254881,0.996038158860583,fail: 2024
263,"ts_corr(div(cumr,ts_corr(sign(ret),ch,20)),abs(lprice),40)",9,1.0,0.023464063874049503,0.5359330575896881,5.155550008023938,4,0.012561133288581465,0.03146439041595508,0.023445810486701094,0.026675602798592466,-0.011447649664162316,-0.6929795404559552,0.9992588440812796,fail: 2024
532,"add(ts_max(slog(ts_std(add(lmoney,dnlim),5)),5),hl)",8,-1.0,-0.026477750349642407,-0.4754677413080631,-5.146308238439218,4,-0.04177906404600532,-0.016198134282663746,-0.03009244794538822,-0.016997979570860234,0.03322407476655608,1.285508532594053,0.999955900511554,duplicate
110,"ts_decay(ts_delay(ts_corr(mul(iret,cl),ch,10),5),40)",7,1.0,0.026020310889696672,0.5372545923933427,5.144045355784641,4,0.025044301230905466,0.04824855743626594,0.010733398772301806,0.019391981336210194,-0.0053727145239759735,-0.5707026380428856,0.9999615907681277,fail: 2024
252,"add(abs(div(cl,div(turn,cumr))),ts_min(cs_z(ts_std(lmoney,20)),60))",11,-1.0,-0.040907110409509735,-0.5639729375631818,-5.142226649905203,4,-0.02795936634997385,-0.0300316653684368,-0.057151265317236924,-0.04931412155782631,-0.003000550680360293,-0.11846951797743957,0.9851868395745964,fail: 2024
503,"add(add(ts_corr(cumr,slog(sub(ch,lmoney)),40),mul(cumr,cumr)),add(slog(mul(cumr,cumr)),ts_std(lmoney,5)))",18,-1.0,-0.0382595209518788,-0.5527916543594459,-5.14080497045387,4,-0.03309773498165915,-0.014275026529114271,-0.06354181519628951,-0.04262255682675558,0.0059335011504845995,0.37562012912533843,0.9999687035888448,duplicate
501,"add(add(ts_max(lmoney,5),mul(cumr,cumr)),add(cumr,ts_std(add(ch,lmoney),3)))",13,-1.0,-0.039435563536903806,-0.5345006185173888,-5.138833183998976,4,-0.02038121614183602,-0.020028558427191517,-0.05422769449225508,-0.06552792990553073,-0.009117554112577735,-0.363684871816715,0.9999601682039844,duplicate
579,"add(ts_corr(cs_rank(slog(cl)),cumr,20),add(mul(cumr,cumr),ts_std(add(lcap,lmoney),3)))",14,-1.0,-0.028960594904052527,-0.4547919503732911,-5.131755758942886,4,-0.04274756542321701,-0.017467650471305725,-0.042701846967097216,-0.011391222332756992,0.01842578222304298,1.1020905399537546,0.996133470658192,fail: 2024
87,"div(ts_decay(ts_corr(ch,mul(ts_corr(lmoney,lcap,20),cl),5),60),add(ts_std(lmoney,10),ts_min(abs(cumr),20)))",15,1.0,0.04247533679683024,0.6034571837849446,5.129609813363439,4,0.04429211311778049,0.030975091531000833,0.048077879369538855,0.046987860104568485,0.011625289118085457,0.9011630006178089,0.9999189138438253,fail: 2024
114,"div(cs_z(ts_std(mul(turn,cumr),5)),add(ts_decay(lcap,3),ts_std(cs_z(lmoney),5)))",12,-1.0,-0.04027606252279393,-0.5552277753657607,-5.115334348717985,4,-0.0329090678959251,-0.03091805788315641,-0.05629220620518808,-0.04112795415456613,0.02830988849298312,1.0358291356137508,0.9992161671569771,duplicate
255,"add(sub(add(abs(cumr),ts_std(lmoney,5)),ts_min(div(vwapc,cumr),10)),ts_min(cs_rank(ts_std(lmoney,20)),60))",15,-1.0,-0.03646223662997668,-0.5741959361698762,-5.111744710690069,4,-0.037976905774447775,-0.02316335322758865,-0.04334975080300038,-0.04187755624446571,-0.004369542417111195,-0.27304595308095214,0.988022009912427,fail: 2024
312,"abs(div(ts_delta(cl,60),ts_mean(ts_mean(div(turn,cumr),3),60)))",9,-1.0,-0.030672256751787027,-0.470265312010486,-5.109563863938181,4,-0.026959859227824866,-0.01799564001772269,-0.04865293125650838,-0.029003511206800017,0.005992939338436754,0.23898791112386558,0.9986713250900483,fail: 2024
245,"add(abs(div(vwapc,div(turn,cumr))),ts_max(add(abs(cumr),ts_corr(vwapc,ch,20)),10))",14,-1.0,-0.03795039262754294,-0.5812728290426548,-5.10123139987237,4,-0.03686114568541156,-0.027920107328160016,-0.044199623274188755,-0.04333379768727005,0.019787999245336033,0.9402391737330777,0.9969827414518121,duplicate
242,"add(ts_max(lmoney,5),ts_min(div(cumr,div(hl,cumr)),60))",9,-1.0,-0.034132305764366794,-0.5681222181370271,-5.093268551897461,4,-0.027104052229700113,-0.01173044408950859,-0.05914253356983435,-0.0391053504113867,0.00004320019356720992,0.0025358509009285792,0.9999573230756975,duplicate
742,"add(ts_std(ts_corr(iret,vwapc,10),60),ts_min(ts_std(cs_z(lmoney),5),20))",9,-1.0,-0.028316397079307026,-0.5544955643845422,-5.084553040535126,4,-0.02885912239408181,-0.048407389014171735,-0.015566053593551456,-0.019590559214557948,-0.013181757150013506,-0.8427011082546919,0.9953268767888744,fail: 2024
537,"add(ts_std(add(ts_std(sub(lmoney,dnlim),5),mul(cumr,cumr)),3),mul(ts_corr(slog(cl),lmoney,40),mul(cumr,cumr)))",18,-1.0,-0.030947674890472152,-0.5123988865896906,-5.080329714032594,4,-0.03511331085402151,-0.014081629020700407,-0.03954617891506417,-0.035496822552285597,0.015351074573645006,1.0157446763946545,0.9999502102549804,fail: 2024
284,"abs(div(cs_z(ts_delta(cl,60)),ts_mean(ts_mean(div(turn,cumr),3),3)))",10,-1.0,-0.03214323485414965,-0.5084112906867937,-5.079833434574436,4,-0.026911380012934537,-0.017757382490266156,-0.054388295375774345,-0.02935499143607628,0.004603178419195941,0.19614478734996954,0.9980724255856697,fail: 2024
535,"add(slog(cl),add(add(add(ret,ts_std(lmoney,5)),mul(cumr,cumr)),div(ts_delay(turn,10),ts_decay(cumr,10))))",17,-1.0,-0.02911419978600249,-0.5097462949016367,-5.077405756855292,4,-0.025801920875345948,-0.020252939404404976,-0.03723553184170684,-0.03360654227712141,0.003185741663063672,0.18657501875254784,0.9998349825593636,fail: 2024
164,"add(ts_decay(ts_min(ts_std(cs_z(lmoney),5),5),40),ts_decay(ts_rank(lmoney,5),40))",9,-1.0,-0.03603553498615638,-0.4860787489725469,-5.076644457435262,4,-0.01734630112119935,-0.03284136527610766,-0.0566025125156384,-0.037576071215078305,-0.007027322082602008,-0.3418077591709553,0.990228406898867,duplicate
240,"mul(abs(div(ts_min(add(turn,oret),60),ts_mean(div(turn,cumr),60))),ts_std(lmoney,20))",13,-1.0,-0.04445969768747453,-0.5876236613194882,-5.07428379234483,4,-0.026395195013117198,-0.04108232231834493,-0.053399271738579814,-0.05824702548928379,-0.005690766277336368,-0.1991229125242472,0.9999886194868527,fail: 2024
244,"add(abs(div(vwapc,div(turn,cumr))),ts_min(cs_z(cs_rank(ts_std(lmoney,20))),60))",12,-1.0,-0.039768725895540355,-0.578631374409422,-5.073880917444011,4,-0.026921090346494203,-0.02963730564192795,-0.053445318673886716,-0.05005911099819289,-0.0052332509136142425,-0.2308262931232959,0.9851868395745964,duplicate
135,"add(ts_decay(ts_delay(ts_corr(cl,vwapc,10),10),40),add(ts_decay(ts_delay(ts_corr(cl,vwapc,10),3),40),ts_std(lmoney,10)))",14,-1.0,-0.029885715771075416,-0.5309307171749206,-5.06316510665937,4,-0.026823987047966003,-0.04561804010654481,-0.027501002115833433,-0.0185651093039491,-0.007938883023450312,-0.4405321386499936,0.9999459425625501,duplicate
523,"add(cs_z(slog(cl)),abs(mul(lcap,cumr)))",8,-1.0,-0.036937888716785605,-0.48492606378879083,-5.056771563351052,4,-0.03933448607637164,-0.020415665405881956,-0.04679783921231071,-0.04167281670888111,0.006144032018191741,0.3179540498212344,1.0,fail: 2024
109,"ts_decay(ts_corr(ch,div(turn,cl),5),60)",6,-1.0,-0.02636502925374258,-0.5400930432968805,-5.054122936878633,4,-0.029999161126330297,-0.03191211769654231,-0.015505402082731766,-0.028161378750328408,-0.022448277781947017,-1.5210727109430555,0.9998620112780885,"passed, not chosen (corr / cap)"
387,"add(mul(cumr,cs_rank(hl)),add(add(add(abs(cumr),ts_delta(lmoney,20)),ts_std(lmoney,20)),ts_std(lmoney,20)))",16,-1.0,-0.03221229343341472,-0.42283386729089223,-5.0538798154773,4,-0.025508054259995864,-0.012894257407974636,-0.05409862879425102,-0.036858988980927536,-0.02172493823431011,-1.225147927464862,0.9996372461434286,"passed, not chosen (corr / cap)"
157,"div(ts_decay(ts_corr(ch,cl,5),60),ts_std(slog(ts_std(cs_z(lprice),5)),5))",10,1.0,0.03091698582695869,0.49228061197154616,5.052504377832829,4,0.049348404805162546,0.03243478634596516,0.029876397681746762,0.010121338737905194,0.00857339344515225,0.5707001555302859,0.9984678984175397,fail: 2024
275,"ts_corr(mul(cumr,ts_corr(cl,ch,20)),lprice,40)",7,1.0,0.022349235900564562,0.5086253927857252,5.051642687018056,4,0.007145584404744663,0.033362293845893426,0.02712598029799011,0.021726349423606815,0.0009529821197260003,0.04924675582064677,0.9992588440812796,fail: 2024
277,"add(abs(ts_max(ts_max(lmoney,10),3)),mul(cumr,div(cumr,ts_corr(cl,ch,20))))",12,-1.0,-0.029743013408817867,-0.5275020621339037,-5.041032211789561,4,-0.03466327231326581,-0.00799178337072762,-0.04288135278140304,-0.03386268697130416,-0.0005023097777444179,-0.04160246414902896,0.9999587456398409,duplicate
490,"add(add(ts_corr(lcap,slog(cs_rank(cl)),40),mul(cumr,cumr)),ts_std(add(lmoney,dnlim),5))",14,-1.0,-0.034027579125419656,-0.5492043633922806,-5.035660592486571,4,-0.04483792323781055,-0.026033332463056367,-0.048324308139733846,-0.015275904456547532,0.00603196746904491,0.31337714984753123,0.9918600879713666,duplicate
496,"add(ts_corr(vwapc,iret,40),ts_corr(lmoney,abs(slog(iret)),40))",9,-1.0,-0.027549377726636456,-0.5246430342407753,-5.034932638229135,4,-0.021769270549146,-0.033131946578450956,-0.030354920858401836,-0.02469444729791263,-0.024431989139485345,-1.3528010124227845,1.0,"passed, not chosen (corr / cap)"
565,"add(ts_std(lmoney,5),add(add(slog(cl),mul(cumr,cumr)),ts_corr(ts_std(add(lmoney,oret),10),abs(slog(iret)),40)))",18,-1.0,-0.02574646192640167,-0.47951748353040047,-5.032032939006318,4,-0.026133397540377946,-0.015576571832988757,-0.03410444888669934,-0.027351100361293363,0.006994584673306877,0.41263062852081,0.9999687035888448,fail: 2024
271,"sub(ts_min(oret,60),add(ts_delta(hl,40),ts_min(ts_std(lmoney,20),40)))",9,1.0,0.030346224871833315,0.5236578053534525,5.017343436404447,4,0.02470825954724617,0.03839669525065199,0.023053711178724092,0.035679028426377074,0.012654112067497104,0.7099633107714362,0.998960105611162,duplicate
525,"add(ts_corr(hl,cs_rank(div(ts_max(oret,10),ts_z(ret,20))),20),mul(cumr,cumr))",12,-1.0,-0.027335579882082895,-0.4999094282644838,-5.013101572869147,4,-0.016081707407334733,-0.027363973923168604,-0.04034481968149574,-0.02543311485005606,0.0164693122706218,1.271548382893015,0.9960566521944475,fail: 2024
248,"add(sub(add(ch,ts_decay(ts_corr(ret,vwapc,10),60)),turn),ts_min(abs(add(cumr,dnlim)),60))",14,-1.0,-0.03650167699731295,-0.580112445224164,-5.012533895243846,4,-0.014214366402308392,-0.035737408788611494,-0.05105147089326681,-0.0459156296058185,-0.0002488185654497575,-0.01112581453977794,0.9999743938454185,fail: 2024
256,"add(abs(div(ts_decay(cl,20),div(turn,cumr))),ts_std(lmoney,3))",10,-1.0,-0.03787898645022696,-0.5532700391390368,-5.008871145991153,4,-0.03322157368888894,-0.023630235978347583,-0.054588363566512844,-0.04037006519923442,0.015433425851518127,0.4900982291979946,0.9970382214534054,fail: 2024
165,"mul(ts_std(mul(ts_std(cs_z(cumr),5),lcap),5),lcap)",8,-1.0,-0.031615968110656624,-0.48201440752711383,-5.003742250624292,4,-0.042867947733432145,-0.02430314540435702,-0.04336163345753208,-0.0144229086326136,-0.006067373181695363,-0.2512518528214937,0.9984807014948304,fail: 2024
148,"div(ts_decay(ts_corr(mul(ret,cl),ch,5),60),abs(ts_min(ts_std(cs_z(cumr),5),5)))",12,1.0,0.034333507548965414,0.5081475426432135,5.002234904663222,4,0.05071858032460424,0.041818168827567094,0.03639505580937743,0.005830158887426285,-0.005291610447599287,-0.47704170289924497,0.9983697414916438,fail: 2024
514,"add(add(ts_corr(lmoney,cs_rank(cl),40),add(ts_std(lmoney,5),ts_corr(vwapc,slog(iret),40))),ts_corr(vwapc,slog(ts_std(ret,3)),40))",18,-1.0,-0.03645385804631992,-0.5417809181599463,-4.990818179402045,4,-0.027810132416030354,-0.05394210826333443,-0.04186493613731216,-0.020803630116029023,0.012433504095122986,0.9872601756496631,0.9918600879713666,fail: 2024
556,"add(add(ret,mul(cumr,cumr)),add(ts_corr(lcap,ret,20),mul(cumr,cumr)))",13,-1.0,-0.034509546339155324,-0.47051537737491045,-4.984970747001105,4,-0.03880062970522515,-0.015378954066090581,-0.05934572930887081,-0.023630109170506543,0.013515461453924595,0.9340848297382609,1.0,fail: 2024
381,"abs(add(add(ts_min(iret,60),cumr),cs_z(ts_delta(cl,60))))",9,-1.0,-0.022725293804853365,-0.4026040265136482,-4.972932359150358,4,-0.030667455376838737,-0.004251737570473465,-0.03720218885201793,-0.01845253498832868,-0.0066922950166977135,-0.642609638175766,0.9986713250900483,fail: 2024
534,"add(mul(slog(cl),uplim),add(add(add(cl,iret),mul(cumr,cumr)),ts_corr(ts_decay(sign(iret),5),slog(iret),40)))",19,-1.0,-0.028432163302636412,-0.5177751881652523,-4.970446782520124,4,-0.029748909729416722,-0.0058548699124474765,-0.028919600856200357,-0.05127538965623742,0.01059510296458095,0.6497142152943579,1.0,fail: 2024
136,"div(ts_decay(ts_corr(mul(ts_std(lmoney,10),ts_mean(cl,5)),ch,5),60),ts_std(cs_z(lmoney),5))",12,1.0,0.03085783117112691,0.5221656504974118,4.969906770328578,4,0.031261869860296096,0.041586762400767516,0.018812791309184743,0.03180619296442656,-0.008769756732708711,-0.7557890371373385,0.9991820256175351,fail: 2024
510,"add(ts_corr(hl,cs_rank(slog(lmoney)),40),add(mul(cumr,cumr),cl))",11,-1.0,-0.029695835850498665,-0.5204036963948444,-4.9560128520295486,4,-0.0356480447557552,-0.005851789175939014,-0.039489629660027815,-0.03864433574205795,0.006067069917148173,0.5521277863610586,0.9918913843825218,duplicate
190,"add(ts_delay(ts_corr(abs(cl),ch,5),20),div(ts_decay(ts_corr(ch,mul(ch,cl),5),60),add(ts_std(lmoney,5),ts_min(abs(cumr),20))))",19,1.0,0.030202767918853887,0.4965788724940664,4.953533716803592,4,0.037226311466273365,0.016344205303876487,0.034558948132782895,0.032948080233993045,-0.01906314993865063,-0.9948903544090271,0.9994039456239082,fail: 2024
498,"add(mul(cumr,ret),add(ts_max(ts_corr(iret,vwapc,40),10),mul(hl,cumr)))",12,-1.0,-0.028173326830172596,-0.5355960000065549,-4.953366792296835,4,-0.007768928185450258,-0.033739689262794643,-0.03745311662633634,-0.03432687284315333,-0.002026289503397715,-0.12466299571330063,1.0,duplicate
183,"div(ts_corr(mul(turn,cl),ch,10),add(ts_min(abs(cumr),40),cs_rank(lmoney)))",12,1.0,0.028236294703689838,0.4800571046184979,4.952302307714015,4,0.030890402142408804,0.01069723872286785,0.03934350231832445,0.03244035919685479,0.01168950222305136,0.8132654687917533,0.998435179442241,fail: 2024
488,"add(add(ts_corr(lmoney,slog(cs_rank(lmoney)),40),mul(cumr,cumr)),ts_std(add(lmoney,dnlim),5))",14,-1.0,-0.038852980929141606,-0.5523845215390812,-4.950297612239753,4,-0.053611152411587995,-0.014735289404998483,-0.0450319122083682,-0.04237814835248761,0.020822764158868377,1.1347895060220399,0.9918600879713666,duplicate
116,"sub(ts_decay(ts_corr(cs_rank(lmoney),ch,5),60),ts_std(cs_z(lmoney),5))",9,1.0,0.0323534939701124,0.5401799420975179,4.935743477636432,4,0.036501855422394314,0.020682773983703426,0.0290501679313715,0.04424190132381454,0.013697623348835966,0.9373295776346051,0.986129999601682,fail: 2024
132,"ts_std(cs_z(cs_rank(add(cumr,lmoney))),20)",6,-1.0,-0.02963095340487814,-0.5059927189796567,-4.903977545508876,4,-0.04462785795982544,-0.024111617114560783,-0.030293987784799272,-0.018483879159421162,-0.014149199706887852,-0.7264794550672925,0.9961604993769169,duplicate
551,"add(add(oret,ts_std(add(lmoney,dnlim),5)),add(ts_corr(ret,slog(cl),20),mul(cumr,cumr)))",15,-1.0,-0.03046652134008468,-0.4844635893217768,-4.903923748396249,4,-0.04021760376005955,-0.017699155153935667,-0.04709450641407296,-0.015575048793818406,0.021890298828453128,1.152767649908095,0.9999687035888448,duplicate
507,"add(ts_corr(vwapc,ts_corr(ch,cs_rank(mul(cumr,cumr)),20),40),add(ts_corr(lmoney,cl,40),mul(cumr,cumr)))",16,-1.0,-0.031222399361264863,-0.5426559716039259,-4.903004549133121,4,-0.02614572061666042,-0.014745613145919847,-0.03566010786447047,-0.05006206690647736,0.032269997279659096,2.1145930460848876,0.9869323257785694,fail: 2024
117,"div(ts_decay(ts_corr(ch,mul(turn,cl),5),60),add(ts_min(ts_max(lcap,40),3),ts_min(abs(cumr),20)))",14,1.0,0.04653267946253257,0.5563321753889564,4.897858354919894,4,0.028013228633059686,0.04428579841468314,0.041509797775200065,0.07486641708481213,0.0002534131130216247,0.007695715114165777,0.9963667711777124,duplicate
529,"add(uplim,add(add(ts_corr(lmoney,slog(hl),10),mul(cumr,cumr)),ts_corr(vwapc,sign(iret),40)))",15,-1.0,-0.03034637539966205,-0.507102020213948,-4.896515740217721,4,-0.037824508678833975,-0.021520904191087455,-0.03316005252682688,-0.02874679735473426,0.004649344503052393,0.31674571005360086,0.999965858460558,fail: 2024
789,"add(add(ts_std(ts_decay(div(iret,lmoney),40),60),ts_min(ts_std(cs_z(lmoney),10),20)),ts_corr(add(iret,dnlim),ts_rank(vwapc,10),40))",17,-1.0,-0.032007254062626986,-0.5491137860586426,-4.895207542849329,4,-0.019026729463189535,-0.05489021888191509,-0.020814466277007032,-0.03337540641871894,-0.014839908341406761,-0.5131957474559162,0.9939597926470505,fail: 2024
577,"add(ts_max(ts_corr(abs(ts_decay(hl,5)),lmoney,20),5),add(ts_corr(cs_rank(slog(ret)),lmoney,40),mul(cumr,cumr)))",16,-1.0,-0.027809222297406167,-0.4644205887794421,-4.893096458162294,4,-0.03999849389103115,-0.026867385012850523,-0.027206791584365057,-0.016101809154655488,-0.0008403637430133358,-0.05105005755906133,0.9918913843825218,fail: 2024
285,"add(add(sub(add(ts_std(lmoney,10),ts_std(lmoney,5)),turn),mul(cumr,cs_rank(hl))),ts_std(lmoney,20))",15,-1.0,-0.035230704001020685,-0.5247637232998722,-4.87991884460873,4,-0.030256210038108595,-0.024408754964748113,-0.04682219256432862,-0.03990670136066482,-0.017696464529610767,-0.5562907124727778,0.9999502102549804,fail: 2024
174,"div(ts_decay(ts_corr(ch,mul(turn,cl),5),60),ts_decay(ts_min(ts_corr(iret,oret,10),5),40))",12,-1.0,-0.02033741090675409,-0.48336214510778713,-4.878612287641887,4,-0.015805931022737335,-0.0207747054933532,-0.005430164490244652,-0.04116293425547703,-0.018944670971271234,-2.9838788376755105,0.9963667711777124,"passed, not chosen (corr / cap)"
493,"add(ts_std(add(lmoney,dnlim),20),add(add(mul(cumr,cumr),mul(cumr,cumr)),ts_corr(vwapc,cs_rank(cl),40)))",17,-1.0,-0.035482716293579165,-0.5597303855821119,-4.877194252057262,4,-0.025214163088169067,-0.027913794510493844,-0.054105444730948346,-0.034703558557656305,0.0069442260272935775,0.40470630643025846,0.9918913843825218,fail: 2024
491,"add(slog(slog(cl)),ts_corr(vwapc,ch,40))",7,-1.0,-0.029509315292360578,-0.5205078249828867,-4.864591429696332,4,-0.03544854991321946,-0.025652195428278433,-0.015339481890692726,-0.042736219352572664,0.00007680527044394859,0.006012763107245393,1.0,duplicate
184,"add(ts_decay(ts_delay(abs(cumr),5),40),mul(ts_std(cs_z(ch),5),lcap))",10,-1.0,-0.031686137084428356,-0.4678261828507831,-4.8642779154385645,4,-0.0433260416223978,-0.019037538683340155,-0.041474011966062437,-0.022077299470774095,0.00391421108021995,0.26254615101572526,0.9992161671569771,fail: 2024
301,"add(ts_max(add(div(turn,cumr),ts_max(lmoney,5)),3),abs(add(cumr,cumr)))",12,-1.0,-0.029958166452433273,-0.497899705812392,-4.8556702377583,4,-0.027377643266415133,-0.008205532393472867,-0.04398254452723998,-0.041356617657983326,0.001368501427877332,0.09120427916560264,0.999311478954586,fail: 2024
547,"add(add(mul(cumr,cumr),add(ts_decay(iret,5),ts_corr(vwapc,add(lmoney,oret),40))),ts_corr(cs_rank(cl),lmoney,40))",17,-1.0,-0.02634980774373511,-0.49609394438230997,-4.855540108952308,4,-0.012322167741372384,-0.024844773398373213,-0.039859997221506356,-0.0286347580282439,-0.004116520527202746,-0.3524072140978685,0.9918600879713666,fail: 2024
568,"add(ts_corr(hl,cs_rank(dnlim),20),add(add(add(ret,ts_std(lmoney,5)),mul(cumr,cumr)),add(ret,ts_std(ts_std(lmoney,5),10))))",19,-1.0,-0.031611348029504195,-0.4826546206017141,-4.846326994601118,4,-0.037927162569256836,-0.01586742349247565,-0.04106834250892424,-0.03162237999927067,0.03145558195541838,0.9690977661283425,0.9960964839904631,fail: 2024
782,"ts_std(cs_z(add(ts_corr(iret,ch,5),add(cumr,lmoney))),20)",9,-1.0,-0.028033349143873086,-0.5195408325254579,-4.845285356289923,4,-0.03553207108842922,-0.02659034483429857,-0.038655082372879256,-0.009743761692651256,-0.021900253001536238,-1.3106470608844873,0.9960694552717382,"passed, not chosen (corr / cap)"
791,"add(ch,ts_decay(add(ts_std(ts_corr(iret,vwapc,20),60),mul(hl,lcap)),40))",11,-1.0,-0.02837107291683763,-0.5217519987502308,-4.843531608311219,4,-0.02815131148194186,-0.03740361423726067,-0.01115210166127394,-0.03753616582029141,-0.016679818137331968,-0.9261852965030043,0.9999217589721121,fail: 2024
531,"add(ts_max(slog(ts_std(add(lmoney,dnlim),5)),5),add(ts_corr(ts_corr(ts_decay(iret,5),sign(iret),40),lmoney,40),mul(cumr,cumr)))",18,-1.0,-0.026317189754214695,-0.5177113573829496,-4.831412178383186,4,-0.031516365540441925,-0.009506757630966124,-0.031609719861366146,-0.03328887755496373,0.016955352220679024,1.0719687838016054,0.9999103784589647,fail: 2024
564,"add(ts_corr(slog(mul(sub(lcap,iret),ts_delay(iret,60))),hl,40),add(mul(cumr,cumr),ts_std(add(lcap,lmoney),3)))",18,-1.0,-0.02913412586198352,-0.48219790257253287,-4.830612661727918,4,-0.031425785946893534,-0.014794219709991221,-0.04098973493424742,-0.02939958468014248,-0.0023290639142300386,-0.13559788103395892,0.9999089558948213,fail: 2024
197,"div(ts_decay(ts_corr(mul(ts_std(lmoney,10),cl),ch,5),60),ts_std(cs_z(iret),5))",11,1.0,0.0312130524504915,0.45817126764813015,4.824373364370605,4,0.05156093117450017,0.033604117426082276,0.02618216465165731,0.011719439456442675,-0.0006175498688557687,-0.04469894713729713,0.9991820256175351,fail: 2024
768,"add(add(ts_decay(ts_corr(iret,vwapc,20),40),ts_std(cs_z(lmoney),10)),add(ts_std(cs_z(lmoney),3),cumr))",14,-1.0,-0.04329175589737516,-0.5507189328017873,-4.814001642935884,4,-0.02075624585423787,-0.041407327533463864,-0.05619578373128108,-0.056012435974785,-0.020480164979390664,-0.6806252516346099,0.9981321732796932,fail: 2024
530,"add(slog(cl),add(mul(ts_std(lmoney,5),mul(cumr,cumr)),ts_corr(vwapc,slog(cl),40)))",14,-1.0,-0.027596457691981283,-0.5020317060718926,-4.813434612667938,4,-0.01597378856513013,-0.034674256332070136,-0.035007891916664015,-0.024478070569402176,-0.01408033834889371,-1.0329482502101213,0.9999687035888448,duplicate
569,"add(ts_corr(hl,add(ret,ts_std(lmoney,5)),20),add(mul(cumr,cumr),ts_std(add(lcap,lmoney),3)))",15,-1.0,-0.02589748470405851,-0.4662309787996179,-4.80326113510287,4,-0.030312472754138918,-0.010784479088353931,-0.03724457871641248,-0.02523513862920337,-0.005926587484035287,-0.3550521222003902,0.999972971281275,fail: 2024
340,"ts_corr(div(cumr,ts_corr(cl,ch,20)),div(ts_decay(cl,20),div(turn,cumr)),10)",12,1.0,0.021047285111755715,0.4496942852917736,4.796776412385903,4,0.02357706189437754,0.018739445353934826,0.02427715481925671,0.01726647440477894,-0.005485462322694194,-0.6082755044252274,0.9998762369195227,fail: 2024
557,"add(add(ts_corr(lmoney,cs_rank(cl),40),sub(cumr,cumr)),cs_rank(lmoney))",11,-1.0,-0.03069022831336487,-0.4605123020834822,-4.7960409183652395,4,-0.028383505269439523,-0.03871210078471266,-0.027530528744088116,-0.027866092498438712,0.00669203596580742,0.4773113509932024,0.9918913843825218,fail: 2024
558,"add(add(ts_corr(ts_delta(lmoney,10),slog(abs(cl)),40),mul(cumr,ts_std(lmoney,5))),ts_std(cs_rank(slog(cl)),5))",16,-1.0,-0.029451890412295578,-0.48012151824459415,-4.792606594943533,4,-0.02641890613769886,-0.03502548495683639,-0.02664492680972119,-0.029732057363547098,0.005677779901956315,0.24243013737509247,0.9985888163697301,fail: 2024
250,"add(abs(abs(slog(mul(cumr,lcap)))),ts_min(cs_z(ts_std(lmoney,20)),60))",11,-1.0,-0.04141164547099038,-0.5672248987218627,-4.773038845508783,4,-0.024239518311808417,-0.02520626844833351,-0.06355962179329877,-0.053859261969579554,-0.00020390086858933665,-0.010167037254423835,0.9881087863251754,duplicate
323,"add(abs(cs_z(ret)),abs(cumr))",6,-1.0,-0.03251501473530092,-0.4491860224098851,-4.768882808262031,4,-0.04290333369683566,-0.018538409822482477,-0.04381282959173043,-0.024089142748450216,-0.0011820945808689249,-0.08835492895467477,1.0,duplicate
139,"add(ts_std(iret,40),div(ts_decay(ts_corr(ch,mul(iret,cl),5),40),add(ts_std(lmoney,60),ts_min(ts_std(lmoney,5),20))))",16,1.0,0.03258995557018747,0.5341401692867488,4.76345755402911,4,0.037605697151225345,0.04312117685517871,0.03177674545825667,0.016385814713364744,0.00694237869879235,0.4094559004646606,0.9998492082007978,fail: 2024
156,"div(ts_decay(ts_corr(ch,cl,5),60),ts_std(add(ts_mean(cumr,60),cs_rank(lcap)),5))",11,1.0,0.041283274052584105,0.49639843247756177,4.759243007912488,4,0.06036036808094979,0.026846561060949858,0.030304242615070393,0.04820324245055956,-0.009364767955632973,-0.40766196811556704,0.9991962512589693,fail: 2024
786,"add(ts_decay(sub(cs_z(lmoney),ts_corr(cl,ch,20)),40),add(mul(hl,lcap),ts_std(lmoney,10)))",14,-1.0,-0.03403113259106322,-0.537507854044186,-4.755480033337019,4,-0.042349515119507554,-0.04446739134003525,-0.0062567274449854965,-0.04382311546408869,-0.00012851106787808408,-0.008582991448004772,0.9918572428430797,fail: 2024
152,"div(ts_decay(ts_corr(ts_corr(hl,cl,5),ch,5),60),abs(ts_std(cs_z(lmoney),5)))",11,1.0,0.024860364741064782,0.4986187075446716,4.751971875573876,4,0.024672418477544523,0.010577003144464598,0.010721525072730108,0.05625460460417002,0.012184482308687237,0.6636476332307593,0.9991877158741088,fail: 2024
188,"add(ts_std(ts_corr(cl,ch,5),5),ts_decay(cs_rank(ts_std(abs(lmoney),5)),40))",10,-1.0,-0.02670001464961104,-0.4638139637427262,-4.751351076507124,4,-0.029594754803314454,-0.021473301592044133,-0.029548751197009462,-0.02614469868204729,-0.015689534360421212,-1.3779030055331076,0.9918074530980602,"passed, not chosen (corr / cap)"
508,"add(add(oret,ts_std(add(lmoney,dnlim),5)),add(ts_corr(cl,lmoney,40),add(cumr,ts_corr(vwapc,iret,40))))",16,-1.0,-0.04056810580226014,-0.5417248177683737,-4.749717321455445,4,-0.014789849309535284,-0.047244174819614036,-0.04487898130420103,-0.05685136229567845,-0.007568680655871775,-0.24656157287660724,0.9999687035888448,duplicate
251,"ts_corr(div(cumr,ts_corr(cl,ret,20)),lprice,40)",7,1.0,0.032943268218628516,0.5489716297310387,4.741248827140166,4,0.004364614631480503,0.0227101646422901,0.05684413356886415,0.04944665091532616,-0.013034237568199264,-0.5786947381676549,0.9992588440812796,fail: 2024
138,"div(ts_decay(ts_corr(ch,add(cumr,hl),5),60),slog(ts_std(cs_rank(lmoney),5)))",11,1.0,0.02885611785035502,0.5158440240258563,4.7351932335301,4,0.021078775089687796,0.029971281575734168,0.020409005983806724,0.045431278833521035,0.01970605482979429,1.8616432117775898,0.9991877158741088,"passed, not chosen (corr / cap)"
273,"add(add(cumr,ts_max(lmoney,5)),ts_min(cs_z(ts_std(lmoney,10)),60))",9,-1.0,-0.041628142856192714,-0.5215474573160228,-4.7219981644662985,4,-0.019429597537485507,-0.030796382112122895,-0.05461887638940868,-0.06372138655853007,-0.02001050234839691,-0.7652497540307178,0.98807322222159,fail: 2024
540,"add(add(ts_corr(slog(cl),lmoney,40),mul(cumr,cumr)),add(ts_corr(cs_rank(slog(cl)),cumr,40),mul(cumr,cumr)))",18,-1.0,-0.030887205800631392,-0.5095891139924223,-4.721943344702646,4,-0.03358951729880176,-0.025640245664658418,-0.044015797094176405,-0.019309063384107133,0.006534303571687531,0.4633934205406502,0.9918913843825218,fail: 2024
186,"div(ts_decay(ts_corr(ch,mul(turn,iret),5),60),ts_decay(ts_std(cs_z(sign(oret)),5),10))",12,1.0,0.026266346421062448,0.47338973769472664,4.712812811190999,4,0.04072501726780056,0.03496568102160576,0.01688887865219096,0.011071558531367945,0.0022405575263172777,0.10380556405096103,0.9963312070741269,fail: 2024
562,"add(ts_corr(hl,cs_rank(slog(cl)),40),add(mul(cumr,cumr),ts_corr(hl,ts_delay(ts_std(iret,20),60),40)))",15,-1.0,-0.0277120875050775,-0.4711138682849714,-4.712511093442507,4,-0.023274113622699086,-0.02534606830679731,-0.0213745438718922,-0.04213315482557924,0.010192459124272527,0.5121872950394022,0.9918330592526416,fail: 2024
563,"add(add(ts_corr(hl,ts_std(lmoney,10),20),add(mul(cumr,cumr),add(dnlim,iret))),add(oret,mul(cumr,cumr)))",18,-1.0,-0.026017231608053786,-0.4827067373887112,-4.710190239822523,4,-0.02737357866123449,-0.011411188511314464,-0.03460878677684708,-0.031177954629487126,0.006511691651677495,0.3367045559791204,0.9998335599952202,fail: 2024
355,"abs(div(sub(cl,add(vwapc,vwapc)),ts_mean(ts_mean(div(turn,cumr),10),60)))",12,-1.0,-0.031554966060197774,-0.4381372328878347,-4.709960628756138,4,-0.026982412037320835,-0.026690510428046384,-0.03634990832392196,-0.03668083627897892,0.010967545528165002,0.4120320539136136,0.9999743938454185,fail: 2024
520,"add(add(ret,ts_std(ts_std(lmoney,5),5)),add(mul(cumr,cumr),iret))",11,-1.0,-0.03575499416791055,-0.5035070888574469,-4.706270009856562,4,-0.04103326305527316,-0.014944507329091871,-0.05004705704098244,-0.03718327356574054,0.006621225537259207,0.402370421644194,0.999955900511554,duplicate
129,"add(add(ts_delay(ts_min(abs(cumr),40),5),ret),sub(cs_rank(lmoney),ts_min(lmoney,20)))",12,-1.0,-0.038476365447050874,-0.5293004056597927,-4.698273814150688,4,-0.03769466717668316,-0.014909968603344408,-0.06370674788303411,-0.0376204132443906,0.0015441603669280406,0.09257429287335577,1.0,fail: 2024
177,"div(cs_z(ts_mean(ts_std(lmoney,3),20)),div(ts_decay(ts_min(abs(cumr),3),3),ts_std(mul(ts_corr(ch,cl,5),cl),5)))",16,-1.0,-0.029909864629560433,-0.4991874906248522,-4.6963625595262775,4,-0.021663874472417667,-0.02273228015822987,-0.04864514982500999,-0.026353256563588605,0.003959171499264726,0.22035888061246542,0.9966285229801012,fail: 2024
143,"div(ts_decay(ts_std(lmoney,3),60),add(ts_min(abs(cumr),40),ts_decay(ts_corr(ch,sub(turn,cl),5),60)))",14,1.0,0.026883097730362134,0.5201622295574516,4.692488212690065,4,0.02749087625307605,0.036324422030878316,0.02885296114170558,0.013676586727692315,0.007050133509771073,0.6022738839702464,0.9999800841019921,fail: 2024
281,"add(div(ts_std(lmoney,20),abs(cumr)),ts_max(div(cumr,div(turn,cumr)),3))",12,-1.0,-0.03408052621242648,-0.5217618851932715,-4.690821124201826,4,-0.028464642782128367,-0.02201135504457605,-0.04989877671834605,-0.03620474180028873,0.011478525379407157,0.38574062541923654,0.9968077660621717,fail: 2024
97,"ts_min(ts_decay(ts_mean(ts_std(lmoney,5),3),40),60)",5,-1.0,-0.035861780041324204,-0.5533655979927795,-4.687301441700951,4,-0.02149149682073386,-0.03769279211270192,-0.04001562217224489,-0.045100753315423125,-0.005124867154504973,-0.5644129487993423,0.9999302943569726,fail: 2024
194,"div(ts_decay(ts_delay(ts_corr(cl,vwapc,10),10),60),slog(ts_decay(add(ch,ts_rank(lmoney,5)),40)))",12,-1.0,-0.03355041652670081,-0.4667900400940564,-4.679584330284266,4,-0.013629226940909185,-0.047633621087814,-0.03743833637333808,-0.03571219823760867,-0.010253631332089832,-0.8264220061136516,0.9999516328191238,fail: 2024
543,"add(ts_std(add(lmoney,dnlim),5),add(ts_corr(ts_mean(abs(ret),10),slog(cs_rank(cl)),40),mul(cumr,cumr)))",16,-1.0,-0.03080778147340951,-0.49952899102531456,-4.677926777391074,4,-0.02961445439855066,-0.0127377436709985,-0.03936972320373247,-0.04261324647991819,0.01445817580034143,0.7867509596368951,0.9918600879713666,fail: 2024
591,"add(ts_corr(oret,cs_rank(slog(cl)),20),add(add(ret,ts_std(lmoney,5)),mul(cumr,cumr)))",14,-1.0,-0.024451665153893604,-0.44609668474881903,-4.6775701536093175,4,-0.01811866802032874,-0.016652341462983635,-0.039479124603427736,-0.023535415260500497,0.03152874319338443,1.527432033737772,0.9961292029657617,fail: 2024
307,"add(abs(div(vwapc,div(turn,cumr))),sub(add(ts_min(ret,3),ts_min(ts_std(lmoney,20),60)),turn))",15,-1.0,-0.03588799698060198,-0.5042449419049444,-4.669888334663556,4,-0.02630670608541475,-0.022462353295476058,-0.05098455418372712,-0.044654142952818325,0.00786644526666696,0.28736838997179337,0.9969955445291028,fail: 2024
302,"add(add(add(hl,div(cl,div(turn,cumr))),abs(abs(mul(cumr,lcap)))),abs(ts_max(ts_delta(lmoney,3),5)))",18,-1.0,-0.03952780591582165,-0.520245979931473,-4.667257592057772,4,-0.02832189555366264,-0.02127936741824879,-0.0525152856890066,-0.057692677715840135,-0.0021161112021201825,-0.09460539099748619,0.9969841640159555,fail: 2024
336,"sub(div(hl,cumr),add(add(cs_rank(cumr),lmoney),abs(cumr)))",11,1.0,0.029693352549304313,0.4495761150407355,4.6324856893855095,4,0.017259561088091385,0.005348152581131284,0.04546495295641559,0.052863341774733535,0.006824950066529956,0.5374444285250513,0.9970652501721302,fail: 2024
398,"add(ts_max(add(div(turn,cumr),ts_max(lmoney,5)),3),abs(add(cs_rank(iret),cumr)))",13,-1.0,-0.026727634231207005,-0.3973581479522503,-4.6308687459170805,4,-0.011396319163043853,-0.016097220176842387,-0.031560221328212464,-0.04998199667147365,-0.00936232180739184,-0.4493878208517959,0.999311478954586,fail: 2024
560,"add(ts_max(slog(ts_delta(lprice,10)),5),add(ts_corr(ts_corr(ts_decay(iret,5),slog(iret),40),ret,40),mul(cumr,cumr)))",16,-1.0,-0.02941409722917966,-0.47851851236117265,-4.625859039031302,4,-0.026146170525125217,-0.0230059695112473,-0.032367564434852364,-0.0368192653774602,-0.00650788752132462,-0.33335311409860996,0.9998648564063753,fail: 2024
576,"add(ts_std(mul(mul(cumr,cumr),cumr),5),add(ts_std(cs_z(cl),3),mul(cumr,cumr)))",14,-1.0,-0.033884591678208606,-0.45806272853602487,-4.622035797684762,4,-0.04663997954038202,-0.01353052952340907,-0.045049930629784664,-0.03001339632448344,0.0038406517935023385,0.22735114890106747,0.9995419343458196,duplicate
567,"add(ts_corr(hl,cs_rank(slog(ts_z(cumr,60))),40),add(mul(cumr,cumr),ts_corr(hl,slog(cl),20)))",15,-1.0,-0.02879471907481112,-0.466728012043543,-4.620933285342296,4,-0.034336473970767875,-0.025479065802198265,-0.03379749410212317,-0.02086886273507317,-0.0009277895508055909,-0.03515796773523816,0.9918444397657891,fail: 2024
319,"abs(add(ret,add(add(sub(cumr,ch),turn),div(cl,abs(cumr)))))",13,-1.0,-0.029020024106310903,-0.4781198926347312,-4.61747356682253,4,-0.024497093210257795,-0.016940620493389562,-0.03556299150996208,-0.04011038235969192,-0.006663716036686252,-0.547813007256577,0.9970652501721302,fail: 2024
306,"add(cs_z(ts_corr(hl,lcap,20)),abs(mul(cumr,lcap)))",9,-1.0,-0.031151896525622804,-0.4814872968071449,-4.608027157521815,4,-0.04391976522748026,-0.019107298995463998,-0.03898991351317728,-0.021773819576704462,0.01589984707427643,0.7750566707273677,1.0,duplicate
583,"cs_z(ts_max(add(lmoney,add(cumr,ts_corr(hl,cl,5))),5))",9,-1.0,-0.03171891498697313,-0.43179295775779,-4.607734663920123,4,-0.01637655953970573,-0.01589211213088416,-0.04433144305203464,-0.0521798818465691,-0.020457996118695757,-0.8576449709315873,0.9999061107665345,duplicate
294,"ts_min(cs_rank(ts_z(ret,5)),60)",4,1.0,0.02026420744643284,0.48333235906869526,4.604771226127469,4,0.017915665708006064,0.02647899833235721,0.026632561788123104,0.009039590733623074,0.02334496298316567,1.6793112190856272,0.9881059411968885,"passed, not chosen (corr / cap)"
359,"add(ts_rank(oret,5),ts_min(cs_z(ts_std(lmoney,20)),60))",7,-1.0,-0.021614359869252513,-0.412845164986796,-4.603625815157913,4,-0.013979560697744428,-0.01815056860562028,-0.02882881730954617,-0.025917793241144068,-0.01651390163808412,-1.9415809579848315,0.9880803350423071,"passed, not chosen (corr / cap)"
133,"ts_decay(ts_delay(ts_corr(mul(iret,cl),vwapc,10),5),40)",7,-1.0,-0.028828200861618646,-0.5056988497384656,-4.603254369170163,4,-0.023152550249580878,-0.03274853446426487,-0.0169035329632336,-0.043816036448457225,-0.011543648916389372,-0.955430250985591,0.9999615907681277,fail: 2024
299,"abs(ts_min(ts_corr(div(cumr,ts_corr(cl,ch,20)),lprice,10),40))",9,-1.0,-0.01838946884366864,-0.48666473455729703,-4.595891796406682,4,-0.008981855854573142,-0.03580068158816523,-0.009167513242453214,-0.01968738067593864,0.012844353500749427,1.3024477933373457,0.9989686409960226,fail: 2024
320,"sub(div(hl,cumr),sub(ts_std(lprice,20),add(abs(cumr),div(ts_std(lmoney,10),ts_rank(dnlim,5)))))",15,-1.0,-0.026896011786428902,-0.48579090971699007,-4.588994031158501,4,-0.022349205190495974,-0.016242099867428465,-0.036951396304273146,-0.0325990504552547,-0.0015569679699553708,-0.08687442490386281,0.9970154604271106,fail: 2024
122,"ts_decay(ts_min(ts_std(lmoney,10),40),60)",4,-1.0,-0.030821036929927704,-0.5208709492042278,-4.586442826850595,4,-0.025756784215202524,-0.0224471501703937,-0.039031810278099655,-0.03660592716516468,-0.018547890461587276,-1.4787783874443872,0.9999288717928292,"passed, not chosen (corr / cap)"
304,"add(abs(cumr),ts_max(ts_corr(lcap,iret,20),5))",7,-1.0,-0.03283648537580838,-0.47597946487519754,-4.570184984396421,4,-0.042649902580373,-0.014978905299912233,-0.05506155629883917,-0.017344469151193486,0.020707188292124153,1.3318886976044912,1.0,duplicate
526,"add(ts_std(cs_rank(slog(ts_delta(lmoney,40))),3),mul(cumr,cumr))",9,-1.0,-0.03147968104901105,-0.4874028280169781,-4.563320783081895,4,-0.02507734951051048,-0.01943124614417272,-0.04361681126237054,-0.03847674319425248,0.010954743435704338,0.7613607397664995,0.9986514091920404,fail: 2024
334,"add(abs(div(vwapc,ts_decay(div(iret,cumr),10))),add(cs_z(add(ts_std(lmoney,20),cumr)),add(ts_max(lmoney,3),abs(cumr))))",19,-1.0,-0.035469073014326655,-0.4824186148419568,-4.558330681486224,4,-0.014251704468063849,-0.01816388853675199,-0.052067135126942825,-0.059651196785998103,-0.008466240934915924,-0.4161680419920631,0.9999061107665345,fail: 2024
378,"add(abs(add(add(cumr,dnlim),cs_rank(iret))),cs_rank(ts_std(lmoney,20)))",11,-1.0,-0.032322654596276,-0.4129697273654057,-4.543439997804274,4,-0.025853530274766497,-0.026254958295888066,-0.036578220903126846,-0.04144754312506864,-0.007771419142098988,-0.31507803375456256,1.0,fail: 2024
278,"ts_min(ts_std(lmoney,10),60)",3,-1.0,-0.02578282182050366,-0.505718788082702,-4.537359014221036,4,-0.021749254860149024,-0.02151910357841735,-0.03251072807697635,-0.027538871549584006,-0.01716693040384907,-1.253825678402073,0.9999743938454185,duplicate
575,"add(ts_std(add(lmoney,dnlim),3),add(add(ts_std(lmoney,5),mul(cumr,cumr)),ts_corr(mul(cumr,cumr),cs_rank(cl),40)))",18,-1.0,-0.02737798102784707,-0.47508762498285245,-4.534202624290591,4,-0.019707174914772082,-0.020204662777475797,-0.039779093638586824,-0.030120302152364806,0.007194694374847053,0.3479405241625992,0.9918515525865061,fail: 2024
145,"add(add(ts_std(lmoney,3),ts_min(abs(cumr),20)),add(slog(cumr),ts_min(ts_std(cs_z(lmoney),5),5)))",14,-1.0,-0.04027755033082277,-0.5191456537533974,-4.524290010814605,4,-0.0151469033849119,-0.030304238368822223,-0.06045869403277728,-0.05677721204462133,-0.010158053178938604,-0.3471663690012409,0.9984807014948304,duplicate
287,"ts_corr(cumr,mul(cumr,sub(ts_delta(lmoney,3),ts_max(lmoney,5))),40)",9,-1.0,-0.02714403121150651,-0.49901032794984823,-4.504527960224484,4,-0.01258686886357293,-0.016529923138197188,-0.060603572596102655,-0.01818208414041943,0.014886583753341832,0.7611352136864278,1.0,duplicate
593,"add(ts_corr(vwapc,ts_corr(hl,cs_rank(abs(cl)),20),40),add(ts_corr(lmoney,cl,40),add(slog(cl),add(uplim,ts_std(turn,5)))))",19,-1.0,-0.02412938493577039,-0.46532413410963763,-4.495973680612283,4,-0.022468884675887507,-0.02691590354935129,-0.024773912502588463,-0.022185501989532404,0.0038464294452977693,0.3375708966091235,0.9869024519315576,fail: 2024
333,"abs(div(cs_z(ts_delta(cl,40)),ts_mean(ts_mean(div(turn,cumr),3),3)))",10,-1.0,-0.028194135946124247,-0.44771082004073676,-4.490133909319116,4,-0.024969292302887098,-0.015848215014976547,-0.04124868041806862,-0.031019909834653577,0.01149056539570542,0.4940737236806233,0.9983583609784965,fail: 2024
322,"abs(mul(sub(cumr,add(vwapc,cs_rank(lmoney))),ts_min(cs_rank(ts_std(lmoney,5)),60)))",12,-1.0,-0.02349145836310541,-0.47025066902484486,-4.483775961662778,4,-0.022807239465235347,-0.009249211601390663,-0.03270563596935581,-0.02981408358738827,0.009267158416253663,1.0436234159335698,0.9881059411968885,fail: 2024
286,"ts_corr(vwapc,ch,40)",3,-1.0,-0.027822974388579887,-0.49230377455709146,-4.473282435696651,4,-0.0312666827762488,-0.02393072794602107,-0.014591199300547269,-0.042805256373385954,-0.0006476521910256727,-0.04507032817552003,1.0,fail: 2024
175,"ts_std(ts_std(cs_z(mul(cumr,cs_rank(lmoney))),5),5)",7,-1.0,-0.028649287607837436,-0.4633077843010041,-4.471624819426045,4,-0.02611211630939257,-0.013174547283136988,-0.04594601081284475,-0.02951393696898015,0.0062757417014684125,0.39521723218157034,0.9984892368796909,fail: 2024
585,"add(add(mul(cumr,cumr),ts_std(sub(lcap,lmoney),3)),ts_corr(cs_rank(slog(cl)),ts_corr(lmoney,slog(cl),40),40))",17,-1.0,-0.029196689782089166,-0.4621484936806762,-4.4570701423606165,4,-0.024860156413767518,-0.027773583360560575,-0.031558082082231646,-0.03294390938525263,0.004384806864959192,0.28944337303024226,0.9918387495092154,fail: 2024
524,"add(slog(lcap),add(ts_corr(slog(cl),lmoney,40),mul(cumr,cumr)))",11,-1.0,-0.04377676951935715,-0.49624675508718114,-4.456416426941836,4,-0.03209449487585965,-0.0437243273007442,-0.04785581306681375,-0.05221300327052611,0.01607290032539386,0.43099147189288484,1.0,fail: 2024
573,"add(add(mul(cumr,cumr),ts_std(ts_std(lmoney,5),3)),ts_corr(ts_delta(lmoney,10),slog(ts_rank(ret,3)),40))",14,-1.0,-0.02674387208770482,-0.4599389869931121,-4.447652331501953,4,-0.018758797008446477,-0.01936227353355297,-0.045473994306805314,-0.023130352250131783,0.0111192802705526,0.6490303249292985,0.9991934061306824,fail: 2024
292,"add(add(abs(ts_max(lmoney,10)),abs(abs(mul(cumr,lcap)))),div(cumr,ts_corr(ch,cl,20)))",15,-1.0,-0.0335768600071204,-0.5162975580652458,-4.442514014916272,4,-0.012861393710596313,-0.021972489939933573,-0.04343051984227909,-0.05832407519387764,-0.0021729020038893554,-0.08408227744514125,0.999965858460558,fail: 2024
187,"add(ts_std(cs_rank(lmoney),5),ts_mean(ts_corr(hl,cl,5),40))",8,-1.0,-0.027172946906154825,-0.4570872212884351,-4.4353686152802485,4,-0.035845376820331766,-0.03481863687989717,-0.024702369552200672,-0.011935736892093816,0.015103277863370469,0.8013797912812732,0.9992161671569771,fail: 2024
544,"add(slog(ts_corr(lmoney,hl,20)),ts_max(mul(cumr,cumr),5))",9,-1.0,-0.029605695032869844,-0.47116149348275993,-4.40907742899562,4,-0.04358124964388563,-0.009699142498734378,-0.03560756104406593,-0.029554929967750523,0.001758207794006522,0.10626148468413567,0.9999687035888448,fail: 2024
555,"add(ts_std(cl,5),add(ts_corr(ts_z(ts_rank(turn,10),60),cs_z(slog(cl)),40),mul(cumr,cumr)))",14,-1.0,-0.028567564760235916,-0.4745306791320599,-4.397628946090325,4,-0.04086726941427009,-0.017022441420249005,-0.03648181101052314,-0.019071588054883012,0.030291051128447242,1.9637251219613614,0.9918060305339168,fail: 2024
198,"div(ts_decay(ts_decay(slog(lmoney),40),60),ts_std(cs_rank(lcap),20))",8,1.0,0.028960441329970478,0.4457597062962248,4.395762721655821,4,0.04356834716992376,0.024971834759230566,0.011454272884263393,0.03645366776183593,0.02757918919261879,1.8248591525660696,0.9957095465434537,"passed, not chosen (corr / cap)"
182,"ts_min(ts_delay(ts_corr(ch,cl,10),5),20)",5,1.0,0.023119720001625255,0.46070214322844955,4.382570774753545,4,0.022397054571307688,0.041253185771365455,0.004889321657309448,0.023938416457936228,-0.006663552631123088,-0.42429159799368404,0.999802263584065,fail: 2024
291,"ts_corr(div(cumr,lmoney),lprice,10)",5,1.0,0.03210569566810104,0.48468920023953754,4.367080398665881,4,0.0087976767332862,0.022051830283546275,0.06155518726497448,0.036540812967483134,-0.00777449827988651,-0.3348750336464647,0.999965858460558,fail: 2024
522,"ts_corr(cl,ch,40)",3,1.0,0.025957968298356414,0.4849548394492684,4.357865498586527,4,0.02303151341362132,0.03872429520201821,0.007847378228493766,0.03497006737667123,0.0028050791185635785,0.08590881976612356,1.0,fail: 2024
584,"add(abs(mul(cumr,cumr)),ts_rank(ts_corr(cl,add(lmoney,ts_min(lcap,40)),40),40))",12,-1.0,-0.027911673305489902,-0.44264946842564445,-4.356519940385558,4,-0.02272746363366232,-0.013773616661009002,-0.039967680555476795,-0.03595582244741811,0.0014901915659951005,0.10901649305290605,0.9999217589721121,fail: 2024
373,"add(div(cl,mul(ret,lcap)),abs(mul(cumr,lcap)))",10,-1.0,-0.026298030068320998,-0.41234755457134764,-4.341464990131648,4,-0.0233544437607574,-0.007714300699483646,-0.040293424355139384,-0.034643063063594215,0.011310103206897399,0.6310928638347472,0.9420589624386163,fail: 2024
570,"add(mul(cumr,cumr),add(slog(cl),ts_corr(ts_decay(sign(iret),5),slog(slog(cl)),40)))",14,-1.0,-0.02471526550381514,-0.4611259427091555,-4.340218030100846,4,-0.023650201920162667,-0.009239358353666164,-0.020893251673524817,-0.04708804032392378,0.009463299889822292,0.46487347974684,1.0,fail: 2024
326,"add(ts_max(add(ts_std(turn,20),sub(ts_max(lmoney,5),turn)),20),ts_max(abs(mul(cumr,mul(cumr,lcap))),5))",16,-1.0,-0.032331762192262366,-0.4839427342718605,-4.34015178167919,4,-0.044599253434324714,-0.014252987425700558,-0.03600117941156091,-0.0347034496555344,0.0064215120468056885,0.39963139454293845,0.9997738123011967,fail: 2024
375,"abs(ts_corr(ret,ch,20))",4,1.0,0.024251990100272316,0.3991488852300046,4.338207469940516,4,0.01532114068830219,0.03281189910260244,0.03110600831006338,0.017154551696530608,0.022883635295325326,0.9404611255949882,1.0,fail: 2024
328,"add(sub(add(abs(ts_delay(cumr,10)),ts_max(lmoney,5)),turn),ts_min(div(turn,cumr),60))",13,-1.0,-0.027417814978328382,-0.4713404433465906,-4.337316349285391,4,-0.007531761139116984,-0.018569731861621204,-0.04714336041950236,-0.03741244522051894,0.011736387765136172,0.5648167120804991,0.9998420953800807,fail: 2024
553,"add(ts_std(lmoney,5),add(mul(cumr,cumr),ts_corr(vwapc,cumr,40)))",10,-1.0,-0.0345392601325133,-0.460370473918647,-4.335971612218077,4,-0.024864137174495506,-0.01971698717219916,-0.03218214283697307,-0.0640564076152074,-0.007111654758592436,-0.31599985177913353,0.9999687035888448,fail: 2024
559,"add(turn,add(add(ts_corr(vwapc,slog(iret),40),mul(cumr,cumr)),ts_corr(ts_delay(vwapc,40),ts_decay(ts_std(cl,5),5),40)))",17,-1.0,-0.031062150593096503,-0.48357677626326795,-4.3214384810773705,4,-0.02413467943641777,-0.02203719265788155,-0.03583771400302764,-0.04337325432217718,0.017363071215536017,0.9379243867081828,0.9999288717928292,fail: 2024
327,"add(add(div(turn,cumr),abs(abs(mul(cumr,lcap)))),div(lprice,div(cumr,cl)))",15,-1.0,-0.028981948773672526,-0.4794593293352096,-4.319687498600304,4,-0.01807827087478049,-0.01727551881414589,-0.04147393486213828,-0.04016382920890794,0.001085518422110925,0.055604083110306436,0.9538449063668281,fail: 2024
173,"add(add(ts_decay(div(ch,cumr),60),ts_min(abs(cumr),20)),add(abs(cl),ts_min(ts_std(cs_z(lmoney),5),5)))",16,-1.0,-0.0311605364521336,-0.4999445929479676,-4.308747173248135,4,-0.03173425220514896,-0.006809041785794604,-0.05340872285863546,-0.03294306661305755,-0.00005193821785864062,-0.0033239338024325924,0.9984778563665435,fail: 2024
384,"sub(sub(div(turn,cumr),iret),ts_min(ts_min(add(ts_std(lmoney,20),iret),10),60))",12,1.0,0.01881420924949906,0.4104986360033062,4.303454246192411,4,0.015863341386700643,0.012837873026165717,0.027560212117899306,0.01905302327111515,-0.003057993534684805,-0.507713148248884,0.9970111927346804,fail: 2024
288,"ts_min(ts_min(cs_rank(ts_std(lmoney,10)),60),60)",5,-1.0,-0.025532558640736613,-0.4897229769858423,-4.28559825813082,4,-0.011699494667669352,-0.022283233108129276,-0.02489345186305317,-0.045015293889959784,-0.0076927437104086695,-0.7257300495391676,0.9751307336447801,fail: 2024
581,"add(add(hl,mul(cumr,cumr)),ts_corr(ts_corr(hl,slog(slog(cl)),40),hl,40))",13,-1.0,-0.02408490142348547,-0.4491666674752888,-4.280499512265621,4,-0.020475926376587458,-0.01304471685894604,-0.027661102023497627,-0.03627632785052782,-0.015019316714556205,-0.7438042323637917,0.9999573230756975,fail: 2024
394,"add(abs(div(vwapc,cs_rank(ret))),ts_max(abs(div(cl,div(turn,ch))),10))",13,-1.0,-0.028370022469988695,-0.40016493850067675,-4.272625495969965,4,-0.036616515813284234,-0.020162017829859928,-0.028224833375960854,-0.028486687654989656,0.0035117426374874487,0.1572970519701147,0.9994139035729122,fail: 2024
541,"add(add(mul(cumr,cumr),slog(slog(cl))),cs_rank(add(lcap,lmoney)))",12,-1.0,-0.04227389478243455,-0.48488954566777004,-4.2721453022800935,4,-0.036133069772112336,-0.019781651370673597,-0.062069527138409894,-0.0520806486123901,0.01226260255794652,0.3137765413231695,1.0,fail: 2024
196,"ts_min(ts_corr(ch,mul(turn,cl),5),20)",6,1.0,0.021123218287871948,0.4428445026329409,4.265707390664096,4,0.0198266977487887,0.026056002227792138,0.01193805292180416,0.027182937800021404,0.02635299567158473,1.893719143290317,0.994129077780117,"passed, not chosen (corr / cap)"
367,"ts_corr(div(cumr,ts_corr(cl,ch,20)),div(abs(hl),div(turn,cumr)),10)",12,1.0,0.020607992565214124,0.4238572809150704,4.2614685829354535,4,0.011067738339273993,0.018142134023767055,0.03957451708031066,0.013040510528208371,-0.0019499285456595933,-0.1641395700064778,0.9998762369195227,fail: 2024
343,"slog(sub(ts_corr(ts_mean(ch,40),abs(lmoney),40),ts_max(lmoney,5)))",9,1.0,0.031945694382738254,0.43564776247064285,4.2610411199938065,4,0.04328881968361318,0.0063346685662205955,0.03776736963079225,0.04125906277763472,0.023325039155473636,1.7054829602993564,0.9999260266645423,"passed, not chosen (corr / cap)"
582,"add(add(lmoney,add(lmoney,add(lcap,ts_delay(cumr,5)))),cs_z(ts_max(ts_std(hl,5),5)))",13,-1.0,-0.03941824820516859,-0.44781003193991153,-4.251059336510033,4,-0.0312718684505288,-0.022776348652462322,-0.047475187666425556,-0.05785160803349849,-0.00031894933283792564,-0.010069094292362652,0.9998918851251003,duplicate
561,"add(abs(ts_std(sub(lcap,lmoney),10)),ts_corr(ts_delay(hl,5),slog(slog(cl)),40))",12,-1.0,-0.02551699634327523,-0.4624489229248717,-4.246293455298158,4,-0.025331049324015687,-0.002322539551398686,-0.03048835909009713,-0.045781106485244326,-0.011137165279049696,-0.5481621150689856,0.9999630133322711,fail: 2024
314,"add(div(turn,cumr),ts_min(cs_z(ts_std(lmoney,20)),60))",8,-1.0,-0.026834704317713762,-0.462501952874753,-4.240203895833127,4,-0.012235326127751842,-0.025641886422309045,-0.032679927350028636,-0.03779832275628341,-0.023553727032686267,-1.661499704934715,0.9851868395745964,duplicate
376,"add(sub(sub(mul(cumr,ts_std(lmoney,5)),ts_min(ts_corr(vwapc,lmoney,40),3)),turn),div(ts_std(lmoney,10),ts_rank(dnlim,5)))",17,-1.0,-0.02676976722706778,-0.43898160077239684,-4.238679897656681,4,-0.02668413864458248,-0.018010771648676628,-0.03232539083474568,-0.030411318168402292,0.016307556785209044,0.5315582575582503,0.9999502102549804,fail: 2024
338,"abs(add(sub(cumr,turn),mul(add(lmoney,lcap),cl)))",10,-1.0,-0.03425832343491953,-0.4439913497733138,-4.236402209386408,4,-0.02314698303797677,-0.02372582419985022,-0.04253375200395499,-0.048994971927554594,-0.005474608464743858,-0.3138307088119597,1.0,duplicate
545,"add(ts_std(lmoney,5),add(add(cumr,mul(mul(cumr,lcap),cumr)),ts_corr(vwapc,ts_mean(mul(cumr,cumr),3),40)))",17,-1.0,-0.034717476915005846,-0.5006320684768224,-4.223376164543923,4,-0.014799897185188562,-0.02390903521391085,-0.05087895652910402,-0.050805011490118644,0.003311109160993889,0.13584988990507982,0.9999687035888448,duplicate
282,"ts_min(div(add(abs(cumr),cl),mul(iret,turn)),60)",9,1.0,0.045777228930318124,0.5079514369057971,4.207998115501367,4,0.025026863931324677,0.038313756305954336,0.06596359543257954,0.05469515584854683,0.0017420885719915185,0.037131714922018014,0.9999189138438253,fail: 2024
349,"mul(add(abs(cumr),ts_min(ts_corr(hl,lprice,5),10)),ts_rank(dnlim,5))",10,-1.0,-0.02575575387710592,-0.43409683099830154,-4.191429887371992,4,-0.0298789138476183,-0.005285852807650626,-0.04371930739965265,-0.024059274848087005,0.012819323059523317,0.7409981222507839,0.9999103784589647,fail: 2024
594,"add(ts_corr(lmoney,cl,40),add(ts_corr(ts_corr(lmoney,cs_rank(cl),40),lmoney,40),mul(cumr,cumr)))",14,-1.0,-0.02348168568108757,-0.4446905882927839,-4.187078285004596,4,-0.019680554444290583,-0.02463568728455484,-0.011455234518026441,-0.03956156659674329,-0.0005750521570781238,-0.04772668838631682,0.9819704220463301,fail: 2024
357,"add(abs(cs_rank(ts_std(lmoney,20))),ts_decay(ts_corr(ret,vwapc,10),60))",9,-1.0,-0.02634581096278191,-0.42368659728802927,-4.179337425312132,4,-0.03179203318848769,-0.03117596044026913,-0.019054726521859296,-0.023030354450688576,-0.008816483047078638,-0.6257810633658311,0.9999743938454185,duplicate
590,"add(ts_corr(sign(cs_z(cl)),lmoney,40),mul(mul(cumr,cumr),cumr))",11,-1.0,-0.025157412297738137,-0.43450197949309666,-4.179323954729752,4,-0.001362917566199599,-0.032206875422704534,-0.03504429158141091,-0.0327430136269156,-0.006861282880755133,-0.26843658152763594,0.9791864640176625,fail: 2024
295,"ts_std(abs(div(cl,ts_mean(div(turn,cumr),10))),10)",8,-1.0,-0.03451618323504435,-0.4866179156839747,-4.175493258093094,4,-0.030112071527856107,-0.01168895280075479,-0.05355031112520927,-0.04361553704028957,0.015339734808544996,0.4853395283426516,0.9999046882023911,duplicate
397,"add(slog(add(add(cumr,cs_rank(cl)),ts_corr(ret,turn,20))),div(cumr,div(lprice,cumr)))",15,-1.0,-0.03251193160233132,-0.4066219889940251,-4.166864372368778,4,-0.00904247922599584,-0.03802030396273114,-0.036135728393531255,-0.0482928529616163,0.00959448897526984,0.823918958477449,0.9970638276079868,duplicate
297,"mul(sub(ts_min(add(turn,oret),60),uplim),ts_min(abs(cumr),60))",10,1.0,0.03342826358212005,0.4919515245343685,4.166142292915918,4,0.007808107136518296,0.020984165207818227,0.04713133667210359,0.06027654518148908,-0.028509244409034754,-0.8317992077751999,0.9999886194868527,fail: 2024
571,"add(ts_corr(hl,cs_rank(abs(ch)),60),add(mul(cumr,cumr),ts_std(ts_std(lmoney,5),3)))",13,-1.0,-0.02507747649218842,-0.4570539328694949,-4.130439934232297,4,-0.015661265439121053,-0.010992475904125736,-0.03154466608416555,-0.043836456345293116,0.009016546297226338,0.525181829326826,0.9880717996574465,fail: 2024
364,"ts_corr(div(hl,ts_corr(cl,ch,20)),ts_max(lmoney,5),40)",8,1.0,0.018250232222758588,0.41115469816907285,4.116832172343547,4,0.012527805997133665,0.03952697806551127,0.015100952798514127,0.0045960510178043494,-0.007312282757376367,-0.6704068347500046,0.9992588440812796,fail: 2024
589,"slog(ts_corr(cl,ch,20))",4,1.0,0.0239479674100249,0.4196472746371357,4.107243402493982,4,0.030356533528236005,0.021338242673125393,0.015483223933759381,0.02904004643987801,0.038532030442229165,1.6658768536869117,1.0,"passed, not chosen (corr / cap)"
353,"ts_corr(cl,ch,20)",3,1.0,0.023947951148681316,0.41964699991984217,4.107242319328631,4,0.030356516059230676,0.021338242673125393,0.01548324172894775,0.029039976333623027,0.03853199336315901,1.6658753502965822,1.0,duplicate
305,"ts_min(ts_min(add(ts_std(lmoney,40),iret),60),60)",6,-1.0,-0.030429318161134318,-0.4754336546852006,-4.096424102541138,4,-0.02223227290808538,-0.02549431951912484,-0.030875726413195338,-0.04437979720864757,-0.006455468011215883,-0.4600021220500244,0.9999189138438253,fail: 2024
342,"ts_mean(ts_corr(div(cumr,ts_corr(cl,ch,20)),abs(lcap),40),60)",9,1.0,0.019952389811851916,0.4368760875071025,4.094095332286374,4,0.014425706268295861,0.021194400739977748,0.023836927025130093,0.020409934788938912,-0.02629947228403551,-1.6526852602254052,0.9974109332589807,fail: 2024
293,"ts_min(cs_rank(ts_min(add(turn,oret),60)),60)",6,1.0,0.032547880761800464,0.484194227283811,4.093814832717623,4,0.02855625494508793,0.015731137701673836,0.03674457888436419,0.05083219158266696,-0.026189632745268986,-0.8414225365620431,0.9880760673498769,fail: 2024
344,"abs(ts_min(add(div(cumr,ts_mean(cumr,3)),slog(abs(cumr))),60))",10,-1.0,-0.018135581776747914,-0.4395438363422516,-4.079090625139258,4,-0.010316091346858193,-0.006332565173137849,-0.029098021443959707,-0.027707341096545168,-0.014874979897549195,-1.2768327681965292,0.9999857743585658,"passed, not chosen (corr / cap)"
597,"add(add(ret,mul(cumr,cumr)),add(ts_corr(ts_corr(lprice,ts_decay(vwapc,20),5),ret,20),mul(cumr,cumr)))",16,-1.0,-0.03020182329832627,-0.4498451328120985,-4.070947092512022,4,-0.03350784016239594,-0.009366717050498765,-0.051146850572456236,-0.026540611171238945,0.025763754967943295,1.7634421749083216,0.9996799230677311,fail: 2024
592,"add(add(lcap,lmoney),add(ts_corr(hl,cs_rank(slog(cl)),40),add(ts_std(lmoney,5),abs(mul(lcap,cumr)))))",17,-1.0,-0.046994917403379834,-0.4579171872613536,-4.058426397424719,4,-0.03257234816256443,-0.0300908871193861,-0.060952824218129385,-0.0661557781968605,0.0041009688710928706,0.08839133803594887,0.9918600879713666,duplicate
180,"ts_std(ts_corr(ch,sub(turn,cl),10),60)",6,-1.0,-0.02493316138192374,-0.46113967745966294,-4.049540527930087,4,-0.016347183427105585,-0.05161775671110446,-0.016321350692161396,-0.014462999232387017,-0.003519225417982947,-0.19178678887688483,0.9999743938454185,fail: 2024
321,"ts_corr(div(cumr,ts_corr(iret,ret,20)),lprice,40)",7,1.0,0.024795047602649924,0.45258530845208,4.043049595631498,4,0.0014870146948735444,0.016784166013548887,0.04420948180144899,0.0379724374064139,-0.0062356635903659365,-0.37285571438275045,0.9992588440812796,fail: 2024
192,"add(ts_decay(add(ts_std(lmoney,5),ch),40),ts_min(ts_mean(add(ts_std(lmoney,5),cs_rank(lmoney)),10),60))",13,-1.0,-0.03426356923303725,-0.47204430785684715,-4.039269294829633,4,-0.022074423769657566,-0.028535655791173717,-0.04293428361794694,-0.044469598340847,-0.009050226728200104,-0.38753279099316607,0.9858895862614445,fail: 2024
572,"add(slog(cl),add(add(ts_std(lmoney,40),mul(cumr,cumr)),ts_corr(vwapc,slog(iret),40)))",14,-1.0,-0.03716995277124564,-0.46064737943023704,-4.023060491443859,4,-0.037395790680896095,-0.037748232595248864,-0.034647310325348644,-0.039048137670020445,-0.0015458277554746545,-0.11375699404804746,1.0,fail: 2024
313,"div(cumr,div(ts_min(cs_rank(sub(turn,vwapc)),60),cumr))",9,-1.0,-0.03317999356237446,-0.4686457642345855,-4.01948805371778,4,-0.028140008395478807,-0.007605105196317435,-0.055919047799115336,-0.04194272271719892,0.015436412835055414,0.5271210931606993,0.9678728113850653,duplicate
345,"abs(div(ts_decay(oret,20),ts_mean(ts_mean(div(turn,cumr),3),60)))",9,-1.0,-0.027641914242101922,-0.4348861747519668,-4.010010249930589,4,-0.018307396660462105,-0.021566347305283503,-0.04050663639453369,-0.03049887250950855,0.00597909155160313,0.23097386606557005,0.9999857743585658,fail: 2024
317,"abs(ts_mean(div(ts_mean(vwapc,40),mul(turn,ret)),20))",8,-1.0,-0.031416881391562686,-0.45935041247736136,-4.006168479114594,4,-0.01674550568237958,-0.03030625997478173,-0.049767078899019324,-0.028676055621448482,-0.010336229319973139,-0.30719387807269277,0.9992929856207217,fail: 2024
360,"sub(ts_min(ts_corr(mul(cumr,ts_corr(cl,ch,20)),abs(lprice),40),60),ts_min(abs(cumr),60))",13,1.0,0.021619819504845313,0.43590828184364666,3.9940569564976136,4,0.009556456412708027,0.020344952553802424,0.021011166835457763,0.036952325597535675,0.00327243896072722,0.19776806233772287,0.9974109332589807,fail: 2024
316,"add(abs(ts_delay(cumr,10)),ts_decay(cs_rank(ts_std(lmoney,20)),60))",8,-1.0,-0.03656086881780469,-0.45977779505515054,-3.9940045184039716,4,-0.03717453202887615,-0.02726895049494143,-0.04396187816277504,-0.037998749952115,0.00018978204654015567,0.017000490375473413,0.9880163196558532,duplicate
195,"div(ts_decay(mul(ts_std(ts_std(lmoney,3),5),lcap),60),ts_corr(ch,vwapc,20))",10,1.0,0.04291760167501989,0.4570137998887687,3.9862215391715434,4,0.03103040888560112,0.05144846366206759,0.03566165666073303,0.05455347080820354,0.01417333073479469,0.3746006716337497,0.9999800841019921,fail: 2024
356,"abs(ts_mean(div(div(add(turn,oret),ts_mean(vwapc,60)),cumr),5))",10,1.0,0.026799507995549837,0.42809049336329014,3.9821255625274286,4,0.018301949811334435,0.01725724284762781,0.042561784160057896,0.029375101832194387,-0.017046520749363275,-0.7590863558273552,0.9997453610183283,fail: 2024
311,"abs(ts_mean(div(abs(cumr),mul(turn,ret)),20))",8,-1.0,-0.0365182937054676,-0.4708234177216683,-3.963785111561932,4,-0.015231624795322751,-0.022141747620510542,-0.06392841323629773,-0.04571699197401453,0.0014984388962152046,0.03901156201875719,0.999304366133869,fail: 2024
370,"div(sub(add(ts_delta(hl,40),cs_rank(ts_std(lmoney,20))),add(vwapc,vwapc)),ts_max(ts_mean(div(ret,cumr),10),60))",16,-1.0,-0.027675616881252956,-0.43814694613624133,-3.945674592313333,4,-0.014729931151710927,-0.024522293654630736,-0.04382713443204214,-0.027690964976533176,0.0031989855132496608,0.14108278888881756,0.998960105611162,fail: 2024
377,"abs(add(cl,ts_corr(lmoney,cl,40)))",6,-1.0,-0.02302734650322727,-0.39785390447325775,-3.9383148474379,4,-0.028034901700292544,-0.03612831491860082,-0.010316791096827293,-0.01703451017076645,0.015691217579204605,0.9072963136999626,1.0,duplicate
371,"add(sub(ts_std(lmoney,20),turn),ts_delay(add(abs(ts_delay(cumr,10)),div(ret,cumr)),5))",13,-1.0,-0.027104360850581734,-0.42453016186299003,-3.937855782531877,4,-0.028135366977979102,-0.012290545172187875,-0.040216032967999894,-0.027901637178531752,0.003093207486782948,0.2696032890787066,0.9968106111904586,fail: 2024
385,"abs(add(div(cumr,add(ts_std(lmoney,20),iret)),cs_z(ts_delta(cl,60))))",11,-1.0,-0.024443848429179838,-0.40597694384586547,-3.931775245241922,4,-0.02953457076139863,-0.002665788638539643,-0.03706404475439537,-0.028972968301099484,0.006091086790218477,0.43850229983373246,0.9986713250900483,fail: 2024
380,"add(abs(cs_z(ret)),ts_min(cumr,10))",6,-1.0,-0.02959664812611602,-0.396271425148323,-3.9303369130094903,4,-0.014051402935881835,-0.02679843078490961,-0.03805901893137469,-0.04049966921329912,-0.014124216125989375,-0.7709860436818986,0.999965858460558,fail: 2024
358,"abs(add(sub(cumr,ts_delay(turn,10)),mul(mul(lcap,lcap),abs(ts_delta(cl,60)))))",13,-1.0,-0.031083175185816037,-0.43755296917424114,-3.915679824459689,4,-0.021202264047563632,-0.013151030432252757,-0.05298325948610571,-0.03768386378781201,0.003916017966907539,0.2137490539443877,0.9985603650868617,fail: 2024
308,"ts_mean(ts_min(cs_rank(ts_std(lmoney,20)),60),60)",5,-1.0,-0.03254458952231479,-0.4721800134358156,-3.8972691665300525,4,-0.02896868024228767,-0.014970799091847186,-0.04081461788431745,-0.04674382104288299,-0.008073852547300597,-0.7470651332936553,0.9751307336447801,fail: 2024
374,"add(add(abs(ts_delay(cumr,10)),ts_max(lmoney,5)),div(cs_rank(ts_std(lmoney,40)),ts_rank(dnlim,5)))",13,-1.0,-0.03130343546777462,-0.42324264176116594,-3.8963649441098296,4,-0.04305186635344395,-0.023692574259324896,-0.02293055064232745,-0.03592247934195495,-0.00924553040547267,-0.7868055149068762,0.999853475893228,fail: 2024
390,"add(ch,ts_min(cs_rank(add(ts_std(lmoney,20),ts_rank(turn,5))),60))",9,-1.0,-0.0232666520924125,-0.38799564516440915,-3.8917463562338592,4,-0.005555645534203391,-0.031209206226911326,-0.03233612095615427,-0.02407625604687444,-0.013093799312611646,-0.7350560534657873,0.9881059411968885,fail: 2024
365,"mul(abs(add(add(cumr,dnlim),ts_corr(cl,turn,20))),hl)",10,-1.0,-0.03143859435082113,-0.41777522448026955,-3.8479682916844142,4,-0.03120267790262664,-0.020456919125607046,-0.037178436144529786,-0.037487612733449124,-0.0040935643267637645,-0.30631198705397716,1.0,fail: 2024
586,"add(ts_corr(lmoney,cs_rank(sign(cl)),40),add(add(ts_max(ts_std(lmoney,5),10),mul(cumr,cumr)),cumr))",15,-1.0,-0.034417302709907484,-0.45379560068611063,-3.8208302097771796,4,-0.01036302363830561,-0.018510007854132364,-0.053434728786699505,-0.05753244005727826,-0.006677773949159183,-0.23654325466606418,0.9918515525865061,duplicate
369,"add(add(mul(cumr,cs_rank(hl)),mul(cumr,cs_rank(hl))),ts_std(lmoney,3))",12,-1.0,-0.03169810461520959,-0.4224179676686244,-3.8063141902419297,4,-0.001676583270805336,-0.029891141729148866,-0.04414315094347766,-0.053067427948069845,-0.027562567833558198,-0.8658880621181252,0.999972971281275,duplicate
346,"ts_min(mul(ts_decay(add(turn,oret),20),abs(oret)),60)",8,1.0,0.025737202607282437,0.42881057752414226,3.7627758897608214,4,0.024400319174756564,0.03697843755760188,0.028843056978015633,0.01144591674057986,0.008513550158185522,0.4960078703822666,0.9999573230756975,fail: 2024
372,"abs(div(cs_z(sign(oret)),ts_mean(ts_mean(div(turn,cumr),3),3)))",10,-1.0,-0.028375502271308205,-0.41243144821207595,-3.7355698057172733,4,-0.02119071292666979,-0.01597974413321756,-0.046483380754294513,-0.030076707906694977,0.01022089350926063,0.33756853335373077,0.9993982553673345,fail: 2024
335,"add(ts_delay(sub(abs(cumr),turn),60),ts_min(ts_min(cs_z(ts_std(lmoney,20)),60),60))",11,-1.0,-0.03582554899557046,-0.4497842626814275,-3.688561814264618,4,-0.021447783894645273,-0.009372696359347218,-0.052849871363569716,-0.06207873495516886,0.00278372789640401,0.16525282077615594,0.9746001172192854,fail: 2024
348,"abs(ts_mean(div(cumr,div(turn,ret)),60))",7,-1.0,-0.03508911536506396,-0.4230576073060609,-3.6586261956328263,4,-0.03494418310739269,-0.019356281247405325,-0.032244001294134815,-0.05566293814501881,0.02163632027923374,0.683238802888142,0.9999260266645423,fail: 2024
339,"ts_min(div(ts_std(lmoney,20),mul(iret,turn)),60)",7,1.0,0.047509003510218785,0.43139494273504564,3.6499922939370624,4,0.02901229846135305,0.058472405168562724,0.05452768838904752,0.04810660976913391,0.025721308518184258,0.44003765592396127,0.9996102174247037,fail: 2024
341,"add(ts_min(add(ts_std(lmoney,20),iret),60),ts_min(ts_std(lmoney,40),60))",9,-1.0,-0.03207135506204179,-0.4375407331839209,-3.6436146211405456,4,-0.019301392407603982,-0.031175212403797687,-0.040973654787863356,-0.03734966753866119,-0.012826949984311418,-1.2676276412744598,0.9999359846135463,duplicate
368,"add(add(abs(ts_max(lmoney,10)),abs(abs(mul(cumr,lcap)))),lcap)",11,-1.0,-0.0430410222490615,-0.41861355030683334,-3.626083419940599,4,-0.026601622852931803,-0.027869177714407965,-0.05985300315768662,-0.059389587386134104,0.0063821061564887545,0.1385883032078465,0.999965858460558,duplicate
399,"ts_corr(ts_corr(div(cumr,ts_corr(cl,ch,20)),lprice,10),lprice,40)",9,-1.0,-0.01921831265005635,-0.3803363865600497,-3.5738856874261056,4,-0.011232332859203649,-0.014213414090003342,-0.036945440676240386,-0.014090794355638021,-0.002399015931751815,-0.18226907568598635,0.9989686409960226,fail: 2024
383,"abs(add(mul(ch,hl),ts_min(cs_rank(sign(ret)),60)))",9,1.0,0.025786732365547915,0.39865251902358945,3.559110653705672,4,0.028298242680592257,0.01960949576280172,0.029776481997859348,0.025448506469132454,0.020850172401315002,1.0796875345144832,0.9881087863251754,"passed, not chosen (corr / cap)"
396,"add(ts_max(abs(add(cumr,uplim)),5),ts_corr(ch,oret,40))",9,-1.0,-0.020781663652534046,-0.38280322477710854,-3.5378919437204837,4,-0.028210090673727428,-0.011823375988655835,-0.039135888333461,-0.002365526835285591,0.011434447808235692,0.9829300676969911,0.9999687035888448,fail: 2024
393,"sub(div(hl,cumr),add(add(cs_rank(ts_std(lmoney,20)),ts_rank(dnlim,5)),ts_min(cumr,60)))",13,1.0,0.02516821707852013,0.4012130171639888,3.502083177412767,4,0.004239324746062259,0.01737090525593249,0.041410648350099735,0.03896821364844681,0.007592133156021813,0.3413806415845309,0.9970225732478277,fail: 2024
386,"ts_min(ts_delta(lmoney,3),60)",3,1.0,0.022461545218931508,0.3884180312638842,3.491549070674546,4,0.021139859414583746,0.013173563090909259,0.02805593897841586,0.028001391453188064,0.0017027009867987177,0.13150423484847343,0.9999800841019921,fail: 2024
599,"add(ts_corr(hl,cs_rank(hl),20),mul(cumr,cumr))",8,-1.0,-0.03271595823541551,-0.41476743583114223,-3.4816624475909332,4,-0.04379842573788339,-0.009494085459327497,-0.03486094801493801,-0.04371499875507726,0.01208240786876542,1.4043387180452573,0.9961604993769169,fail: 2024
362,"add(add(cumr,ret),ts_min(cs_z(cs_rank(ts_std(lmoney,20))),60))",9,-1.0,-0.03640169226899974,-0.41730734404366104,-3.4170209019526028,4,-0.0004478124980699777,-0.0326644008564322,-0.0529810530589345,-0.0618892456012424,-0.02179559189520726,-0.8377257452760685,0.9881087863251754,fail: 2024
379,"ts_min(cs_rank(ts_rank(lprice,5)),60)",4,1.0,0.026921135623448895,0.39676318006441924,3.411455519360335,4,0.04375109864620889,0.006042537271282769,0.03745824418729171,0.019834430250578888,0.019928921413490952,0.6939269650341771,0.9881059411968885,fail: 2024
392,"ts_min(cs_rank(ts_z(lprice,5)),60)",4,1.0,0.021814875210399008,0.3778057753466042,3.3550250245887487,4,0.010330904737486669,0.006355906036767343,0.025421792273756023,0.04749026165735735,0.02921069872895323,1.474752418720826,0.9881045186327452,"passed, not chosen (corr / cap)"
391,"ts_min(ts_delay(cs_rank(ts_std(lmoney,10)),60),60)",5,-1.0,-0.021166701284087392,-0.378290245464906,-3.2818985684129984,4,-0.011328607540119655,-0.0023824532752005773,-0.03013973377841286,-0.042812652335295055,-0.0010490914751841145,-0.1291987744827428,0.9677205970217198,fail: 2024
389,"ts_min(ts_mean(add(ts_std(lmoney,20),iret),60),60)",6,-1.0,-0.02920414948190962,-0.3826006907334893,-3.274156092280091,4,-0.03348552759443582,-0.013724367456930333,-0.03972901349159896,-0.029992362424811323,-0.006843151653457298,-0.6317966454940557,0.9999189138438253,duplicate
