k,expr,nodes,sign,ic_train,icir_train,t_train,years_same,ic_2020,ic_2021,ic_2022,ic_2023,ic_valid,t_valid,cover,status
454,"mul(div(uplim,ts_rank(sub(abs(hl),lmoney),20)),ts_rank(sub(ts_rank(ts_delta(oret,60),10),lmoney),20))",14,-1.0,-0.035121521148468976,-0.8895182370295741,-10.667638650509447,4,-0.0448456349711503,-0.025630780088249594,-0.03318865440734145,-0.03935885801911354,-0.019606692926026882,-2.2474554510513967,0.9396605192928149,CHOSEN
669,"mul(mul(uplim,ts_rank(sub(lcap,cumr),10)),ts_rank(ts_decay(ts_decay(lprice,10),3),10))",11,-1.0,-0.032300961498892646,-0.8150168257106132,-10.036063202350432,4,-0.04263917151131734,-0.024484041460949044,-0.030078626180511492,-0.03862130269408226,-0.032258623046800494,-4.745823061373615,0.9999174912796818,CHOSEN
422,"mul(ts_rank(sub(ts_min(oret,20),lmoney),20),mul(uplim,ts_corr(turn,cl,60)))",11,-1.0,-0.035409148213594165,-0.9014480095576531,-10.021719610037694,4,-0.0445259666755899,-0.02448042250912765,-0.03504703387152404,-0.03862130269408226,-0.020724354736093017,-2.5344543493070377,0.9997937281992045,CHOSEN
637,"mul(mul(mul(uplim,ts_rank(sub(lprice,cumr),10)),cs_rank(ts_decay(lprice,60))),ts_rank(ts_decay(ts_decay(lprice,10),3),20))",15,-1.0,-0.03273508399794255,-0.8406805556218122,-10.014305927589687,4,-0.04212434728833614,-0.02191599068311533,-0.03542272072900232,-0.03862130269408226,-0.0336395788804761,-4.887626751566937,0.9998648564063753,CHOSEN
667,"mul(mul(mul(uplim,ts_rank(sub(lprice,cumr),10)),ts_rank(ts_rank(cl,5),10)),ts_rank(ts_decay(ts_decay(lprice,10),3),10))",15,-1.0,-0.03254603730587405,-0.8336174411707691,-9.872184763657206,4,-0.0413027313402381,-0.02191604984660731,-0.036602935546021585,-0.03862130269408226,-0.033085347119984884,-4.661383144858886,0.9998861948685266,CHOSEN
418,"div(mul(ts_rank(sub(hl,lmoney),20),mul(ts_rank(oret,3),mul(uplim,lprice))),ts_rank(sub(ts_min(oret,20),lmoney),20))",17,-1.0,-0.03571941462543673,-0.9271791814329929,-9.740892645606204,4,-0.04784885711768376,-0.026457367148915573,-0.03115501977201249,-0.03940886631608009,-0.019719988107681274,-2.353850629747149,0.9433961727334286,CHOSEN
420,"div(mul(ts_rank(sub(ch,lmoney),20),mul(ts_rank(oret,3),mul(uplim,lprice))),ts_rank(sub(ts_min(oret,20),lmoney),20))",17,-1.0,-0.03571680544686531,-0.9269429474454085,-9.73935751941346,4,-0.04784885711768376,-0.026457367148915573,-0.031147897419695918,-0.03940886631608009,-0.018950228206813337,-2.396460832115602,0.9433961727334286,CHOSEN
416,"div(mul(sub(hl,lmoney),mul(ts_rank(oret,3),mul(uplim,lprice))),ts_rank(sub(ts_min(oret,20),lmoney),20))",16,1.0,0.03571525714729018,0.9268736135909689,9.739180439908205,4,0.04784885880404285,0.026459042540019646,0.031142400615420694,0.03940889984369278,0.018619558517821135,2.2874551340542517,0.9433961727334286,CHOSEN
407,"mul(ts_rank(sub(ts_min(oret,20),lmoney),20),mul(ts_rank(oret,3),mul(uplim,lprice)))",12,-1.0,-0.035486357397224645,-0.9204547889674651,-9.728003524226498,4,-0.04751759927852878,-0.02644259135870795,-0.030864655719818297,-0.03862130269408226,-0.01930799994734116,-2.5194137104415284,0.9997780799936269,"passed, not chosen (corr / cap)"
414,"mul(ts_rank(sub(sub(ts_min(oret,20),lmoney),lmoney),20),mul(ts_rank(oret,3),mul(uplim,lprice)))",14,-1.0,-0.035486357397224645,-0.9204547889674651,-9.728003524226498,4,-0.04751759927852878,-0.02644259135870795,-0.030864655719818297,-0.03862130269408226,-0.0193152571329847,-2.5209245306851664,0.9997780799936269,"passed, not chosen (corr / cap)"
415,"mul(ts_rank(sub(ts_min(oret,20),lmoney),20),mul(uplim,mul(ts_rank(oret,3),mul(uplim,lprice))))",14,-1.0,-0.035486357397224645,-0.9204547889674651,-9.728003524226498,4,-0.04751759927852878,-0.02644259135870795,-0.030864655719818297,-0.03862130269408226,-0.01930799994734116,-2.5194137104415284,0.9997780799936269,"passed, not chosen (corr / cap)"
412,"mul(mul(ts_rank(sub(abs(hl),lmoney),20),ts_delta(uplim,60)),mul(ts_rank(oret,3),mul(uplim,lprice)))",15,-1.0,-0.03520965131625131,-0.9277772846376313,-9.713197777887931,4,-0.04750496368256531,-0.025230167209104235,-0.03114854528470651,-0.03862130269408226,-0.021557574552532873,-2.672090110725797,0.9986457189354668,"passed, not chosen (corr / cap)"
608,"mul(mul(uplim,div(lmoney,ts_rank(sub(lprice,cumr),10))),ts_rank(ts_decay(ts_decay(lprice,10),3),10))",13,-1.0,-0.032904608755506166,-0.8423561495020835,-9.651060474407473,4,-0.0419560753542817,-0.021934819432269586,-0.036806578553233556,-0.03790108114480972,-0.03363255265590158,-4.9131011440393255,0.9106914230762665,"passed, not chosen (corr / cap)"
607,"mul(mul(uplim,div(uplim,ts_rank(sub(lprice,cumr),10))),ts_rank(ts_decay(ts_decay(lprice,10),3),10))",13,-1.0,-0.0329057029765422,-0.8423860670199037,-9.650358559037468,4,-0.0419560753542817,-0.021934819432269586,-0.03681038946097974,-0.03790108114480972,-0.03363236323154221,-4.913312523370313,0.9106914230762665,"passed, not chosen (corr / cap)"
617,"mul(mul(div(uplim,ts_rank(sub(lprice,cumr),10)),ts_rank(ts_decay(ts_decay(lprice,10),3),10)),ts_decay(lprice,10))",14,-1.0,-0.03291014475358355,-0.8424515950269565,-9.649543870335306,4,-0.0419535001626972,-0.02193873650149295,-0.03682365677728928,-0.03790108114480972,-0.033636624176454334,-4.914249084782684,0.9106914230762665,"passed, not chosen (corr / cap)"
618,"mul(mul(div(uplim,ts_rank(sub(lprice,cumr),10)),ts_decay(lprice,60)),ts_rank(ts_decay(ts_decay(lprice,10),3),10))",14,-1.0,-0.03291014475358355,-0.8424515950269565,-9.649543870335306,4,-0.0419535001626972,-0.02193873650149295,-0.03682365677728928,-0.03790108114480972,-0.033636624176454334,-4.914249084782684,0.9106800425631192,"passed, not chosen (corr / cap)"
615,"mul(mul(mul(uplim,ts_rank(sub(lprice,cumr),10)),cs_rank(turn)),ts_rank(ts_decay(ts_decay(lprice,10),3),10))",14,-1.0,-0.03295097212231658,-0.8430217737285778,-9.619167886736296,4,-0.04205651611581826,-0.021922276693849677,-0.03684535639557249,-0.03862130269408226,-0.03362784936048445,-4.890598041434387,0.9999174912796818,"passed, not chosen (corr / cap)"
632,"mul(mul(mul(uplim,ts_rank(sub(lprice,cumr),10)),ts_corr(cl,cl,5)),ts_rank(ts_decay(ts_decay(lprice,10),3),10))",15,-1.0,-0.03295394621566422,-0.8431030938516947,-9.615403226124823,4,-0.04204801951886056,-0.021921696994563956,-0.03686614259214398,-0.03862130269408226,-0.03363049138958255,-4.8891397849787435,0.9998591661498017,"passed, not chosen (corr / cap)"
648,"mul(mul(mul(uplim,ts_rank(sub(lprice,cumr),10)),mul(uplim,ts_rank(iret,10))),ts_rank(ts_decay(ts_decay(lprice,10),3),10))",16,-1.0,-0.03295338696106867,-0.8430527491684209,-9.615016156917791,4,-0.04205283214237583,-0.02191967112287928,-0.036861373000208225,-0.03862130269408226,-0.03363469965933334,-4.890658571033426,0.9999174912796818,"passed, not chosen (corr / cap)"
650,"mul(mul(mul(uplim,ts_rank(sub(lprice,cumr),10)),ts_rank(ts_rank(ts_decay(lprice,3),5),10)),ts_rank(ts_decay(ts_decay(lprice,10),3),10))",16,-1.0,-0.032948620083291164,-0.8429141787192331,-9.613622712154944,4,-0.04204284520352358,-0.02191250057627545,-0.036865531451847594,-0.03862130269408226,-0.0336276506783352,-4.888486173392686,0.9998748143553793,"passed, not chosen (corr / cap)"
663,"mul(mul(mul(uplim,ts_rank(sub(lprice,cumr),10)),mul(uplim,ts_rank(ts_decay(lprice,3),10))),ts_rank(ts_decay(ts_decay(lprice,10),3),10))",17,-1.0,-0.03295359891533303,-0.842999724397263,-9.613474552249425,4,-0.04204720559937414,-0.02191662275704163,-0.03687250821405604,-0.03862130269408226,-0.03363049138958255,-4.8891397849787435,0.9998989979458174,"passed, not chosen (corr / cap)"
636,"mul(mul(mul(uplim,ts_rank(sub(lprice,cumr),10)),cs_rank(ts_rank(iret,60))),ts_rank(ts_decay(ts_decay(lprice,10),3),10))",15,-1.0,-0.03295389166413599,-0.8429903925872668,-9.613419736288249,4,-0.04205283214237583,-0.02191967112287928,-0.036863130759166814,-0.03862130269408226,-0.03363225769828118,-4.890031675533696,0.9999061107665345,"passed, not chosen (corr / cap)"
647,"mul(mul(mul(uplim,ts_rank(sub(lprice,cumr),10)),ts_rank(ts_decay(ts_decay(lprice,10),3),10)),ts_rank(ts_decay(ts_decay(lprice,10),3),10))",16,-1.0,-0.03295540201116358,-0.8430749488107783,-9.613293308826744,4,-0.04205122439739308,-0.021918848127825186,-0.03687129884352105,-0.03862130269408226,-0.03363102605743777,-4.888176148422515,0.9999174912796818,"passed, not chosen (corr / cap)"
613,"mul(mul(mul(uplim,ts_rank(lprice,10)),ts_rank(ts_decay(ts_decay(lprice,10),3),10)),ts_rank(sub(lprice,cumr),10))",14,-1.0,-0.03295635972428481,-0.8430885096276961,-9.613076851486108,4,-0.04205283214237583,-0.02191967112287928,-0.03687172641692651,-0.03862130269408226,-0.03363049138958255,-4.8891397849787435,0.9999174912796818,"passed, not chosen (corr / cap)"
614,"mul(mul(mul(uplim,ts_rank(sub(lprice,cumr),10)),ts_rank(cumr,10)),ts_rank(ts_decay(ts_decay(lprice,10),3),10))",14,-1.0,-0.03295635972428481,-0.8430885096276961,-9.613076851486108,4,-0.04205283214237583,-0.02191967112287928,-0.03687172641692651,-0.03862130269408226,-0.03363049138958255,-4.8891397849787435,0.9999174912796818,"passed, not chosen (corr / cap)"
635,"mul(ts_rank(sub(lprice,cumr),10),mul(mul(uplim,sub(lcap,cl)),ts_rank(ts_decay(ts_decay(lprice,10),3),10)))",15,-1.0,-0.03295605530167612,-0.8430652457898385,-9.61304812364401,4,-0.04204871377750709,-0.02191967112287928,-0.0368753526016572,-0.03862130269408226,-0.03363337538515528,-4.888107288154127,0.9999174912796818,"passed, not chosen (corr / cap)"
600,"mul(mul(uplim,ts_rank(sub(lprice,cumr),10)),ts_rank(ts_decay(ts_decay(lprice,10),3),10))",11,-1.0,-0.032956734964293244,-0.8431006191339899,-9.61302177335507,4,-0.04205283214237583,-0.02191967112287928,-0.0368730332873007,-0.03862130269408226,-0.03363049138958255,-4.8891397849787435,0.9999174912796818,"passed, not chosen (corr / cap)"
604,"mul(mul(mul(uplim,ts_rank(sub(lprice,cumr),10)),uplim),ts_rank(ts_decay(ts_decay(lprice,10),3),10))",13,-1.0,-0.032956734964293244,-0.8431006191339899,-9.61302177335507,4,-0.04205283214237583,-0.02191967112287928,-0.0368730332873007,-0.03862130269408226,-0.03363049138958255,-4.8891397849787435,0.9999174912796818,"passed, not chosen (corr / cap)"
605,"mul(mul(uplim,mul(uplim,ts_rank(sub(lprice,cumr),10))),ts_rank(ts_decay(ts_decay(lprice,10),3),10))",13,-1.0,-0.032956734964293244,-0.8431006191339899,-9.61302177335507,4,-0.04205283214237583,-0.02191967112287928,-0.0368730332873007,-0.03862130269408226,-0.03363049138958255,-4.8891397849787435,0.9999174912796818,"passed, not chosen (corr / cap)"
606,"mul(mul(mul(uplim,ts_rank(sub(lprice,cumr),10)),ts_rank(ts_decay(ts_decay(lprice,10),3),10)),uplim)",13,-1.0,-0.032956734964293244,-0.8431006191339899,-9.61302177335507,4,-0.04205283214237583,-0.02191967112287928,-0.0368730332873007,-0.03862130269408226,-0.03363049138958255,-4.8891397849787435,0.9999174912796818,"passed, not chosen (corr / cap)"
633,"mul(mul(mul(uplim,ts_rank(sub(lprice,cumr),10)),cs_rank(ts_max(ch,10))),ts_rank(ts_decay(ts_decay(lprice,10),3),10))",15,-1.0,-0.032956734964293244,-0.8431006191339899,-9.61302177335507,4,-0.04205283214237583,-0.02191967112287928,-0.0368730332873007,-0.03862130269408226,-0.03363049138958255,-4.8891397849787435,0.9999174912796818,"passed, not chosen (corr / cap)"
662,"mul(mul(mul(uplim,ts_rank(sub(lprice,cumr),10)),mul(uplim,ts_rank(ts_min(lcap,10),10))),ts_rank(ts_decay(ts_decay(lprice,10),3),10))",17,-1.0,-0.03295592508249395,-0.8430578972098935,-9.61297260790219,4,-0.0420537519504168,-0.021919757980963607,-0.03686905217232536,-0.03862130269408226,-0.03363274133187674,-4.890782037450618,0.9999174912796818,"passed, not chosen (corr / cap)"
616,"mul(mul(mul(uplim,ts_rank(sub(lprice,cumr),10)),cs_rank(lcap)),ts_rank(ts_decay(ts_decay(lprice,10),3),10))",14,-1.0,-0.03294994137183611,-0.8428101856420019,-9.612948648397916,4,-0.04204131470187073,-0.021915072202988852,-0.03686850506848463,-0.03862130269408226,-0.03362557947236512,-4.884245894775196,0.9999174912796818,"passed, not chosen (corr / cap)"
665,"mul(mul(mul(uplim,ts_rank(ts_mean(cumr,5),20)),mul(uplim,ts_rank(sub(lprice,cumr),10))),ts_rank(ts_decay(ts_decay(lprice,10),3),10))",17,-1.0,-0.032950263046964974,-0.8429262820693186,-9.612850505153428,4,-0.04204801951886056,-0.02191275997412097,-0.036865025583116724,-0.03862130269408226,-0.03363213947575007,-4.888597332028025,0.9999018430741042,"passed, not chosen (corr / cap)"
643,"mul(mul(mul(uplim,ts_rank(sub(lprice,cumr),10)),ts_rank(sub(lprice,cumr),10)),ts_rank(ts_decay(ts_decay(lprice,10),3),10))",16,-1.0,-0.032957068322448865,-0.8430981939089522,-9.612809917744054,4,-0.04205283214237583,-0.02191967112287928,-0.03687419429329095,-0.03862130269408226,-0.0336302607763736,-4.889266841640418,0.9999174912796818,"passed, not chosen (corr / cap)"
644,"mul(mul(mul(uplim,ts_rank(sub(lprice,cumr),10)),ts_rank(ts_decay(ts_decay(lprice,10),3),10)),ts_rank(sub(lprice,cumr),10))",16,-1.0,-0.032957068322448865,-0.8430981939089522,-9.612809917744054,4,-0.04205283214237583,-0.02191967112287928,-0.03687419429329095,-0.03862130269408226,-0.0336302607763736,-4.889266841640418,0.9999174912796818,"passed, not chosen (corr / cap)"
672,"mul(mul(mul(uplim,ts_rank(sub(lprice,cumr),10)),ts_rank(ts_decay(ts_decay(lprice,10),3),10)),mul(uplim,ts_rank(sub(lprice,cumr),10)))",18,-1.0,-0.032957068322448865,-0.8430981939089522,-9.612809917744054,4,-0.04205283214237583,-0.02191967112287928,-0.03687419429329095,-0.03862130269408226,-0.0336302607763736,-4.889266841640418,0.9999174912796818,"passed, not chosen (corr / cap)"
673,"mul(mul(mul(uplim,ts_rank(sub(lprice,cumr),10)),mul(uplim,ts_rank(sub(lprice,cumr),10))),ts_rank(ts_decay(ts_decay(lprice,10),3),10))",18,-1.0,-0.032957068322448865,-0.8430981939089522,-9.612809917744054,4,-0.04205283214237583,-0.02191967112287928,-0.03687419429329095,-0.03862130269408226,-0.0336302607763736,-4.889266841640418,0.9999174912796818,"passed, not chosen (corr / cap)"
630,"mul(ts_rank(sub(lprice,cumr),10),mul(mul(uplim,sub(uplim,cl)),ts_rank(ts_decay(ts_decay(lprice,10),3),10)))",15,-1.0,-0.03295740173593058,-0.8431200762242964,-9.612721176835118,4,-0.04205283214237583,-0.02191967112287928,-0.036875355491968645,-0.03862130269408226,-0.03363349734406386,-4.889023863425066,0.9999174912796818,"passed, not chosen (corr / cap)"
623,"mul(mul(mul(uplim,ts_rank(sub(lprice,cumr),10)),cs_rank(ts_decay(lprice,10))),ts_rank(ts_decay(ts_decay(lprice,10),3),10))",15,-1.0,-0.03295882262066491,-0.8431275679235946,-9.612563772003956,4,-0.0420523808178118,-0.021920130902129274,-0.03688021519739213,-0.03862130269408226,-0.03364170336031488,-4.888181059996209,0.9999174912796818,"passed, not chosen (corr / cap)"
624,"mul(mul(mul(uplim,ts_rank(sub(lprice,cumr),10)),cs_rank(ts_decay(lprice,60))),ts_rank(ts_decay(ts_decay(lprice,10),3),10))",15,-1.0,-0.03295882262066491,-0.8431275679235946,-9.612563772003956,4,-0.0420523808178118,-0.021920130902129274,-0.03688021519739213,-0.03862130269408226,-0.033641291627039514,-4.888060914227377,0.9999061107665345,"passed, not chosen (corr / cap)"
661,"mul(mul(mul(uplim,ts_rank(sub(lprice,cumr),10)),mul(uplim,ts_rank(ts_min(lprice,10),10))),ts_rank(ts_decay(ts_decay(lprice,10),3),10))",17,-1.0,-0.03295634120848551,-0.8430597211142281,-9.61253164655779,4,-0.04205512556654867,-0.02191967112287928,-0.03686905217232536,-0.03862130269408226,-0.03363274133187674,-4.890782037450618,0.9999174912796818,"passed, not chosen (corr / cap)"
609,"mul(mul(mul(uplim,ts_rank(sub(lprice,cumr),10)),cs_rank(lprice)),ts_rank(ts_decay(ts_decay(lprice,10),3),10))",14,-1.0,-0.03295904905192374,-0.8431314062975445,-9.612379225200096,4,-0.0420523808178118,-0.021920130902129274,-0.03688100380281083,-0.03862130269408226,-0.033641652802803686,-4.888154500528842,0.9999174912796818,"passed, not chosen (corr / cap)"
631,"mul(mul(mul(uplim,ts_rank(sub(lprice,cumr),10)),slog(ts_decay(lprice,10))),ts_rank(ts_decay(ts_decay(lprice,10),3),10))",15,-1.0,-0.0329584026218468,-0.843113895444394,-9.611865516344974,4,-0.0420523808178118,-0.02191967112287928,-0.03687935491224976,-0.03862130269408226,-0.03363475542781608,-4.888360167490857,0.9999174912796818,"passed, not chosen (corr / cap)"
659,"mul(ts_rank(sub(lprice,cumr),10),mul(mul(uplim,sub(lcap,sub(turn,uplim))),ts_rank(ts_decay(ts_decay(lprice,10),3),10)))",17,-1.0,-0.032957859356492286,-0.8430921404379688,-9.611831253406999,4,-0.04205283214237583,-0.02191967112287928,-0.03687694927392495,-0.03862130269408226,-0.03363295744306275,-4.88830047747537,0.9999174912796818,"passed, not chosen (corr / cap)"
602,"mul(mul(mul(uplim,ts_rank(sub(lprice,cumr),10)),ts_rank(ts_decay(ts_decay(lprice,10),3),10)),lprice)",13,-1.0,-0.032958836193999856,-0.8431212209531941,-9.611512124599924,4,-0.0420523808178118,-0.02191967112287928,-0.0368808649394035,-0.03862130269408226,-0.03364046381431676,-4.887845245561263,0.9999174912796818,"passed, not chosen (corr / cap)"
603,"mul(mul(uplim,mul(lprice,ts_rank(sub(lprice,cumr),10))),ts_rank(ts_decay(ts_decay(lprice,10),3),10))",13,-1.0,-0.032958836193999856,-0.8431212209531941,-9.611512124599924,4,-0.0420523808178118,-0.02191967112287928,-0.0368808649394035,-0.03862130269408226,-0.03364046381431676,-4.887845245561263,0.9999174912796818,"passed, not chosen (corr / cap)"
610,"mul(mul(mul(uplim,ts_rank(sub(lprice,cumr),10)),ts_rank(ts_decay(ts_decay(lprice,10),3),10)),ts_decay(lprice,10))",14,-1.0,-0.032958836193999856,-0.8431212209531941,-9.611512124599924,4,-0.0420523808178118,-0.02191967112287928,-0.0368808649394035,-0.03862130269408226,-0.03364046381431676,-4.887845245561263,0.9999174912796818,"passed, not chosen (corr / cap)"
611,"mul(mul(mul(uplim,ts_rank(sub(lprice,cumr),10)),ts_decay(lprice,10)),ts_rank(ts_decay(ts_decay(lprice,10),3),10))",14,-1.0,-0.032958836193999856,-0.8431212209531941,-9.611512124599924,4,-0.0420523808178118,-0.02191967112287928,-0.0368808649394035,-0.03862130269408226,-0.03364046381431676,-4.887845245561263,0.9999174912796818,"passed, not chosen (corr / cap)"
612,"mul(mul(mul(uplim,ts_rank(sub(lprice,cumr),10)),ts_decay(lprice,60)),ts_rank(ts_decay(ts_decay(lprice,10),3),10))",14,-1.0,-0.032958836193999856,-0.8431212209531941,-9.611512124599924,4,-0.0420523808178118,-0.02191967112287928,-0.0368808649394035,-0.03862130269408226,-0.033643574165623816,-4.88860180419146,0.9999061107665345,"passed, not chosen (corr / cap)"
625,"mul(mul(mul(uplim,ts_rank(sub(lprice,cumr),10)),abs(ts_decay(lprice,60))),ts_rank(ts_decay(ts_decay(lprice,10),3),10))",15,-1.0,-0.032958836193999856,-0.8431212209531941,-9.611512124599924,4,-0.0420523808178118,-0.02191967112287928,-0.0368808649394035,-0.03862130269408226,-0.033643574165623816,-4.88860180419146,0.9999061107665345,"passed, not chosen (corr / cap)"
626,"mul(mul(mul(uplim,ts_rank(sub(lprice,cumr),10)),ts_decay(ts_decay(lprice,10),3)),ts_rank(ts_decay(ts_decay(lprice,10),3),10))",15,-1.0,-0.032958836193999856,-0.8431212209531941,-9.611512124599924,4,-0.0420523808178118,-0.02191967112287928,-0.0368808649394035,-0.03862130269408226,-0.03364046381431676,-4.887845245561263,0.9999174912796818,"passed, not chosen (corr / cap)"
627,"mul(mul(mul(uplim,ts_rank(sub(lprice,cumr),10)),abs(ts_decay(lprice,10))),ts_rank(ts_decay(ts_decay(lprice,10),3),10))",15,-1.0,-0.032958836193999856,-0.8431212209531941,-9.611512124599924,4,-0.0420523808178118,-0.02191967112287928,-0.0368808649394035,-0.03862130269408226,-0.03364046381431676,-4.887845245561263,0.9999174912796818,"passed, not chosen (corr / cap)"
628,"mul(mul(mul(slog(uplim),ts_rank(sub(lprice,cumr),10)),ts_rank(ts_decay(ts_decay(lprice,10),3),10)),ts_decay(lprice,10))",15,-1.0,-0.032958836193999856,-0.8431212209531941,-9.611512124599924,4,-0.0420523808178118,-0.02191967112287928,-0.0368808649394035,-0.03862130269408226,-0.03364046381431676,-4.887845245561263,0.9999174912796818,"passed, not chosen (corr / cap)"
629,"mul(mul(mul(uplim,ts_rank(sub(lprice,cumr),10)),mul(uplim,lprice)),ts_rank(ts_decay(ts_decay(lprice,10),3),10))",15,-1.0,-0.032958836193999856,-0.8431212209531941,-9.611512124599924,4,-0.0420523808178118,-0.02191967112287928,-0.0368808649394035,-0.03862130269408226,-0.03364046381431676,-4.887845245561263,0.9999174912796818,"passed, not chosen (corr / cap)"
641,"mul(mul(mul(uplim,ts_rank(sub(lprice,cumr),10)),ts_decay(abs(ts_decay(lprice,10)),3)),ts_rank(ts_decay(ts_decay(lprice,10),3),10))",16,-1.0,-0.032958836193999856,-0.8431212209531941,-9.611512124599924,4,-0.0420523808178118,-0.02191967112287928,-0.0368808649394035,-0.03862130269408226,-0.03364046381431676,-4.887845245561263,0.9999174912796818,"passed, not chosen (corr / cap)"
642,"mul(mul(mul(uplim,ts_rank(sub(lprice,cumr),10)),ts_decay(ts_decay(ts_decay(lprice,10),3),3)),ts_rank(ts_decay(ts_decay(lprice,10),3),10))",16,-1.0,-0.032958836193999856,-0.8431212209531941,-9.611512124599924,4,-0.0420523808178118,-0.02191967112287928,-0.0368808649394035,-0.03862130269408226,-0.03364046381431676,-4.887845245561263,0.9999174912796818,"passed, not chosen (corr / cap)"
657,"mul(mul(mul(uplim,ts_rank(sub(lprice,cumr),10)),sub(ts_mean(dnlim,40),ts_decay(lprice,10))),ts_rank(ts_decay(ts_decay(lprice,10),3),10))",17,1.0,0.0329588362396727,0.8431212227768647,9.611512123109437,4,0.04205238092937648,0.021919671196404745,0.03688086487517435,0.03862130269408226,0.03364046365909633,4.887845243742837,0.9999174912796818,"passed, not chosen (corr / cap)"
658,"mul(mul(mul(uplim,ts_rank(sub(lprice,cumr),10)),sub(ts_decay(ch,40),ts_decay(lprice,10))),ts_rank(ts_decay(ts_decay(lprice,10),3),10))",17,1.0,0.0329588362396727,0.8431212227768647,9.611512123109437,4,0.04205238092937648,0.021919671196404745,0.03688086487517435,0.03862130269408226,0.03364046365909633,4.887845243742837,0.9999174912796818,"passed, not chosen (corr / cap)"
639,"mul(mul(mul(uplim,ts_decay(sub(lprice,hl),10)),ts_rank(sub(lprice,cumr),10)),ts_rank(ts_decay(ts_decay(lprice,10),3),10))",16,-1.0,-0.03295889081929621,-0.8431229842755913,-9.61150406216936,4,-0.0420523808178118,-0.02191967112287928,-0.03688105518612529,-0.03862130269408226,-0.03364046381431676,-4.887845245561263,0.9999174912796818,"passed, not chosen (corr / cap)"
640,"mul(mul(mul(uplim,ts_min(sub(lprice,hl),10)),ts_rank(sub(lprice,cumr),10)),ts_rank(ts_decay(ts_decay(lprice,10),3),10))",16,-1.0,-0.03295889081929621,-0.8431229842755913,-9.61150406216936,4,-0.0420523808178118,-0.02191967112287928,-0.03688105518612529,-0.03862130269408226,-0.033643574165623816,-4.88860180419146,0.9999174912796818,"passed, not chosen (corr / cap)"
671,"mul(mul(mul(uplim,ts_decay(sub(lprice,hl),10)),mul(uplim,ts_rank(sub(lprice,cumr),10))),ts_rank(ts_decay(ts_decay(lprice,10),3),10))",18,-1.0,-0.03295889081929621,-0.8431229842755913,-9.61150406216936,4,-0.0420523808178118,-0.02191967112287928,-0.03688105518612529,-0.03862130269408226,-0.03364046381431676,-4.887845245561263,0.9999174912796818,"passed, not chosen (corr / cap)"
634,"mul(mul(mul(uplim,ts_rank(sub(lprice,cumr),10)),abs(ts_decay(lprice,3))),ts_rank(ts_decay(ts_decay(lprice,10),3),10))",15,-1.0,-0.03295716215550351,-0.8430734204554636,-9.611493799385489,4,-0.04205042131511481,-0.02191888047903041,-0.036878300462407865,-0.03862130269408226,-0.03364046381431676,-4.887845245561263,0.9998989979458174,"passed, not chosen (corr / cap)"
660,"mul(mul(mul(uplim,ts_rank(sub(lprice,cumr),10)),cs_rank(ts_rank(sub(lprice,cumr),20))),ts_rank(ts_decay(ts_decay(lprice,10),3),10))",17,-1.0,-0.03295706968715917,-0.8430854366508749,-9.610927288065223,4,-0.04205283214237583,-0.02191580833995862,-0.03687926062386772,-0.03862130269408226,-0.033628718328795264,-4.888953103050251,0.9999174912796818,"passed, not chosen (corr / cap)"
674,"mul(mul(mul(uplim,ts_rank(sub(lprice,cumr),20)),mul(uplim,ts_rank(sub(lprice,cumr),10))),ts_rank(ts_decay(ts_decay(lprice,10),3),10))",18,-1.0,-0.03295706968715917,-0.8430854366508749,-9.610927288065223,4,-0.04205283214237583,-0.02191580833995862,-0.03687926062386772,-0.03862130269408226,-0.033628718328795264,-4.888953103050251,0.9999174912796818,"passed, not chosen (corr / cap)"
620,"mul(mul(mul(uplim,ts_rank(sub(lprice,cumr),10)),sub(lprice,cumr)),ts_rank(ts_decay(ts_decay(lprice,10),3),10))",15,-1.0,-0.03296071831393401,-0.8431423575024564,-9.610923446783374,4,-0.0420523808178118,-0.02191967112287928,-0.03688741990882936,-0.03862130269408226,-0.0336394199347567,-4.887248185641563,0.9999174912796818,"passed, not chosen (corr / cap)"
621,"mul(mul(mul(uplim,ts_rank(sub(lprice,cumr),10)),ts_rank(ts_decay(ts_decay(lprice,10),3),10)),sub(lprice,cumr))",15,-1.0,-0.03296071831393401,-0.8431423575024564,-9.610923446783374,4,-0.0420523808178118,-0.02191967112287928,-0.03688741990882936,-0.03862130269408226,-0.0336394199347567,-4.887248185641563,0.9999174912796818,"passed, not chosen (corr / cap)"
622,"mul(mul(mul(uplim,sub(lprice,cumr)),ts_rank(sub(lprice,cumr),10)),ts_rank(ts_decay(ts_decay(lprice,10),3),10))",15,-1.0,-0.03296071831393401,-0.8431423575024564,-9.610923446783374,4,-0.0420523808178118,-0.02191967112287928,-0.03688741990882936,-0.03862130269408226,-0.0336394199347567,-4.887248185641563,0.9999174912796818,"passed, not chosen (corr / cap)"
656,"mul(mul(mul(uplim,sub(lprice,cumr)),mul(uplim,ts_rank(sub(lprice,cumr),10))),ts_rank(ts_decay(ts_decay(lprice,10),3),10))",17,-1.0,-0.03296071831393401,-0.8431423575024564,-9.610923446783374,4,-0.0420523808178118,-0.02191967112287928,-0.03688741990882936,-0.03862130269408226,-0.0336394199347567,-4.887248185641563,0.9999174912796818,"passed, not chosen (corr / cap)"
645,"mul(mul(mul(uplim,ts_rank(sub(lprice,cumr),10)),ts_decay(sub(lprice,cumr),3)),ts_rank(ts_decay(ts_decay(lprice,10),3),10))",16,-1.0,-0.032959044275437666,-0.8430945568324407,-9.610905691401392,4,-0.04205042131511481,-0.02191888047903041,-0.03688485543183372,-0.03862130269408226,-0.0336394199347567,-4.887248185641563,0.9998989979458174,"passed, not chosen (corr / cap)"
646,"mul(mul(mul(uplim,ts_decay(sub(lprice,cumr),3)),ts_rank(sub(lprice,cumr),10)),ts_rank(ts_decay(ts_decay(lprice,10),3),10))",16,-1.0,-0.032959044275437666,-0.8430945568324407,-9.610905691401392,4,-0.04205042131511481,-0.02191888047903041,-0.03688485543183372,-0.03862130269408226,-0.0336394199347567,-4.887248185641563,0.9998989979458174,"passed, not chosen (corr / cap)"
666,"mul(mul(mul(uplim,ts_rank(sub(lprice,cumr),10)),ts_decay(ts_rank(sub(lprice,cl),10),3)),ts_rank(ts_decay(ts_decay(lprice,10),3),10))",17,-1.0,-0.03294994356643782,-0.8428608237910886,-9.610477371817339,4,-0.04204836201979285,-0.021908365822654513,-0.03686928102076214,-0.03862130269408226,-0.03362304568734197,-4.888607377996751,0.9998989979458174,"passed, not chosen (corr / cap)"
664,"mul(mul(mul(uplim,ts_rank(sub(lprice,cumr),10)),cs_rank(ts_rank(sub(lprice,cl),20))),ts_rank(ts_decay(ts_decay(lprice,10),3),10))",17,-1.0,-0.03295266459592835,-0.8429490662652563,-9.610330486006328,4,-0.04204894813213314,-0.021909156466503384,-0.036877054738177886,-0.03862130269408226,-0.033622013515837136,-4.885876699221192,0.9999174912796818,"passed, not chosen (corr / cap)"
649,"mul(mul(mul(uplim,ts_rank(sub(lprice,hl),10)),ts_rank(sub(lprice,cumr),10)),ts_rank(ts_decay(ts_decay(lprice,10),3),10))",16,-1.0,-0.03295577127595391,-0.8430046273496792,-9.609926272784731,4,-0.04205283214237583,-0.021910942326557187,-0.036881114726540924,-0.03862130269408226,-0.03362752934030834,-4.888518417285959,0.9999174912796818,"passed, not chosen (corr / cap)"
697,"mul(mul(div(uplim,ts_rank(sub(lprice,cumr),10)),cs_rank(turn)),ts_rank(ts_decay(ts_decay(cumr,10),3),10))",14,-1.0,-0.03213878814416353,-0.8109895042480302,-9.557972489452123,4,-0.04195187899467507,-0.021943963524934492,-0.03406575629293608,-0.03790108114480972,-0.03363067396761229,-4.9184190992801415,0.9106914230762665,"passed, not chosen (corr / cap)"
686,"mul(mul(div(uplim,ts_rank(sub(lprice,cumr),10)),uplim),ts_rank(ts_decay(ts_decay(cumr,10),3),10))",13,-1.0,-0.032137429733719566,-0.8109377419973235,-9.55555245504772,4,-0.0419560753542817,-0.021934819432269586,-0.03406810421923486,-0.03790108114480972,-0.03363251969373474,-4.913394401956098,0.9106914230762665,"passed, not chosen (corr / cap)"
693,"mul(mul(mul(uplim,ts_rank(sub(lprice,cumr),10)),cs_rank(turn)),ts_rank(ts_decay(ts_decay(cumr,10),3),10))",14,-1.0,-0.03219479881070084,-0.8123820156702185,-9.550135662445047,4,-0.04205651611581826,-0.021922276693849677,-0.03414455432697044,-0.03862130269408226,-0.03362784936048445,-4.890598041434387,0.9999174912796818,"passed, not chosen (corr / cap)"
753,"mul(mul(mul(uplim,ts_rank(sub(lprice,cumr),10)),cs_rank(ts_rank(add(lcap,cl),60))),ts_rank(ts_decay(ts_decay(cumr,10),3),10))",17,-1.0,-0.03219925985624785,-0.8125141670225396,-9.548177127902388,4,-0.042057414556797026,-0.02191967112287928,-0.03416203398664948,-0.03862130269408226,-0.03363389236896876,-4.890235751878615,0.9999061107665345,"passed, not chosen (corr / cap)"
694,"mul(mul(mul(uplim,ts_rank(sub(lprice,cumr),10)),cs_rank(cl)),ts_rank(ts_decay(ts_decay(cumr,10),3),10))",14,-1.0,-0.0321967009389054,-0.8123398044426472,-9.547193504527058,4,-0.04205283214237583,-0.02191935761029048,-0.03415877143949426,-0.03862130269408226,-0.03362720001799365,-4.888151127805904,0.9999174912796818,"passed, not chosen (corr / cap)"
709,"mul(mul(mul(uplim,ts_rank(sub(lprice,cumr),10)),cs_rank(ts_rank(iret,60))),ts_rank(ts_decay(ts_decay(cumr,10),3),10))",15,-1.0,-0.03219768972956123,-0.812355370964158,-9.546928945992423,4,-0.04205283214237583,-0.02191967112287928,-0.03416173621177829,-0.03862130269408226,-0.03363225769828118,-4.890031675533696,0.9999061107665345,"passed, not chosen (corr / cap)"
685,"mul(mul(mul(uplim,ts_rank(sub(lprice,cumr),10)),uplim),ts_rank(ts_decay(ts_decay(cumr,10),3),10))",13,-1.0,-0.032200505154226754,-0.8124601050590508,-9.546333227152918,4,-0.04205283214237583,-0.02191967112287928,-0.03417130865564104,-0.03862130269408226,-0.03363049138958255,-4.8891397849787435,0.9999174912796818,"passed, not chosen (corr / cap)"
705,"mul(mul(mul(uplim,ts_rank(sub(lprice,cumr),10)),cs_rank(ts_decay(lprice,10))),ts_rank(ts_decay(ts_decay(cumr,10),3),10))",15,-1.0,-0.03220257234337909,-0.812486895623065,-9.545849956433871,4,-0.0420523808178118,-0.021920130902129274,-0.034178251168729426,-0.03862130269408226,-0.03364170336031488,-4.888181059996209,0.9999174912796818,"passed, not chosen (corr / cap)"
692,"mul(mul(mul(uplim,ts_rank(sub(lprice,cumr),10)),cs_rank(oret)),ts_rank(ts_decay(ts_decay(cumr,10),3),10))",14,-1.0,-0.03219979199853055,-0.8124241151601725,-9.545849243191187,4,-0.04205283214237583,-0.021918848127825186,-0.0341699263866758,-0.03862130269408226,-0.03363408079548251,-4.885681054845044,0.9999174912796818,"passed, not chosen (corr / cap)"
725,"mul(mul(mul(uplim,ts_rank(sub(lprice,cumr),10)),add(iret,slog(lcap))),ts_rank(ts_decay(ts_decay(cumr,10),3),10))",16,-1.0,-0.032201143438892445,-0.812463205381138,-9.545781684601417,4,-0.04205283214237583,-0.02191967112287928,-0.03417347882350441,-0.03862130269408226,-0.03363177883217022,-4.88843914237959,0.9999174912796818,"passed, not chosen (corr / cap)"
703,"mul(mul(mul(uplim,ts_rank(sub(lprice,cumr),10)),cs_rank(ts_rank(lprice,60))),ts_rank(ts_decay(ts_decay(cumr,10),3),10))",15,-1.0,-0.03220445092958078,-0.8125842521914605,-9.545540173182388,4,-0.04205207477648263,-0.02191967112287928,-0.034185557394327284,-0.03862130269408226,-0.03363076777064374,-4.889075174999243,0.9999061107665345,"passed, not chosen (corr / cap)"
707,"mul(mul(mul(uplim,ts_rank(sub(lprice,cumr),10)),abs(ts_decay(lprice,10))),ts_rank(ts_decay(ts_decay(cumr,10),3),10))",15,-1.0,-0.03220258578364212,-0.8124810157588221,-9.54510940596754,4,-0.0420523808178118,-0.02191967112287928,-0.034178879252673745,-0.03862130269408226,-0.03364046381431676,-4.887845245561263,0.9999174912796818,"passed, not chosen (corr / cap)"
706,"mul(mul(mul(uplim,ts_rank(sub(lprice,cumr),10)),sub(lprice,cl)),ts_rank(ts_decay(ts_decay(cumr,10),3),10))",15,-1.0,-0.03220263987339636,-0.8124826989877948,-9.545096527979293,4,-0.0420523808178118,-0.02191967112287928,-0.03417906315783815,-0.03862130269408226,-0.03364046381431676,-4.887845245561263,0.9999174912796818,"passed, not chosen (corr / cap)"
704,"mul(mul(mul(uplim,ts_rank(sub(lprice,cumr),10)),ts_decay(ts_decay(lprice,10),20)),ts_rank(ts_decay(ts_decay(cumr,10),3),10))",15,-1.0,-0.032201062121648825,-0.8125075026863097,-9.5449175780297,4,-0.042050332246810394,-0.02191736031550375,-0.034178879252673745,-0.03862130269408226,-0.033643574165623816,-4.88860180419146,0.9998605887139451,"passed, not chosen (corr / cap)"
724,"mul(mul(mul(uplim,ts_rank(sub(lprice,cumr),10)),cs_rank(sub(lprice,cumr))),ts_rank(ts_decay(ts_decay(cumr,10),3),10))",16,-1.0,-0.03220420792843238,-0.8124697796522982,-9.543447727109335,4,-0.0420523808178118,-0.021918848127825186,-0.03418543700536247,-0.03862130269408226,-0.033641261292532795,-4.887005973734475,0.9999174912796818,"passed, not chosen (corr / cap)"
449,"mul(mul(uplim,ts_corr(turn,cl,60)),ts_rank(sub(abs(hl),lmoney),20))",11,-1.0,-0.03483769836314364,-0.8783507543576773,-9.502456588083856,4,-0.04452651729419207,-0.022924428512792912,-0.035245753961001956,-0.03862130269408226,-0.02168707916809415,-2.620460042301481,0.9999886194868527,"passed, not chosen (corr / cap)"
714,"mul(mul(mul(uplim,ts_rank(sub(lprice,cumr),10)),ts_rank(lprice,10)),ts_rank(ts_decay(ts_decay(lcap,10),3),10))",14,-1.0,-0.03185499989887071,-0.8053156819530989,-9.489630405799199,4,-0.042049399456697174,-0.02191967112287928,-0.03296341942416715,-0.03862130269408226,-0.030471069055298963,-5.811070092401902,0.9999174912796818,"passed, not chosen (corr / cap)"
715,"mul(mul(mul(uplim,ts_rank(sub(lprice,cumr),10)),cs_rank(oret)),ts_rank(ts_decay(ts_decay(lcap,10),3),10))",14,-1.0,-0.031854661638894825,-0.8052916465440303,-9.489093226583654,4,-0.042049399456697174,-0.021918848127825186,-0.03296330436076518,-0.03862130269408226,-0.030472401219109695,-5.806196245734119,0.9999174912796818,"passed, not chosen (corr / cap)"
713,"mul(mul(mul(uplim,ts_rank(sub(lprice,cumr),10)),ts_decay(lprice,10)),ts_rank(ts_decay(ts_decay(lcap,10),3),10))",14,-1.0,-0.03185786830006479,-0.8053496032055032,-9.48807633696213,4,-0.04205032152248984,-0.02191967112287928,-0.03297196836454884,-0.03862130269408226,-0.030477276465131178,-5.809325625213855,0.9999174912796818,"passed, not chosen (corr / cap)"
731,"mul(mul(mul(uplim,ts_rank(sub(lprice,cumr),10)),ts_decay(ts_decay(lprice,10),3)),ts_rank(ts_decay(ts_decay(lcap,10),3),10))",15,-1.0,-0.03185786830006479,-0.8053496032055032,-9.48807633696213,4,-0.04205032152248984,-0.02191967112287928,-0.03297196836454884,-0.03862130269408226,-0.030477276465131178,-5.809325625213855,0.9999174912796818,"passed, not chosen (corr / cap)"
732,"mul(mul(mul(uplim,ts_rank(sub(lprice,cumr),10)),sub(lprice,cumr)),ts_rank(ts_decay(ts_decay(lcap,10),3),10))",15,-1.0,-0.03185858632264392,-0.8053356280855248,-9.487722954868625,4,-0.04205032152248984,-0.02191967112287928,-0.03297435405247304,-0.03862130269408226,-0.030474553277923002,-5.808671991587373,0.9999174912796818,"passed, not chosen (corr / cap)"
523,"mul(ts_rank(sub(ts_min(oret,20),lmoney),20),mul(uplim,ts_rank(ts_delta(oret,60),20)))",11,-1.0,-0.03443490014677601,-0.8589616276241894,-9.458788474473678,4,-0.04451320383749488,-0.02736869435258476,-0.030206110817380248,-0.03862130269408226,-0.020969784249448113,-2.5573280238773832,0.9976527691633615,"passed, not chosen (corr / cap)"
558,"mul(mul(ts_rank(sub(ts_delta(ch,60),lmoney),20),ts_rank(sub(ts_min(oret,20),lmoney),20)),uplim)",13,-1.0,-0.03449375587515533,-0.862052908644809,-9.455426127875713,4,-0.04451320383749488,-0.027374770068230907,-0.030356354103423654,-0.03862130269408226,-0.020304622832271788,-2.4225642121069484,0.9976527691633615,"passed, not chosen (corr / cap)"
453,"mul(mul(ts_rank(sub(ts_min(oret,20),lmoney),20),mul(uplim,ts_min(oret,20))),ts_delta(mul(ts_min(oret,20),mul(uplim,ts_min(oret,20))),60))",19,1.0,0.03556030910861279,0.9102769127560326,9.392723695636203,4,0.04739665437622794,0.028363528966518312,0.0303446477628313,0.03862130269408226,0.021075204169998567,2.3715711704634277,0.9976527691633615,"passed, not chosen (corr / cap)"
651,"mul(mul(mul(uplim,ts_rank(sub(lprice,cumr),10)),ts_rank(ts_mean(lprice,3),10)),ts_rank(ts_decay(ts_decay(lprice,10),3),10))",15,-1.0,-0.032941173073631945,-0.8385040398445158,-9.37222832115099,4,-0.04204698117885555,-0.02158850826153129,-0.036867959313455906,-0.03862130269408226,-0.03363035319905196,-4.889154096443652,0.9998989979458174,"passed, not chosen (corr / cap)"
556,"mul(mul(ts_rank(sub(abs(hl),lmoney),20),mul(uplim,ts_min(oret,20))),ts_delta(mul(ts_min(oret,20),mul(uplim,ts_min(oret,20))),60))",19,1.0,0.034983396851371425,0.8865933144029555,9.257645978180049,4,0.04739534137105303,0.026562203908519398,0.030666348490318875,0.03862130269408226,0.02205719253767959,2.434555407431228,0.9978476604510097,"passed, not chosen (corr / cap)"
500,"mul(mul(ts_rank(sub(abs(hl),lmoney),20),uplim),ts_delta(mul(ts_min(oret,20),mul(uplim,ts_min(oret,20))),60))",16,-1.0,-0.0349844782074258,-0.8866155220579258,-9.257503784161957,4,-0.04739534175023437,-0.02656220387096607,-0.030669196645115932,-0.03862130269408226,-0.022085841120728714,-2.4441021233887805,0.9978476604510097,"passed, not chosen (corr / cap)"
526,"mul(mul(ts_rank(sub(abs(hl),lmoney),20),mul(uplim,uplim)),ts_delta(mul(ts_min(oret,20),mul(uplim,ts_min(oret,20))),60))",18,-1.0,-0.0349844782074258,-0.8866155220579258,-9.257503784161957,4,-0.04739534175023437,-0.02656220387096607,-0.030669196645115932,-0.03862130269408226,-0.022085841120728714,-2.4441021233887805,0.9978476604510097,"passed, not chosen (corr / cap)"
577,"mul(ts_rank(sub(hl,lmoney),20),mul(ts_rank(lmoney,40),mul(uplim,ts_delta(ch,60))))",12,-1.0,-0.03367015469702892,-0.8523418573121765,-9.253183693684695,4,-0.046732826507650316,-0.022522881558095967,-0.03020751513301944,-0.03862130269408226,-0.026221519372867125,-2.90860079295219,0.9986713250900483,"passed, not chosen (corr / cap)"
425,"mul(ts_rank(sub(hl,lmoney),20),mul(ts_rank(oret,3),mul(uplim,lcap)))",11,-1.0,-0.034887267887825146,-0.8949216649498265,-9.225438483265195,4,-0.04751816562909101,-0.024698651830355325,-0.031198926466076,-0.03862130269408226,-0.02041315809131051,-2.5929511989628824,0.999972971281275,"passed, not chosen (corr / cap)"
419,"mul(ts_rank(sub(hl,lmoney),20),mul(ts_rank(oret,3),uplim))",9,-1.0,-0.034886528531877466,-0.8948830569163195,-9.225412932644693,4,-0.04751816562909101,-0.024705298671809334,-0.031191655459176553,-0.03862130269408226,-0.020351667661601916,-2.570190649672592,0.999972971281275,"passed, not chosen (corr / cap)"
442,"mul(mul(ts_rank(sub(abs(hl),lmoney),20),ts_rank(oret,3)),mul(ts_rank(oret,3),mul(uplim,lprice)))",15,-1.0,-0.03488729128954359,-0.8949354197069496,-9.225315538223802,4,-0.04751816562909101,-0.02470109969532738,-0.03119705798790643,-0.03862130269408226,-0.020391294123748176,-2.5815357062548254,0.999972971281275,"passed, not chosen (corr / cap)"
468,"mul(mul(ts_rank(sub(abs(hl),lmoney),20),sub(abs(hl),lmoney)),mul(ts_rank(oret,3),mul(uplim,lprice)))",17,1.0,0.03488638033293402,0.8948628177016269,9.22496951622999,4,0.047518165655700224,0.02470109974965453,0.031194564776102964,0.03862130269408226,0.02036364895936388,2.570876598452931,0.999972971281275,"passed, not chosen (corr / cap)"
456,"mul(ts_rank(sub(hl,lmoney),20),mul(ts_rank(sub(hl,lmoney),20),mul(ts_rank(oret,3),mul(uplim,lprice))))",16,-1.0,-0.03488513090773127,-0.8948177444195556,-9.224882937047939,4,-0.04751816562909101,-0.02470109969532738,-0.03119114536399904,-0.03862130269408226,-0.020341673436073158,-2.564508935900281,0.999972971281275,"passed, not chosen (corr / cap)"
426,"mul(ts_rank(sub(hl,lmoney),20),mul(ts_rank(oret,3),mul(uplim,lprice)))",11,-1.0,-0.03488557997535771,-0.8948337888017285,-9.224782793350117,4,-0.04751816562909101,-0.02470109969532738,-0.03119237439118718,-0.03862130269408226,-0.02036187558984145,-2.5706690338121594,0.999972971281275,"passed, not chosen (corr / cap)"
727,"mul(mul(mul(uplim,ts_rank(sub(lprice,cumr),10)),ts_rank(ts_decay(ts_decay(lprice,10),3),10)),add(lprice,cumr))",15,-1.0,-0.03240103053351481,-0.8074155709301397,-9.18315790227601,4,-0.0420523808178118,-0.02043742992406662,-0.03688040955477908,-0.03862130269408226,-0.03026499540456349,-3.729545597553075,0.9999174912796818,"passed, not chosen (corr / cap)"
452,"mul(ts_rank(sub(ts_delay(cl,40),lmoney),20),mul(ts_rank(oret,3),mul(uplim,lprice)))",12,-1.0,-0.03494631418137636,-0.8825864139351876,-9.18131160953938,4,-0.04754180631682496,-0.025215081613639306,-0.030898762766171147,-0.03866472840309143,-0.019631040855892935,-2.4908988853534644,0.9982189496924416,"passed, not chosen (corr / cap)"
403,"mul(ts_rank(sub(ch,lmoney),20),mul(uplim,ts_rank(ts_delta(oret,60),3)))",10,-1.0,-0.035606926643522455,-0.921996083409979,-9.135187143526744,4,-0.047581284543301794,-0.023526449695807593,-0.034314106231102266,-0.03862130269408226,-0.021361469893102964,-2.8308122967426397,0.9984735886741133,"passed, not chosen (corr / cap)"
404,"mul(mul(ts_rank(sub(ch,lmoney),20),mul(uplim,ts_rank(ts_delta(oret,60),3))),uplim)",12,-1.0,-0.035606926643522455,-0.921996083409979,-9.135187143526744,4,-0.047581284543301794,-0.023526449695807593,-0.034314106231102266,-0.03862130269408226,-0.021361469893102964,-2.8308122967426397,0.9984735886741133,"passed, not chosen (corr / cap)"
411,"mul(mul(ts_rank(sub(ch,lmoney),20),mul(uplim,ts_rank(ts_delta(oret,60),3))),abs(uplim))",13,-1.0,-0.035606926643522455,-0.921996083409979,-9.135187143526744,4,-0.047581284543301794,-0.023526449695807593,-0.034314106231102266,-0.03862130269408226,-0.021361469893102964,-2.8308122967426397,0.9984735886741133,"passed, not chosen (corr / cap)"
421,"mul(mul(ts_rank(sub(ch,lmoney),20),mul(uplim,ts_rank(ts_delta(oret,60),3))),mul(lcap,mul(uplim,lprice)))",16,-1.0,-0.03560892153182067,-0.9221143675271049,-9.135019984663861,4,-0.047581284543301794,-0.023522842057241963,-0.034322325429702934,-0.03862130269408226,-0.021412780383465495,-2.846520151904894,0.9984735886741133,"passed, not chosen (corr / cap)"
428,"mul(mul(ts_rank(sub(ch,lmoney),20),mul(uplim,ts_rank(ts_delta(oret,60),3))),mul(lcap,mul(uplim,ts_rank(ts_min(oret,20),3))))",18,-1.0,-0.03560773317352869,-0.9220278141784646,-9.134834993192499,4,-0.047581284543301794,-0.023522842057241963,-0.03431911365053541,-0.03862130269408226,-0.021386921985029447,-2.8442072091541304,0.9984735886741133,"passed, not chosen (corr / cap)"
405,"mul(ts_rank(sub(ch,lmoney),20),mul(lcap,mul(uplim,ts_rank(ts_delta(oret,60),3))))",12,-1.0,-0.03560660064802505,-0.9219743647000745,-9.134821729102367,4,-0.047581284543301794,-0.023522842057241963,-0.03431605277079586,-0.03862130269408226,-0.02141180188145216,-2.8491279016420834,0.9984735886741133,"passed, not chosen (corr / cap)"
406,"mul(mul(ts_rank(sub(ch,lmoney),20),mul(uplim,ts_rank(ts_delta(oret,60),3))),lcap)",12,-1.0,-0.03560660064802505,-0.9219743647000745,-9.134821729102367,4,-0.047581284543301794,-0.023522842057241963,-0.03431605277079586,-0.03862130269408226,-0.02141180188145216,-2.8491279016420834,0.9984735886741133,"passed, not chosen (corr / cap)"
413,"mul(mul(ts_rank(sub(ch,lmoney),20),uplim),mul(lcap,mul(uplim,ts_rank(ts_delta(oret,60),3))))",14,-1.0,-0.03560660064802505,-0.9219743647000745,-9.134821729102367,4,-0.047581284543301794,-0.023522842057241963,-0.03431605277079586,-0.03862130269408226,-0.02141180188145216,-2.8491279016420834,0.9984735886741133,"passed, not chosen (corr / cap)"
430,"mul(mul(ts_rank(sub(ch,lmoney),20),add(uplim,ts_rank(ts_delta(dnlim,60),3))),mul(lcap,mul(uplim,ts_rank(ts_delta(oret,60),3))))",18,-1.0,-0.03560660064802505,-0.9219743647000745,-9.134821729102367,4,-0.047581284543301794,-0.023522842057241963,-0.03431605277079586,-0.03862130269408226,-0.021419701041517462,-2.851497554942141,0.9984735886741133,"passed, not chosen (corr / cap)"
431,"mul(mul(ts_rank(sub(ch,lmoney),20),add(uplim,ts_rank(ts_delta(lprice,60),3))),mul(lcap,mul(uplim,ts_rank(ts_delta(oret,60),3))))",18,-1.0,-0.03560660064802505,-0.9219743647000745,-9.134821729102367,4,-0.047581284543301794,-0.023522842057241963,-0.03431605277079586,-0.03862130269408226,-0.021431291555395214,-2.85634828703947,0.9984735886741133,"passed, not chosen (corr / cap)"
432,"mul(mul(ts_rank(sub(ch,lmoney),20),add(uplim,ts_rank(ts_delta(oret,60),3))),mul(lcap,mul(uplim,ts_rank(ts_delta(oret,60),3))))",18,-1.0,-0.035606318801874294,-0.9219582804352914,-9.134784850619633,4,-0.047581284543301794,-0.023522842057241963,-0.03431529102444246,-0.03862130269408226,-0.021413736329300374,-2.849785859703316,0.9984735886741133,"passed, not chosen (corr / cap)"
429,"mul(mul(ts_rank(sub(ch,lmoney),20),mul(uplim,ts_rank(ts_delta(lprice,60),3))),mul(lcap,mul(uplim,ts_rank(ts_delta(oret,60),3))))",18,-1.0,-0.03560844917432405,-0.9220026607531592,-9.134599438071737,4,-0.047581284543301794,-0.023522842057241963,-0.03432104878782018,-0.03862130269408226,-0.02144466405280116,-2.8620457288469954,0.9984735886741133,"passed, not chosen (corr / cap)"
417,"mul(mul(ts_rank(sub(ch,lmoney),20),mul(uplim,ts_rank(ts_delta(oret,60),3))),sub(ts_min(oret,20),lmoney))",15,1.0,0.03560532767092809,0.9219029074617703,9.134573172699485,4,0.04758128475143828,0.023522841984984177,0.03431261216315466,0.03862130269408226,0.021348856298661813,2.825756395600052,0.9984735886741133,"passed, not chosen (corr / cap)"
433,"mul(mul(ts_rank(sub(ch,lmoney),20),add(uplim,ts_rank(abs(hl),3))),mul(lcap,mul(uplim,ts_rank(ts_delta(oret,60),3))))",18,-1.0,-0.03560531513416208,-0.9218323641244013,-9.134548164933184,4,-0.047581284543301794,-0.023522842057241963,-0.03431257840900405,-0.03862130269408226,-0.02139969100812223,-2.843061955731874,0.9984735886741133,"passed, not chosen (corr / cap)"
427,"mul(mul(ts_rank(sub(ch,lmoney),20),mul(uplim,ts_rank(ts_delta(oret,60),3))),mul(lcap,mul(uplim,ts_rank(ts_delta(oret,60),3))))",18,-1.0,-0.035612264197552576,-0.9222133089422954,-9.134360577058663,4,-0.047581284543301794,-0.023522842057241963,-0.034331359661410786,-0.03862130269408226,-0.02141742386696179,-2.85044678712043,0.9984735886741133,"passed, not chosen (corr / cap)"
532,"mul(ts_rank(sub(ts_min(oret,20),lmoney),20),mul(uplim,ts_delta(ret,60)))",10,-1.0,-0.033882493736389324,-0.8522148794084798,-9.101072215892701,4,-0.04451311727300183,-0.02532164269159066,-0.03040307933697477,-0.03862130269408226,-0.019362753660728534,-2.299226452117815,0.9984764338024001,"passed, not chosen (corr / cap)"
434,"mul(mul(ts_rank(sub(ch,lmoney),20),mul(uplim,ts_rank(ts_delta(oret,60),3))),mul(lcap,mul(uplim,ts_rank(ts_delta(ret,60),3))))",18,-1.0,-0.03532888279878534,-0.9207792189861681,-9.015686641104828,4,-0.047581284543301794,-0.022562156872952294,-0.034318433457834495,-0.03862130269408226,-0.019932608341332526,-2.6578039255285066,0.9984735886741133,"passed, not chosen (corr / cap)"
401,"mul(mul(ts_rank(sub(ts_min(oret,20),lmoney),20),mul(uplim,ts_min(oret,20))),mul(ts_rank(oret,3),div(uplim,lprice)))",17,1.0,0.03640593016985804,0.9674904995250632,9.007370693098528,4,0.050570793703253215,0.02645643802991669,0.03085903955522824,0.03862130269408226,0.019001399021362886,2.4118008134146613,0.9997766574294835,"passed, not chosen (corr / cap)"
402,"mul(ts_rank(sub(ts_min(oret,20),lmoney),20),mul(uplim,mul(mul(uplim,ts_min(oret,20)),mul(ts_rank(oret,3),mul(uplim,lprice)))))",19,1.0,0.03640357877826318,0.9673645625447895,9.005995760708421,4,0.050570793703253215,0.02644742962105998,0.030859501617079652,0.03862130269408226,0.01909448124933988,2.4417648609187754,0.9997780799936269,"passed, not chosen (corr / cap)"
400,"mul(ts_rank(oret,3),mul(ts_rank(sub(ts_min(oret,20),lmoney),20),mul(uplim,ts_min(oret,20))))",13,1.0,0.03640243383590132,0.9672891052991341,9.00564129402841,4,0.050570793703253215,0.02644480684206688,0.030858391983988317,0.03862130269408226,0.019046200733282604,2.426155645308068,0.9997780799936269,"passed, not chosen (corr / cap)"
490,"mul(ts_rank(sub(hl,lmoney),20),mul(ts_rank(ts_delta(oret,60),20),mul(uplim,ts_min(oret,20))))",13,1.0,0.03472901937751987,0.8756720655246177,8.96849197786042,4,0.04739534137105303,0.025571369061556954,0.030522091484560473,0.03862130269408226,0.02179025410970842,2.5995017103479667,0.9978476604510097,"passed, not chosen (corr / cap)"
595,"div(uplim,ts_rank(sub(ts_min(oret,20),lmoney),20))",7,-1.0,-0.03388984011429063,-0.8308040320462751,-8.845935729861143,4,-0.044850760996471055,-0.02451011139482003,-0.030687338986899702,-0.03940886631608009,-0.019680671342131164,-2.213284237903603,0.9434061306824325,"passed, not chosen (corr / cap)"
730,"mul(mul(mul(uplim,ts_rank(sub(lprice,cumr),3)),cs_rank(cl)),mul(mul(uplim,ts_decay(lcap,3)),ts_rank(ts_decay(sub(lprice,cumr),3),5)))",20,-1.0,-0.031997734294293936,-0.8255137029120829,-8.802165020677338,4,-0.042357422318994344,-0.020288411104411354,-0.0350399555819523,-0.03862130269408226,-0.0188867939565777,-3.381211872968655,0.9999502102549804,"passed, not chosen (corr / cap)"
687,"mul(ts_rank(sub(lprice,cumr),5),mul(mul(uplim,ts_rank(sub(lprice,cumr),3)),ts_rank(ts_decay(sub(lprice,cumr),3),5)))",17,-1.0,-0.03200036335604366,-0.8258198660917078,-8.800476362991724,4,-0.04236258523237398,-0.020286104032129514,-0.03504574918446855,-0.03862130269408226,-0.018873219754065456,-3.377368835942949,0.9999502102549804,"passed, not chosen (corr / cap)"
688,"mul(mul(uplim,ts_rank(sub(lprice,cumr),3)),mul(mul(uplim,ts_decay(lcap,3)),ts_rank(ts_decay(sub(lprice,cumr),3),5)))",17,-1.0,-0.03200315570758723,-0.825780845709076,-8.799993170958318,4,-0.042357422318994344,-0.020283794165879953,-0.03506180153797484,-0.03862130269408226,-0.018906954403064447,-3.3926650021167233,0.9999502102549804,"passed, not chosen (corr / cap)"
729,"mul(mul(mul(uplim,ts_rank(sub(lprice,cumr),3)),cs_rank(cl)),mul(mul(uplim,ts_decay(lprice,3)),ts_rank(ts_decay(sub(lprice,cumr),3),5)))",20,-1.0,-0.032001821194704086,-0.8256050297405245,-8.799922945756109,4,-0.04236368353560786,-0.020288411104411354,-0.03504664348697083,-0.03862130269408226,-0.018839502497485228,-3.358447574117232,0.9999502102549804,"passed, not chosen (corr / cap)"
455,"mul(mul(uplim,ts_delta(ch,60)),mul(ts_rank(sub(ts_min(oret,10),lmoney),20),ts_min(oret,20)))",13,1.0,0.034853947217493214,0.8850795607828772,8.725354946182456,4,0.04734551012926899,0.026379869588149283,0.029650085314642638,0.03862130269408226,0.02388272791101438,2.854402993432566,0.9984949271362645,"passed, not chosen (corr / cap)"
439,"mul(ts_rank(sub(ch,lmoney),20),mul(uplim,ts_rank(ts_rank(ts_delta(oret,60),3),3)))",11,-1.0,-0.03495428231019782,-0.8859243324624,-8.691469719139514,4,-0.04757062513310688,-0.022436977251721866,-0.03349262880137525,-0.03862130269408226,-0.024412108520262463,-2.917712873737261,0.9982843876430388,"passed, not chosen (corr / cap)"
680,"mul(mul(mul(uplim,ts_rank(sub(lprice,cumr),3)),mul(uplim,lmoney)),ts_rank(ts_decay(ts_rank(sub(lprice,cumr),60),5),10))",17,-1.0,-0.031791358703956725,-0.8332747398029414,-8.64747669386199,4,-0.039641901298559136,-0.020810519818228502,-0.03610470522578586,-0.03862130269408226,-0.019024026373194322,-3.314461493160415,0.9998961528175305,"passed, not chosen (corr / cap)"
529,"mul(mul(uplim,turn),mul(ts_rank(sub(ts_min(oret,10),lmoney),20),ts_min(oret,20)))",12,1.0,0.03472623414626079,0.8617065086665746,8.627641377460238,4,0.04740190877845245,0.025360068723816295,0.03032811206066981,0.03862130269408226,0.019905058760195972,2.2923558336824494,0.9998122215330689,"passed, not chosen (corr / cap)"
653,"mul(mul(mul(uplim,ts_rank(sub(lprice,cumr),3)),cs_rank(ts_decay(iret,10))),ts_rank(ts_decay(sub(lprice,cumr),3),10))",16,-1.0,-0.03214047392146057,-0.8390469979948982,-8.619750793514994,4,-0.04173522497553171,-0.01964771705243038,-0.03613556603070449,-0.03862130269408226,-0.019994993480698515,-3.5636394044553343,0.9999402523059765,"passed, not chosen (corr / cap)"
601,"mul(mul(uplim,ts_rank(sub(lprice,cumr),3)),ts_rank(ts_decay(sub(lprice,cumr),3),10))",12,-1.0,-0.03214333410295168,-0.8390343453042481,-8.618651773720792,4,-0.041734187689144164,-0.01965423621732043,-0.03613833998757843,-0.03862130269408226,-0.019903974268042173,-3.5243031227860393,0.9999402523059765,"passed, not chosen (corr / cap)"
676,"mul(mul(mul(mul(uplim,lprice),ts_rank(sub(lprice,cumr),3)),mul(uplim,lprice)),ts_rank(ts_decay(sub(lprice,cumr),3),10))",18,-1.0,-0.032146592547385874,-0.8391720547599317,-8.61757230121338,4,-0.04173225478088069,-0.019651810867071618,-0.03615288218684696,-0.03862130269408226,-0.0198870728975938,-3.5161141486755843,0.9999402523059765,"passed, not chosen (corr / cap)"
652,"mul(mul(mul(uplim,ts_rank(sub(lprice,cumr),3)),cs_rank(ts_decay(lprice,10))),ts_rank(ts_decay(sub(lprice,cumr),3),10))",16,-1.0,-0.03214703131469146,-0.8391879218139329,-8.617530576164054,4,-0.04173225478088069,-0.019651810867071618,-0.03615423406449121,-0.03862130269408226,-0.019876022920167696,-3.5091622414224304,0.9999402523059765,"passed, not chosen (corr / cap)"
506,"mul(mul(ts_rank(sub(abs(hl),lmoney),20),mul(uplim,ts_delta(ch,60))),div(uplim,ts_rank(sub(ts_min(oret,20),lmoney),20)))",18,-1.0,-0.03488698176749161,-0.892059918834031,-8.615672086758371,4,-0.04763111320447505,-0.025515184433271106,-0.030033091199584305,-0.03940886631608009,-0.02437978613888845,-2.7626506697107955,0.9421528516720818,"passed, not chosen (corr / cap)"
423,"div(mul(uplim,ts_delta(ch,60)),ts_rank(sub(ts_min(oret,20),lmoney),20))",10,-1.0,-0.03487735413277688,-0.8916331655618475,-8.614072190059716,4,-0.04763111320447505,-0.02550775992970627,-0.03001360734924674,-0.03940886631608009,-0.02349576112110077,-2.703447054270636,0.9421528516720818,"passed, not chosen (corr / cap)"
424,"mul(ts_delta(ch,60),div(uplim,ts_rank(sub(ts_min(oret,20),lmoney),20)))",10,-1.0,-0.03487735413277688,-0.8916331655618475,-8.614072190059716,4,-0.04763111320447505,-0.02550775992970627,-0.03001360734924674,-0.03940886631608009,-0.023495724049919262,-2.7034338478646522,0.9421528516720818,"passed, not chosen (corr / cap)"
438,"mul(div(uplim,ts_rank(sub(ts_min(oret,20),lmoney),20)),mul(ts_delta(ch,60),uplim))",12,-1.0,-0.03487735413277688,-0.8916331655618475,-8.614072190059716,4,-0.04763111320447505,-0.02550775992970627,-0.03001360734924674,-0.03940886631608009,-0.023495724049919262,-2.7034338478646522,0.9421528516720818,"passed, not chosen (corr / cap)"
463,"mul(div(mul(uplim,ts_delta(ch,60)),ts_rank(sub(ts_delta(ch,60),lmoney),20)),ts_rank(sub(ts_min(oret,20),lmoney),20))",16,-1.0,-0.03485419266479145,-0.8915745505146881,-8.610883435466596,4,-0.04763774728566846,-0.0254908967584085,-0.029962443304248153,-0.03932900354266167,-0.023789016620778456,-2.827210137561688,0.9410773931796584,"passed, not chosen (corr / cap)"
513,"mul(ts_rank(mul(uplim,ts_rank(ts_delta(oret,60),3)),20),mul(ts_rank(sub(ts_min(oret,20),lmoney),20),mul(uplim,ts_delta(ch,60))))",17,-1.0,-0.034632886082192164,-0.8865007158529893,-8.598026081327326,4,-0.0473504962043508,-0.025419515915788136,-0.029711897671222686,-0.03862130269408226,-0.02408185524002808,-2.931011856303131,0.9973867496685426,"passed, not chosen (corr / cap)"
514,"mul(ts_rank(mul(lprice,ts_rank(ts_delta(oret,60),3)),20),mul(ts_rank(sub(ts_min(oret,20),lmoney),20),mul(uplim,ts_delta(ch,60))))",17,-1.0,-0.03463060130817023,-0.8864298753574844,-8.597725072782497,4,-0.0473504962043508,-0.02541842103864138,-0.029706840286962688,-0.03862130269408226,-0.024124111400962604,-2.946891953082385,0.9973867496685426,"passed, not chosen (corr / cap)"
502,"mul(ts_rank(sub(ts_min(oret,20),lmoney),20),mul(sub(abs(ts_delay(iret,10)),lmoney),mul(ts_delta(ch,60),uplim)))",16,1.0,0.03464903783209917,0.8868274368798839,8.594102659406483,4,0.047345995950950855,0.02541234953185687,0.029761164204683156,0.03862130269408226,0.024072782477227654,2.929307111440737,0.9983654737992136,"passed, not chosen (corr / cap)"
509,"mul(mul(ts_rank(sub(ts_min(oret,20),lmoney),20),mul(div(uplim,lprice),mul(uplim,ts_delta(ch,60)))),ts_min(oret,20))",17,1.0,0.03465183357025801,0.8868545294458191,8.593208750329493,4,0.04734961463220637,0.025414134447391216,0.029763987369369714,0.03862130269408226,0.023849698135674727,2.843172677277076,0.9984750112382568,"passed, not chosen (corr / cap)"
461,"mul(mul(ts_mean(ts_std(uplim,60),10),mul(uplim,ts_delta(ch,60))),ts_rank(sub(ts_min(oret,20),lmoney),20))",14,-1.0,-0.03464045921700205,-0.8861949666777342,-8.593195293751373,4,-0.04734333598411039,-0.02540640952065587,-0.02974562518065795,-0.03862130269408226,-0.023974805093574816,-2.8938043888035723,0.9984764338024001,"passed, not chosen (corr / cap)"
555,"mul(ts_rank(sub(ts_min(oret,20),lmoney),20),mul(mul(ts_min(oret,20),mul(ts_delta(ch,60),uplim)),ts_rank(sub(ts_min(oret,20),lmoney),20)))",19,1.0,0.034651746440881696,0.886899435301665,8.592906515151965,4,0.04734961463220637,0.025408924413988225,0.029767153889406473,0.03862130269408226,0.02396931912659145,2.8927143813565475,0.9984764338024001,"passed, not chosen (corr / cap)"
408,"mul(mul(ts_rank(sub(abs(hl),lmoney),20),div(uplim,ts_min(oret,20))),mul(ts_rank(oret,3),mul(uplim,lprice)))",17,1.0,0.035770922056082816,0.9385000000945135,8.592845150401903,4,0.05056696443352848,0.024696171438942354,0.03120104097271044,0.03860348090529442,0.020473640794173267,2.6170495272679766,0.9993683815203227,"passed, not chosen (corr / cap)"
470,"mul(mul(uplim,ts_delta(ch,60)),mul(ts_rank(sub(ts_min(oret,20),lmoney),20),ts_rank(sub(ch,lmoney),20)))",15,-1.0,-0.034651518327940146,-0.8868639678970739,-8.592824367280588,4,-0.04734961486846099,-0.025408924306527927,-0.029766577773261815,-0.03862130269408226,-0.02408715077426012,-2.9389826481560357,0.9984764338024001,"passed, not chosen (corr / cap)"
510,"mul(ts_rank(sub(ts_min(oret,20),lmoney),20),mul(uplim,mul(mul(ts_min(iret,40),ts_delta(ch,60)),div(uplim,lprice))))",17,1.0,0.03464670493359687,0.886696084904536,8.592810095840854,4,0.04734961463220637,0.025408924413988225,0.029754424083512275,0.03862130269408226,0.024006522158387958,2.9098441955975787,0.9984750112382568,"passed, not chosen (corr / cap)"
497,"mul(mul(mul(uplim,ts_delta(ch,60)),ts_rank(sub(ts_min(oret,20),lmoney),20)),ts_rank(sub(ts_min(oret,20),lmoney),20))",16,-1.0,-0.03465365504011475,-0.8869416071132771,-8.592778219998934,4,-0.04734961486846099,-0.025408924306527927,-0.02977197297150269,-0.03862130269408226,-0.02407705233000764,-2.936251852200455,0.9984764338024001,"passed, not chosen (corr / cap)"
505,"mul(mul(mul(uplim,ts_delta(ch,60)),ts_rank(sub(ts_delta(ch,60),lmoney),20)),ts_rank(sub(ts_min(oret,20),lmoney),20))",16,-1.0,-0.034633171675487025,-0.8863433880785495,-8.592765160547156,4,-0.04735313499729861,-0.02540359105198429,-0.029720726981759073,-0.03862130269408226,-0.024083329989324984,-2.9364861191082814,0.9976527691633615,"passed, not chosen (corr / cap)"
443,"mul(ts_rank(sub(ts_min(oret,20),lmoney),20),mul(uplim,mul(ts_min(oret,20),ts_delay(ch,60))))",13,-1.0,-0.03464938480623694,-0.886765254953923,-8.59276153450719,4,-0.04734961486846099,-0.025414134339930918,-0.029757804109249265,-0.03862130269408226,-0.023877043629110587,-2.8525899892407955,0.9984764338024001,"passed, not chosen (corr / cap)"
471,"mul(ts_rank(sub(ts_min(oret,20),lmoney),20),mul(uplim,mul(mul(uplim,ts_min(oret,20)),ts_delay(ch,60))))",15,-1.0,-0.03464938480623694,-0.886765254953923,-8.59276153450719,4,-0.04734961486846099,-0.025414134339930918,-0.029757804109249265,-0.03862130269408226,-0.023877043629110587,-2.8525899892407955,0.9984764338024001,"passed, not chosen (corr / cap)"
444,"mul(ts_rank(sub(ts_min(oret,20),lmoney),20),mul(ts_delta(ch,60),mul(uplim,ts_min(oret,20))))",13,1.0,0.03464938458839044,0.8867652528969633,8.592761512462733,4,0.04734961463220637,0.025414134447391216,0.029757803690154107,0.03862130269408226,0.023877043663183363,2.852589964668304,0.9984764338024001,"passed, not chosen (corr / cap)"
445,"mul(mul(uplim,ts_delta(ch,60)),mul(ts_rank(sub(ts_min(oret,20),lmoney),20),ts_min(oret,20)))",13,1.0,0.03464938458839044,0.8867652528969633,8.592761512462733,4,0.04734961463220637,0.025414134447391216,0.029757803690154107,0.03862130269408226,0.023877043663183363,2.852589964668304,0.9984764338024001,"passed, not chosen (corr / cap)"
472,"mul(mul(ts_rank(sub(ts_min(oret,20),lmoney),20),mul(uplim,ts_min(oret,20))),mul(uplim,ts_delta(ch,60)))",15,1.0,0.03464938458839044,0.8867652528969633,8.592761512462733,4,0.04734961463220637,0.025414134447391216,0.029757803690154107,0.03862130269408226,0.023877043663183363,2.852589964668304,0.9984764338024001,"passed, not chosen (corr / cap)"
473,"mul(mul(uplim,ts_delta(ch,60)),mul(ts_rank(sub(ts_min(oret,20),lmoney),20),mul(uplim,ts_min(oret,20))))",15,1.0,0.03464938458839044,0.8867652528969633,8.592761512462733,4,0.04734961463220637,0.025414134447391216,0.029757803690154107,0.03862130269408226,0.023877043663183363,2.852589964668304,0.9984764338024001,"passed, not chosen (corr / cap)"
446,"mul(mul(uplim,ts_mean(lcap,3)),mul(ts_rank(sub(ts_min(oret,20),lmoney),20),ts_delta(ch,60)))",13,-1.0,-0.03465057100690348,-0.8867604504507226,-8.592657041472341,4,-0.04734961486846099,-0.025410314842772026,-0.029763281939085572,-0.03862130269408226,-0.02411544636437079,-2.9440223130820096,0.9984508276478187,"passed, not chosen (corr / cap)"
469,"mul(mul(mul(uplim,ts_delta(ch,60)),ts_rank(sub(hl,lmoney),20)),ts_rank(sub(ts_min(oret,20),lmoney),20))",15,-1.0,-0.03465407042842506,-0.8869147565596686,-8.592613499750593,4,-0.04734961486846099,-0.025408924306527927,-0.029773021826986223,-0.03862130269408226,-0.024825118912849574,-2.9549022094905997,0.9984764338024001,"passed, not chosen (corr / cap)"
498,"mul(mul(ts_rank(sub(abs(hl),lmoney),20),mul(uplim,ts_delta(ch,60))),ts_rank(sub(ts_min(oret,20),lmoney),20))",16,-1.0,-0.03465407042842506,-0.8869147565596686,-8.592613499750593,4,-0.04734961486846099,-0.025408924306527927,-0.029773021826986223,-0.03862130269408226,-0.024825118912849574,-2.9549022094905997,0.9984764338024001,"passed, not chosen (corr / cap)"
499,"mul(mul(ts_rank(sub(ts_min(oret,20),lmoney),20),ts_rank(sub(abs(hl),lmoney),20)),mul(uplim,ts_delta(ch,60)))",16,-1.0,-0.03465407042842506,-0.8869147565596686,-8.592613499750593,4,-0.04734961486846099,-0.025408924306527927,-0.029773021826986223,-0.03862130269408226,-0.024825118912849574,-2.9549022094905997,0.9984764338024001,"passed, not chosen (corr / cap)"
484,"mul(mul(uplim,mul(uplim,ts_min(turn,20))),mul(ts_rank(sub(ts_min(oret,20),lmoney),20),ts_delta(ch,60)))",15,-1.0,-0.034646649576382395,-0.8865910823118569,-8.592606373329145,4,-0.04734961486846099,-0.0254120804154529,-0.02975223270477727,-0.03862130269408226,-0.023971357984786352,-2.8921045485440677,0.9984764338024001,"passed, not chosen (corr / cap)"
457,"mul(ts_rank(sub(ts_min(oret,20),lmoney),20),mul(div(uplim,lprice),mul(uplim,ts_delta(ch,60))))",14,-1.0,-0.03464984262043998,-0.8867851118902843,-8.592573395952602,4,-0.04734961486846099,-0.025408924306527927,-0.029762346611823885,-0.03862130269408226,-0.024049171167085083,-2.9224769800996184,0.9984750112382568,"passed, not chosen (corr / cap)"
503,"mul(ts_rank(sub(ts_min(oret,20),lmoney),20),mul(uplim,mul(mul(uplim,ts_delta(ch,60)),div(uplim,lprice))))",16,-1.0,-0.03464984262043998,-0.8867851118902843,-8.592573395952602,4,-0.04734961486846099,-0.025408924306527927,-0.029762346611823885,-0.03862130269408226,-0.024049171167085083,-2.9224769800996184,0.9984750112382568,"passed, not chosen (corr / cap)"
435,"mul(ts_delta(ch,60),mul(uplim,ts_rank(sub(ts_min(oret,20),lmoney),20)))",10,-1.0,-0.03464914291133495,-0.8867145697491341,-8.592431881825561,4,-0.04734961486846099,-0.025408924306527927,-0.029760579846333714,-0.03862130269408226,-0.024072282232071567,-2.9294190527795334,0.9984764338024001,"passed, not chosen (corr / cap)"
436,"mul(ts_rank(sub(ts_min(oret,20),lmoney),20),mul(ts_delta(ch,60),uplim))",10,-1.0,-0.03464914291133495,-0.8867145697491341,-8.592431881825561,4,-0.04734961486846099,-0.025408924306527927,-0.029760579846333714,-0.03862130269408226,-0.024072282232071567,-2.9294190527795334,0.9984764338024001,"passed, not chosen (corr / cap)"
437,"mul(mul(uplim,ts_delta(ch,60)),ts_rank(sub(ts_min(oret,20),lmoney),20))",10,-1.0,-0.03464914291133495,-0.8867145697491341,-8.592431881825561,4,-0.04734961486846099,-0.025408924306527927,-0.029760579846333714,-0.03862130269408226,-0.024072282232071567,-2.9294190527795334,0.9984764338024001,"passed, not chosen (corr / cap)"
440,"mul(mul(uplim,mul(uplim,ts_delta(ch,60))),ts_rank(sub(ts_min(oret,20),lmoney),20))",12,-1.0,-0.03464914291133495,-0.8867145697491341,-8.592431881825561,4,-0.04734961486846099,-0.025408924306527927,-0.029760579846333714,-0.03862130269408226,-0.024072282232071567,-2.9294190527795334,0.9984764338024001,"passed, not chosen (corr / cap)"
441,"mul(mul(uplim,ts_delta(ch,60)),ts_rank(sub(sub(ts_min(oret,20),lmoney),lmoney),20))",12,-1.0,-0.03464914291133495,-0.8867145697491341,-8.592431881825561,4,-0.04734961486846099,-0.025408924306527927,-0.029760579846333714,-0.03862130269408226,-0.024075279818711486,-2.9303057103517034,0.9984764338024001,"passed, not chosen (corr / cap)"
447,"mul(mul(mul(uplim,ts_delta(ch,60)),ts_rank(sub(ts_min(oret,20),lmoney),20)),ts_delta(uplim,60))",13,-1.0,-0.03464914291133495,-0.8867145697491341,-8.592431881825561,4,-0.04734961486846099,-0.025408924306527927,-0.029760579846333714,-0.03862130269408226,-0.024072282232071567,-2.9294190527795334,0.9984764338024001,"passed, not chosen (corr / cap)"
448,"mul(mul(ts_mean(uplim,10),mul(uplim,ts_delta(ch,60))),ts_rank(sub(ts_min(oret,20),lmoney),20))",13,-1.0,-0.03464914291133495,-0.8867145697491341,-8.592431881825561,4,-0.04734961486846099,-0.025408924306527927,-0.029760579846333714,-0.03862130269408226,-0.02407922471941608,-2.9320781118789925,0.9984494050836752,"passed, not chosen (corr / cap)"
458,"mul(mul(uplim,mul(ts_delta(ch,60),uplim)),ts_rank(sub(sub(ts_min(oret,20),lmoney),lmoney),20))",14,-1.0,-0.03464914291133495,-0.8867145697491341,-8.592431881825561,4,-0.04734961486846099,-0.025408924306527927,-0.029760579846333714,-0.03862130269408226,-0.024075279818711486,-2.9303057103517034,0.9984764338024001,"passed, not chosen (corr / cap)"
475,"mul(ts_rank(mul(turn,uplim),20),mul(ts_rank(sub(ts_min(oret,20),lmoney),20),mul(uplim,ts_delta(ch,60))))",15,-1.0,-0.03464914291133495,-0.8867145697491341,-8.592431881825561,4,-0.04734961486846099,-0.025408924306527927,-0.029760579846333714,-0.03862130269408226,-0.024071138840532157,-2.928981382744656,0.9984764338024001,"passed, not chosen (corr / cap)"
459,"mul(ts_rank(sub(ts_min(oret,20),lmoney),20),mul(uplim,mul(sub(uplim,oret),ts_delay(ch,60))))",14,1.0,0.034649026849869605,0.8867083429956086,8.592425127610607,4,0.04734961463220637,0.025408924413988225,0.02976028692210093,0.03862130269408226,0.024066987243003962,2.9280608994708914,0.9984764338024001,"passed, not chosen (corr / cap)"
476,"mul(ts_rank(sub(ts_min(oret,20),lmoney),20),mul(uplim,mul(sub(abs(oret),lmoney),ts_delay(ch,60))))",15,-1.0,-0.03464876095842718,-0.8866940566302687,-8.592409627555984,4,-0.04734961486846099,-0.025408924306527927,-0.02975961541524157,-0.03862130269408226,-0.02407301991905381,-2.9294002749302503,0.9984764338024001,"passed, not chosen (corr / cap)"
477,"mul(ts_rank(sub(ts_min(oret,20),lmoney),20),mul(uplim,mul(sub(abs(hl),lmoney),ts_delay(ch,60))))",15,-1.0,-0.03464876095842718,-0.8866940566302687,-8.592409627555984,4,-0.04734961486846099,-0.025408924306527927,-0.02975961541524157,-0.03862130269408226,-0.02407269756786707,-2.9295639177264587,0.9984764338024001,"passed, not chosen (corr / cap)"
478,"mul(ts_rank(sub(ts_min(oret,20),lmoney),20),mul(uplim,mul(sub(ts_min(oret,20),lmoney),ts_delay(ch,60))))",15,-1.0,-0.03464876095842718,-0.8866940566302687,-8.592409627555984,4,-0.04734961486846099,-0.025408924306527927,-0.02975961541524157,-0.03862130269408226,-0.024072311750454146,-2.929122571169766,0.9984764338024001,"passed, not chosen (corr / cap)"
479,"mul(mul(uplim,sub(ts_min(oret,20),lmoney)),mul(ts_rank(sub(ts_min(oret,20),lmoney),20),ts_delta(ch,60)))",15,1.0,0.03464876083279084,0.8866940554839238,8.592409621964725,4,0.04734961463220637,0.025408924413988225,0.029759615228977056,0.03862130269408226,0.0240723118185997,2.929122549091786,0.9984764338024001,"passed, not chosen (corr / cap)"
480,"mul(mul(uplim,ts_delta(ch,60)),mul(ts_rank(sub(ts_min(oret,20),lmoney),20),sub(ts_min(oret,20),lmoney)))",15,1.0,0.03464876083279084,0.8866940554839238,8.592409621964725,4,0.04734961463220637,0.025408924413988225,0.029759615228977056,0.03862130269408226,0.0240723118185997,2.929122549091786,0.9984764338024001,"passed, not chosen (corr / cap)"
511,"mul(mul(uplim,sub(ts_min(div(uplim,lprice),20),lmoney)),mul(ts_rank(sub(ts_min(oret,20),lmoney),20),ts_delta(ch,60)))",17,1.0,0.03464876083279084,0.8866940554839238,8.592409621964725,4,0.04734961463220637,0.025408924413988225,0.029759615228977056,0.03862130269408226,0.024072782477227654,2.929307111440737,0.9984764338024001,"passed, not chosen (corr / cap)"
527,"mul(mul(ts_mean(mul(add(oret,lmoney),ts_rank(turn,3)),10),mul(uplim,ts_delta(ch,60))),ts_rank(sub(ts_min(oret,20),lmoney),20))",18,-1.0,-0.034648940731347125,-0.8866984724210484,-8.59239782785749,4,-0.04734961486846099,-0.025408924306527927,-0.029760069341864436,-0.03862130269408226,-0.024066826885157242,-2.9280660449514393,0.9984337568780977,"passed, not chosen (corr / cap)"
481,"mul(ts_rank(sub(ts_min(oret,20),lmoney),20),mul(uplim,mul(sub(abs(cumr),lmoney),ts_delay(ch,60))))",15,-1.0,-0.034648328474353965,-0.8866708202208828,-8.592384357026582,4,-0.04734961486846099,-0.025408924306527927,-0.029758523392956704,-0.03862130269408226,-0.024073050391474147,-2.9292026771185666,0.9984764338024001,"passed, not chosen (corr / cap)"
474,"mul(ts_rank(sub(ts_min(oret,20),lmoney),20),mul(uplim,mul(sub(dnlim,ts_delay(lcap,60)),ts_delay(ch,60))))",15,-1.0,-0.03465111317495714,-0.8867622998785987,-8.592295571757342,4,-0.04734961486846099,-0.025408924306527927,-0.02976555476197973,-0.03862130269408226,-0.024098041967102666,-2.938418450164562,0.9984764338024001,"passed, not chosen (corr / cap)"
451,"mul(mul(ts_rank(sub(ts_min(oret,20),lmoney),20),ts_delta(ch,60)),mul(uplim,ts_delta(ch,60)))",13,-1.0,-0.03464660396923929,-0.8866151330261323,-8.592223953178811,4,-0.04734961486846099,-0.025408924306527927,-0.029754169017542152,-0.03862130269408226,-0.024055854326522932,-2.918378175000666,0.9984764338024001,"passed, not chosen (corr / cap)"
483,"mul(mul(uplim,ts_delta(ch,60)),mul(ts_rank(sub(ts_min(oret,20),lmoney),20),mul(uplim,ts_delta(ch,60))))",15,-1.0,-0.03464660396923929,-0.8866151330261323,-8.592223953178811,4,-0.04734961486846099,-0.025408924306527927,-0.029754169017542152,-0.03862130269408226,-0.024055854326522932,-2.918378175000666,0.9984764338024001,"passed, not chosen (corr / cap)"
450,"mul(mul(uplim,ts_delta(ch,60)),mul(ts_rank(sub(ts_min(oret,20),lmoney),20),ts_delay(ch,60)))",13,1.0,0.034646603871265995,0.8866151337764521,8.592223946964326,4,0.04734961463220637,0.025408924413988225,0.02975416890112683,0.03862130269408226,0.024055854337880524,2.9183781475083275,0.9984764338024001,"passed, not chosen (corr / cap)"
482,"mul(ts_rank(sub(ts_min(oret,20),lmoney),20),mul(uplim,mul(mul(uplim,ts_delta(ch,60)),ts_delay(ch,60))))",15,1.0,0.034646603871265995,0.8866151337764521,8.592223946964326,4,0.04734961463220637,0.025408924413988225,0.02975416890112683,0.03862130269408226,0.024055854337880524,2.9183781475083275,0.9984764338024001,"passed, not chosen (corr / cap)"
501,"mul(mul(ts_rank(ts_min(oret,20),5),mul(uplim,mul(uplim,ts_delta(ch,60)))),ts_rank(sub(ts_min(oret,20),lmoney),20))",16,-1.0,-0.03465246587028118,-0.8868768479109902,-8.591988557494503,4,-0.04734961486846099,-0.02540733006138068,-0.02977000657701865,-0.03862130269408226,-0.024056085504636896,-2.950344229398543,0.9984764338024001,"passed, not chosen (corr / cap)"
409,"mul(mul(ts_rank(sub(abs(hl),lmoney),20),mul(uplim,ts_min(oret,20))),mul(ts_rank(oret,3),div(uplim,lprice)))",17,1.0,0.03577247085908735,0.9384485050979611,8.591980197114657,4,0.05056942553560743,0.0247148629433165,0.031187811560046515,0.03862130269408226,0.02004430477674573,2.4583206440414207,0.9999715487171317,"passed, not chosen (corr / cap)"
485,"mul(mul(uplim,ts_delta(ch,60)),mul(ts_rank(sub(ts_min(oret,20),lmoney),20),sub(ts_min(oret,20),oret)))",15,1.0,0.03464343625876942,0.8865432612588061,8.591778207850874,4,0.04734961463220637,0.025403581344737455,0.02974964367458597,0.03862130269408226,0.023962426777338473,2.9024527129945032,0.9984764338024001,"passed, not chosen (corr / cap)"
410,"mul(mul(ts_rank(sub(abs(hl),lmoney),20),mul(uplim,ts_min(oret,20))),mul(ts_rank(oret,3),mul(uplim,lprice)))",17,1.0,0.03577168327213708,0.9384414251773685,8.591556007242506,4,0.05056942553560743,0.024705615111937126,0.031192977704401863,0.03862130269408226,0.020142968541058976,2.490488958649465,0.999972971281275,"passed, not chosen (corr / cap)"
512,"mul(ts_rank(sub(ts_min(oret,20),lmoney),20),mul(mul(ts_min(oret,20),mul(ts_delta(ch,60),uplim)),mul(uplim,lprice)))",17,1.0,0.03464660153834905,0.8866229972495859,8.591546646098603,4,0.04734961463220637,0.02540607535495208,0.02975601489888504,0.03862130269408226,0.023918567645567948,2.865848613257142,0.9984764338024001,"passed, not chosen (corr / cap)"
460,"mul(ts_rank(sub(ts_min(oret,20),lmoney),20),mul(uplim,mul(sub(dnlim,turn),ts_delay(ch,60))))",14,-1.0,-0.034643887393499294,-0.8865828280506741,-8.59144252726058,4,-0.04734961486846099,-0.02540402143047406,-0.029750496533233674,-0.03862130269408226,-0.023896497526637663,-2.861123192851454,0.9984764338024001,"passed, not chosen (corr / cap)"
528,"mul(ts_rank(sub(ts_min(oret,20),lmoney),20),mul(mul(mul(lcap,sub(turn,lmoney)),mul(uplim,ts_delta(ch,60))),uplim))",18,1.0,0.034648943842287255,0.8866564843709271,8.591134376142996,4,0.04734961463220637,0.025400865321549084,0.029765315738040955,0.03862130269408226,0.02411625726239347,2.9438901912124407,0.9984764338024001,"passed, not chosen (corr / cap)"
488,"mul(mul(uplim,ts_delta(ch,60)),mul(ts_rank(sub(ts_min(oret,20),lmoney),20),sub(ts_min(oret,20),cl)))",15,1.0,0.03464281845072487,0.8863686134692121,8.591072917178254,4,0.04734961463220637,0.025398991930370148,0.029751066828612237,0.03862130269408226,0.023986371052337856,2.8941843174801978,0.9984764338024001,"passed, not chosen (corr / cap)"
525,"mul(mul(ts_rank(sub(ts_min(oret,20),lmoney),20),mul(uplim,mul(sub(uplim,oret),lmoney))),div(uplim,ts_delta(ch,60)))",18,-1.0,-0.034650764025812325,-0.8869734126270412,-8.589053603098177,4,-0.04733541866367245,-0.025405566297614805,-0.0297794729587622,-0.03859928995370865,-0.02391038603353791,-2.877653463503958,0.9950736603713461,"passed, not chosen (corr / cap)"
467,"mul(mul(uplim,sub(ts_min(oret,20),lmoney)),div(ts_rank(sub(ts_min(oret,20),lmoney),20),ts_delta(ch,60)))",15,1.0,0.034651196287428535,0.8869848873852179,8.589028313668967,4,0.04733541837263414,0.02540556613642436,0.029780564771499485,0.03859928995370865,0.02390896065001626,2.877647096877882,0.9950736603713461,"passed, not chosen (corr / cap)"
515,"mul(mul(ts_rank(sub(abs(hl),lmoney),20),mul(uplim,ts_min(oret,20))),ts_delta(uplim,60))",13,1.0,0.034271721381096625,0.8690299550452557,8.557277529179427,4,0.04739192047688578,0.023312288569286466,0.03071725801224025,0.03862130269408226,0.023706622233259537,2.8042988348281987,0.9986713250900483,"passed, not chosen (corr / cap)"
486,"mul(ts_rank(sub(ts_min(oret,20),lmoney),20),mul(uplim,div(sub(sign(hl),lmoney),ts_delay(ch,60))))",15,-1.0,-0.03466974239736464,-0.8863828243608337,-8.529464333439028,4,-0.047363460731610435,-0.025301649432199504,-0.02986448706360534,-0.03886394947767258,-0.023738107098857077,-2.828126470943284,0.9477975861931615,"passed, not chosen (corr / cap)"
487,"mul(ts_rank(sub(ts_min(oret,20),lmoney),20),mul(uplim,div(sub(abs(hl),lmoney),ts_delay(ch,60))))",15,-1.0,-0.03466974239736464,-0.8863828243608337,-8.529464333439028,4,-0.047363460731610435,-0.025301649432199504,-0.02986448706360534,-0.03886394947767258,-0.023740826787926803,-2.8283330421836763,0.9477975861931615,"passed, not chosen (corr / cap)"
547,"mul(mul(ts_min(oret,20),mul(uplim,ts_min(turn,20))),ts_rank(sub(ts_min(oret,20),lmoney),20))",13,1.0,0.03453012481553569,0.8630067088896699,8.506156522182655,4,0.047406451756666815,0.024491863212837226,0.03043879895703867,0.03862130269408226,0.020015170011255475,2.3276503789339023,0.9998051087123518,"passed, not chosen (corr / cap)"
599,"div(mul(sub(sub(ch,lmoney),lmoney),mul(uplim,ts_min(oret,20))),ts_rank(sub(ts_min(oret,20),lmoney),20))",16,-1.0,-0.03472608188278086,-0.866774250034209,-8.505675498333211,4,-0.047685867897234856,-0.024504357691982698,-0.030679949547629804,-0.03940886631608009,-0.019515650998800992,-2.1631186221903675,0.9434061306824325,"passed, not chosen (corr / cap)"
466,"mul(div(uplim,ts_rank(sub(ts_min(oret,20),lmoney),20)),ts_min(oret,20))",10,1.0,0.03472586885050294,0.8667611673703816,8.505660015165628,4,0.04768586958359395,0.02450435405500747,0.030679390660952776,0.03940889984369278,0.019516030450661977,2.1637532337696355,0.9434061306824325,"passed, not chosen (corr / cap)"
568,"mul(mul(ts_rank(ts_min(lcap,20),5),mul(uplim,ts_min(oret,20))),ts_rank(sub(ts_min(oret,20),lmoney),20))",14,1.0,0.034533239610581884,0.8630763484596061,8.50565638856036,4,0.047406451756666815,0.024492544908847273,0.030446481064427645,0.03862130269408226,0.02015453450795677,2.371376896617976,0.9998051087123518,"passed, not chosen (corr / cap)"
553,"mul(mul(uplim,ts_max(turn,10)),mul(ts_rank(sub(ts_min(oret,20),lmoney),20),ts_min(oret,20)))",13,1.0,0.034525478099073685,0.8627810744299315,8.50559937997595,4,0.047406451756666815,0.024488078663125634,0.030429345124866815,0.03862130269408226,0.019953777816974456,2.3067010313816336,0.9997709671729098,"passed, not chosen (corr / cap)"
598,"mul(mul(uplim,ts_min(oret,20)),mul(ts_rank(sub(ts_min(oret,20),lmoney),20),sub(ts_min(oret,20),cl)))",15,-1.0,-0.03452658374749479,-0.8627850679500391,-8.505159853704553,4,-0.047406451623620734,-0.02448586322335077,-0.030433853762224315,-0.03862130269408226,-0.019961388367745612,-2.3102001284867137,0.9998051087123518,"passed, not chosen (corr / cap)"
545,"mul(mul(uplim,ts_mean(lcap,3)),mul(ts_rank(sub(ts_min(oret,20),lmoney),20),ts_min(oret,20)))",13,1.0,0.03453198373095975,0.8630499599859759,8.504912991402962,4,0.047406451756666815,0.02448659049796647,0.030447501328308136,0.03862130269408226,0.020110661019053726,2.3583059750181476,0.9997780799936269,"passed, not chosen (corr / cap)"
567,"mul(mul(ts_rank(ts_min(oret,20),5),mul(uplim,ts_min(oret,20))),ts_rank(sub(ts_min(oret,20),lmoney),20))",14,1.0,0.03453381673122446,0.8631350400951875,8.504753374385535,4,0.047406451756666815,0.024487881559942817,0.03045137693407014,0.03862130269408226,0.020092235314142372,2.366653963872795,0.9998051087123518,"passed, not chosen (corr / cap)"
548,"mul(mul(uplim,ts_rank(sub(ts_min(oret,20),lmoney),20)),mul(ts_rank(ch,3),ts_min(oret,20)))",13,1.0,0.03452901172318629,0.862911824407472,8.504691459616978,4,0.047406451756666815,0.02448317936043544,0.030442172882612795,0.03862130269408226,0.020069701007256906,2.344782405289357,0.9997780799936269,"passed, not chosen (corr / cap)"
564,"mul(mul(ts_rank(ts_min(oret,20),20),mul(uplim,ts_min(oret,20))),ts_rank(sub(ts_min(oret,20),lmoney),20))",14,1.0,0.03453686856886461,0.8632140354740214,8.50467121386307,4,0.047406451756666815,0.024487881559942817,0.03045938800787553,0.03862130269408226,0.020185782139499984,2.3888858063198377,0.9998051087123518,"passed, not chosen (corr / cap)"
597,"mul(mul(uplim,sub(ts_min(oret,20),lmoney)),mul(ts_rank(sub(ts_min(oret,20),lmoney),20),ts_min(oret,20)))",15,-1.0,-0.03452973027403156,-0.8629209333069203,-8.50452573327556,4,-0.047406451623620734,-0.024485348956659436,-0.030442486237734556,-0.03862130269408226,-0.020065672519720263,-2.343252407693126,0.9998051087123518,"passed, not chosen (corr / cap)"
571,"mul(ts_rank(sub(ts_min(oret,20),lmoney),20),mul(uplim,mul(sub(uplim,oret),ts_min(oret,20))))",14,1.0,0.034529795717181906,0.862921935585394,8.50451384642394,4,0.047406451756666815,0.024485349205547367,0.030442657729145138,0.03862130269408226,0.020066054579284457,2.343697295561062,0.9998051087123518,"passed, not chosen (corr / cap)"
557,"mul(mul(ts_rank(sub(ts_min(oret,20),lmoney),20),mul(uplim,ts_min(oret,20))),ts_delay(turn,60))",13,1.0,0.0345108929866304,0.8624874751574682,8.504382495575705,4,0.047393234865739944,0.02449348735912093,0.03039870267966762,0.03862130269408226,0.02001814687003692,2.322062377600942,0.9984764338024001,"passed, not chosen (corr / cap)"
573,"mul(mul(uplim,ts_rank(sub(ts_min(oret,20),lmoney),20)),mul(mul(uplim,lprice),ts_min(oret,20)))",14,1.0,0.0345291810088037,0.8629005933963906,8.504372777611163,4,0.047406451756666815,0.024483591607161636,0.030442318378482013,0.03862130269408226,0.020117489269210233,2.3588351274196255,0.9998051087123518,"passed, not chosen (corr / cap)"
572,"mul(ts_rank(sub(ts_min(oret,20),lmoney),20),mul(mul(ts_min(oret,20),lmoney),mul(uplim,lprice)))",14,1.0,0.03452959243163821,0.8629111445851383,8.504321311774493,4,0.047406451756666815,0.024483591607161636,0.0304433983634226,0.03862130269408226,0.02011343182788955,2.3574617061609966,0.9998051087123518,"passed, not chosen (corr / cap)"
494,"mul(mul(ts_rank(sub(ts_min(oret,20),lmoney),20),uplim),ts_min(oret,20))",10,1.0,0.034529154792073226,0.8628948976798602,8.504201647426989,4,0.047406451756666815,0.024481938068016337,0.03044344837544486,0.03862130269408226,0.020069704898115662,2.3448010918035003,0.9998051087123518,"passed, not chosen (corr / cap)"
495,"mul(ts_min(oret,20),mul(uplim,ts_rank(sub(ts_min(oret,20),lmoney),20)))",10,1.0,0.034529154792073226,0.8628948976798602,8.504201647426989,4,0.047406451756666815,0.024481938068016337,0.03044344837544486,0.03862130269408226,0.020069704898115662,2.3448010918035003,0.9998051087123518,"passed, not chosen (corr / cap)"
496,"mul(ts_rank(sub(ts_min(oret,20),lmoney),20),mul(uplim,ts_min(oret,20)))",10,1.0,0.034529154792073226,0.8628948976798602,8.504201647426989,4,0.047406451756666815,0.024481938068016337,0.03044344837544486,0.03862130269408226,0.020069704898115662,2.3448010918035003,0.9998051087123518,"passed, not chosen (corr / cap)"
524,"mul(ts_rank(sub(sub(ts_min(oret,20),lmoney),lmoney),20),mul(uplim,ts_min(oret,20)))",12,1.0,0.034529154792073226,0.8628948976798602,8.504201647426989,4,0.047406451756666815,0.024481938068016337,0.03044344837544486,0.03862130269408226,0.020071670164664587,2.345345036930718,0.9998051087123518,"passed, not chosen (corr / cap)"
549,"mul(mul(uplim,ts_rank(sub(ts_min(oret,20),lmoney),20)),mul(ts_rank(ch,20),ts_min(oret,20)))",13,1.0,0.034529154792073226,0.8628948976798602,8.504201647426989,4,0.047406451756666815,0.024481938068016337,0.03044344837544486,0.03862130269408226,0.020071421656757592,2.345009270748455,0.9998051087123518,"passed, not chosen (corr / cap)"
550,"mul(ts_rank(sub(ts_min(oret,20),lmoney),20),mul(ts_min(oret,20),mul(uplim,ts_min(oret,20))))",13,-1.0,-0.03452808808845778,-0.8628310373721908,-8.504187072507797,4,-0.047406451623620734,-0.02448193791547212,-0.030440648505464196,-0.03862130269408226,-0.01993524916470051,-2.3008332414777657,0.9998051087123518,"passed, not chosen (corr / cap)"
551,"mul(ts_rank(sub(ts_min(oret,20),lmoney),20),mul(uplim,mul(ts_min(oret,20),ts_min(oret,20))))",13,-1.0,-0.03452808808845778,-0.8628310373721908,-8.504187072507797,4,-0.047406451623620734,-0.02448193791547212,-0.030440648505464196,-0.03862130269408226,-0.01993524916470051,-2.3008332414777657,0.9998051087123518,"passed, not chosen (corr / cap)"
552,"mul(mul(ts_min(oret,20),mul(uplim,ts_min(oret,20))),ts_rank(sub(ts_min(oret,20),lmoney),20))",13,-1.0,-0.03452808808845778,-0.8628310373721908,-8.504187072507797,4,-0.047406451623620734,-0.02448193791547212,-0.030440648505464196,-0.03862130269408226,-0.01993524916470051,-2.3008332414777657,0.9998051087123518,"passed, not chosen (corr / cap)"
682,"mul(mul(uplim,ts_rank(sub(lprice,cumr),3)),mul(mul(ts_rank(ts_decay(lprice,3),10),ts_decay(lcap,3)),ts_rank(ts_decay(sub(lprice,cumr),3),5)))",19,-1.0,-0.03248658697676702,-0.8392602572687697,-8.460280002180387,4,-0.04393428857164348,-0.020280931280285585,-0.03506629969665988,-0.03862130269408226,-0.019941303015608963,-3.7960083345690534,0.9999302943569726,"passed, not chosen (corr / cap)"
594,"mul(ts_rank(sub(abs(hl),lmoney),20),mul(cs_rank(ts_max(ts_delta(ret,3),5)),mul(uplim,ts_delta(ch,60))))",15,-1.0,-0.03406739661967059,-0.8631562001522921,-8.457974092693373,4,-0.0473402550765861,-0.02362255346296089,-0.030082628687434807,-0.03862130269408226,-0.02500923410989344,-3.0266613637820394,0.9985973517545906,"passed, not chosen (corr / cap)"
569,"mul(ts_rank(sub(abs(hl),lmoney),20),mul(cs_rank(ts_delay(hl,5)),mul(uplim,ts_delta(ch,60))))",14,-1.0,-0.034066064634736486,-0.8630169923142044,-8.456675684509124,4,-0.047339276403791326,-0.02361492649652064,-0.030085270236269,-0.03862130269408226,-0.024970381101593376,-3.014595552384747,0.9985774358565828,"passed, not chosen (corr / cap)"
582,"mul(ts_rank(sub(abs(hl),lmoney),20),mul(uplim,mul(sub(iret,ts_delay(lcap,5)),ts_delay(ch,60))))",15,-1.0,-0.034074162481164634,-0.863302961787894,-8.456401024228677,4,-0.047345555288141924,-0.023619327494608506,-0.030097598675638437,-0.03862130269408226,-0.025085806590504946,-3.0570179389039445,0.9985774358565828,"passed, not chosen (corr / cap)"
584,"mul(ts_rank(sub(slog(hl),lmoney),20),mul(uplim,mul(sub(dnlim,ts_delay(lcap,5)),ts_delay(ch,60))))",15,-1.0,-0.03407398744625075,-0.8632939049557309,-8.456387121998176,4,-0.047345555288141924,-0.023619327494608506,-0.03009715468463738,-0.03862130269408226,-0.02499948723707348,-3.0196059260478743,0.9985774358565828,"passed, not chosen (corr / cap)"
585,"mul(ts_rank(sub(abs(hl),lmoney),20),mul(uplim,mul(sub(dnlim,ts_delay(lcap,5)),ts_delay(ch,60))))",15,-1.0,-0.03407398744625075,-0.8632939049557309,-8.456387121998176,4,-0.047345555288141924,-0.023619327494608506,-0.03009715468463738,-0.03862130269408226,-0.025084939855150878,-3.0565404003068686,0.9985774358565828,"passed, not chosen (corr / cap)"
574,"mul(mul(uplim,ts_min(ts_delay(vwapc,60),20)),mul(ts_rank(sub(abs(hl),lmoney),20),ts_delta(ch,60)))",14,1.0,0.034052510264490805,0.8626239295832412,8.456367890090384,4,0.04734548668185359,0.02361059401716505,0.030048697198763852,0.03862130269408226,0.025068284280132504,3.0397028952267693,0.9978476604510097,"passed, not chosen (corr / cap)"
562,"mul(ts_rank(sub(hl,lmoney),20),mul(ts_rank(sub(ch,lmoney),40),mul(uplim,ts_delta(ch,60))))",14,-1.0,-0.034076298809780456,-0.8633563442430874,-8.456349389635312,4,-0.04734826182111112,-0.023622258167181696,-0.030098771778639496,-0.03862130269408226,-0.025047825172077865,-3.042861392861666,0.9986713250900483,"passed, not chosen (corr / cap)"
522,"mul(mul(ts_rank(sub(abs(hl),lmoney),20),mul(turn,ts_delta(ch,60))),uplim)",12,-1.0,-0.034066228789295286,-0.8630483970517971,-8.45611435920122,4,-0.04734198293676052,-0.0236146664579532,-0.030083619773660492,-0.03862130269408226,-0.02487675895681605,-2.9686391526431573,0.9986713250900483,"passed, not chosen (corr / cap)"
554,"mul(ts_rank(sub(hl,lmoney),20),mul(ts_rank(ts_delta(ch,60),20),mul(uplim,ts_delta(ch,60))))",13,-1.0,-0.03405540665307154,-0.8627428113669092,-8.456077023347083,4,-0.0473517834838918,-0.023618067215595926,-0.030045718749667088,-0.03862130269408226,-0.025052494613919406,-3.043005378480775,0.9978476604510097,"passed, not chosen (corr / cap)"
518,"mul(mul(ts_rank(sub(hl,lmoney),20),mul(uplim,ts_min(oret,20))),ts_delay(ch,60))",12,-1.0,-0.03407396475421802,-0.8633251221130182,-8.456002598173752,4,-0.04734826182111112,-0.023624165382768427,-0.030091548758763367,-0.03862130269408226,-0.02485362027073279,-2.959968986705727,0.9986713250900483,"passed, not chosen (corr / cap)"
533,"mul(mul(ts_rank(sub(abs(hl),lmoney),20),mul(uplim,ts_min(oret,20))),ts_delay(ch,60))",13,-1.0,-0.03407396475421802,-0.8633251221130182,-8.456002598173752,4,-0.04734826182111112,-0.023624165382768427,-0.030091548758763367,-0.03862130269408226,-0.02485362027073279,-2.959968986705727,0.9986713250900483,"passed, not chosen (corr / cap)"
534,"mul(ts_rank(sub(abs(hl),lmoney),20),mul(uplim,mul(ts_min(oret,20),ts_delay(ch,60))))",13,-1.0,-0.03407396475421802,-0.8633251221130182,-8.456002598173752,4,-0.04734826182111112,-0.023624165382768427,-0.030091548758763367,-0.03862130269408226,-0.02485362027073279,-2.959968986705727,0.9986713250900483,"passed, not chosen (corr / cap)"
519,"mul(mul(uplim,ts_delta(ch,60)),mul(ts_rank(sub(hl,lmoney),20),ts_min(oret,20)))",12,1.0,0.03407396438594263,0.8633251155474174,8.456002433590484,4,0.04734826158485649,0.023624165199830065,0.030091548145453378,0.03862130269408226,0.02485362031729892,2.959968955264774,0.9986713250900483,"passed, not chosen (corr / cap)"
535,"mul(ts_rank(sub(abs(hl),lmoney),20),mul(ts_min(oret,20),mul(ts_delta(ch,60),uplim)))",13,1.0,0.03407396438594263,0.8633251155474174,8.456002433590484,4,0.04734826158485649,0.023624165199830065,0.030091548145453378,0.03862130269408226,0.02485362031729892,2.959968955264774,0.9986713250900483,"passed, not chosen (corr / cap)"
536,"mul(mul(uplim,ts_delta(ch,60)),mul(ts_rank(sub(abs(hl),lmoney),20),ts_min(oret,20)))",13,1.0,0.03407396438594263,0.8633251155474174,8.456002433590484,4,0.04734826158485649,0.023624165199830065,0.030091548145453378,0.03862130269408226,0.02485362031729892,2.959968955264774,0.9986713250900483,"passed, not chosen (corr / cap)"
537,"mul(mul(uplim,ts_min(oret,20)),mul(ts_rank(sub(abs(hl),lmoney),20),ts_delta(ch,60)))",13,1.0,0.03407396438594263,0.8633251155474174,8.456002433590484,4,0.04734826158485649,0.023624165199830065,0.030091548145453378,0.03862130269408226,0.02485362031729892,2.959968955264774,0.9986713250900483,"passed, not chosen (corr / cap)"
580,"mul(mul(ts_rank(sub(abs(hl),lmoney),20),mul(uplim,ts_delta(ch,60))),mul(uplim,ts_min(oret,20)))",15,1.0,0.03407396438594263,0.8633251155474174,8.456002433590484,4,0.04734826158485649,0.023624165199830065,0.030091548145453378,0.03862130269408226,0.02485362031729892,2.959968955264774,0.9986713250900483,"passed, not chosen (corr / cap)"
581,"mul(mul(ts_rank(sub(abs(hl),lmoney),20),mul(uplim,ts_min(oret,20))),mul(uplim,ts_delta(ch,60)))",15,1.0,0.03407396438594263,0.8633251155474174,8.456002433590484,4,0.04734826158485649,0.023624165199830065,0.030091548145453378,0.03862130269408226,0.02485362031729892,2.959968955264774,0.9986713250900483,"passed, not chosen (corr / cap)"
563,"mul(ts_rank(sub(abs(hl),lmoney),20),mul(cs_rank(ts_std(lmoney,3)),mul(uplim,ts_delta(ch,60))))",14,-1.0,-0.03407352988926085,-0.8633138743903972,-8.45591790921419,4,-0.04734826182111112,-0.023620618706835166,-0.030092867806826424,-0.03862130269408226,-0.02505803614621982,-3.0460137579130557,0.9986457189354668,"passed, not chosen (corr / cap)"
565,"mul(ts_rank(sub(abs(hl),lmoney),20),mul(div(uplim,lprice),mul(uplim,ts_delta(ch,60))))",14,-1.0,-0.03407210456274557,-0.8632319950124322,-8.4558409843793,4,-0.04734826182111112,-0.023619327494608506,-0.030090134147918078,-0.03862130269408226,-0.025040113634895535,-3.038960305276591,0.9986699025259049,"passed, not chosen (corr / cap)"
583,"mul(ts_rank(sub(abs(hl),lmoney),20),mul(uplim,mul(sub(dnlim,ts_delay(lcap,60)),ts_delay(ch,60))))",15,-1.0,-0.03407437516300259,-0.8633011109866554,-8.45575982778122,4,-0.04734826182111112,-0.023619327494608506,-0.030095893719301717,-0.03862130269408226,-0.025082811096217482,-3.0563852794580257,0.9986713250900483,"passed, not chosen (corr / cap)"
520,"mul(mul(ts_rank(sub(abs(hl),lmoney),20),ts_delta(ch,60)),div(uplim,lmoney))",12,-1.0,-0.0340722889108852,-0.8632024697680071,-8.455654179023734,4,-0.04734826182111112,-0.023619327494608506,-0.030090601762711274,-0.03862130269408226,-0.02505634109256789,-3.0453202312391534,0.9986713250900483,"passed, not chosen (corr / cap)"
540,"mul(mul(uplim,ts_rank(ch,60)),mul(ts_rank(sub(abs(hl),lmoney),20),ts_delta(ch,60)))",13,-1.0,-0.03407220296951262,-0.8631980147551256,-8.455647266860138,4,-0.04734826182111112,-0.023619327494608506,-0.03009038376508326,-0.03862130269408226,-0.025052740320097654,-3.0437702928509793,0.9986713250900483,"passed, not chosen (corr / cap)"
587,"mul(ts_rank(sub(abs(hl),lmoney),20),mul(uplim,mul(sub(ts_min(lprice,20),lmoney),ts_delay(ch,60))))",15,-1.0,-0.03407243558523568,-0.863199366432242,-8.455614464956891,4,-0.04734826182111112,-0.023619327494608506,-0.03009097381472224,-0.03862130269408226,-0.025053396134171634,-3.0442226341556102,0.9986713250900483,"passed, not chosen (corr / cap)"
464,"mul(ts_rank(sub(hl,lmoney),20),mul(uplim,ts_delta(ch,60)))",9,-1.0,-0.034072314620761275,-0.8631930953219108,-8.455604740101492,4,-0.04734826182111112,-0.023619327494608506,-0.03009066697800668,-0.03862130269408226,-0.025053240766283125,-3.0441247627888783,0.9986713250900483,"passed, not chosen (corr / cap)"
465,"mul(ts_rank(sub(hl,lmoney),20),mul(ts_delta(ch,60),uplim))",9,-1.0,-0.034072314620761275,-0.8631930953219108,-8.455604740101492,4,-0.04734826182111112,-0.023619327494608506,-0.03009066697800668,-0.03862130269408226,-0.025053240766283125,-3.0441247627888783,0.9986713250900483,"passed, not chosen (corr / cap)"
491,"mul(ts_rank(sub(abs(hl),lmoney),20),mul(ts_delta(ch,60),uplim))",10,-1.0,-0.034072314620761275,-0.8631930953219108,-8.455604740101492,4,-0.04734826182111112,-0.023619327494608506,-0.03009066697800668,-0.03862130269408226,-0.025053240766283125,-3.0441247627888783,0.9986713250900483,"passed, not chosen (corr / cap)"
492,"mul(mul(uplim,ts_delta(ch,60)),ts_rank(sub(abs(hl),lmoney),20))",10,-1.0,-0.034072314620761275,-0.8631930953219108,-8.455604740101492,4,-0.04734826182111112,-0.023619327494608506,-0.03009066697800668,-0.03862130269408226,-0.025053240766283125,-3.0441247627888783,0.9986713250900483,"passed, not chosen (corr / cap)"
493,"mul(ts_rank(sub(abs(hl),lmoney),20),mul(uplim,ts_delta(ch,60)))",10,-1.0,-0.034072314620761275,-0.8631930953219108,-8.455604740101492,4,-0.04734826182111112,-0.023619327494608506,-0.03009066697800668,-0.03862130269408226,-0.025053240766283125,-3.0441247627888783,0.9986713250900483,"passed, not chosen (corr / cap)"
507,"mul(mul(uplim,ts_delta(ch,60)),mul(uplim,ts_rank(sub(hl,lmoney),20)))",11,-1.0,-0.034072314620761275,-0.8631930953219108,-8.455604740101492,4,-0.04734826182111112,-0.023619327494608506,-0.03009066697800668,-0.03862130269408226,-0.025053240766283125,-3.0441247627888783,0.9986713250900483,"passed, not chosen (corr / cap)"
508,"mul(ts_rank(sub(hl,lmoney),20),mul(sub(ts_delta(ch,60),ch),uplim))",11,-1.0,-0.034072314620761275,-0.8631930953219108,-8.455604740101492,4,-0.04734826182111112,-0.023619327494608506,-0.03009066697800668,-0.03862130269408226,-0.025053240766283125,-3.0441247627888783,0.9986713250900483,"passed, not chosen (corr / cap)"
521,"mul(mul(ts_rank(sub(abs(hl),lmoney),20),mul(uplim,ts_delta(ch,60))),uplim)",12,-1.0,-0.034072314620761275,-0.8631930953219108,-8.455604740101492,4,-0.04734826182111112,-0.023619327494608506,-0.03009066697800668,-0.03862130269408226,-0.025053240766283125,-3.0441247627888783,0.9986713250900483,"passed, not chosen (corr / cap)"
541,"mul(mul(ts_rank(sub(abs(hl),lmoney),20),mul(uplim,ts_delta(ch,60))),ts_delta(uplim,60))",13,-1.0,-0.034072314620761275,-0.8631930953219108,-8.455604740101492,4,-0.04734826182111112,-0.023619327494608506,-0.03009066697800668,-0.03862130269408226,-0.025053240766283125,-3.0441247627888783,0.9986713250900483,"passed, not chosen (corr / cap)"
542,"mul(mul(mul(uplim,ts_delta(ch,60)),ts_rank(sub(abs(hl),lmoney),20)),ts_delta(uplim,60))",13,-1.0,-0.034072314620761275,-0.8631930953219108,-8.455604740101492,4,-0.04734826182111112,-0.023619327494608506,-0.03009066697800668,-0.03862130269408226,-0.025053240766283125,-3.0441247627888783,0.9986713250900483,"passed, not chosen (corr / cap)"
588,"mul(mul(ts_rank(sub(abs(hl),lmoney),20),mul(uplim,mul(ts_delta(ch,60),uplim))),ts_delta(uplim,60))",15,-1.0,-0.034072314620761275,-0.8631930953219108,-8.455604740101492,4,-0.04734826182111112,-0.023619327494608506,-0.03009066697800668,-0.03862130269408226,-0.025053240766283125,-3.0441247627888783,0.9986713250900483,"passed, not chosen (corr / cap)"
589,"mul(ts_rank(sub(abs(hl),lmoney),20),mul(uplim,mul(sub(abs(ret),lmoney),ts_delay(ch,60))))",15,-1.0,-0.034072314620761275,-0.8631930953219108,-8.455604740101492,4,-0.04734826182111112,-0.023619327494608506,-0.03009066697800668,-0.03862130269408226,-0.025054099422413857,-3.044105362101815,0.9986713250900483,"passed, not chosen (corr / cap)"
590,"mul(ts_rank(sub(abs(hl),lmoney),20),mul(uplim,mul(sub(abs(hl),lmoney),ts_delay(ch,60))))",15,-1.0,-0.034072314620761275,-0.8631930953219108,-8.455604740101492,4,-0.04734826182111112,-0.023619327494608506,-0.03009066697800668,-0.03862130269408226,-0.025054692302364855,-3.0443571069696675,0.9986713250900483,"passed, not chosen (corr / cap)"
591,"mul(ts_rank(sub(abs(hl),lmoney),20),mul(uplim,mul(sub(ts_min(oret,20),lmoney),ts_delay(ch,60))))",15,-1.0,-0.034072314620761275,-0.8631930953219108,-8.455604740101492,4,-0.04734826182111112,-0.023619327494608506,-0.03009066697800668,-0.03862130269408226,-0.025054150831419975,-3.044127189988885,0.9986713250900483,"passed, not chosen (corr / cap)"
566,"mul(mul(uplim,sub(turn,lmoney)),mul(ts_rank(sub(abs(hl),lmoney),20),ts_delta(ch,60)))",14,1.0,0.034072314359946176,0.8631930909646387,8.455604584696864,4,0.04734826158485649,0.02361932731167014,0.030090666637278912,0.03862130269408226,0.025054126407485455,3.0441167886984997,0.9986713250900483,"passed, not chosen (corr / cap)"
592,"mul(mul(ts_rank(sub(abs(hl),lmoney),20),mul(uplim,ts_delta(ch,60))),sub(ts_delta(ch,60),lmoney))",15,1.0,0.034072314359946176,0.8631930909646387,8.455604584696864,4,0.04734826158485649,0.02361932731167014,0.030090666637278912,0.03862130269408226,0.025054273742716758,3.0441793470086833,0.9986713250900483,"passed, not chosen (corr / cap)"
570,"mul(ts_rank(sub(abs(hl),lmoney),20),mul(cs_rank(ts_delay(vwapc,5)),mul(uplim,ts_delta(ch,60))))",14,-1.0,-0.03407247288291378,-0.8630146012119212,-8.455429203228585,4,-0.047345555288141924,-0.023619327494608506,-0.030093312865441164,-0.03862130269408226,-0.025044540083035825,-3.040916820531354,0.9985774358565828,"passed, not chosen (corr / cap)"
543,"mul(ts_rank(sub(abs(hl),lmoney),20),mul(ts_delta(ch,60),mul(uplim,ts_delta(ch,60))))",13,-1.0,-0.034071226540478304,-0.8631398959971086,-8.455413292117667,4,-0.04734826182111112,-0.023619327494608506,-0.030087906969484032,-0.03862130269408226,-0.025048545224126428,-3.037375303148237,0.9986713250900483,"passed, not chosen (corr / cap)"
544,"mul(mul(uplim,ts_delta(ch,60)),mul(ts_rank(sub(abs(hl),lmoney),20),ts_delta(ch,60)))",13,-1.0,-0.034071226540478304,-0.8631398959971086,-8.455413292117667,4,-0.04734826182111112,-0.023619327494608506,-0.030087906969484032,-0.03862130269408226,-0.025048545224126428,-3.037375303148237,0.9986713250900483,"passed, not chosen (corr / cap)"
539,"mul(ts_rank(sub(abs(hl),lmoney),20),mul(ts_std(oret,20),mul(ts_delta(ch,60),uplim)))",13,-1.0,-0.03407181214536719,-0.8632039466229305,-8.455305790397773,4,-0.04734826182111112,-0.023615381347813776,-0.03009208733579371,-0.03862130269408226,-0.024935865809675307,-2.995857244115737,0.9986713250900483,"passed, not chosen (corr / cap)"
538,"mul(mul(uplim,cs_rank(vwapc)),mul(ts_rank(sub(abs(hl),lmoney),20),ts_delta(ch,60)))",13,-1.0,-0.034071020718189314,-0.8633164636825537,-8.45510490956326,4,-0.04734826182111112,-0.023614366006638323,-0.030090773216925742,-0.03862130269408226,-0.02511123443255201,-3.072645681174742,0.9986713250900483,"passed, not chosen (corr / cap)"
593,"mul(ts_rank(sub(abs(hl),lmoney),20),mul(uplim,mul(mul(ts_min(oret,20),lcap),ts_delay(ch,60))))",15,-1.0,-0.03407174334391199,-0.8631702129332186,-8.455038425643366,4,-0.04734826182111112,-0.023616692084552988,-0.030091017677743987,-0.03862130269408226,-0.02490630733082071,-2.978483333046296,0.9986713250900483,"passed, not chosen (corr / cap)"
578,"mul(mul(ts_rank(sub(abs(hl),lmoney),20),mul(uplim,ts_delta(ch,60))),div(uplim,cs_rank(turn)))",15,-1.0,-0.03408199248168295,-0.8635765302749336,-8.45502041368069,4,-0.04735562617219437,-0.02363231833026345,-0.030100236885340477,-0.03862130269408226,-0.025183248810935765,-3.101398645373996,0.9983469804653492,"passed, not chosen (corr / cap)"
596,"mul(ts_rank(sub(abs(hl),lmoney),20),mul(uplim,mul(sub(ts_min(oret,20),turn),ts_delay(ch,60))))",15,-1.0,-0.03406836271460634,-0.8630311274496733,-8.45479136325889,4,-0.04734826182111112,-0.023616692084552988,-0.030082442422919884,-0.03862130269408226,-0.024845822795759885,-2.958591055748924,0.9986713250900483,"passed, not chosen (corr / cap)"
546,"mul(mul(uplim,ts_delta(ret,60)),mul(ts_rank(sub(abs(hl),lmoney),20),ts_delta(ch,60)))",13,-1.0,-0.0340695950872032,-0.8630782137497136,-8.454560931798339,4,-0.04734826182111112,-0.023611854196393063,-0.03008887236483577,-0.03862130269408226,-0.025055768608581275,-3.045215730707742,0.9986713250900483,"passed, not chosen (corr / cap)"
683,"mul(mul(mul(uplim,ts_rank(sub(lprice,cumr),3)),mul(uplim,ts_rank(sub(lprice,cumr),5))),ts_rank(ts_decay(sub(lprice,cumr),5),10))",19,-1.0,-0.03215261851285544,-0.838684237345035,-8.452976710972772,4,-0.041728037545302264,-0.0195358954100279,-0.03664185845519643,-0.03862130269408226,-0.02000815569772385,-3.517050165684608,0.9999274492286857,"passed, not chosen (corr / cap)"
684,"mul(mul(mul(uplim,ts_rank(sub(lprice,cumr),3)),mul(uplim,ts_rank(sub(lprice,dnlim),5))),ts_rank(ts_decay(sub(lprice,cumr),5),10))",19,-1.0,-0.032151231819095655,-0.8385874999972384,-8.45290851733895,4,-0.04172211582449058,-0.019535766842082233,-0.036643452602564484,-0.03862130269408226,-0.020054619720516104,-3.540558009583952,0.9999274492286857,"passed, not chosen (corr / cap)"
677,"mul(mul(mul(uplim,ts_rank(sub(lprice,cumr),3)),mul(uplim,ts_rank(ts_rank(lcap,40),5))),ts_rank(ts_decay(sub(lprice,cumr),5),10))",18,-1.0,-0.03215274563130072,-0.8386269554256611,-8.452299020330383,4,-0.04172211582449058,-0.0195358954100279,-0.03664801522737016,-0.03862130269408226,-0.020040644604402285,-3.533225567974311,0.9999274492286857,"passed, not chosen (corr / cap)"
655,"mul(mul(mul(uplim,ts_rank(sub(lprice,cumr),3)),mul(uplim,lmoney)),ts_rank(ts_decay(sub(lprice,cumr),5),10))",16,-1.0,-0.03215265371684876,-0.8386610435574726,-8.452286791300784,4,-0.041728037545302264,-0.01953631146135172,-0.036641506843168185,-0.03862130269408226,-0.020022892616301153,-3.519756704929028,0.9999274492286857,"passed, not chosen (corr / cap)"
670,"mul(mul(uplim,ts_rank(sub(lprice,cumr),3)),mul(ts_rank(ts_decay(sub(lprice,cumr),5),10),ts_rank(sub(lprice,cumr),10)))",17,-1.0,-0.03215458608161577,-0.838725714375544,-8.452107487315944,4,-0.041728037545302264,-0.01953691604870894,-0.03664684289361577,-0.03862130269408226,-0.02002496183073769,-3.5221427022809397,0.9999274492286857,"passed, not chosen (corr / cap)"
654,"mul(mul(mul(uplim,ts_rank(sub(lprice,cumr),3)),cs_rank(ts_decay(uplim,10))),ts_rank(ts_decay(sub(lprice,cumr),5),10))",16,-1.0,-0.032153637501228925,-0.838684441910538,-8.452068761820211,4,-0.041728037545302264,-0.019536499543081422,-0.036644356136487144,-0.03862130269408226,-0.02002378094281691,-3.522037283225923,0.9999274492286857,"passed, not chosen (corr / cap)"
619,"mul(mul(mul(uplim,ts_rank(sub(lprice,cumr),3)),lcap),ts_rank(ts_decay(sub(lprice,cumr),5),10))",14,-1.0,-0.032152350818353666,-0.8386548628062303,-8.451847181438977,4,-0.041728037545302264,-0.01953273132108379,-0.036644532584358715,-0.03862130269408226,-0.020054938747004297,-3.5378669359299555,0.9999274492286857,"passed, not chosen (corr / cap)"
561,"mul(ts_rank(sub(hl,lmoney),20),mul(ts_rank(ts_delta(oret,60),20),mul(uplim,ts_delta(ch,60))))",13,-1.0,-0.03399631328647956,-0.8596369352011312,-8.45081332195704,4,-0.0473517834838918,-0.023621002012597665,-0.029893819129139913,-0.03862130269408226,-0.025343535735737534,-3.1138133127036993,0.9978476604510097,"passed, not chosen (corr / cap)"
586,"mul(mul(ts_rank(sub(abs(hl),lmoney),20),ts_delta(ch,60)),div(uplim,ts_rank(ts_delta(oret,60),20)))",14,-1.0,-0.03396121954742389,-0.8592342150739523,-8.429004638268129,4,-0.0473577145843164,-0.023508031087528383,-0.029877249060607538,-0.03861245512962341,-0.024864142609294503,-2.925373058472864,0.9475116508003346,"passed, not chosen (corr / cap)"
559,"mul(ts_rank(sub(hl,lmoney),20),mul(ts_rank(sub(ch,lmoney),20),mul(uplim,ts_delta(ch,60))))",14,-1.0,-0.034271891851620113,-0.8652715363536927,-8.421852586789232,4,-0.04734826182111112,-0.023976535674322536,-0.03010185836337325,-0.03862130269408226,-0.024989374552387745,-3.0203307200172067,0.9986713250900483,"passed, not chosen (corr / cap)"
681,"mul(mul(mul(uplim,ts_rank(sub(lprice,cumr),3)),cs_rank(ts_mean(hl,40))),ts_rank(oret,3))",13,-1.0,-0.032100554718337476,-0.8152043576448054,-8.339017277479254,4,-0.04179207609676932,-0.020010996161462655,-0.03686722721904516,-0.03862130269408226,-0.017283940433778545,-3.0220162722094477,0.999972971281275,"passed, not chosen (corr / cap)"
788,"mul(mul(uplim,ts_rank(sub(lprice,cumr),3)),ts_rank(ts_rank(sub(lprice,cumr),10),10))",12,-1.0,-0.03155317915590159,-0.7861013811848581,-8.338279432546855,4,-0.04058663196599063,-0.018902572756897742,-0.03674407121970465,-0.03862130269408226,-0.020926276380394366,-3.4912967290669523,0.9999089558948213,"passed, not chosen (corr / cap)"
789,"mul(mul(uplim,ts_rank(ts_rank(sub(lprice,cumr),10),10)),ts_rank(sub(lprice,cumr),3))",12,-1.0,-0.03155317915590159,-0.7861013811848581,-8.338279432546855,4,-0.04058663196599063,-0.018902572756897742,-0.03674407121970465,-0.03862130269408226,-0.020926276380394366,-3.4912967290669523,0.9999089558948213,"passed, not chosen (corr / cap)"
695,"mul(mul(mul(uplim,ts_rank(sub(lprice,cumr),3)),abs(ts_rank(sub(lprice,cumr),10))),ts_rank(oret,3))",15,-1.0,-0.032105057548560426,-0.8152756500211866,-8.33764917261214,4,-0.04179682039555062,-0.020015662172227167,-0.03687139829354627,-0.03862130269408226,-0.01734797260724008,-3.0480987494834735,0.9999473651266936,"passed, not chosen (corr / cap)"
668,"mul(mul(mul(uplim,ts_rank(sub(lprice,cumr),3)),lcap),ts_rank(oret,3))",11,-1.0,-0.03210612603027421,-0.8152126435760879,-8.337227542254615,4,-0.04179238047878686,-0.020013868106285703,-0.03688191909875189,-0.03862130269408226,-0.01740885331210765,-3.075838392458265,0.999972971281275,"passed, not chosen (corr / cap)"
679,"mul(mul(mul(uplim,ts_rank(sub(lprice,cumr),3)),ts_rank(ts_decay(sub(lprice,cumr),5),10)),ts_rank(ts_rank(ts_decay(ts_decay(lprice,10),3),10),3))",18,-1.0,-0.03224046465076849,-0.837549761900023,-8.324509971942037,4,-0.04228634970661785,-0.019533798344172085,-0.036645505287860695,-0.03862130269408226,-0.0200173748889938,-3.5217568400755703,0.9998833497402397,"passed, not chosen (corr / cap)"
560,"mul(mul(uplim,ts_delta(ch,60)),ts_rank(sub(ts_min(ts_rank(ch,60),20),lmoney),20))",11,-1.0,-0.03384340698130031,-0.8518058862119179,-8.3074095098866,4,-0.04734961486846099,-0.023196565021795255,-0.029537937933261076,-0.03862130269408226,-0.02509502397983202,-3.050445397655668,0.9984764338024001,"passed, not chosen (corr / cap)"
530,"mul(ts_rank(sub(cs_rank(turn),lmoney),20),mul(sub(abs(ts_delay(iret,10)),lmoney),mul(ts_delta(ch,60),uplim)))",16,1.0,0.03450303870284607,0.8771891413699923,8.306597684319033,4,0.04742395955562482,0.022777942425039197,0.031694543366206855,0.03864273428916931,0.023592019324294396,2.97316944231522,0.9947436254900733,"passed, not chosen (corr / cap)"
489,"mul(ts_rank(sub(cs_rank(turn),lmoney),20),mul(ts_min(oret,20),mul(ts_delta(ch,60),uplim)))",13,1.0,0.03450350434622333,0.8771505461188315,8.30493478158102,4,0.047427434484501756,0.02277432629905109,0.03169531241150164,0.03864273428916931,0.023449444465546143,2.917443784755507,0.9948318244669652,"passed, not chosen (corr / cap)"
516,"mul(ts_rank(sub(cs_rank(turn),lmoney),20),mul(sub(abs(hl),lmoney),mul(ts_delta(ch,60),uplim)))",15,1.0,0.03450353054862577,0.8771301116320125,8.304891525287879,4,0.047427434484501756,0.022773438682114438,0.03169598505355236,0.03864273428916931,0.023591898128183353,2.9731231483760214,0.9948318244669652,"passed, not chosen (corr / cap)"
462,"mul(ts_rank(sub(cs_rank(turn),lmoney),20),mul(uplim,mul(ts_delta(ch,60),uplim)))",12,-1.0,-0.03450366723924302,-0.8771373267135205,-8.304878312376907,4,-0.04742743436466245,-0.02277343813329935,-0.031696332346011956,-0.03864273056387901,-0.023596170601538485,-2.974315158579192,0.9948318244669652,"passed, not chosen (corr / cap)"
726,"mul(mul(mul(uplim,ts_rank(sub(lprice,cumr),3)),ts_z(cs_z(lcap),3)),ts_rank(ts_decay(sub(lprice,cumr),3),10))",16,-1.0,-0.03138879960799288,-0.8119957845592137,-8.29426265714068,4,-0.04199338303213673,-0.018408514035400003,-0.03493986111910393,-0.03862130269408226,-0.023052552292938344,-4.94428777995898,0.9995220184478119,"passed, not chosen (corr / cap)"
579,"mul(ts_rank(sub(abs(hl),lmoney),20),mul(cs_rank(lmoney),mul(uplim,ts_delta(ch,60))))",13,-1.0,-0.03390986365899082,-0.8555432493206958,-8.284180542385124,4,-0.04734198293676052,-0.023614784868966256,-0.029581331450026484,-0.03862130269408226,-0.024124226306015864,-2.9462744706598993,0.9986713250900483,"passed, not chosen (corr / cap)"
575,"mul(uplim,mul(ts_rank(sub(hl,lmoney),20),ts_min(oret,20)))",9,1.0,0.03397878257695724,0.8418589832557511,8.270828468869107,4,0.04740512267952519,0.022925024018472722,0.030761760421006416,0.03862130269408226,0.021017923347905955,2.4173905545489305,1.0,"passed, not chosen (corr / cap)"
759,"mul(div(uplim,ts_rank(sub(lprice,cumr),10)),ts_rank(sub(lprice,cumr),3))",11,-1.0,-0.0313429663334481,-0.7842590862163842,-8.230096239674916,4,-0.04042829780612523,-0.018773375482608875,-0.03673100701876377,-0.03790108114480972,-0.01958676287419318,-3.229157075259075,0.9107227194874217,"passed, not chosen (corr / cap)"
748,"mul(div(uplim,ts_decay(ts_decay(lprice,3),3)),ts_rank(sub(lprice,cumr),3))",10,-1.0,-0.03137107647821019,-0.7837882031234813,-8.220183526383229,4,-0.0405876237528924,-0.018706565056668803,-0.03671864079507558,-0.03862130269408226,-0.019556780200218782,-3.1782627771340857,0.9999502102549804,"passed, not chosen (corr / cap)"
752,"mul(mul(uplim,ts_rank(sub(lprice,cumr),3)),cs_rank(ts_decay(lmoney,10)))",10,-1.0,-0.03137426883525526,-0.7837254554703911,-8.220134317907974,4,-0.04058041981457231,-0.018712291510827424,-0.03672958613912526,-0.03862130269408226,-0.01954919799269798,-3.1628047412289684,0.9999473651266936,"passed, not chosen (corr / cap)"
781,"mul(mul(uplim,mul(uplim,ts_rank(sub(lprice,cumr),3))),ts_std(turn,20))",11,-1.0,-0.03137534776867208,-0.7840073273593458,-8.220100341151184,4,-0.040583161532711715,-0.018711308448109774,-0.03673142876083914,-0.03862130269408226,-0.01938115478454468,-3.091595057451302,0.999972971281275,"passed, not chosen (corr / cap)"
775,"mul(mul(uplim,ts_max(add(vwapc,turn),5)),ts_rank(sub(lprice,cumr),3))",11,-1.0,-0.03137847261334868,-0.7840612683528074,-8.219943175971407,4,-0.04058074735355778,-0.018718582284378095,-0.0367354073463694,-0.03862130269408226,-0.019424354143363114,-3.1180622272505105,0.9999601682039844,"passed, not chosen (corr / cap)"
768,"mul(mul(uplim,mul(uplim,ts_rank(sub(lprice,cumr),3))),cs_rank(turn))",11,-1.0,-0.03138013426697154,-0.7840904128969207,-8.219498240752767,4,-0.04058553693063844,-0.018718931882176548,-0.03673545624080457,-0.03862130269408226,-0.019415643929581467,-3.1065438413671806,0.999972971281275,"passed, not chosen (corr / cap)"
750,"mul(div(uplim,sub(lprice,cumr)),ts_rank(sub(lprice,cumr),3))",10,-1.0,-0.03136939974927639,-0.7837517492490561,-8.219458517437257,4,-0.0405909954271733,-0.01869945347748904,-0.036718174692635476,-0.03862130269408226,-0.019560332264518365,-3.179251404478407,0.999972971281275,"passed, not chosen (corr / cap)"
785,"mul(div(uplim,ts_decay(sub(lprice,cumr),3)),ts_rank(sub(lprice,cumr),3))",11,-1.0,-0.03136939974927639,-0.7837517492490561,-8.219458517437257,4,-0.0405909954271733,-0.01869945347748904,-0.036718174692635476,-0.03862130269408226,-0.019560332264518365,-3.179251404478407,0.999972971281275,"passed, not chosen (corr / cap)"
749,"mul(mul(uplim,ts_rank(sub(lprice,cumr),3)),div(uplim,lprice))",10,-1.0,-0.03137226373277135,-0.7837777263533247,-8.219403681612127,4,-0.04059003793204633,-0.018705780510531945,-0.036720935108238144,-0.03862130269408226,-0.019544649199815467,-3.172747559364473,0.9999715487171317,"passed, not chosen (corr / cap)"
779,"mul(mul(uplim,abs(sub(turn,hl))),ts_rank(sub(lprice,cumr),3))",11,-1.0,-0.03137954669802003,-0.7840143203507324,-8.219135521901997,4,-0.04058729621390693,-0.018718411003808593,-0.03673236562233222,-0.03862130269408226,-0.019558660123342026,-3.172620523082651,0.999972971281275,"passed, not chosen (corr / cap)"
780,"mul(mul(uplim,ts_max(add(hl,turn),5)),ts_rank(sub(lprice,cumr),3))",11,-1.0,-0.03137851533020006,-0.784010896050153,-8.219022293558412,4,-0.04058858124801937,-0.018717878038943227,-0.036728339539350646,-0.03862130269408226,-0.01951136189745739,-3.152747035140478,0.9999601682039844,"passed, not chosen (corr / cap)"
699,"mul(mul(uplim,turn),ts_rank(sub(lprice,cumr),3))",8,-1.0,-0.03138151711441683,-0.784170506748954,-8.21884691866343,4,-0.040584119027838685,-0.018718931882176548,-0.03674138751567194,-0.03862130269408226,-0.01940113163436763,-3.1003718921539765,0.999972971281275,"passed, not chosen (corr / cap)"
770,"mul(mul(uplim,ts_max(add(cl,turn),5)),ts_rank(sub(lprice,cumr),3))",11,-1.0,-0.0313787593594298,-0.7840874338849151,-8.21882197303533,4,-0.04058858124801937,-0.01871629859864091,-0.03673099981326806,-0.03862130269408226,-0.01948290291087081,-3.134889312196787,0.9999601682039844,"passed, not chosen (corr / cap)"
719,"mul(mul(uplim,ts_rank(iret,10)),ts_rank(sub(lprice,cumr),3))",9,-1.0,-0.03138157200660723,-0.7841043055240735,-8.218332049445506,4,-0.04058866855354072,-0.01871788010854895,-0.036738141464363584,-0.03862130269408226,-0.01956178008307082,-3.181318815473641,0.9999473651266936,"passed, not chosen (corr / cap)"
772,"mul(div(uplim,ts_max(add(lcap,turn),5)),ts_rank(sub(lprice,cumr),3))",11,-1.0,-0.031378505441522965,-0.7840800683955994,-8.21827252982438,4,-0.0405876237528924,-0.018713866480781386,-0.0367340407530336,-0.03862130269408226,-0.019508396110419806,-3.1585331236122647,0.9999601682039844,"passed, not chosen (corr / cap)"
795,"mul(mul(uplim,ts_rank(sub(lprice,cumr),3)),cs_rank(ts_rank(ts_decay(ts_decay(lprice,10),3),10)))",12,-1.0,-0.03137666236929126,-0.7841300862704199,-8.217721136779085,4,-0.04058610861046383,-0.018706271358920883,-0.03673862425708457,-0.03862130269408226,-0.019566068668306496,-3.183750145674522,0.9998989979458174,"passed, not chosen (corr / cap)"
784,"mul(mul(uplim,ts_max(div(lcap,turn),20)),ts_rank(sub(lprice,cumr),3))",11,-1.0,-0.03137391724205402,-0.7838206465609389,-8.217715904399828,4,-0.040575576961064376,-0.0187071203525799,-0.036739542124498835,-0.03862130269408226,-0.019618196063674986,-3.2067657655278405,0.999972971281275,"passed, not chosen (corr / cap)"
745,"mul(mul(uplim,ts_rank(sub(lprice,cumr),3)),cs_rank(ts_decay(iret,10)))",10,-1.0,-0.031375628623948625,-0.7839993428630138,-8.217508550684856,4,-0.0405882537090339,-0.018705685494933278,-0.036733770424402075,-0.03862130269408226,-0.01970341584334771,-3.2327419243325415,0.9999473651266936,"passed, not chosen (corr / cap)"
766,"mul(mul(uplim,ts_rank(sub(lprice,cumr),10)),ts_rank(sub(lprice,cumr),3))",11,-1.0,-0.03138022910760019,-0.7841054145497015,-8.217500826299787,4,-0.04058729621390693,-0.018714180233008745,-0.03673958459770993,-0.03862130269408226,-0.019572274507178616,-3.1835344949416173,0.9999473651266936,"passed, not chosen (corr / cap)"
796,"mul(mul(uplim,ts_rank(sub(lprice,cumr),3)),cs_rank(ts_rank(sub(lprice,cumr),10)))",12,-1.0,-0.03138022910760019,-0.7841054145497015,-8.217500826299787,4,-0.04058729621390693,-0.018714180233008745,-0.03673958459770993,-0.03862130269408226,-0.019572723501672346,-3.183508526171666,0.9999473651266936,"passed, not chosen (corr / cap)"
765,"mul(mul(uplim,ts_decay(ts_decay(abs(iret),10),60)),ts_rank(sub(lprice,cumr),3))",11,-1.0,-0.03138244529188482,-0.7841149852346694,-8.217488039120605,4,-0.0405909954271733,-0.018715968041215093,-0.036740844334034545,-0.03862130269408226,-0.019460328825516626,-3.1374622919630357,0.9999473651266936,"passed, not chosen (corr / cap)"
771,"mul(mul(uplim,ts_rank(sub(lprice,cumr),5)),ts_rank(sub(lprice,cumr),3))",11,-1.0,-0.03137882504417235,-0.7840859990062977,-8.217346198527098,4,-0.04058625437438679,-0.018712034383012603,-0.03673865026059119,-0.03862130269408226,-0.01955408213931757,-3.1779522295931,0.9999601682039844,"passed, not chosen (corr / cap)"
797,"mul(mul(uplim,ts_rank(sub(lprice,cumr),3)),cs_rank(ts_rank(sub(lprice,cumr),5)))",12,-1.0,-0.03137882504417235,-0.7840859990062977,-8.217346198527098,4,-0.04058625437438679,-0.018712034383012603,-0.03673865026059119,-0.03862130269408226,-0.01955408213931757,-3.1779522295931,0.9999601682039844,"passed, not chosen (corr / cap)"
742,"mul(mul(uplim,ts_decay(ts_rank(iret,3),3)),ts_rank(sub(lprice,cumr),3))",10,-1.0,-0.0313837637039227,-0.7841405715222092,-8.21724530159417,4,-0.04058721186951376,-0.01872002107427559,-0.036744195306183475,-0.03862130269408226,-0.019571566983358935,-3.190857145529558,0.9999502102549804,"passed, not chosen (corr / cap)"
721,"mul(mul(uplim,ts_rank(sub(lprice,cumr),3)),ts_rank(uplim,10))",9,-1.0,-0.03138083811684671,-0.7840283233618555,-8.217219534438327,4,-0.040589148829428434,-0.01871473579796859,-0.03673899659004651,-0.03862130269408226,-0.019558794447220862,-3.1805512118279653,0.9999473651266936,"passed, not chosen (corr / cap)"
746,"mul(mul(uplim,ts_decay(ts_rank(iret,3),60)),ts_rank(sub(lprice,cumr),3))",10,-1.0,-0.0313781639717224,-0.7839611778678531,-8.217165111638346,4,-0.0405882537090339,-0.018709471714424178,-0.03673749326385165,-0.03862130269408226,-0.01955745494342409,-3.1828206574949536,0.9999587456398409,"passed, not chosen (corr / cap)"
776,"mul(mul(uplim,ts_rank(sub(lprice,cumr),40)),ts_rank(sub(lprice,cumr),3))",11,-1.0,-0.03137932695889452,-0.7840478257445455,-8.216872637898177,4,-0.04058866855354072,-0.01871058243042272,-0.036739516586653496,-0.03862130269408226,-0.01956596753249566,-3.178597681088988,0.999972971281275,"passed, not chosen (corr / cap)"
700,"mul(mul(uplim,ts_rank(sub(lprice,cumr),3)),lmoney)",8,-1.0,-0.031383616948685786,-0.7840962841232672,-8.21686353960858,4,-0.0405882537090339,-0.01871772463976716,-0.036745370488221706,-0.03862130269408226,-0.019556869781808928,-3.17471448984802,0.999972971281275,"passed, not chosen (corr / cap)"
767,"mul(mul(uplim,abs(lmoney)),mul(uplim,ts_rank(sub(lprice,cumr),3)))",11,-1.0,-0.031383616948685786,-0.7840962841232672,-8.21686353960858,4,-0.0405882537090339,-0.01871772463976716,-0.036745370488221706,-0.03862130269408226,-0.019556869781808928,-3.17471448984802,0.999972971281275,"passed, not chosen (corr / cap)"
782,"mul(mul(uplim,ts_rank(sub(lprice,cumr),3)),ts_rank(ts_rank(ts_rank(lprice,10),5),10))",11,-1.0,-0.031378892977718204,-0.7839998825327348,-8.21680326122294,4,-0.040583236793724775,-0.018712610230108517,-0.03674128521723967,-0.03862130269408226,-0.019486570827818166,-3.150041770773317,0.9998677015346622,"passed, not chosen (corr / cap)"
741,"mul(mul(uplim,ts_rank(sub(lprice,cumr),3)),sub(lcap,lmoney))",10,1.0,0.0313849463321579,0.7841946382774646,8.216569405969366,4,0.040590995498813495,0.018718931840784433,0.03674542997032404,0.03862130269408226,0.01950637062933917,3.15231347164217,0.999972971281275,"passed, not chosen (corr / cap)"
783,"mul(mul(uplim,ts_max(div(lcap,turn),5)),ts_rank(sub(lprice,cumr),3))",11,-1.0,-0.03137480458803096,-0.7838490880986468,-8.216527824043373,4,-0.04057412027703741,-0.01870602246813683,-0.03674520946745025,-0.03862130269408226,-0.019626513647381216,-3.20954081268405,0.9999601682039844,"passed, not chosen (corr / cap)"
690,"mul(uplim,ts_rank(sub(lprice,cumr),3))",6,-1.0,-0.03138112647854534,-0.7840725440167902,-8.216421531867288,4,-0.040589148829428434,-0.018712567844583344,-0.03674249728455355,-0.03862130269408226,-0.019563179317628965,-3.182580310503632,0.999972971281275,"passed, not chosen (corr / cap)"
691,"mul(ts_rank(sub(lprice,cumr),3),uplim)",6,-1.0,-0.03138112647854534,-0.7840725440167902,-8.216421531867288,4,-0.040589148829428434,-0.018712567844583344,-0.03674249728455355,-0.03862130269408226,-0.019563179317628965,-3.182580310503632,0.999972971281275,"passed, not chosen (corr / cap)"
702,"mul(mul(uplim,ts_rank(sub(lprice,cumr),3)),uplim)",8,-1.0,-0.03138112647854534,-0.7840725440167902,-8.216421531867288,4,-0.040589148829428434,-0.018712567844583344,-0.03674249728455355,-0.03862130269408226,-0.019563179317628965,-3.182580310503632,0.999972971281275,"passed, not chosen (corr / cap)"
774,"mul(mul(uplim,ts_rank(sub(lprice,cumr),3)),ts_rank(sub(lprice,cumr),3))",11,-1.0,-0.03138112647854534,-0.7840725440167902,-8.216421531867288,4,-0.040589148829428434,-0.018712567844583344,-0.03674249728455355,-0.03862130269408226,-0.019563179317628965,-3.182580310503632,0.999972971281275,"passed, not chosen (corr / cap)"
798,"mul(mul(uplim,ts_rank(sub(lprice,cumr),3)),cs_rank(ts_rank(sub(lprice,cumr),3)))",12,-1.0,-0.03138112647854534,-0.7840725440167902,-8.216421531867288,4,-0.040589148829428434,-0.018712567844583344,-0.03674249728455355,-0.03862130269408226,-0.019563179317628965,-3.182580310503632,0.999972971281275,"passed, not chosen (corr / cap)"
701,"mul(ret,mul(ts_rank(sub(lprice,cumr),3),uplim))",8,-1.0,-0.031381751146125875,-0.7840803653088626,-8.216326618370381,4,-0.0405909954271733,-0.018715475475053405,-0.03673918079584837,-0.03862130269408226,-0.019581618912828464,-3.190094919407349,0.999972971281275,"passed, not chosen (corr / cap)"
743,"mul(ret,mul(mul(uplim,ts_rank(sub(lprice,cumr),3)),uplim))",10,-1.0,-0.031381751146125875,-0.7840803653088626,-8.216326618370381,4,-0.0405909954271733,-0.018715475475053405,-0.03673918079584837,-0.03862130269408226,-0.019581618912828464,-3.190094919407349,0.999972971281275,"passed, not chosen (corr / cap)"
744,"mul(mul(uplim,ts_rank(sub(lprice,cumr),3)),cs_rank(ts_rank(cumr,3)))",10,-1.0,-0.03138149725093423,-0.7840787361152181,-8.216302613981396,4,-0.040589148829428434,-0.018712567844583344,-0.03674369741623339,-0.03862130269408226,-0.01963475574545252,-3.2216895081946575,0.999972971281275,"passed, not chosen (corr / cap)"
773,"mul(mul(uplim,ts_max(add(lcap,turn),5)),ts_rank(sub(lprice,cumr),3))",11,-1.0,-0.0313812313242664,-0.7840737546910582,-8.21591301144894,4,-0.040585839529879965,-0.018711255466203308,-0.03674778717226888,-0.03862130269408226,-0.01962168249883689,-3.2084561012117137,0.9999601682039844,"passed, not chosen (corr / cap)"
738,"mul(mul(uplim,ts_rank(sub(lprice,cumr),3)),sub(lprice,cumr))",10,-1.0,-0.03138600788088667,-0.7842153982825383,-8.21539437832393,4,-0.04058729621390693,-0.018719390920725547,-0.036752119023156796,-0.03862130269408226,-0.019529853598214686,-3.1674092872210697,0.999972971281275,"passed, not chosen (corr / cap)"
739,"mul(mul(uplim,sub(lprice,cumr)),ts_rank(sub(lprice,cumr),3))",10,-1.0,-0.03138600788088667,-0.7842153982825383,-8.21539437832393,4,-0.04058729621390693,-0.018719390920725547,-0.036752119023156796,-0.03862130269408226,-0.019529853598214686,-3.1674092872210697,0.999972971281275,"passed, not chosen (corr / cap)"
740,"mul(ts_rank(sub(lprice,cumr),3),mul(uplim,sub(lprice,cumr)))",10,-1.0,-0.03138600788088667,-0.7842153982825383,-8.21539437832393,4,-0.04058729621390693,-0.018719390920725547,-0.036752119023156796,-0.03862130269408226,-0.019529853598214686,-3.1674092872210697,0.999972971281275,"passed, not chosen (corr / cap)"
762,"mul(mul(uplim,ts_rank(sub(lprice,cumr),3)),ts_decay(sub(lprice,cumr),3))",11,-1.0,-0.03138600788088667,-0.7842153982825383,-8.21539437832393,4,-0.04058729621390693,-0.018719390920725547,-0.036752119023156796,-0.03862130269408226,-0.019529853598214686,-3.1674092872210697,0.999972971281275,"passed, not chosen (corr / cap)"
763,"mul(mul(uplim,ts_decay(sub(lprice,cumr),3)),ts_rank(sub(lprice,cumr),3))",11,-1.0,-0.03138600788088667,-0.7842153982825383,-8.21539437832393,4,-0.04058729621390693,-0.018719390920725547,-0.036752119023156796,-0.03862130269408226,-0.019529853598214686,-3.1674092872210697,0.999972971281275,"passed, not chosen (corr / cap)"
792,"mul(mul(mul(uplim,ts_rank(sub(lprice,cumr),3)),uplim),sub(lprice,cumr))",12,-1.0,-0.03138600788088667,-0.7842153982825383,-8.21539437832393,4,-0.04058729621390693,-0.018719390920725547,-0.036752119023156796,-0.03862130269408226,-0.019529853598214686,-3.1674092872210697,0.999972971281275,"passed, not chosen (corr / cap)"
793,"mul(mul(uplim,mul(uplim,ts_rank(sub(lprice,cumr),3))),sub(lprice,cumr))",12,-1.0,-0.03138600788088667,-0.7842153982825383,-8.21539437832393,4,-0.04058729621390693,-0.018719390920725547,-0.036752119023156796,-0.03862130269408226,-0.019529853598214686,-3.1674092872210697,0.999972971281275,"passed, not chosen (corr / cap)"
769,"mul(mul(uplim,ts_rank(sub(lprice,cumr),3)),ts_rank(ts_rank(ts_decay(lprice,10),5),10))",11,-1.0,-0.03137984447137687,-0.7840887254495551,-8.215122192704346,4,-0.040586227437672324,-0.018705686157207108,-0.0367494952668877,-0.03862130269408226,-0.019562423694878817,-3.1828773635956167,0.9998890399968134,"passed, not chosen (corr / cap)"
794,"mul(mul(uplim,ts_max(ts_rank(sub(lprice,cumr),3),20)),ts_rank(sub(lprice,cumr),3))",12,-1.0,-0.03138354341963276,-0.7841775106473162,-8.214830857254286,4,-0.04058866855354072,-0.018710891298380578,-0.03675279883961929,-0.03862130269408226,-0.019573515659430996,-3.1879187695907367,0.999972971281275,"passed, not chosen (corr / cap)"
722,"mul(mul(uplim,ts_rank(lprice,10)),ts_rank(sub(lprice,cumr),3))",9,-1.0,-0.03137835281062493,-0.7840176752638257,-8.214608930888847,4,-0.04058962604866769,-0.018701460187892534,-0.03674618338577842,-0.03862130269408226,-0.019699923024745658,-3.2528570318532637,0.9999473651266936,"passed, not chosen (corr / cap)"
778,"mul(mul(uplim,ts_rank(cumr,10)),mul(uplim,ts_rank(sub(lprice,cumr),3)))",11,-1.0,-0.03137835281062493,-0.7840176752638257,-8.214608930888847,4,-0.04058962604866769,-0.018701460187892534,-0.03674618338577842,-0.03862130269408226,-0.019699923024745658,-3.2528570318532637,0.9999473651266936,"passed, not chosen (corr / cap)"
720,"mul(mul(uplim,ts_rank(sub(lprice,cumr),3)),ts_rank(oret,10))",9,-1.0,-0.031380737617297656,-0.7840359952260004,-8.214377383536492,4,-0.04058738824768135,-0.01870589063425238,-0.036750952737699995,-0.03862130269408226,-0.0209534537007517,-3.5214495936348227,0.9999473651266936,"passed, not chosen (corr / cap)"
777,"mul(mul(uplim,ts_rank(sub(lprice,cumr),3)),mul(uplim,ts_rank(oret,10)))",11,-1.0,-0.031380737617297656,-0.7840359952260004,-8.214377383536492,4,-0.04058738824768135,-0.01870589063425238,-0.036750952737699995,-0.03862130269408226,-0.0209534537007517,-3.5214495936348227,0.9999473651266936,"passed, not chosen (corr / cap)"
718,"mul(mul(uplim,ts_rank(sub(lprice,cumr),3)),ts_decay(lprice,5))",9,-1.0,-0.031384115032113455,-0.7842095887511886,-8.214131268858807,4,-0.040585839529879965,-0.01871155307550604,-0.03675676884717847,-0.03862130269408226,-0.019551581994164735,-3.173432386426496,0.9999601682039844,"passed, not chosen (corr / cap)"
799,"mul(mul(uplim,ts_rank(sub(lprice,cumr),3)),mul(ts_rank(dnlim,10),ts_rank(oret,10)))",12,-1.0,-0.03138138878592706,-0.7840540089250961,-8.214064970473823,4,-0.040587865466920614,-0.01870589063425238,-0.03675257069009699,-0.03862130269408226,-0.020978856316589294,-3.533540883605268,0.9999473651266936,"passed, not chosen (corr / cap)"
736,"mul(mul(uplim,ts_decay(ts_decay(lprice,10),60)),ts_rank(sub(lprice,cumr),3))",10,-1.0,-0.03138589593288451,-0.7842237342346511,-8.213529275307724,4,-0.0405882537090339,-0.01871155307550604,-0.03676005563159522,-0.03862130269408226,-0.019540908028526854,-3.167972310162533,0.9999473651266936,"passed, not chosen (corr / cap)"
698,"mul(mul(uplim,lprice),ts_rank(sub(lprice,cumr),3))",8,-1.0,-0.03138548708984598,-0.7842177639145039,-8.213428106847035,4,-0.0405882537090339,-0.01871155307550604,-0.03675873227123367,-0.03862130269408226,-0.0195572369848378,-3.176019567612196,0.999972971281275,"passed, not chosen (corr / cap)"
717,"mul(mul(uplim,ts_rank(sub(lprice,cumr),3)),ts_decay(lprice,10))",9,-1.0,-0.03138548708984598,-0.7842177639145039,-8.213428106847035,4,-0.0405882537090339,-0.01871155307550604,-0.03675873227123367,-0.03862130269408226,-0.019548115611542016,-3.1718753371513753,0.9999473651266936,"passed, not chosen (corr / cap)"
737,"mul(mul(uplim,ts_rank(sub(lprice,cumr),3)),mul(uplim,lprice))",10,-1.0,-0.03138548708984598,-0.7842177639145039,-8.213428106847035,4,-0.0405882537090339,-0.01871155307550604,-0.03675873227123367,-0.03862130269408226,-0.0195572369848378,-3.176019567612196,0.999972971281275,"passed, not chosen (corr / cap)"
761,"mul(ts_rank(sub(lprice,cumr),3),mul(uplim,sub(lprice,ts_decay(iret,40))))",11,-1.0,-0.03138548708984598,-0.7842177639145039,-8.213428106847035,4,-0.0405882537090339,-0.01871155307550604,-0.03675873227123367,-0.03862130269408226,-0.019556766414704423,-3.1757166921421636,0.999972971281275,"passed, not chosen (corr / cap)"
790,"mul(mul(uplim,mul(uplim,ts_rank(sub(lprice,cumr),3))),ts_decay(ts_decay(lprice,10),3))",12,-1.0,-0.03138548708984598,-0.7842177639145039,-8.213428106847035,4,-0.0405882537090339,-0.01871155307550604,-0.03675873227123367,-0.03862130269408226,-0.019546290529736627,-3.171000078965012,0.9999402523059765,"passed, not chosen (corr / cap)"
791,"mul(mul(uplim,abs(ts_decay(lprice,10))),mul(uplim,ts_rank(sub(lprice,cumr),3)))",12,-1.0,-0.03138548708984598,-0.7842177639145039,-8.213428106847035,4,-0.0405882537090339,-0.01871155307550604,-0.03675873227123367,-0.03862130269408226,-0.019548115611542016,-3.1718753371513753,0.9999473651266936,"passed, not chosen (corr / cap)"
723,"mul(mul(uplim,ts_rank(sub(lprice,cumr),3)),cs_rank(lcap))",9,-1.0,-0.03138229896066468,-0.7839689413304491,-8.213281903548594,4,-0.04058199295272621,-0.018707298587024628,-0.03675987652355903,-0.03862130269408226,-0.019674728556613747,-3.227223196703859,0.999972971281275,"passed, not chosen (corr / cap)"
716,"mul(mul(uplim,ts_rank(sub(lprice,cumr),3)),ts_decay(lprice,3))",9,-1.0,-0.03138603018719809,-0.7842359932965226,-8.21317800790756,4,-0.0405882537090339,-0.01871155307550604,-0.036760490191610234,-0.03862130269408226,-0.019555143992571782,-3.1751439263489107,0.999972971281275,"passed, not chosen (corr / cap)"
760,"mul(mul(uplim,mul(uplim,ts_rank(sub(lprice,cumr),3))),ts_decay(lprice,3))",11,-1.0,-0.03138603018719809,-0.7842359932965226,-8.21317800790756,4,-0.0405882537090339,-0.01871155307550604,-0.036760490191610234,-0.03862130269408226,-0.019555143992571782,-3.1751439263489107,0.999972971281275,"passed, not chosen (corr / cap)"
764,"mul(mul(uplim,ts_max(sub(lprice,hl),5)),ts_rank(sub(lprice,cumr),3))",11,-1.0,-0.03138434309256831,-0.7842098183226118,-8.213114915059363,4,-0.040585839529879965,-0.018709073108362242,-0.0367604438460579,-0.03862130269408226,-0.01954813456783692,-3.171244987677715,0.9999601682039844,"passed, not chosen (corr / cap)"
734,"mul(mul(uplim,ts_rank(sub(lprice,cumr),3)),cs_rank(ts_decay(lprice,10)))",10,-1.0,-0.03138756655143362,-0.7842547578902767,-8.21208278231504,4,-0.0405882537090339,-0.01871155307550604,-0.03676546316005682,-0.03862130269408226,-0.019524825698075194,-3.159146384271977,0.9999473651266936,"passed, not chosen (corr / cap)"
758,"mul(mul(uplim,ts_rank(sub(lprice,cumr),3)),cs_rank(lmoney))",9,-1.0,-0.031218653151166214,-0.7774740895965067,-8.20552812660071,4,-0.040576534456191346,-0.01871772463976716,-0.036358700788303,-0.03862130269408226,-0.018919586000265554,-3.021152554997978,0.999972971281275,"passed, not chosen (corr / cap)"
678,"mul(mul(mul(uplim,ts_rank(sub(lprice,cumr),3)),mul(uplim,ts_rank(ts_z(lmoney,10),5))),ts_rank(ts_decay(sub(lprice,cumr),5),10))",18,-1.0,-0.031998792429861554,-0.8386710284419926,-8.189113609048404,4,-0.04096771368195357,-0.019903103271556064,-0.03726614736286657,-0.03862130269408226,-0.022182986832128583,-4.08357034255353,0.9999274492286857,"passed, not chosen (corr / cap)"
747,"mul(mul(mul(uplim,ts_decay(sub(lprice,cumr),3)),ts_rank(ts_decay(sub(lprice,cumr),5),10)),ts_rank(ts_decay(ts_decay(lprice,10),3),10))",17,-1.0,-0.031937073193545884,-0.8125991026441768,-8.167740204464813,4,-0.04454881442421431,-0.02129453448611053,-0.030301072009933705,-0.03862130269408226,-0.03179669289080345,-4.687160537581027,0.9998933076892437,"passed, not chosen (corr / cap)"
712,"mul(mul(mul(uplim,ts_rank(ts_mean(lprice,3),10)),mul(uplim,ts_rank(sub(lprice,cumr),5))),ts_rank(ts_decay(sub(lprice,cumr),5),10))",18,-1.0,-0.03135317455849536,-0.8211527915345518,-8.049465656511979,4,-0.04170934147967617,-0.017331145093288966,-0.036945305158090046,-0.03862130269408226,-0.023695919993842837,-5.036500714146886,0.9999274492286857,"passed, not chosen (corr / cap)"
531,"mul(ts_rank(sub(ts_delta(ch,60),lmoney),20),mul(uplim,ts_min(oret,20)))",10,1.0,0.03438203514511274,0.8525824816635408,7.969378252956083,4,0.04840989376267267,0.022255889245218808,0.0307879006694548,0.03862130269408226,0.021820151206591854,2.6935575095934916,0.9978476604510097,"passed, not chosen (corr / cap)"
504,"mul(ts_rank(sub(ch,lmoney),20),mul(uplim,ts_rank(oret,3)))",9,-1.0,-0.03418979712076626,-0.858021410653028,-7.965025909235374,4,-0.048061394449582115,-0.02141866498746939,-0.03135022045554299,-0.03862130269408226,-0.02118801357076935,-2.909379599179611,0.999972971281275,"passed, not chosen (corr / cap)"
517,"mul(div(uplim,ts_rank(sub(ts_delta(ch,60),lmoney),20)),ts_min(oret,20))",10,1.0,0.03456024497493424,0.8563949629762099,7.959431363605597,4,0.048688363780997494,0.022251394900283026,0.031000859558400585,0.03932900354266167,0.021429785051504554,2.556068332826592,0.9412708619031632,"passed, not chosen (corr / cap)"
786,"mul(mul(uplim,ts_rank(sub(lprice,cumr),3)),mul(ts_rank(ts_decay(lprice,3),10),sub(uplim,cumr)))",14,-1.0,-0.03181382847762462,-0.7955240693753424,-7.952560650727249,4,-0.04195654162993798,-0.018706052146282875,-0.03674742447114304,-0.03862130269408226,-0.020478363692139585,-3.602484586185142,0.9999402523059765,"passed, not chosen (corr / cap)"
787,"mul(mul(uplim,ts_rank(sub(lprice,cumr),3)),mul(ts_rank(ts_decay(lprice,3),10),ts_corr(turn,lmoney,5)))",14,-1.0,-0.03181143057186202,-0.7955198468527496,-7.9524415993365745,4,-0.04195508494591101,-0.01870040369556389,-0.036747846801422145,-0.03862130269408226,-0.020484378503169864,-3.6054272159297267,0.9999146461513949,"passed, not chosen (corr / cap)"
708,"mul(mul(uplim,ts_decay(ts_rank(ts_decay(lprice,3),5),3)),ts_rank(sub(lprice,cumr),3))",11,-1.0,-0.031813276339628986,-0.7956147658634849,-7.952353204924416,4,-0.04195272540434813,-0.0187041847824326,-0.03675176529213786,-0.03862130269408226,-0.0204787944482329,-3.6000016735834195,0.9999302943569726,"passed, not chosen (corr / cap)"
756,"mul(mul(uplim,ts_rank(sub(lprice,cumr),3)),mul(ts_rank(ts_decay(lprice,3),10),ts_rank(oret,20)))",13,-1.0,-0.031808673084724876,-0.7953336314693209,-7.951920185642889,4,-0.04195436916481226,-0.018696512133141774,-0.03674426429757947,-0.03862130269408226,-0.020598598309637357,-3.6876798778510587,0.9999402523059765,"passed, not chosen (corr / cap)"
754,"mul(mul(uplim,ts_rank(sub(lprice,cumr),3)),mul(ts_rank(ts_decay(lprice,3),10),ts_rank(oret,10)))",13,-1.0,-0.0318090941485328,-0.7953545168561174,-7.95105975847756,4,-0.04195436916481226,-0.01869368389274718,-0.036748976446688175,-0.03862130269408226,-0.021828060791371985,-3.887487059657013,0.9999402523059765,"passed, not chosen (corr / cap)"
755,"mul(mul(ts_rank(ts_decay(lprice,3),10),ts_rank(oret,10)),mul(uplim,ts_rank(sub(lprice,cumr),3)))",13,-1.0,-0.0318090941485328,-0.7953545168561174,-7.95105975847756,4,-0.04195436916481226,-0.01869368389274718,-0.036748976446688175,-0.03862130269408226,-0.021828060791371985,-3.887487059657013,0.9999402523059765,"passed, not chosen (corr / cap)"
751,"mul(ts_rank(sub(lprice,cumr),3),mul(mul(uplim,ts_decay(lprice,3)),ts_rank(ts_decay(lprice,3),5)))",13,-1.0,-0.03182052398276538,-0.7957813962490442,-7.949898670488402,4,-0.04195508494591101,-0.018706242136088097,-0.03677036679398857,-0.03862130269408226,-0.020464482775423676,-3.589659407839808,0.9999502102549804,"passed, not chosen (corr / cap)"
733,"mul(mul(uplim,ts_rank(sub(lprice,cumr),3)),div(ts_rank(ts_decay(lprice,3),10),ts_rank(oret,10)))",13,-1.0,-0.0318285342144053,-0.7965318919955078,-7.948209392465304,4,-0.041972247477716364,-0.01863712844464721,-0.03685488122956533,-0.0388357900083065,-0.021571695784780572,-3.760242215128697,0.9009596617711493,"passed, not chosen (corr / cap)"
757,"mul(mul(uplim,ts_rank(sub(lprice,cumr),3)),ts_rank(ts_delay(ts_rank(sub(lprice,cumr),3),3),10))",13,-1.0,-0.03170809428217278,-0.7953222482546762,-7.941599631792696,4,-0.03992425023553599,-0.018711174663621932,-0.03908915745301379,-0.038637276738882065,-0.019839309086587202,-3.1108425734251965,0.9998321374310768,"passed, not chosen (corr / cap)"
228,"mul(mul(ts_min(cs_rank(iret),60),div(uplim,ts_max(ts_z(vwapc,5),5))),ts_min(cs_rank(ts_z(cumr,40)),60))",14,-1.0,-0.02900170580029399,-0.6999545183059287,-7.804978988593471,4,-0.03797588829943181,-0.01672833611476509,-0.03315462647789937,-0.038638051599264145,-0.022063900680619884,-4.542569258943131,0.9880447709387217,"passed, not chosen (corr / cap)"
711,"mul(mul(mul(uplim,ts_rank(sub(lprice,cumr),3)),cs_rank(hl)),ts_rank(oret,3))",12,-1.0,-0.031585201062768214,-0.7991872859745082,-7.711057074140627,4,-0.0417979704027341,-0.01903440792053981,-0.03613742276587907,-0.03862130269408226,-0.016820688435638494,-2.970692932443471,0.999972971281275,"passed, not chosen (corr / cap)"
576,"mul(div(uplim,ts_rank(sub(ts_delta(ret,60),lmoney),20)),mul(ts_delta(ch,60),uplim))",12,-1.0,-0.03402631468894687,-0.8529461753914087,-7.667312471330811,4,-0.04867674662576368,-0.021020477757819237,-0.030869246417196558,-0.03923150897026062,-0.025394793663343244,-3.2002633521092667,0.941024758306352,"passed, not chosen (corr / cap)"
217,"mul(sub(ts_max(ts_z(vwapc,5),5),cl),mul(uplim,ts_min(cs_rank(ts_z(cumr,20)),20)))",12,-1.0,-0.028744177383962666,-0.6968786702426909,-7.629842086206116,4,-0.0391848581844266,-0.018693557497149762,-0.028766536633210146,-0.03864273056387901,-0.0187961202499808,-3.9950077771844223,0.9961092870677539,"passed, not chosen (corr / cap)"
218,"mul(ts_min(cs_rank(ts_z(cumr,20)),20),mul(uplim,sub(ts_max(ts_z(vwapc,5),5),cl)))",12,-1.0,-0.028744177383962666,-0.6968786702426909,-7.629842086206116,4,-0.0391848581844266,-0.018693557497149762,-0.028766536633210146,-0.03864273056387901,-0.0187961202499808,-3.9950077771844223,0.9961092870677539,"passed, not chosen (corr / cap)"
241,"mul(mul(uplim,ts_min(cs_rank(ts_z(cumr,20)),20)),mul(uplim,sub(ts_max(ts_z(vwapc,5),5),cl)))",14,-1.0,-0.028744177383962666,-0.6968786702426909,-7.629842086206116,4,-0.0391848581844266,-0.018693557497149762,-0.028766536633210146,-0.03864273056387901,-0.0187961202499808,-3.9950077771844223,0.9961092870677539,"passed, not chosen (corr / cap)"
242,"mul(sub(ts_max(ts_z(vwapc,5),5),cl),mul(ts_min(cs_rank(ts_z(cumr,20)),20),div(uplim,lcap)))",14,-1.0,-0.028744386888932424,-0.6968773141951433,-7.6297466133555325,4,-0.039185774909945355,-0.018694756682424877,-0.028765061673909135,-0.03864273056387901,-0.01876965903916004,-3.970525150091817,0.9961092870677539,"passed, not chosen (corr / cap)"
259,"mul(sub(ts_max(ts_z(vwapc,5),5),cl),mul(ts_min(cs_rank(ts_z(cumr,20)),20),div(uplim,cs_rank(turn))))",15,-1.0,-0.02875542581964777,-0.6971613277621537,-7.628048170648282,4,-0.0391889279215283,-0.018700498906232845,-0.028789294285553636,-0.03864273056387901,-0.01893279584085879,-4.11235124734444,0.9957849424430547,"passed, not chosen (corr / cap)"
689,"mul(mul(uplim,ts_rank(ts_mean(lprice,3),10)),ts_rank(sub(lprice,cumr),3))",10,-1.0,-0.03179095427851983,-0.7970064665049014,-7.58824235963535,4,-0.041603649917401765,-0.01823691814335891,-0.03836863551821027,-0.03862130269408226,-0.02189619931311387,-4.133572918883483,0.9999402523059765,"passed, not chosen (corr / cap)"
244,"mul(mul(ts_min(cs_rank(iret),60),div(uplim,ts_max(ts_z(vwapc,5),5))),ts_min(cs_rank(ts_z(cumr,20)),60))",14,-1.0,-0.028674004701116085,-0.6961828153688959,-7.5859995294096985,4,-0.037504416793429605,-0.016669413709428673,-0.032855668977112035,-0.038638051599264145,-0.02203325002496554,-4.499986513378799,0.9880618417084426,"passed, not chosen (corr / cap)"
245,"mul(mul(ts_min(cs_rank(ts_z(cumr,20)),60),div(uplim,ts_max(ts_z(vwapc,5),5))),ts_min(cs_rank(iret),60))",14,-1.0,-0.028674004701116085,-0.6961828153688959,-7.5859995294096985,4,-0.037504416793429605,-0.016669413709428673,-0.032855668977112035,-0.038638051599264145,-0.02203325002496554,-4.499986513378799,0.9880618417084426,"passed, not chosen (corr / cap)"
272,"mul(mul(ts_min(cs_rank(ts_z(cumr,20)),60),div(uplim,ts_max(ts_z(vwapc,5),5))),ts_min(cs_rank(cs_z(iret)),60))",15,-1.0,-0.028674004701116085,-0.6961828153688959,-7.5859995294096985,4,-0.037504416793429605,-0.016669413709428673,-0.032855668977112035,-0.038638051599264145,-0.02203325002496554,-4.499986513378799,0.9880618417084426,"passed, not chosen (corr / cap)"
312,"mul(mul(ts_min(cs_rank(iret),60),div(uplim,ts_max(ts_z(vwapc,5),5))),mul(ret,ts_min(cs_rank(ts_z(cumr,20)),60)))",16,-1.0,-0.028674004701116085,-0.6961828153688959,-7.5859995294096985,4,-0.037504416793429605,-0.016669413709428673,-0.032855668977112035,-0.038638051599264145,-0.022033872046846557,-4.50077516173774,0.9880618417084426,"passed, not chosen (corr / cap)"
313,"mul(mul(ts_min(cs_rank(iret),60),div(uplim,ts_max(ts_z(vwapc,5),5))),mul(uplim,ts_min(cs_rank(ts_z(cumr,20)),60)))",16,-1.0,-0.028674004701116085,-0.6961828153688959,-7.5859995294096985,4,-0.037504416793429605,-0.016669413709428673,-0.032855668977112035,-0.038638051599264145,-0.02203325002496554,-4.499986513378799,0.9880618417084426,"passed, not chosen (corr / cap)"
359,"mul(mul(ts_min(cs_rank(cs_rank(iret)),60),div(uplim,ts_max(ts_z(vwapc,5),5))),mul(uplim,ts_min(cs_rank(ts_z(cumr,20)),60)))",17,-1.0,-0.028674004701116085,-0.6961828153688959,-7.5859995294096985,4,-0.037504416793429605,-0.016669413709428673,-0.032855668977112035,-0.038638051599264145,-0.02203325002496554,-4.499986513378799,0.9880618417084426,"passed, not chosen (corr / cap)"
299,"mul(mul(ts_min(cs_rank(iret),60),div(uplim,ts_max(ts_z(vwapc,5),5))),div(uplim,ts_min(cs_rank(ts_z(cumr,20)),60)))",16,-1.0,-0.02874462190851312,-0.6970911566665855,-7.579695349775361,4,-0.037607415304389887,-0.01665799732219574,-0.032985087847315964,-0.03855394199490547,-0.02217962495686317,-4.606457115110126,0.9726127951109316,"passed, not chosen (corr / cap)"
248,"mul(sub(ts_max(ts_z(vwapc,5),5),ret),mul(uplim,ts_min(cs_rank(ts_z(cumr,20)),20)))",12,-1.0,-0.028222183060255573,-0.687578842015183,-7.49328623600699,4,-0.0391848581844266,-0.017157886951911047,-0.028766335394489122,-0.03864273056387901,-0.017509952476023483,-3.5956223289271563,0.9961092870677539,"passed, not chosen (corr / cap)"
638,"mul(abs(mul(uplim,ts_rank(sub(lprice,cl),10))),ts_rank(sub(lprice,cumr),3))",12,-1.0,-0.032611015496228864,-0.8269202096120021,-7.475074823130758,4,-0.04023417078487172,-0.017463266163803184,-0.04186075687822369,-0.03862130269408226,-0.02280461177863973,-4.432714929720215,0.9999473651266936,"passed, not chosen (corr / cap)"
696,"mul(mul(mul(ts_decay(sub(lprice,cumr),3),ts_rank(sub(lprice,cumr),3)),mul(uplim,lprice)),ts_rank(sub(lprice,cl),10))",18,-1.0,-0.032616364154660994,-0.8270778066132415,-7.472787571461638,4,-0.04023417078487172,-0.017465972882502418,-0.04187476021858553,-0.03862130269408226,-0.022788238047840113,-4.419432151197362,0.9999473651266936,"passed, not chosen (corr / cap)"
381,"mul(mul(ts_min(cs_rank(iret),60),div(uplim,ts_max(ts_z(vwapc,5),5))),ts_delay(cl,5))",12,-1.0,-0.027749685044420467,-0.6744358660017625,-7.453165231239488,4,-0.0373042174627901,-0.016880623674951495,-0.029843781842215804,-0.038638051599264145,-0.02024187331976877,-4.89854401344812,0.9880106293992796,"passed, not chosen (corr / cap)"
201,"mul(mul(ts_min(cs_rank(ts_z(cl,5)),20),div(uplim,ts_max(ts_z(vwapc,5),5))),ts_min(cs_rank(ts_z(cumr,20)),20))",15,-1.0,-0.02960548288322251,-0.7235465457306933,-7.434641807579176,4,-0.04117673918578172,-0.017777251549817335,-0.030617692465893923,-0.03864273056387901,-0.019703506845409016,-3.654135359047912,0.9961092870677539,"passed, not chosen (corr / cap)"
206,"mul(mul(ts_min(cs_rank(ts_z(cl,5)),20),div(uplim,ts_max(ts_z(vwapc,5),5))),mul(uplim,ts_min(cs_rank(ts_z(cumr,20)),20)))",17,-1.0,-0.02960548288322251,-0.7235465457306933,-7.434641807579176,4,-0.04117673918578172,-0.017777251549817335,-0.030617692465893923,-0.03864273056387901,-0.019703506845409016,-3.654135359047912,0.9961092870677539,"passed, not chosen (corr / cap)"
675,"mul(mul(uplim,ts_rank(ts_decay(sub(lprice,cumr),3),3)),mul(ts_rank(ts_decay(lprice,3),10),sub(uplim,cumr)))",15,-1.0,-0.032447380021888725,-0.8283571751419772,-7.399963275832402,4,-0.04601701452381402,-0.018306214025609995,-0.03538662365226205,-0.03862130269408226,-0.019545367197590133,-3.7527044490800403,0.9999246041003989,"passed, not chosen (corr / cap)"
202,"mul(mul(ts_min(cs_rank(ts_z(cl,5)),60),div(cs_rank(sub(turn,cl)),ts_max(ts_z(vwapc,5),5))),mul(uplim,ts_min(cs_rank(ts_z(cumr,20)),60)))",20,-1.0,-0.029912491500827258,-0.742699697545048,-7.391957553295317,4,-0.04075324228134654,-0.016378122731111944,-0.0334399569692323,-0.038638051599264145,-0.018856816024537076,-3.1911058118849054,0.9880604191442992,"passed, not chosen (corr / cap)"
271,"mul(mul(uplim,ts_max(ts_z(vwapc,5),5)),div(ts_min(cs_rank(ts_z(cumr,20)),20),ts_min(cs_rank(ts_z(iret,20)),60)))",15,-1.0,-0.028919224585254984,-0.696240366994728,-7.353340016468357,4,-0.03814832469927044,-0.016829274683807266,-0.032824245148471425,-0.03885115683078766,-0.018993783249977258,-3.5199979108176214,0.9666792800687383,"passed, not chosen (corr / cap)"
281,"mul(sub(ts_max(ts_z(vwapc,5),5),cl),mul(uplim,ts_min(cs_rank(ts_z(cumr,20)),60)))",12,-1.0,-0.028348677528168387,-0.6833358695713697,-7.316090911744531,4,-0.03868495703283499,-0.018119191362832982,-0.028850820344671898,-0.038638051599264145,-0.02099098431270769,-4.17970500314665,0.9880618417084426,"passed, not chosen (corr / cap)"
275,"mul(sub(ts_max(ts_z(vwapc,5),5),cl),div(uplim,ts_min(cs_rank(ts_z(cumr,20)),60)))",12,-1.0,-0.028405169849575033,-0.6838616105198778,-7.310296323217474,4,-0.03878862802973364,-0.018094951138539494,-0.028947323725065765,-0.03855394199490547,-0.021167322937149687,-4.298581785559063,0.9726127951109316,"passed, not chosen (corr / cap)"
376,"mul(ts_min(cs_rank(ts_z(cumr,40)),20),mul(uplim,sub(ts_max(ts_z(vwapc,5),5),cl)))",12,-1.0,-0.028306259618388608,-0.6747892540401429,-7.3083877404747195,4,-0.0384926181595074,-0.017760927406719553,-0.029075832348134295,-0.03864273056387901,-0.0188804662468835,-4.088849538002277,0.9961007516828934,"passed, not chosen (corr / cap)"
207,"mul(ts_min(ts_min(cs_rank(ts_z(cumr,20)),20),20),mul(ts_max(ts_delay(vwapc,3),5),div(uplim,ts_max(ts_z(vwapc,5),5))))",15,-1.0,-0.029416588611519984,-0.7144701206478971,-7.147741880781162,4,-0.03916729289645743,-0.01836895407625259,-0.031132202609168255,-0.03861276060342789,-0.018777487556482748,-2.861172898015003,0.9915400110390977,"passed, not chosen (corr / cap)"
396,"mul(mul(ts_min(cs_rank(oret),60),div(uplim,ts_max(ts_z(vwapc,5),5))),mul(uplim,ts_min(cs_rank(ts_z(cumr,20)),60)))",16,-1.0,-0.028828779763310868,-0.6891735781948538,-7.142185529941465,4,-0.038688152400588496,-0.017209188496767013,-0.031316266613430344,-0.038638051599264145,-0.020474746205893877,-3.857858880343146,0.9880618417084426,"passed, not chosen (corr / cap)"
273,"mul(mul(ts_min(cs_rank(ts_z(cumr,40)),20),sign(uplim)),div(ts_min(cs_rank(ts_z(cl,5)),20),ts_max(ts_z(vwapc,5),5)))",16,-1.0,-0.029149189838885446,-0.6999344825873229,-7.141388553199946,4,-0.040428927161716574,-0.016862353173805016,-0.03092922331299633,-0.03864273056387901,-0.01976420353942861,-3.708360468491281,0.9961007516828934,"passed, not chosen (corr / cap)"
315,"mul(mul(ts_min(cs_rank(ts_z(cl,5)),20),div(uplim,ts_max(ts_z(vwapc,5),5))),mul(uplim,ts_min(cs_rank(ts_z(cumr,40)),20)))",17,-1.0,-0.029149189838885446,-0.6999344825873229,-7.141388553199946,4,-0.040428927161716574,-0.016862353173805016,-0.03092922331299633,-0.03864273056387901,-0.01976420353942861,-3.708360468491281,0.9961007516828934,"passed, not chosen (corr / cap)"
316,"mul(mul(ts_min(cs_rank(ts_z(cl,5)),20),uplim),mul(mul(uplim,ts_max(ts_z(vwapc,5),5)),ts_min(cs_rank(ts_z(cumr,40)),20)))",17,-1.0,-0.029149191555440778,-0.699927121908197,-7.141304107115275,4,-0.040428927161716574,-0.016865336358160624,-0.0309260663902387,-0.03864273056387901,-0.01973050755342436,-3.6881259425311512,0.9961007516828934,"passed, not chosen (corr / cap)"
209,"mul(ts_min(cs_rank(ts_z(cumr,20)),20),mul(ts_max(ts_delay(vwapc,3),5),div(uplim,ts_max(ts_z(vwapc,5),5))))",14,-1.0,-0.029181549446042884,-0.7101096346665127,-7.128465693770564,4,-0.039180227251971685,-0.017779287170224752,-0.031015299342791822,-0.03864273056387901,-0.019181294099166336,-2.864297443374813,0.9961007516828934,"passed, not chosen (corr / cap)"
223,"mul(mul(uplim,ts_min(cs_rank(ts_z(cumr,20)),20)),mul(ts_max(ts_delay(vwapc,3),5),div(uplim,ts_max(ts_z(vwapc,5),5))))",16,-1.0,-0.029181549446042884,-0.7101096346665127,-7.128465693770564,4,-0.039180227251971685,-0.017779287170224752,-0.031015299342791822,-0.03864273056387901,-0.019181294099166336,-2.864297443374813,0.9961007516828934,"passed, not chosen (corr / cap)"
306,"mul(mul(ts_min(cs_rank(ts_z(cl,5)),20),div(uplim,ts_max(ts_z(vwapc,5),5))),div(uplim,ts_min(cs_rank(ts_z(cumr,40)),20)))",17,-1.0,-0.029195270253789728,-0.7006187711554822,-7.119328454933428,4,-0.04043862607676954,-0.016876404042979527,-0.03104536300059408,-0.03866610676050186,-0.019788602430357093,-3.734929587400706,0.9927164715857038,"passed, not chosen (corr / cap)"
292,"mul(mul(ts_min(cs_rank(ts_z(cl,5)),60),div(ts_rank(ts_std(oret,3),60),ts_max(ts_z(vwapc,5),5))),mul(uplim,ts_min(cs_rank(ts_z(cumr,20)),60)))",19,-1.0,-0.029179935005329852,-0.7102526676003703,-7.1128590196784405,4,-0.04075210428614493,-0.017215952144789638,-0.03054763945285231,-0.038638051599264145,-0.01954112135678191,-3.472218943306826,0.9880518837594388,"passed, not chosen (corr / cap)"
235,"mul(mul(ts_min(cs_rank(ts_z(cl,5)),60),div(uplim,ts_max(ts_z(vwapc,5),5))),mul(uplim,ts_min(cs_rank(ts_z(cumr,20)),60)))",17,-1.0,-0.029182388458630647,-0.7103150889223715,-7.112665162058219,4,-0.04075722154052726,-0.017218071688879646,-0.03054803186561912,-0.038638051599264145,-0.0202061990920421,-3.5318782277033156,0.9880604191442992,"passed, not chosen (corr / cap)"
290,"mul(mul(ts_min(cs_rank(ts_z(cl,5)),60),div(cs_rank(ts_z(cumr,40)),ts_max(ts_z(vwapc,5),5))),mul(uplim,ts_min(cs_rank(ts_z(cumr,20)),60)))",19,-1.0,-0.029182162631784466,-0.7103226997758592,-7.1123138868313385,4,-0.04075722154052726,-0.01721554389679987,-0.03054994176607579,-0.038638051599264145,-0.020310758419717394,-3.612430545585056,0.9880604191442992,"passed, not chosen (corr / cap)"
293,"mul(mul(ts_min(cs_rank(ts_z(cl,5)),60),div(cs_rank(cs_z(lmoney)),ts_max(ts_z(vwapc,5),5))),mul(uplim,ts_min(cs_rank(ts_z(cumr,20)),60)))",19,-1.0,-0.029178772824486037,-0.7102084721285225,-7.111422528116859,4,-0.04075252145665455,-0.01721249527626616,-0.030547341606579723,-0.038638051599264145,-0.01982712529258736,-3.4847349594263086,0.9880604191442992,"passed, not chosen (corr / cap)"
291,"mul(mul(ts_min(cs_rank(ts_z(cl,5)),60),div(cs_rank(ts_z(cl,5)),ts_max(ts_z(vwapc,5),5))),mul(uplim,ts_min(cs_rank(ts_z(cumr,20)),60)))",19,-1.0,-0.029181607771189756,-0.7102806398698681,-7.111033371613655,4,-0.04075722154052726,-0.017211335396175,-0.030552592049352824,-0.038638051599264145,-0.02017333157917684,-3.5076974155814957,0.988056151451869,"passed, not chosen (corr / cap)"
233,"mul(mul(ts_min(cs_rank(ts_z(cl,5)),20),div(uplim,ts_max(ts_z(vwapc,5),5))),mul(lmoney,ts_min(cs_rank(ts_z(cumr,20)),60)))",17,-1.0,-0.02923032785750095,-0.71036704432637,-7.107489999809553,4,-0.04075089210907564,-0.01722591869560454,-0.030687751616351306,-0.038638051599264145,-0.020385838460892307,-3.783303824263591,0.9873818560478892,"passed, not chosen (corr / cap)"
234,"mul(mul(ts_min(cs_rank(ts_z(cl,5)),20),div(uplim,ts_max(ts_z(vwapc,5),5))),mul(uplim,ts_min(cs_rank(ts_z(cumr,20)),60)))",17,-1.0,-0.029229657928226516,-0.710356012752604,-7.107434826870387,4,-0.04075089210907564,-0.017223958827683006,-0.030687767690978945,-0.038638051599264145,-0.020390142135771123,-3.7863454100034133,0.9873818560478892,"passed, not chosen (corr / cap)"
232,"mul(mul(ts_min(cs_rank(ts_z(cl,5)),20),div(uplim,ts_max(ts_z(vwapc,5),5))),div(uplim,ts_min(cs_rank(ts_z(cumr,20)),60)))",17,-1.0,-0.029303177897295304,-0.7112502198278624,-7.105922864010394,4,-0.040860265005903784,-0.01721937571168311,-0.030811120704747737,-0.03855394199490547,-0.020536184421091872,-3.873411923154351,0.9719484576559557,"passed, not chosen (corr / cap)"
250,"mul(mul(ts_min(cs_rank(ts_z(cl,5)),20),div(uplim,ts_max(ts_z(vwapc,5),5))),div(ts_mean(hl,10),ts_min(cs_rank(ts_z(cumr,20)),60)))",18,-1.0,-0.0293061762651534,-0.7113308039579257,-7.105071979279139,4,-0.04086122596883164,-0.017221589483704197,-0.030816853740252555,-0.03855394199490547,-0.020524646565068645,-3.8634830995294718,0.971942767399382,"passed, not chosen (corr / cap)"
200,"mul(mul(ts_min(cs_rank(ts_z(cl,5)),60),div(cs_rank(sub(turn,cl)),ts_max(ts_delay(vwapc,3),5))),mul(uplim,ts_min(cs_rank(ts_z(cumr,20)),60)))",20,-1.0,-0.030018729877513674,-0.749800593600491,-7.040744234217783,4,-0.042511857971397185,-0.016377635686658322,-0.032076922400544085,-0.03859630599617958,-0.02436233720882743,-3.128488531953654,0.9878441893944998,"passed, not chosen (corr / cap)"
367,"mul(mul(uplim,ts_min(cs_rank(iret),60)),ts_min(cs_rank(ts_z(cumr,20)),20))",10,-1.0,-0.028030423455056488,-0.6675247359256922,-7.032839753571825,4,-0.03965498509680164,-0.016129531320093163,-0.029287730296253322,-0.038638051599264145,-0.02475656076317786,-4.028383472557444,0.987428800664622,"passed, not chosen (corr / cap)"
227,"mul(mul(uplim,ts_min(cs_rank(iret),60)),ts_min(cs_rank(ts_z(cumr,40)),20))",10,-1.0,-0.028662675757840515,-0.6845987753416423,-7.009692205744672,4,-0.04123081951129667,-0.0166208336344354,-0.02893728424844864,-0.038638051599264145,-0.024822623248577917,-4.081539127688632,0.987428800664622,"passed, not chosen (corr / cap)"
282,"mul(mul(uplim,ts_min(cs_rank(ts_z(cl,5)),20)),mul(sub(ts_max(ts_z(vwapc,5),5),cl),mul(uplim,uplim)))",16,-1.0,-0.028768362013508592,-0.699172022126855,-6.9958949256626175,4,-0.0415360452567182,-0.016246430097007245,-0.029320745231291533,-0.03864273056387901,-0.019650715389710464,-4.214668740376251,0.9961092870677539,"passed, not chosen (corr / cap)"
368,"mul(mul(ts_min(cs_rank(iret),60),div(uplim,ts_max(ts_z(vwapc,5),5))),turn)",11,-1.0,-0.027914647214917855,-0.6714885207992967,-6.959037216455575,4,-0.03834738337281259,-0.015028597106791887,-0.031037178249098362,-0.038638051599264145,-0.019523500283085332,-4.257209887293238,0.9880618417084426,"passed, not chosen (corr / cap)"
279,"mul(ts_min(cs_rank(iret),60),div(uplim,ts_max(ts_z(vwapc,5),5)))",9,-1.0,-0.027918819828746503,-0.671595822107245,-6.957866710917236,4,-0.03834640481038653,-0.01502725390224334,-0.031051902555627748,-0.038638051599264145,-0.019623120525737472,-4.340798203496459,0.9880618417084426,"passed, not chosen (corr / cap)"
728,"mul(mul(ts_rank(sub(lprice,cumr),3),mul(uplim,ts_rank(sub(ret,cumr),10))),ts_rank(lprice,10))",14,-1.0,-0.03212063160438536,-0.8028675384908641,-6.936181563541839,4,-0.0456942656809198,-0.016963240773103006,-0.03712621813311296,-0.03862130269408226,-0.015980641487552676,-2.293746375657248,0.9999473651266936,"passed, not chosen (corr / cap)"
285,"mul(mul(uplim,ts_min(cs_rank(ts_z(cumr,20)),20)),ts_max(ts_z(vwapc,5),5))",10,-1.0,-0.028462206798162786,-0.6744276266288057,-6.917288115315293,4,-0.039185774909945355,-0.01777778629016561,-0.028853471605472414,-0.03864273056387901,-0.019499910907542103,-3.5283440621874815,0.9961092870677539,"passed, not chosen (corr / cap)"
286,"mul(ts_max(ts_z(vwapc,5),5),mul(uplim,ts_min(cs_rank(ts_z(cumr,20)),20)))",10,-1.0,-0.028462206798162786,-0.6744276266288057,-6.917288115315293,4,-0.039185774909945355,-0.01777778629016561,-0.028853471605472414,-0.03864273056387901,-0.019499910907542103,-3.5283440621874815,0.9961092870677539,"passed, not chosen (corr / cap)"
322,"mul(ts_min(cs_rank(ts_z(cumr,20)),20),div(sign(uplim),ts_max(ts_z(vwapc,5),5)))",11,-1.0,-0.028468305804482143,-0.6744938174773316,-6.916587967692379,4,-0.039186021083210384,-0.017779287170224752,-0.028870001795939078,-0.03864273056387901,-0.019592013105897133,-3.585495770277298,0.9961092870677539,"passed, not chosen (corr / cap)"
379,"mul(div(uplim,ts_max(ts_z(vwapc,5),5)),mul(uplim,ts_min(cs_rank(ts_z(cumr,20)),20)))",12,-1.0,-0.028468305804482143,-0.6744938174773316,-6.916587967692379,4,-0.039186021083210384,-0.017779287170224752,-0.028870001795939078,-0.03864273056387901,-0.019592013105897133,-3.585495770277298,0.9961092870677539,"passed, not chosen (corr / cap)"
216,"mul(mul(ts_min(cs_rank(ts_z(cl,5)),20),ts_max(ts_z(vwapc,5),5)),div(uplim,ts_min(cs_rank(ts_z(cumr,10)),20)))",15,-1.0,-0.029376481616844485,-0.7089970032263477,-6.8967660562951965,4,-0.0415583010834947,-0.016421868826280564,-0.030726194279268385,-0.038621559739112854,-0.019995020545218466,-3.6645963530020538,0.9908230387108155,"passed, not chosen (corr / cap)"
238,"mul(mul(ts_min(cs_rank(ts_z(cl,5)),20),div(uplim,ts_max(ts_z(vwapc,5),5))),mul(uplim,ts_min(cs_rank(ts_z(cumr,10)),20)))",17,-1.0,-0.029368626071070474,-0.7090487688342623,-6.892446120355763,4,-0.04153873560723269,-0.016449260225412078,-0.030692577115260064,-0.03864273056387901,-0.02007422513908527,-3.7290406127363176,0.9960182429625751,"passed, not chosen (corr / cap)"
211,"mul(mul(ts_min(cs_rank(ts_z(cl,5)),20),ts_max(ts_z(vwapc,5),5)),mul(uplim,ts_min(cs_rank(ts_z(cumr,10)),20)))",15,-1.0,-0.029372409023715972,-0.7091606316062838,-6.892176569129209,4,-0.0415377197433762,-0.01645621346184411,-0.030697841471992435,-0.03864273056387901,-0.020038233655341492,-3.707935446160341,0.9960182429625751,"passed, not chosen (corr / cap)"
386,"mul(mul(uplim,ts_max(ts_z(vwapc,5),5)),div(uplim,ts_min(cs_rank(ts_z(iret,20)),60)))",12,-1.0,-0.028326257286620245,-0.673634759696715,-6.876748419681781,4,-0.038141819121341944,-0.01682037069215713,-0.03101775797083974,-0.03885115683078766,-0.01774491382369386,-3.533771252520371,0.9673123211125589,"passed, not chosen (corr / cap)"
385,"mul(div(uplim,ts_max(ts_z(vwapc,5),5)),div(uplim,ts_min(cs_rank(ts_z(iret,20)),60)))",12,-1.0,-0.028328069399600392,-0.6736823328048888,-6.876185739832327,4,-0.03814313290705387,-0.016820602865396616,-0.03102166635915637,-0.03885115683078766,-0.017850457303274166,-3.6083902159286243,0.9673123211125589,"passed, not chosen (corr / cap)"
327,"mul(mul(ts_min(cs_rank(ts_z(lcap,20)),20),uplim),ts_max(ts_z(vwapc,5),5))",10,-1.0,-0.028320990722836302,-0.6694105519100259,-6.870856553762388,4,-0.03896982847375815,-0.017777582617082562,-0.02884630973487362,-0.03864273056387901,-0.01952294807006981,-3.5426780960486783,0.9961092870677539,"passed, not chosen (corr / cap)"
388,"mul(mul(uplim,ts_min(cs_rank(ts_z(lcap,20)),20)),sign(ts_max(ts_z(vwapc,5),5)))",11,-1.0,-0.02832277665028845,-0.6694567764690301,-6.870822601330607,4,-0.03897063561998948,-0.017780124715780124,-0.028848280888233407,-0.03864273056387901,-0.019568676367941264,-3.571545479599044,0.9961092870677539,"passed, not chosen (corr / cap)"
296,"mul(ts_min(cs_rank(ts_z(iret,20)),60),div(uplim,ts_max(ts_z(vwapc,5),5)))",10,-1.0,-0.02829485452063952,-0.6733861006944585,-6.862288862531171,4,-0.038178671737356736,-0.016779244379779578,-0.03093847742769867,-0.038638051599264145,-0.01793922107979848,-3.7076169552641614,0.9880618417084426,"passed, not chosen (corr / cap)"
328,"mul(ts_min(ts_min(cs_rank(ts_z(cumr,40)),20),20),mul(ts_max(ts_delay(vwapc,3),5),div(uplim,ts_max(ts_z(vwapc,5),5))))",15,-1.0,-0.028797252534188314,-0.6891683884466833,-6.861472557834873,4,-0.03846975894921343,-0.016937196206406883,-0.03144709874108872,-0.03861276060342789,-0.01882548955587768,-2.889269062010793,0.9915144048845163,"passed, not chosen (corr / cap)"
355,"mul(mul(ts_min(cs_rank(iret),60),div(uplim,ts_max(ts_z(vwapc,5),5))),mul(uplim,ts_min(cs_rank(ts_z(cl,5)),60)))",16,-1.0,-0.02832773527228022,-0.6926214013485613,-6.851869745892151,4,-0.04040643176615603,-0.01502447500003173,-0.030578453649068253,-0.038638051599264145,-0.019490018105052673,-4.110149392326246,0.9880604191442992,"passed, not chosen (corr / cap)"
331,"mul(mul(uplim,ts_min(cs_rank(ts_z(cl,5)),20)),mul(ts_min(cs_rank(iret),60),div(uplim,ts_max(ts_z(vwapc,5),5))))",16,-1.0,-0.028385979061076306,-0.6928916076847059,-6.8471442993774625,4,-0.040405842036504866,-0.015041458920356543,-0.030734074216452426,-0.038638051599264145,-0.019668168402603714,-4.370806799026279,0.9873818560478892,"passed, not chosen (corr / cap)"
383,"mul(div(uplim,ts_min(cs_rank(ts_z(cumr,40)),20)),div(uplim,ts_min(cs_rank(ts_z(iret,20)),60)))",13,-1.0,-0.02875842316828075,-0.6780104580350301,-6.835176037016179,4,-0.04116612264511382,-0.01736104476959536,-0.029020398451319457,-0.038841456174850464,-0.02301485693539705,-3.609714637439292,0.9638398420384775,"passed, not chosen (corr / cap)"
240,"mul(div(uplim,ts_max(ts_delay(lprice,60),3)),div(ts_min(cs_rank(ts_z(cl,5)),20),ts_max(ts_z(vwapc,5),5)))",14,-1.0,-0.02886559875841592,-0.6969536428309291,-6.824607099497115,4,-0.041538463407570295,-0.016726421321016878,-0.02887520125117518,-0.03864273056387901,-0.01846943367553618,-3.666195115574517,0.9949541649832991,"passed, not chosen (corr / cap)"
254,"mul(mul(lmoney,ts_min(cs_rank(ts_z(cl,5)),20)),mul(mul(uplim,ts_min(cs_rank(iret),60)),ts_min(cs_rank(ts_z(cumr,40)),20)))",17,-1.0,-0.029140902279248954,-0.7063345686593553,-6.820691219858525,4,-0.04335280850595471,-0.016625327028461968,-0.028631708443364396,-0.038638051599264145,-0.024902428146950633,-4.115602167909559,0.987428800664622,"passed, not chosen (corr / cap)"
375,"mul(mul(ts_min(cs_rank(ts_z(cl,5)),20),div(uplim,ts_max(ts_z(vwapc,5),5))),div(uplim,ts_min(cs_rank(ts_z(iret,20)),60)))",17,-1.0,-0.028801239155629994,-0.6950618659399155,-6.8199571460458435,4,-0.04029333770383594,-0.016831337179824272,-0.030696494095027445,-0.03885115683078766,-0.017943153428796935,-3.6680872565702676,0.9666792800687383,"passed, not chosen (corr / cap)"
284,"mul(mul(ts_min(cs_rank(ts_z(cl,5)),20),ts_max(ts_z(vwapc,5),5)),div(uplim,ts_min(cs_rank(ts_z(iret,20)),60)))",15,-1.0,-0.028802418924448694,-0.695054394915676,-6.819264604029312,4,-0.04029333770383594,-0.016830350562254442,-0.03070094536989927,-0.03885115683078766,-0.01786791696815334,-3.6148730424768063,0.9666792800687383,"passed, not chosen (corr / cap)"
380,"mul(mul(ts_min(cs_rank(ts_z(cl,5)),20),div(uplim,ts_max(ts_z(vwapc,5),5))),mul(uplim,ts_min(cs_rank(ts_z(iret,20)),60)))",17,-1.0,-0.02876608252919228,-0.6946232218819296,-6.806478015193139,4,-0.040329646833759565,-0.016792682152442343,-0.03060557494405657,-0.038638051599264145,-0.017984463943666297,-3.736939431544045,0.9873818560478892,"passed, not chosen (corr / cap)"
210,"mul(ts_min(ts_min(cs_rank(ts_z(cumr,20)),20),20),div(uplim,ts_min(cs_rank(ts_z(cl,5)),20)))",12,-1.0,-0.029250201673959288,-0.6981124831800737,-6.77590593703903,4,-0.04284534983768632,-0.01844221897996389,-0.027254362991079688,-0.03849012404680252,-0.02288375146229539,-3.5374079290277303,0.9845950528909349,"passed, not chosen (corr / cap)"
231,"mul(ts_min(cs_rank(ts_z(iret,20)),60),div(uplim,ts_min(cs_rank(ts_z(cumr,40)),60)))",11,-1.0,-0.02917085781578638,-0.6875791146376239,-6.748367368724983,4,-0.04259955597420533,-0.01732924893754078,-0.028972013378325775,-0.03854487091302872,-0.024325416356857334,-3.805598910579265,0.9769843347236526,"passed, not chosen (corr / cap)"
363,"mul(ts_min(cs_rank(ts_z(cumr,10)),60),mul(uplim,sub(ts_max(ts_z(vwapc,5),5),cl)))",12,-1.0,-0.02830033675548437,-0.6756084943406123,-6.747728128528433,4,-0.03944811198922178,-0.016759137545401852,-0.028928228096999957,-0.038638051599264145,-0.02133882607657662,-4.208905269962785,0.988056151451869,"passed, not chosen (corr / cap)"
394,"mul(mul(ts_min(cs_rank(ts_z(cl,5)),20),div(uplim,ts_max(ts_max(iret,5),5))),mul(uplim,ts_min(cs_rank(ts_z(cumr,20)),20)))",17,-1.0,-0.028991333418101724,-0.6932221392318326,-6.7378587506602745,4,-0.04286197530079031,-0.01778347380548859,-0.027137473481707274,-0.03870221972465515,-0.0235662487531571,-3.6309801651916205,0.9942983629131837,"passed, not chosen (corr / cap)"
212,"mul(ts_min(cs_rank(ts_z(cumr,20)),20),mul(uplim,ts_min(cs_rank(ts_z(cl,5)),20)))",11,-1.0,-0.028990290509513735,-0.6931104032289015,-6.7351521886477395,4,-0.04286573147995417,-0.017778097692196473,-0.02713749890681356,-0.03864273056387901,-0.02354813925921917,-3.620767593119372,0.9961604993769169,"passed, not chosen (corr / cap)"
213,"mul(mul(ts_min(cs_rank(ts_z(cl,5)),20),uplim),ts_min(cs_rank(ts_z(cumr,20)),20))",11,-1.0,-0.028990290509513735,-0.6931104032289015,-6.7351521886477395,4,-0.04286573147995417,-0.017778097692196473,-0.02713749890681356,-0.03864273056387901,-0.02354813925921917,-3.620767593119372,0.9961604993769169,"passed, not chosen (corr / cap)"
214,"mul(ts_min(cs_rank(ts_z(cl,5)),20),mul(uplim,ts_min(cs_rank(ts_z(cumr,20)),20)))",11,-1.0,-0.028990290509513735,-0.6931104032289015,-6.7351521886477395,4,-0.04286573147995417,-0.017778097692196473,-0.02713749890681356,-0.03864273056387901,-0.02354813925921917,-3.620767593119372,0.9961604993769169,"passed, not chosen (corr / cap)"
215,"mul(mul(uplim,ts_min(cs_rank(ts_z(cl,5)),20)),ts_min(cs_rank(ts_z(cumr,20)),20))",11,-1.0,-0.028990290509513735,-0.6931104032289015,-6.7351521886477395,4,-0.04286573147995417,-0.017778097692196473,-0.02713749890681356,-0.03864273056387901,-0.02354813925921917,-3.620767593119372,0.9961604993769169,"passed, not chosen (corr / cap)"
226,"mul(ts_min(cs_rank(cs_rank(ts_z(cl,5))),20),mul(uplim,ts_min(cs_rank(ts_z(cumr,20)),20)))",12,-1.0,-0.028990290509513735,-0.6931104032289015,-6.7351521886477395,4,-0.04286573147995417,-0.017778097692196473,-0.02713749890681356,-0.03864273056387901,-0.02354813925921917,-3.620767593119372,0.9961604993769169,"passed, not chosen (corr / cap)"
395,"mul(mul(ts_min(cs_rank(ts_z(cl,5)),20),sub(mul(cl,oret),lcap)),mul(uplim,ts_min(cs_rank(ts_z(cumr,20)),20)))",17,1.0,0.028991041777290047,0.693138718397448,6.735013782190559,4,0.042864799062347934,0.017777559898184754,0.02714122208766639,0.03864273428916931,0.023572187862571394,3.633621752810801,0.9961604993769169,"passed, not chosen (corr / cap)"
237,"mul(mul(lmoney,ts_min(cs_rank(ts_z(cl,5)),20)),mul(uplim,ts_min(cs_rank(ts_z(cumr,20)),20)))",13,-1.0,-0.02899062775930433,-0.6931105196397962,-6.734996630523873,4,-0.042866792411587085,-0.017778097692196473,-0.02713749890681356,-0.03864273056387901,-0.02354751845919772,-3.6204284364643193,0.9961604993769169,"passed, not chosen (corr / cap)"
397,"mul(mul(ts_min(cs_rank(ts_z(cl,5)),20),div(uplim,ts_max(ts_max(vwapc,5),5))),mul(uplim,ts_min(cs_rank(ts_z(cumr,20)),20)))",17,-1.0,-0.02898795769140525,-0.6930903918598722,-6.734771164938601,4,-0.042866178592400196,-0.017775622523353938,-0.027132598743773998,-0.03864273056387901,-0.02236871266933648,-3.199830510500266,0.9960907937338894,"passed, not chosen (corr / cap)"
300,"mul(ts_min(cs_rank(ts_z(cumr,40)),60),mul(ts_min(cs_rank(ts_z(cl,5)),20),div(uplim,ts_max(ts_z(vwapc,5),5))))",15,-1.0,-0.028980651187400022,-0.6927930596468631,-6.731996075183625,4,-0.04114152136645181,-0.01587940228413432,-0.030981584070250392,-0.038638051599264145,-0.020429022608108686,-3.8223534042235676,0.9873647852781682,"passed, not chosen (corr / cap)"
333,"mul(ts_min(cs_rank(cs_rank(ts_z(cumr,40))),60),mul(ts_min(cs_rank(ts_z(cl,5)),20),div(uplim,ts_max(ts_z(vwapc,5),5))))",16,-1.0,-0.028980651187400022,-0.6927930596468631,-6.731996075183625,4,-0.04114152136645181,-0.01587940228413432,-0.030981584070250392,-0.038638051599264145,-0.020429022608108686,-3.8223534042235676,0.9873647852781682,"passed, not chosen (corr / cap)"
378,"mul(uplim,mul(mul(uplim,ts_min(cs_rank(lmoney),20)),sub(ts_max(ts_z(vwapc,5),5),cl)))",13,-1.0,-0.028071675897129018,-0.6785885141942414,-6.730548308647631,4,-0.03947453392857842,-0.01655861115831809,-0.028421777925983657,-0.03864273056387901,-0.01922714930471306,-4.125265968070228,0.9961092870677539,"passed, not chosen (corr / cap)"
710,"mul(mul(ts_rank(sub(lprice,cumr),3),mul(uplim,ts_rank(sub(ret,cumr),10))),ts_rank(ts_decay(ts_delta(lprice,10),3),10))",16,-1.0,-0.03259321454494153,-0.8156614452410715,-6.722631423669409,4,-0.047220576155398576,-0.016962807729764474,-0.03712620714898495,-0.03862130269408226,-0.020150282309346255,-3.5924213359233272,0.9997709671729098,"passed, not chosen (corr / cap)"
219,"mul(ts_min(cs_rank(ts_z(cl,5)),20),div(uplim,ts_min(cs_rank(ts_z(cumr,20)),20)))",11,-1.0,-0.029002398255956515,-0.6925948067831547,-6.7193056433839375,4,-0.0429176073242464,-0.0177152266797538,-0.02718870893120766,-0.0386897511780262,-0.023696540107362364,-3.692685582938437,0.9912370048765499,"passed, not chosen (corr / cap)"
249,"mul(sub(ts_max(ts_z(vwapc,5),5),cl),mul(uplim,ts_min(cs_rank(ts_z(cl,5)),60)))",12,-1.0,-0.02831855737588883,-0.6875190813821541,-6.690530050006622,4,-0.041438383304921445,-0.015089811215427918,-0.02925627622935994,-0.038638051599264145,-0.02048570454594326,-3.9656041502778083,0.9880604191442992,"passed, not chosen (corr / cap)"
317,"mul(mul(ts_min(cs_rank(ts_z(cl,5)),20),div(ts_min(cs_rank(lmoney),20),ts_max(ts_z(vwapc,5),5))),div(uplim,ts_min(ts_z(cl,5),60)))",18,1.0,0.02891487234577653,0.7039552739548015,6.682107931988758,4,0.04147812336047233,0.015615357729770681,0.03022509904112667,0.03864273428916931,0.018091746672169017,3.5742535359222867,0.9960922162980329,"passed, not chosen (corr / cap)"
274,"mul(mul(ts_min(cs_rank(ts_z(cl,5)),20),div(ts_min(cs_rank(lmoney),20),ts_max(ts_z(vwapc,5),5))),div(uplim,ts_min(lprice,60)))",17,-1.0,-0.028914648403345684,-0.7039781895697468,-6.680433644946662,4,-0.041478123497199704,-0.015616080226084473,-0.030223690210841595,-0.03864273056387901,-0.018080475846514236,-3.5695656189697558,0.9960964839904631,"passed, not chosen (corr / cap)"
309,"mul(ts_min(cs_rank(ts_z(cl,5)),20),div(mul(add(turn,oret),uplim),ts_max(ts_z(vwapc,5),5)))",14,-1.0,-0.028525690256563912,-0.6884018849705278,-6.643474135903513,4,-0.041544618941065425,-0.015341253331774529,-0.029520408122562895,-0.03864273056387901,-0.017848692097749305,-3.6585077419008107,0.9961092870677539,"passed, not chosen (corr / cap)"
208,"mul(ts_min(ts_min(cs_rank(ts_z(cl,5)),20),20),mul(ts_max(ts_delay(vwapc,3),5),div(uplim,ts_max(ts_z(vwapc,5),5))))",15,-1.0,-0.02903864881742478,-0.7141558119905349,-6.635442769952193,4,-0.041525437252338246,-0.01541325243910388,-0.031013536326331543,-0.03861276060342789,-0.01832681050692717,-3.2302654614925395,0.9915400110390977,"passed, not chosen (corr / cap)"
222,"mul(ts_min(ts_min(cs_rank(ts_z(cl,5)),20),20),mul(mul(uplim,ts_max(ts_delay(vwapc,3),5)),div(uplim,ts_max(ts_z(vwapc,5),5))))",17,-1.0,-0.02903864881742478,-0.7141558119905349,-6.635442769952193,4,-0.041525437252338246,-0.01541325243910388,-0.031013536326331543,-0.03861276060342789,-0.01832681050692717,-3.2302654614925395,0.9915400110390977,"passed, not chosen (corr / cap)"
369,"mul(mul(ts_min(cs_rank(ts_z(cl,5)),20),div(uplim,ts_max(ts_z(vwapc,5),5))),mul(uplim,ts_min(cs_rank(ts_max(lmoney,5)),20)))",17,-1.0,-0.028748573209062062,-0.6955008888748544,-6.628560295333863,4,-0.041541296281472885,-0.015341712157505582,-0.03022509416565299,-0.03864273056387901,-0.01833943190285936,-3.5807388448008153,0.9961092870677539,"passed, not chosen (corr / cap)"
204,"mul(ts_min(cs_rank(ts_z(cl,5)),20),mul(ts_max(ts_delay(vwapc,3),5),div(uplim,ts_max(ts_z(vwapc,5),5))))",14,-1.0,-0.029028718304064793,-0.7124459769444963,-6.618836406318021,4,-0.041540390351693365,-0.015343181608807085,-0.03104141442671272,-0.03864273056387901,-0.018069086188916117,-2.926862505149744,0.9961007516828934,"passed, not chosen (corr / cap)"
220,"mul(mul(ts_min(cs_rank(ts_z(cl,5)),20),div(uplim,ts_max(ts_z(vwapc,5),5))),mul(uplim,ts_max(ts_delay(vwapc,3),5)))",16,-1.0,-0.029028718304064793,-0.7124459769444963,-6.618836406318021,4,-0.041540390351693365,-0.015343181608807085,-0.03104141442671272,-0.03864273056387901,-0.018069086188916117,-2.926862505149744,0.9961007516828934,"passed, not chosen (corr / cap)"
205,"mul(mul(ts_min(cs_rank(ts_z(cl,5)),20),ts_max(ts_z(vwapc,5),5)),mul(uplim,ts_max(ts_delay(vwapc,3),5)))",14,-1.0,-0.02903161610216061,-0.7124258317625931,-6.618518249488712,4,-0.041536146827898586,-0.01534748844855096,-0.031049766016247517,-0.03864273056387901,-0.017977046517350166,-2.879332414374402,0.9961007516828934,"passed, not chosen (corr / cap)"
361,"mul(ts_delay(cs_rank(turn),60),mul(uplim,sub(ts_max(ts_z(vwapc,5),5),cl)))",11,-1.0,-0.028222780944049067,-0.6718042405119883,-6.60452579877042,4,-0.040778751033643375,-0.016551828920366427,-0.027636322000314698,-0.03869466483592987,-0.020363966374385076,-3.9712746320844254,0.9766599900989535,"passed, not chosen (corr / cap)"
81,"mul(mul(uplim,cs_rank(div(div(uplim,lcap),ts_delay(ret,60)))),cs_rank(div(ts_max(uplim,10),ts_delta(ret,60))))",16,-1.0,-0.030139098084113705,-0.7113770397127145,-6.602641920183298,4,-0.04251882045842804,-0.02280856882088243,-0.025318575370143735,-0.038673680275678635,-0.02091553731906143,-3.3896697577574475,0.9477435287557116,"passed, not chosen (corr / cap)"
243,"mul(ts_min(cs_rank(ts_z(cumr,20)),20),mul(uplim,ts_max(ts_delay(vwapc,3),5)))",10,-1.0,-0.028570698664207514,-0.6806139048497806,-6.595748123714538,4,-0.04083546925866525,-0.01777947587050641,-0.027592224041547847,-0.03864273056387901,-0.023002291694610266,-3.0464057637898603,0.9961149773243275,"passed, not chosen (corr / cap)"
339,"mul(ts_min(cs_rank(ts_z(cumr,20)),20),mul(ts_max(ts_delay(vwapc,3),5),div(uplim,ts_min(ch,60))))",13,1.0,0.02857168652782075,0.6806313949987177,6.595456620323525,4,0.040835469181747984,0.017779061190175034,0.027595610444561814,0.03864273428916931,0.023039064337417745,3.0635089615315167,0.9961035968111802,"passed, not chosen (corr / cap)"
1,"mul(mul(uplim,div(sub(cumr,uplim),ts_min(oret,20))),cs_rank(div(div(uplim,lcap),ts_delay(ret,60))))",16,-1.0,-0.03128742813854319,-0.7417077039524189,-6.577285498635308,4,-0.04466580640481603,-0.02303066224097468,-0.026847273134169916,-0.03865469619631767,-0.02102544218809767,-3.458203889714084,0.9475159184927648,"passed, not chosen (corr / cap)"
2,"mul(mul(uplim,div(sub(cumr,cs_rank(uplim)),ts_min(oret,20))),cs_rank(div(div(uplim,lcap),ts_delay(ret,60))))",17,-1.0,-0.03128742813854319,-0.7417077039524189,-6.577285498635308,4,-0.04466580640481603,-0.02303066224097468,-0.026847273134169916,-0.03865469619631767,-0.02102171578021212,-3.4561632188997797,0.9475159184927648,"passed, not chosen (corr / cap)"
735,"mul(mul(ts_rank(sub(lprice,cumr),3),mul(uplim,ts_rank(sub(ret,cumr),10))),ts_rank(ts_rank(sub(lprice,cumr),3),3))",17,-1.0,-0.0319688449584097,-0.8128734852435514,-6.5718406748941565,4,-0.047350240031708825,-0.01755283325030355,-0.03444684447059708,-0.03862130269408226,-0.015586292592897302,-2.262042278449182,0.9999317169211159,"passed, not chosen (corr / cap)"
387,"mul(cs_rank(mul(uplim,ts_min(ts_z(iret,20),60))),mul(uplim,ts_min(cs_rank(ts_z(cl,5)),20)))",13,-1.0,-0.028462538053524136,-0.6775992999465844,-6.565636286690822,4,-0.042798022304425025,-0.017212682417056594,-0.026483428869396447,-0.03864273056387901,-0.021997007605587614,-3.5115723749216023,0.9961178224526144,"passed, not chosen (corr / cap)"
329,"mul(mul(uplim,ts_min(cs_rank(ts_z(iret,20)),20)),sign(ts_max(ts_z(vwapc,5),5)))",11,-1.0,-0.02850127832537397,-0.6730633935613374,-6.561054265023486,4,-0.03937521749440395,-0.0177818296629434,-0.028784550069009558,-0.03864273056387901,-0.01827194091486584,-3.5593459762723993,0.9961092870677539,"passed, not chosen (corr / cap)"
297,"mul(mul(ts_min(cs_rank(ts_z(iret,20)),20),ts_max(ts_z(vwapc,5),5)),uplim)",10,-1.0,-0.028498881032587305,-0.6730021716343009,-6.560190593424454,4,-0.03937543933924254,-0.01778142831664389,-0.02877755426144337,-0.03864273056387901,-0.018205971210183382,-3.5151797308371933,0.9961092870677539,"passed, not chosen (corr / cap)"
398,"mul(mul(uplim,ts_min(cs_rank(ts_z(cl,5)),20)),ts_min(cs_rank(ts_z(slog(ch),20)),20))",12,-1.0,-0.028240601578659905,-0.6730010425037437,-6.545788339690467,4,-0.04230795104209998,-0.016725939855230257,-0.026503151706419883,-0.03864273056387901,-0.022219673248714412,-3.5875614430995033,0.9961604993769169,"passed, not chosen (corr / cap)"
260,"mul(ts_min(div(lmoney,oret),20),mul(ts_max(ts_delay(vwapc,3),5),div(uplim,ts_max(ts_z(vwapc,5),5))))",14,1.0,0.029182087106164545,0.6928874868792705,6.519797194747675,4,0.04264377960530312,0.01663744652372164,0.028640883188378416,0.04077078774571419,0.018091224774252623,3.0241132131118467,0.9005556535544188,"passed, not chosen (corr / cap)"
229,"mul(ts_min(cs_rank(ts_z(cl,5)),40),div(uplim,ts_min(cs_rank(ts_z(cumr,20)),20)))",11,-1.0,-0.028772752670920453,-0.6876870244658524,-6.488581857065243,4,-0.04290384060065359,-0.016897424879739536,-0.027122002779506146,-0.03865974396467209,-0.02275531111987667,-3.507765747140631,0.9866663062837503,"passed, not chosen (corr / cap)"
307,"mul(ts_min(cs_rank(cs_rank(ts_z(cumr,20))),60),div(uplim,ts_min(cs_rank(ts_z(cl,5)),20)))",12,-1.0,-0.028624524185795815,-0.680488982529157,-6.4839145959009485,4,-0.04251354509007955,-0.017299282364547253,-0.027200554911978543,-0.0385153591632843,-0.02411567687938389,-3.6780451599345416,0.9805649286726339,"passed, not chosen (corr / cap)"
308,"mul(ts_min(abs(cs_rank(ts_z(cumr,20))),60),div(uplim,ts_min(cs_rank(ts_z(cl,5)),20)))",12,-1.0,-0.028624524185795815,-0.680488982529157,-6.4839145959009485,4,-0.04251354509007955,-0.017299282364547253,-0.027200554911978543,-0.0385153591632843,-0.02411567687938389,-3.6780451599345416,0.9805649286726339,"passed, not chosen (corr / cap)"
321,"mul(ts_min(ts_min(cs_rank(ts_z(cl,5)),20),20),mul(uplim,ts_min(cs_rank(ts_z(cumr,20)),60)))",12,-1.0,-0.028532440640815736,-0.679029674421636,-6.482676065093278,4,-0.04250075497143173,-0.017222024080361806,-0.02701610412914306,-0.038638051599264145,-0.023819231440679038,-3.5522405319371053,0.9866250519235913,"passed, not chosen (corr / cap)"
276,"mul(mul(uplim,ts_min(cs_rank(ts_z(cumr,20)),60)),ts_min(cs_rank(ts_z(cl,5)),20))",11,-1.0,-0.028595135049309228,-0.6796431276051553,-6.480073291704611,4,-0.04250812800297433,-0.017229517033853222,-0.02718725357670337,-0.038638051599264145,-0.024333236219328164,-3.7697807960929812,0.987428800664622,"passed, not chosen (corr / cap)"
277,"mul(ts_min(cs_rank(ts_z(cl,5)),20),mul(uplim,ts_min(cs_rank(ts_z(cumr,20)),60)))",11,-1.0,-0.028595135049309228,-0.6796431276051553,-6.480073291704611,4,-0.04250812800297433,-0.017229517033853222,-0.02718725357670337,-0.038638051599264145,-0.024333236219328164,-3.7697807960929812,0.987428800664622,"passed, not chosen (corr / cap)"
364,"mul(mul(uplim,ts_min(cs_rank(ts_z(cumr,20)),60)),mul(uplim,ts_min(cs_rank(ts_z(cl,5)),20)))",13,-1.0,-0.028595135049309228,-0.6796431276051553,-6.480073291704611,4,-0.04250812800297433,-0.017229517033853222,-0.02718725357670337,-0.038638051599264145,-0.024333236219328164,-3.7697807960929812,0.987428800664622,"passed, not chosen (corr / cap)"
365,"mul(mul(uplim,ts_min(cs_rank(ts_z(cl,5)),20)),mul(uplim,ts_min(cs_rank(ts_z(cumr,20)),60)))",13,-1.0,-0.028595135049309228,-0.6796431276051553,-6.480073291704611,4,-0.04250812800297433,-0.017229517033853222,-0.02718725357670337,-0.038638051599264145,-0.024333236219328164,-3.7697807960929812,0.987428800664622,"passed, not chosen (corr / cap)"
366,"mul(mul(ts_min(cs_rank(ts_z(cl,5)),20),uplim),mul(uplim,ts_min(cs_rank(ts_z(cumr,20)),60)))",13,-1.0,-0.028595135049309228,-0.6796431276051553,-6.480073291704611,4,-0.04250812800297433,-0.017229517033853222,-0.02718725357670337,-0.038638051599264145,-0.024333236219328164,-3.7697807960929812,0.987428800664622,"passed, not chosen (corr / cap)"
319,"mul(ts_min(ts_min(cs_rank(ts_z(cl,5)),20),40),mul(uplim,ts_min(cs_rank(ts_z(cumr,20)),60)))",12,-1.0,-0.02853903115445408,-0.679252332663542,-6.479709512896952,4,-0.04251303944012919,-0.017224522207078395,-0.027021762249059975,-0.038638051599264145,-0.024161980491563945,-3.566559619686653,0.9865340078184125,"passed, not chosen (corr / cap)"
370,"mul(mul(uplim,ts_min(cs_rank(ts_z(cumr,20)),60)),mul(uplim,ts_min(cs_rank(ts_z(cl,5)),60)))",13,-1.0,-0.028545882948123647,-0.6795021885105537,-6.479110953445519,4,-0.04251023811799393,-0.017219319515039817,-0.02704992752056569,-0.038638051599264145,-0.02415732143396911,-3.5673790957530183,0.9881059411968885,"passed, not chosen (corr / cap)"
371,"mul(mul(uplim,ts_min(cs_rank(ts_z(cl,5)),60)),mul(uplim,ts_min(cs_rank(ts_z(cumr,20)),60)))",13,-1.0,-0.028545882948123647,-0.6795021885105537,-6.479110953445519,4,-0.04251023811799393,-0.017219319515039817,-0.02704992752056569,-0.038638051599264145,-0.02415732143396911,-3.5673790957530183,0.9881059411968885,"passed, not chosen (corr / cap)"
330,"mul(ts_min(ts_min(cs_rank(ts_z(cl,5)),60),20),mul(uplim,ts_min(cs_rank(ts_z(cumr,20)),60)))",12,-1.0,-0.02840984401661223,-0.677062385133195,-6.478813021804886,4,-0.042480215101259884,-0.016828522805179304,-0.027072609392926095,-0.038681887090206146,-0.023408032619309696,-3.5157966081994694,0.9835622713228139,"passed, not chosen (corr / cap)"
318,"mul(mul(uplim,ts_min(cs_rank(ts_z(cl,5)),20)),sign(ts_min(cs_rank(ts_z(cumr,20)),60)))",12,-1.0,-0.028602464507629693,-0.6797676735776245,-6.4782631162728705,4,-0.042512898966062654,-0.01723146718680201,-0.027202570331282913,-0.038638051599264145,-0.0244319230176708,-3.818277831942621,0.987428800664622,"passed, not chosen (corr / cap)"
270,"mul(ts_min(cs_rank(ts_z(cl,5)),60),div(uplim,ts_min(cs_rank(ts_z(cumr,20)),60)))",11,-1.0,-0.0286152002363697,-0.6803966793839846,-6.476384510755265,4,-0.04262600875422915,-0.017210247905870134,-0.027159532941877843,-0.03855394199490547,-0.024303444436684783,-3.6392934766048994,0.9726568945993774,"passed, not chosen (corr / cap)"
268,"mul(ts_min(cs_rank(ts_z(cl,5)),20),div(uplim,ts_min(cs_rank(ts_z(cumr,20)),60)))",11,-1.0,-0.028673725206120965,-0.6806708177931489,-6.476172729737994,4,-0.04262836340089764,-0.017220311489997104,-0.027320335721597075,-0.03855394199490547,-0.024505355736307268,-3.849219229516327,0.9719954022726884,"passed, not chosen (corr / cap)"
305,"mul(ts_min(cs_rank(ts_z(cl,5)),20),div(sign(uplim),ts_min(cs_rank(ts_z(cumr,20)),60)))",12,-1.0,-0.028673725206120965,-0.6806708177931489,-6.476172729737994,4,-0.04262836340089764,-0.017220311489997104,-0.027320335721597075,-0.03855394199490547,-0.024505355736307268,-3.849219229516327,0.9719954022726884,"passed, not chosen (corr / cap)"
362,"mul(mul(uplim,ts_min(cs_rank(ts_z(cl,5)),20)),mul(ts_min(cs_rank(lmoney),60),div(uplim,ts_max(ts_z(vwapc,5),5))))",16,-1.0,-0.02843268391704757,-0.6918621501232647,-6.464729537494925,4,-0.04080925327527555,-0.014458141144726197,-0.030289653283543886,-0.038638051599264145,-0.01750325658639636,-3.53232387976473,0.9873818560478892,"passed, not chosen (corr / cap)"
258,"mul(ts_min(cs_rank(ts_z(cl,5)),60),mul(uplim,ts_min(cs_rank(ts_z(cumr,20)),20)))",11,-1.0,-0.028536361365207166,-0.6811704162541607,-6.458973613542972,4,-0.042791306919249844,-0.016669882084790838,-0.02703848760575056,-0.038638051599264145,-0.022930344170482272,-3.4573577345721622,0.9874259555363352,"passed, not chosen (corr / cap)"
298,"mul(ts_min(ts_min(cs_rank(ts_z(cl,5)),20),40),mul(uplim,ts_min(cs_rank(ts_z(cumr,20)),20)))",12,-1.0,-0.028532943687942378,-0.6810154943296559,-6.458460752420357,4,-0.0427986786990585,-0.016670145502989637,-0.027021104767918587,-0.038638051599264145,-0.022937828515607276,-3.456257761944639,0.9865425432032731,"passed, not chosen (corr / cap)"
314,"mul(ts_min(cs_rank(ts_z(iret,20)),20),mul(uplim,ts_max(ts_delay(vwapc,3),5)))",10,-1.0,-0.028419325536269514,-0.6718590880859355,-6.452363019584638,4,-0.041019401642076944,-0.01778513754162794,-0.02695561262468497,-0.03864273056387901,-0.0216553192826566,-3.028556813302335,0.9961149773243275,"passed, not chosen (corr / cap)"
320,"mul(mul(ts_min(cs_rank(ts_z(cl,5)),60),div(cs_rank(sub(turn,cl)),ts_max(ts_z(vwapc,3),5))),mul(uplim,ts_min(cs_rank(ts_z(cumr,20)),60)))",20,-1.0,-0.02957908960765806,-0.7113342887008892,-6.435486126366811,4,-0.04398727362833755,-0.015937580480240285,-0.02979242355407526,-0.038638051599264145,-0.023502820158236713,-3.4118303348831103,0.9880433483745782,"passed, not chosen (corr / cap)"
289,"mul(ts_min(ts_min(cs_rank(ts_z(cl,5)),20),20),mul(uplim,ts_max(ts_z(vwapc,5),5)))",11,-1.0,-0.028332343265441075,-0.6781749763281945,-6.408307783895879,4,-0.041518499070216604,-0.015415684526505054,-0.028884909175080704,-0.03861276060342789,-0.017441826272386544,-3.3644481506512127,0.9915485464239583,"passed, not chosen (corr / cap)"
288,"mul(ts_min(ts_min(cs_rank(ts_z(cl,5)),20),20),div(uplim,ts_max(ts_z(vwapc,5),5)))",11,-1.0,-0.028331917802969148,-0.6782211684026072,-6.40803928333818,4,-0.04152882185200947,-0.015410113776594682,-0.028879495689134095,-0.03861276060342789,-0.017525350909824645,-3.4221177201724315,0.9915485464239583,"passed, not chosen (corr / cap)"
303,"mul(mul(uplim,ts_min(cs_rank(ts_z(cl,5)),20)),sign(ts_max(ts_z(vwapc,5),5)))",11,-1.0,-0.028321335991996103,-0.6765941635802595,-6.395769225911084,4,-0.04154040202648707,-0.015346511104583458,-0.028901925967896685,-0.03864273056387901,-0.01844215464722044,-3.6491917477358564,0.9961092870677539,"passed, not chosen (corr / cap)"
344,"mul(mul(uplim,ts_min(cs_rank(ts_z(cl,5)),20)),sign(sign(ts_max(ts_z(vwapc,5),5))))",12,-1.0,-0.028321335991996103,-0.6765941635802595,-6.395769225911084,4,-0.04154040202648707,-0.015346511104583458,-0.028901925967896685,-0.03864273056387901,-0.01844215464722044,-3.6491917477358564,0.9961092870677539,"passed, not chosen (corr / cap)"
345,"mul(mul(ts_min(cs_rank(ts_z(cl,5)),20),uplim),sign(sign(ts_max(ts_z(vwapc,5),5))))",12,-1.0,-0.028321335991996103,-0.6765941635802595,-6.395769225911084,4,-0.04154040202648707,-0.015346511104583458,-0.028901925967896685,-0.03864273056387901,-0.01844215464722044,-3.6491917477358564,0.9961092870677539,"passed, not chosen (corr / cap)"
356,"mul(mul(uplim,div(turn,ts_max(ts_z(vwapc,5),5))),ts_min(cs_rank(ts_z(cl,5)),20))",12,-1.0,-0.028311989156995346,-0.676357631660472,-6.395655002215362,4,-0.0415360452567182,-0.015344309036286091,-0.028880176531589207,-0.03864273056387901,-0.01834477409760564,-3.5829128217765,0.9961092870677539,"passed, not chosen (corr / cap)"
357,"mul(div(turn,ts_max(ts_z(vwapc,5),5)),mul(uplim,ts_min(cs_rank(ts_z(cl,5)),20)))",12,-1.0,-0.028311989156995346,-0.676357631660472,-6.395655002215362,4,-0.0415360452567182,-0.015344309036286091,-0.028880176531589207,-0.03864273056387901,-0.01834477409760564,-3.5829128217765,0.9961092870677539,"passed, not chosen (corr / cap)"
340,"mul(div(lprice,ts_max(ts_z(vwapc,5),5)),mul(uplim,ts_min(cs_rank(ts_z(cl,5)),20)))",12,-1.0,-0.028319830001060104,-0.6765989458479135,-6.395420899585156,4,-0.04154538513444559,-0.015343181608807085,-0.028896050838132698,-0.03864273056387901,-0.018464687611538404,-3.6635726308143117,0.9961092870677539,"passed, not chosen (corr / cap)"
341,"mul(mul(ts_min(cs_rank(ts_z(cl,5)),20),div(uplim,ts_max(ts_z(vwapc,5),5))),lprice)",12,-1.0,-0.028319830001060104,-0.6765989458479135,-6.395420899585156,4,-0.04154538513444559,-0.015343181608807085,-0.028896050838132698,-0.03864273056387901,-0.018464687611538404,-3.6635726308143117,0.9961092870677539,"passed, not chosen (corr / cap)"
342,"mul(ts_min(cs_rank(ts_z(cl,5)),20),mul(uplim,div(lprice,ts_max(ts_z(vwapc,5),5))))",12,-1.0,-0.028319830001060104,-0.6765989458479135,-6.395420899585156,4,-0.04154538513444559,-0.015343181608807085,-0.028896050838132698,-0.03864273056387901,-0.018464687611538404,-3.6635726308143117,0.9961092870677539,"passed, not chosen (corr / cap)"
343,"mul(lprice,mul(ts_min(cs_rank(ts_z(cl,5)),20),div(uplim,ts_max(ts_z(vwapc,5),5))))",12,-1.0,-0.028319830001060104,-0.6765989458479135,-6.395420899585156,4,-0.04154538513444559,-0.015343181608807085,-0.028896050838132698,-0.03864273056387901,-0.018464687611538404,-3.6635726308143117,0.9961092870677539,"passed, not chosen (corr / cap)"
261,"mul(ts_min(cs_rank(ts_z(cl,5)),20),div(uplim,ts_max(ts_z(vwapc,5),5)))",10,-1.0,-0.028320994801366135,-0.6766321315908611,-6.395257394862697,4,-0.04154538513444559,-0.01534283290757745,-0.028899930454060144,-0.03864273056387901,-0.018461503901374365,-3.6619880219823844,0.9961092870677539,"passed, not chosen (corr / cap)"
301,"mul(ts_min(cs_rank(ts_z(cl,5)),20),div(sign(uplim),ts_max(ts_z(vwapc,5),5)))",11,-1.0,-0.028320994801366135,-0.6766321315908611,-6.395257394862697,4,-0.04154538513444559,-0.01534283290757745,-0.028899930454060144,-0.03864273056387901,-0.018461503901374365,-3.6619880219823844,0.9961092870677539,"passed, not chosen (corr / cap)"
334,"mul(mul(ts_min(cs_rank(ts_z(cl,5)),20),div(uplim,ts_max(ts_z(vwapc,5),5))),uplim)",12,-1.0,-0.028320994801366135,-0.6766321315908611,-6.395257394862697,4,-0.04154538513444559,-0.01534283290757745,-0.028899930454060144,-0.03864273056387901,-0.018461503901374365,-3.6619880219823844,0.9961092870677539,"passed, not chosen (corr / cap)"
335,"mul(ts_min(cs_rank(ts_z(cl,5)),20),mul(uplim,div(uplim,ts_max(ts_z(vwapc,5),5))))",12,-1.0,-0.028320994801366135,-0.6766321315908611,-6.395257394862697,4,-0.04154538513444559,-0.01534283290757745,-0.028899930454060144,-0.03864273056387901,-0.018461503901374365,-3.6619880219823844,0.9961092870677539,"passed, not chosen (corr / cap)"
336,"mul(mul(uplim,ts_min(cs_rank(ts_z(cl,5)),20)),div(uplim,ts_max(ts_z(vwapc,5),5)))",12,-1.0,-0.028320994801366135,-0.6766321315908611,-6.395257394862697,4,-0.04154538513444559,-0.01534283290757745,-0.028899930454060144,-0.03864273056387901,-0.018461503901374365,-3.6619880219823844,0.9961092870677539,"passed, not chosen (corr / cap)"
337,"mul(mul(uplim,div(uplim,ts_max(ts_z(vwapc,5),5))),ts_min(cs_rank(ts_z(cl,5)),20))",12,-1.0,-0.028320994801366135,-0.6766321315908611,-6.395257394862697,4,-0.04154538513444559,-0.01534283290757745,-0.028899930454060144,-0.03864273056387901,-0.018461503901374365,-3.6619880219823844,0.9961092870677539,"passed, not chosen (corr / cap)"
262,"mul(mul(uplim,ts_max(ts_z(vwapc,5),5)),ts_min(cs_rank(ts_z(cl,5)),20))",10,-1.0,-0.028322102293584197,-0.6765682363772002,-6.393977589832946,4,-0.04154040202648707,-0.015346761032903814,-0.02890398016875135,-0.03864273056387901,-0.01838369114557281,-3.60888935610324,0.9961092870677539,"passed, not chosen (corr / cap)"
263,"mul(mul(ts_min(cs_rank(ts_z(cl,5)),20),ts_max(ts_z(vwapc,5),5)),uplim)",10,-1.0,-0.028322102293584197,-0.6765682363772002,-6.393977589832946,4,-0.04154040202648707,-0.015346761032903814,-0.02890398016875135,-0.03864273056387901,-0.01838369114557281,-3.60888935610324,0.9961092870677539,"passed, not chosen (corr / cap)"
264,"mul(ts_max(ts_z(vwapc,5),5),mul(uplim,ts_min(cs_rank(ts_z(cl,5)),20)))",10,-1.0,-0.028322102293584197,-0.6765682363772002,-6.393977589832946,4,-0.04154040202648707,-0.015346761032903814,-0.02890398016875135,-0.03864273056387901,-0.01838369114557281,-3.60888935610324,0.9961092870677539,"passed, not chosen (corr / cap)"
265,"mul(ts_min(cs_rank(ts_z(cl,5)),20),mul(uplim,ts_max(ts_z(vwapc,5),5)))",10,-1.0,-0.028322102293584197,-0.6765682363772002,-6.393977589832946,4,-0.04154040202648707,-0.015346761032903814,-0.02890398016875135,-0.03864273056387901,-0.01838369114557281,-3.60888935610324,0.9961092870677539,"passed, not chosen (corr / cap)"
266,"mul(mul(ts_min(cs_rank(ts_z(cl,5)),20),uplim),ts_max(ts_z(vwapc,5),5))",10,-1.0,-0.028322102293584197,-0.6765682363772002,-6.393977589832946,4,-0.04154040202648707,-0.015346761032903814,-0.02890398016875135,-0.03864273056387901,-0.01838369114557281,-3.60888935610324,0.9961092870677539,"passed, not chosen (corr / cap)"
267,"mul(mul(uplim,ts_min(cs_rank(ts_z(cl,5)),20)),ts_max(ts_z(vwapc,5),5))",10,-1.0,-0.028322102293584197,-0.6765682363772002,-6.393977589832946,4,-0.04154040202648707,-0.015346761032903814,-0.02890398016875135,-0.03864273056387901,-0.01838369114557281,-3.60888935610324,0.9961092870677539,"passed, not chosen (corr / cap)"
347,"mul(mul(uplim,ts_min(cs_rank(ts_z(cl,5)),20)),mul(uplim,ts_max(ts_z(vwapc,5),5)))",12,-1.0,-0.028322102293584197,-0.6765682363772002,-6.393977589832946,4,-0.04154040202648707,-0.015346761032903814,-0.02890398016875135,-0.03864273056387901,-0.01838369114557281,-3.60888935610324,0.9961092870677539,"passed, not chosen (corr / cap)"
348,"mul(mul(uplim,ts_max(ts_z(vwapc,5),5)),mul(uplim,ts_min(cs_rank(ts_z(cl,5)),20)))",12,-1.0,-0.028322102293584197,-0.6765682363772002,-6.393977589832946,4,-0.04154040202648707,-0.015346761032903814,-0.02890398016875135,-0.03864273056387901,-0.01838369114557281,-3.60888935610324,0.9961092870677539,"passed, not chosen (corr / cap)"
349,"mul(mul(mul(uplim,ts_max(ts_z(vwapc,5),5)),ts_min(cs_rank(ts_z(cl,5)),20)),uplim)",12,-1.0,-0.028322102293584197,-0.6765682363772002,-6.393977589832946,4,-0.04154040202648707,-0.015346761032903814,-0.02890398016875135,-0.03864273056387901,-0.01838369114557281,-3.60888935610324,0.9961092870677539,"passed, not chosen (corr / cap)"
350,"mul(ts_min(cs_rank(ts_z(cl,5)),20),mul(uplim,mul(uplim,ts_max(ts_z(vwapc,5),5))))",12,-1.0,-0.028322102293584197,-0.6765682363772002,-6.393977589832946,4,-0.04154040202648707,-0.015346761032903814,-0.02890398016875135,-0.03864273056387901,-0.01838369114557281,-3.60888935610324,0.9961092870677539,"passed, not chosen (corr / cap)"
351,"mul(mul(uplim,mul(uplim,ts_max(ts_z(vwapc,5),5))),ts_min(cs_rank(ts_z(cl,5)),20))",12,-1.0,-0.028322102293584197,-0.6765682363772002,-6.393977589832946,4,-0.04154040202648707,-0.015346761032903814,-0.02890398016875135,-0.03864273056387901,-0.01838369114557281,-3.60888935610324,0.9961092870677539,"passed, not chosen (corr / cap)"
346,"mul(mul(ts_min(cs_rank(ts_z(cl,5)),20),ts_max(ts_z(vwapc,5),5)),mul(uplim,lcap))",12,-1.0,-0.028322483559810728,-0.6765762024963298,-6.393943177334224,4,-0.04153510420277301,-0.015347168073585292,-0.02890979850609951,-0.03864273056387901,-0.018419287851931334,-3.633704230335685,0.9961092870677539,"passed, not chosen (corr / cap)"
352,"mul(ts_min(cs_rank(ts_z(cumr,20)),20),mul(uplim,ts_delay(cl,5)))",9,-1.0,-0.02806201120295512,-0.6645993743663794,-6.385705479552191,4,-0.041189780261273436,-0.01964549072470297,-0.024095144788734615,-0.03864273056387901,-0.025275409043851223,-4.593019481948798,0.9960708778358817,"passed, not chosen (corr / cap)"
353,"mul(ts_delay(cl,5),mul(uplim,ts_min(cs_rank(ts_z(cumr,20)),20)))",9,-1.0,-0.02806201120295512,-0.6645993743663794,-6.385705479552191,4,-0.041189780261273436,-0.01964549072470297,-0.024095144788734615,-0.03864273056387901,-0.025275409043851223,-4.593019481948798,0.9960708778358817,"passed, not chosen (corr / cap)"
304,"mul(ts_max(ts_min(cs_rank(ts_z(cl,5)),20),5),mul(uplim,ts_max(ts_z(vwapc,5),5)))",11,-1.0,-0.028429436142332988,-0.6765763220392129,-6.383001176976276,4,-0.04154041384858179,-0.015359734988964672,-0.02921459220313266,-0.03864273056387901,-0.018272501025108044,-3.5307065890125378,0.9953069608908666,"passed, not chosen (corr / cap)"
332,"mul(mul(ts_min(cs_rank(ts_z(cl,5)),20),div(uplim,ts_max(ts_z(vwapc,5),5))),mul(uplim,ts_delay(cs_rank(ts_z(vwapc,5)),60)))",17,-1.0,-0.028931806980040917,-0.6968448032495712,-6.382352197889954,4,-0.04279279639649758,-0.015183980309623568,-0.029442567967207116,-0.03869466483592987,-0.018028567113576394,-3.68722496922208,0.9754280495507542,"passed, not chosen (corr / cap)"
360,"mul(mul(ts_max(ts_z(vwapc,5),5),mul(uplim,ts_delay(cs_rank(dnlim),60))),mul(uplim,ts_min(cs_rank(ts_z(cl,5)),60)))",16,-1.0,-0.028758296915524017,-0.6920026487983537,-6.358265456616856,4,-0.042689221671490155,-0.015192011893982543,-0.029291447987049527,-0.03869466483592987,-0.017736840770371128,-3.380314347791995,0.9747480638902009,"passed, not chosen (corr / cap)"
251,"mul(ts_min(ts_min(cs_rank(ts_z(cl,5)),60),40),mul(uplim,ts_min(cs_rank(ts_z(cumr,20)),60)))",12,-1.0,-0.02876143053401306,-0.6863498788639143,-6.35063584887831,4,-0.04389675532713429,-0.016835475847234622,-0.027105447314679624,-0.03869466483592987,-0.023393589533357458,-3.5000881716342804,0.9788493163156726,"passed, not chosen (corr / cap)"
302,"mul(ts_min(ts_min(cs_rank(ts_z(cl,5)),60),40),mul(uplim,ts_min(cs_rank(ts_z(cumr,20)),20)))",12,-1.0,-0.028569203509820854,-0.6807220946789825,-6.330479898215596,4,-0.04391017680302159,-0.016276964050370688,-0.027097902568057178,-0.03869466483592987,-0.022139707625943368,-3.3915867088335814,0.9783343480957556,"passed, not chosen (corr / cap)"
354,"mul(ts_min(cs_rank(ts_z(cl,5)),20),mul(uplim,ts_min(cs_rank(ts_z(cumr,10)),20)))",11,-1.0,-0.028572487008492124,-0.6725249117504203,-6.312072126179149,4,-0.04319315078954583,-0.01645804739718397,-0.026641848827712238,-0.03864273056387901,-0.023936894640587923,-3.7055377721061276,0.9960566521944475,"passed, not chosen (corr / cap)"
115,"div(uplim,cs_rank(div(uplim,ts_delay(mul(vwapc,ret),60))))",9,-1.0,-0.028922502318574524,-0.6752747664128282,-6.296780630903206,4,-0.04369560379548583,-0.02035072291797331,-0.023459622381219212,-0.038673680275678635,-0.023038078345019707,-3.788190206431398,0.9466766056481487,"passed, not chosen (corr / cap)"
374,"mul(ts_min(cs_rank(ts_z(cl,5)),20),div(uplim,ts_min(cs_rank(ts_z(lprice,20)),20)))",11,-1.0,-0.028429444775898254,-0.6709058004878353,-6.291351390527885,4,-0.04293921994030825,-0.01773994806549476,-0.025472905281383323,-0.038597580045461655,-0.023696405661962273,-3.6914399822889234,0.9902269843347237,"passed, not chosen (corr / cap)"
230,"mul(ts_min(ts_min(cs_rank(ts_z(cl,5)),20),20),div(uplim,ts_min(cs_rank(ts_z(cumr,40)),20)))",12,-1.0,-0.029098002742911275,-0.6916287158333388,-6.2815374549568945,4,-0.044307771932074747,-0.016947506046151074,-0.026881194692105054,-0.038636039942502975,-0.02269124084462722,-3.5004121919893723,0.9881201668383227,"passed, not chosen (corr / cap)"
287,"mul(mul(ts_min(cs_rank(ts_z(cl,5)),20),ts_z(lcap,5)),mul(uplim,ts_min(cs_rank(ts_z(cumr,40)),20)))",14,-1.0,-0.029140686513011473,-0.6903050550645928,-6.272502005191784,4,-0.04423330568444763,-0.016863824452607416,-0.02717335262801498,-0.03864273056387901,-0.027141829952597618,-5.916393725032365,0.9960737229641684,"passed, not chosen (corr / cap)"
295,"mul(ts_min(cs_rank(ts_z(cumr,40)),20),mul(ts_min(cs_rank(ts_z(cl,5)),20),mul(uplim,ts_max(turn,40))))",14,-1.0,-0.029050266021929963,-0.6895886913890232,-6.271943679876662,4,-0.044304317334573004,-0.01686770240951962,-0.02682296387385577,-0.03864273056387901,-0.02353374941045778,-3.623242105846603,0.9961519639920564,"passed, not chosen (corr / cap)"
325,"mul(ts_min(cs_rank(ts_z(cumr,40)),20),mul(ts_min(cs_rank(ts_z(cl,5)),20),mul(uplim,ts_max(ts_delay(lprice,60),40))))",15,-1.0,-0.029051351669325123,-0.6896983560750833,-6.271641984631534,4,-0.04430897837345565,-0.01686654032981199,-0.026822949941270054,-0.03864273056387901,-0.023612086677498985,-3.6655819104837315,0.9961007516828934,"passed, not chosen (corr / cap)"
224,"mul(mul(uplim,ts_min(cs_rank(ts_z(cl,5)),20)),ts_min(cs_rank(ts_z(cumr,40)),20))",11,-1.0,-0.029050954749383143,-0.6896526660027079,-6.27158810762899,4,-0.04430897837345565,-0.016866388647237194,-0.026821896149776876,-0.03864273056387901,-0.02361813971870824,-3.6693194661152977,0.9961519639920564,"passed, not chosen (corr / cap)"
225,"mul(ts_min(cs_rank(ts_z(cl,5)),20),mul(uplim,ts_min(cs_rank(ts_z(cumr,40)),20)))",11,-1.0,-0.029050954749383143,-0.6896526660027079,-6.27158810762899,4,-0.04430897837345565,-0.016866388647237194,-0.026821896149776876,-0.03864273056387901,-0.02361813971870824,-3.6693194661152977,0.9961519639920564,"passed, not chosen (corr / cap)"
236,"mul(mul(uplim,ts_min(cs_rank(ts_z(cl,5)),20)),ts_min(cs_rank(cs_rank(ts_z(cumr,40))),20))",12,-1.0,-0.029050954749383143,-0.6896526660027079,-6.27158810762899,4,-0.04430897837345565,-0.016866388647237194,-0.026821896149776876,-0.03864273056387901,-0.02361813971870824,-3.6693194661152977,0.9961519639920564,"passed, not chosen (corr / cap)"
221,"div(mul(uplim,ts_min(cs_rank(ts_z(cl,5)),20)),ts_min(cs_rank(ts_z(cumr,40)),20))",11,-1.0,-0.02910070767963999,-0.6904800122686251,-6.261107210071667,4,-0.044325643011169244,-0.01687549424625687,-0.02694768931251019,-0.03866610676050186,-0.023631850457668566,-3.685197991499746,0.9927676838948668,"passed, not chosen (corr / cap)"
382,"mul(ts_min(ts_min(cs_rank(ts_z(iret,20)),60),60),div(uplim,ts_max(ts_z(vwapc,5),5)))",11,-1.0,-0.0284352388815023,-0.6702337762207814,-6.239802637901266,4,-0.03917678411194492,-0.016984137873805594,-0.03005149991561969,-0.03862111270427704,-0.018055907596135512,-3.2732716726216857,0.975079521335617,"passed, not chosen (corr / cap)"
79,"div(mul(uplim,cs_rank(div(div(uplim,lcap),ts_delay(ret,60)))),ts_min(cs_rank(cs_rank(ts_delay(lmoney,5))),20))",15,-1.0,-0.02995788214961881,-0.708034743358116,-6.213366765374842,4,-0.04194580539974305,-0.019963768879002284,-0.027663648489634603,-0.03867214918136597,-0.020912237499247897,-3.387902122652305,0.9331551334649679,"passed, not chosen (corr / cap)"
113,"mul(cs_rank(div(uplim,ts_delay(ret,60))),mul(uplim,cs_rank(div(ts_mean(vwapc,5),ts_delay(vwapc,60)))))",14,-1.0,-0.029522285712045158,-0.6956529068332044,-6.206799623117128,4,-0.04368334927099529,-0.0201576041444965,-0.02528989384882152,-0.038673680275678635,-0.021802821808874055,-3.4031449384285968,0.9468046364210563,"passed, not chosen (corr / cap)"
326,"mul(ts_min(cs_rank(ts_z(cumr,40)),20),div(uplim,ts_min(cs_rank(lmoney),20)))",10,-1.0,-0.028530531844651538,-0.6695128390167816,-6.201963592736205,4,-0.04223130274046098,-0.017228406812886104,-0.026429430362768472,-0.03865620866417885,-0.023184029842939293,-3.5954049397185615,0.9836888795315781,"passed, not chosen (corr / cap)"
83,"div(div(uplim,cs_rank(div(uplim,ts_delay(ret,60)))),ts_delay(sign(abs(hl)),60))",12,-1.0,-0.029409830500555362,-0.6947443682561456,-6.201738617037578,4,-0.043704057469941736,-0.019996966411126776,-0.025283373385558233,-0.038673680275678635,-0.02222973016021704,-3.561135540521873,0.946653844621854,"passed, not chosen (corr / cap)"
138,"div(div(uplim,cs_rank(div(vwapc,ts_delay(ret,60)))),ts_min(cs_rank(ts_delay(lmoney,5)),10))",12,-1.0,-0.029106414047122116,-0.6845017028695627,-6.1926219418881825,4,-0.043643347050206976,-0.01829556614987324,-0.025845148712396623,-0.03866537660360336,-0.02262400877825393,-3.761338586818874,0.9393774290282749,"passed, not chosen (corr / cap)"
69,"mul(div(uplim,cs_rank(div(cl,ts_delay(ret,60)))),mul(uplim,div(sub(cumr,uplim),ts_min(oret,20))))",16,-1.0,-0.03031258188338869,-0.714429024429041,-6.192569198046187,4,-0.045861486071573934,-0.019600485050913823,-0.026836606030188063,-0.03865469619631767,-0.022846466918851723,-3.9152670045727493,0.9474348323365901,"passed, not chosen (corr / cap)"
47,"mul(mul(uplim,div(sub(cumr,uplim),ts_min(oret,20))),cs_rank(div(abs(vwapc),ts_delay(ret,60))))",15,-1.0,-0.030312693576467528,-0.7146248620858978,-6.189980212105396,4,-0.04585679073795251,-0.019586675609781536,-0.026854976797111185,-0.03865469619631767,-0.022781292719995242,-3.844914569668935,0.9475159184927648,"passed, not chosen (corr / cap)"
112,"mul(div(uplim,cs_rank(div(uplim,ts_delay(ret,60)))),ts_delay(ts_delay(sign(hl),3),60))",12,-1.0,-0.029187040013926593,-0.6887330550495876,-6.189574326246963,4,-0.04327964782271959,-0.019993009046884253,-0.025302143260727033,-0.03875836357474327,-0.021253928855400193,-3.5915757939015776,0.947410648746152,"passed, not chosen (corr / cap)"
31,"div(uplim,cs_rank(div(div(uplim,ts_delay(cl,5)),ts_delay(ret,60))))",10,-1.0,-0.029302124376449176,-0.6970615001383741,-6.188905236000181,4,-0.04406030248889389,-0.020890221455071394,-0.02390775976178702,-0.038673680275678635,-0.02404356650421741,-4.528761595156428,0.9070695747671262,"passed, not chosen (corr / cap)"
13,"mul(mul(uplim,cs_rank(div(div(uplim,lcap),ts_delay(ret,60)))),ts_delay(cs_rank(ts_mean(vwapc,10)),60))",14,-1.0,-0.03040770631201298,-0.7186557250852237,-6.177382769171901,4,-0.043429118891767954,-0.021316508894138362,-0.026623289245180787,-0.03883866220712662,-0.020426343838599596,-3.396402218753723,0.9266853117407063,"passed, not chosen (corr / cap)"
132,"mul(div(uplim,cs_rank(div(div(uplim,lcap),ts_delay(ret,60)))),ts_delay(ts_delay(lmoney,10),60))",13,-1.0,-0.029547052600676017,-0.6898381358278584,-6.175036529720387,4,-0.04252528086579603,-0.021156740482789854,-0.02530453545406607,-0.038673680275678635,-0.020983850930563427,-3.4567358400239234,0.9468003687286259,"passed, not chosen (corr / cap)"
109,"div(div(uplim,cs_rank(div(div(uplim,lcap),ts_delay(ret,60)))),cs_rank(iret))",12,-1.0,-0.02956019640368802,-0.6901448475692405,-6.174477643576295,4,-0.04252015486634535,-0.021169402463177295,-0.025335227335602336,-0.038673680275678635,-0.02109054449776357,-3.518011901528094,0.9480024354298136,"passed, not chosen (corr / cap)"
131,"mul(mul(uplim,cs_rank(div(div(uplim,lcap),ts_delay(ret,60)))),ts_delay(ts_delay(turn,10),60))",13,-1.0,-0.029543770429535515,-0.6898447582208662,-6.173739507911532,4,-0.04252708549052415,-0.021155906396112794,-0.02529419701564692,-0.038673680275678635,-0.02083408714864742,-3.3499347568781612,0.9468117492417734,"passed, not chosen (corr / cap)"
130,"mul(div(uplim,cs_rank(div(div(uplim,lcap),ts_delay(ret,60)))),ts_delay(ts_std(lmoney,10),60))",13,-1.0,-0.029548861422349516,-0.6899323958577026,-6.173298483398264,4,-0.04251946707471631,-0.021158514865722584,-0.025311776459691862,-0.03875836357474327,-0.021027775320478462,-3.4744288149160263,0.9474319872083032,"passed, not chosen (corr / cap)"
134,"mul(mul(uplim,cs_rank(div(div(uplim,lcap),ts_delay(ret,60)))),ts_delay(ts_delay(lmoney,10),60))",13,-1.0,-0.02954108745392177,-0.6897290636719139,-6.1732289792729675,4,-0.042521213442245076,-0.021148382066409493,-0.025298956950542097,-0.038673680275678635,-0.020869001077318733,-3.369924345456002,0.9468117492417734,"passed, not chosen (corr / cap)"
114,"mul(div(uplim,cs_rank(div(cl,ts_delay(ret,60)))),div(uplim,mul(cs_rank(ts_delay(lmoney,5)),ts_delay(cl,5))))",16,-1.0,-0.02934494698480382,-0.7035513683643384,-6.172734966164289,4,-0.04406995081549717,-0.01966487202735152,-0.02550894818126167,-0.038687463849782944,-0.024617640030654996,-4.9820912093386225,0.9059343685806793,"passed, not chosen (corr / cap)"
165,"mul(div(uplim,cs_rank(div(div(uplim,lcap),ts_delay(ret,60)))),ts_delay(ts_max(sign(lcap),40),60))",14,-1.0,-0.029557758372246928,-0.6901000708812488,-6.172374645816433,4,-0.04252602691462442,-0.02116115723159358,-0.02533054879099569,-0.038673680275678635,-0.021021650621498172,-3.4745467045599865,0.9480365769692556,"passed, not chosen (corr / cap)"
110,"mul(div(uplim,cs_rank(div(div(uplim,lcap),ts_delay(ret,60)))),ts_rank(dnlim,3))",12,-1.0,-0.02955646163227233,-0.6900896373415037,-6.172310100241829,4,-0.04252454155419478,-0.021161990532467218,-0.025327395707113193,-0.038673680275678635,-0.02110251702198928,-3.497874619132994,0.9480237738919648,"passed, not chosen (corr / cap)"
128,"mul(mul(uplim,cs_rank(div(div(uplim,lcap),ts_delay(ret,60)))),cs_rank(ts_delay(vwapc,10)))",13,-1.0,-0.02955195418274213,-0.690076605806608,-6.172158154425352,4,-0.04250913458475979,-0.021159704057936324,-0.025330754202407074,-0.038673680275678635,-0.020910583580420777,-3.3931074119996993,0.9479597585055111,"passed, not chosen (corr / cap)"
111,"mul(div(uplim,cs_rank(div(div(uplim,lcap),ts_delay(ret,60)))),ts_delay(lmoney,60))",12,-1.0,-0.02955531824691392,-0.690021017502051,-6.172066081302678,4,-0.04252602691462442,-0.021156758274931537,-0.025327655683070712,-0.038673680275678635,-0.020978362240235915,-3.457547371794989,0.9480493800465463,"passed, not chosen (corr / cap)"
74,"div(uplim,cs_rank(div(div(uplim,ts_max(lcap,10)),ts_delay(ret,60))))",10,-1.0,-0.02955708250448545,-0.6900899590060375,-6.171976347426661,4,-0.04252602691462442,-0.02116115723159358,-0.025328600701565545,-0.038673680275678635,-0.021190145230767402,-3.5550041969585666,0.9480251964561082,"passed, not chosen (corr / cap)"
49,"div(uplim,cs_rank(div(div(uplim,lcap),ts_delay(ret,60))))",9,-1.0,-0.029557176542723374,-0.6900935351526409,-6.171969018349003,4,-0.04252602691462442,-0.02116115723159358,-0.02532887175295721,-0.038673680275678635,-0.021021650621498172,-3.4745467045599865,0.9480493800465463,"passed, not chosen (corr / cap)"
72,"div(uplim,cs_rank(div(div(uplim,ts_mean(lcap,10)),ts_delay(ret,60))))",10,-1.0,-0.029557247906107594,-0.6900968076822916,-6.171962477604882,4,-0.04252602691462442,-0.02116115723159358,-0.025329077447417612,-0.038673680275678635,-0.02101961083879525,-3.4733396964444654,0.9480251964561082,"passed, not chosen (corr / cap)"
73,"div(uplim,cs_rank(div(div(uplim,ts_decay(lcap,10)),ts_delay(ret,60))))",10,-1.0,-0.029557247906107594,-0.6900968076822916,-6.171962477604882,4,-0.04252602691462442,-0.02116115723159358,-0.025329077447417612,-0.038673680275678635,-0.021019214417108082,-3.4732732541763114,0.9480251964561082,"passed, not chosen (corr / cap)"
76,"mul(uplim,cs_rank(div(div(uplim,ts_decay(lcap,10)),ts_delay(ret,60))))",10,-1.0,-0.029547863028388983,-0.6897377790579592,-6.171511388026904,4,-0.04251735178254324,-0.021154470063872093,-0.025316315452002136,-0.038673680275678635,-0.020946103613823652,-3.4125045646258143,0.9480365769692556,"passed, not chosen (corr / cap)"
51,"mul(uplim,cs_rank(div(div(uplim,lcap),ts_delay(ret,60))))",9,-1.0,-0.029547934404444257,-0.6897410556597303,-6.171504849662252,4,-0.04251735178254324,-0.021154470063872093,-0.02531652118298499,-0.038673680275678635,-0.020943672557107426,-3.411248511674538,0.9480607605596937,"passed, not chosen (corr / cap)"
52,"mul(cs_rank(div(div(uplim,lcap),ts_delay(ret,60))),uplim)",9,-1.0,-0.029547934404444257,-0.6897410556597303,-6.171504849662252,4,-0.04251735178254324,-0.021154470063872093,-0.02531652118298499,-0.038673680275678635,-0.020943672557107426,-3.411248511674538,0.9480607605596937,"passed, not chosen (corr / cap)"
129,"mul(mul(uplim,cs_rank(div(div(uplim,lcap),ts_delay(ret,60)))),ts_min(ts_delay(ret,60),10))",13,1.0,0.029549454308358862,0.6899432141493711,6.171338523955468,4,0.04251481769135856,0.02115764831493531,0.025318585669475736,0.03875836357474327,0.020864181330596858,3.36609942839062,0.9474433677214505,"passed, not chosen (corr / cap)"
257,"mul(ts_min(cs_rank(ts_z(cumr,40)),20),mul(uplim,ts_max(ts_delay(vwapc,3),5)))",10,-1.0,-0.028633530708565003,-0.6773605484685511,-6.170960705176089,4,-0.04228865911791217,-0.016863350567566056,-0.027281646927197773,-0.03864273056387901,-0.023089478421433454,-3.100611886680213,0.9961064419394671,"passed, not chosen (corr / cap)"
91,"mul(mul(uplim,cs_rank(div(div(uplim,lcap),ts_delay(ret,60)))),ret)",11,-1.0,-0.029547409924117612,-0.6896917919440964,-6.170353646882289,4,-0.04251917891854239,-0.021150101229674572,-0.025317437458308598,-0.038673680275678635,-0.020947801414877176,-3.4138344362404647,0.9480607605596937,"passed, not chosen (corr / cap)"
94,"mul(mul(uplim,cs_rank(div(uplim,ts_delay(ret,60)))),add(oret,turn))",11,-1.0,-0.029328965772753388,-0.6882830102221003,-6.1700222206158655,4,-0.0436808117351865,-0.01848784407860983,-0.026760646785773775,-0.038673680275678635,-0.02045386503873901,-3.3727828773233064,0.9480607605596937,"passed, not chosen (corr / cap)"
90,"mul(mul(uplim,cs_rank(div(div(uplim,lcap),ts_delay(ret,60)))),lprice)",11,-1.0,-0.029554589223753158,-0.6899708058804058,-6.169621958016644,4,-0.04252266123272575,-0.02115026545288856,-0.02533476697920146,-0.038673680275678635,-0.020946915811774405,-3.4090933547560405,0.9480607605596937,"passed, not chosen (corr / cap)"
323,"mul(div(uplim,ts_min(cs_rank(ts_z(cumr,40)),20)),mul(uplim,ts_max(ts_delay(vwapc,3),5)))",12,-1.0,-0.028677526440080855,-0.6780319709500788,-6.157755013218517,4,-0.04230640586582012,-0.016870775674074395,-0.027389786028138855,-0.03866610676050186,-0.023105308515624257,-3.1109227249030686,0.9927221618422775,"passed, not chosen (corr / cap)"
9,"mul(mul(uplim,cs_rank(div(div(uplim,lcap),ts_delay(ret,60)))),ts_delay(cs_rank(ts_delay(ret,60)),60))",14,-1.0,-0.030534512750475532,-0.7197336343133931,-6.1523747037152905,4,-0.04386252306184084,-0.021310089528054486,-0.02659484647680074,-0.03875282034277916,-0.020420807227492333,-3.39920275630733,0.9256383045311513,"passed, not chosen (corr / cap)"
4,"mul(mul(uplim,cs_rank(div(div(uplim,lcap),ts_delay(ret,60)))),ts_delay(cs_rank(ts_delay(vwapc,10)),60))",14,-1.0,-0.030552625703955904,-0.7201003143270159,-6.148989097735069,4,-0.04387565334416096,-0.021319861290976405,-0.026625579642131924,-0.03875282034277916,-0.020426472208716653,-3.3952255585601625,0.9264093342968834,"passed, not chosen (corr / cap)"
6,"mul(mul(uplim,cs_rank(div(div(uplim,lcap),ts_delay(ret,60)))),ts_delay(cs_rank(ts_delay(lmoney,10)),60))",14,-1.0,-0.030549433175555814,-0.720011635558387,-6.14894545594426,4,-0.04387666028544671,-0.021315834515363626,-0.026619227258488535,-0.03875282034277916,-0.0203553694723682,-3.349783156178478,0.9264093342968834,"passed, not chosen (corr / cap)"
8,"mul(mul(uplim,cs_rank(div(div(uplim,lcap),ts_delay(ret,60)))),ts_delay(cs_rank(ts_min(oret,20)),60))",14,-1.0,-0.030538412472648362,-0.7197734988566967,-6.148284115049827,4,-0.04386380540255113,-0.02131703511163916,-0.026598429991863667,-0.03875282034277916,-0.02051601909439672,-3.445262652760852,0.9268332584116218,"passed, not chosen (corr / cap)"
5,"mul(mul(uplim,cs_rank(div(div(uplim,lcap),ts_delay(ret,60)))),ts_delay(cs_rank(ts_max(iret,3)),60))",14,-1.0,-0.030548243420735862,-0.7200676865837975,-6.147789425150472,4,-0.043877174011077325,-0.021321241247832128,-0.026610377738252283,-0.03875282034277916,-0.02036078306422992,-3.353152857845826,0.9267635527685943,"passed, not chosen (corr / cap)"
7,"mul(mul(uplim,cs_rank(div(div(uplim,lcap),ts_delay(ret,60)))),ts_delay(cs_rank(ts_delay(ch,40)),60))",14,-1.0,-0.030540269537799557,-0.7198995423284315,-6.1473507125970865,4,-0.0438677025617242,-0.021313526773946764,-0.026603383482433855,-0.03875282034277916,-0.020283444242721254,-3.3802047155490382,0.9256326142745777,"passed, not chosen (corr / cap)"
310,"mul(ts_min(ts_min(cs_rank(ts_z(cl,5)),20),20),mul(ts_max(ts_delay(vwapc,3),5),uplim))",11,-1.0,-0.028226299847273213,-0.6760560322063798,-6.143685596842266,4,-0.04316795553001741,-0.015417370413658473,-0.02697817574474303,-0.03861276060342789,-0.022089036061139457,-3.3481008909821965,0.9915542366805319,"passed, not chosen (corr / cap)"
311,"mul(ts_min(ts_min(cs_rank(ts_z(cl,5)),20),20),mul(uplim,ts_max(ts_delay(vwapc,3),5)))",11,-1.0,-0.028226299847273213,-0.6760560322063798,-6.143685596842266,4,-0.04316795553001741,-0.015417370413658473,-0.02697817574474303,-0.03861276060342789,-0.022089036061139457,-3.3481008909821965,0.9915542366805319,"passed, not chosen (corr / cap)"
358,"mul(div(uplim,ts_min(cs_rank(ts_z(cl,5)),20)),mul(uplim,ts_max(ts_delay(vwapc,3),5)))",12,-1.0,-0.028263915253018086,-0.6762808319570953,-6.13110649688336,4,-0.04318288645017488,-0.015412640263642764,-0.027084134564753257,-0.03852071613073349,-0.021497303154319525,-2.9763738669507567,0.9892226540494711,"passed, not chosen (corr / cap)"
377,"mul(ts_min(cs_rank(ts_z(cl,5)),20),div(uplim,ts_min(cs_rank(lmoney),20)))",10,-1.0,-0.028112727154705985,-0.6665908330357126,-6.130449928548992,4,-0.043139532890563714,-0.015659478442816465,-0.026178437704220413,-0.03865620866417885,-0.02184074203451646,-3.504687389888801,0.9836974149164386,"passed, not chosen (corr / cap)"
280,"mul(mul(uplim,ts_min(cs_rank(ts_z(cl,5)),20)),ts_max(ts_delay(vwapc,3),5))",10,-1.0,-0.028237848432499133,-0.675343004573205,-6.123883397234573,4,-0.04318906261887976,-0.01534607347083401,-0.027066273838464244,-0.03864273056387901,-0.021840385683202023,-3.097978384143988,0.9961149773243275,"passed, not chosen (corr / cap)"
384,"mul(mul(uplim,ts_min(cs_rank(lmoney),20)),ts_min(cs_rank(ts_z(cl,5)),20))",10,-1.0,-0.028083382568875093,-0.6658538186875081,-6.123068678167233,4,-0.043161927509724286,-0.015616674866417752,-0.02611283432226628,-0.03864273056387901,-0.021878358040904176,-3.507965655218702,0.9961604993769169,"passed, not chosen (corr / cap)"
372,"mul(mul(uplim,ts_min(cs_rank(ts_z(cl,5)),20)),div(lprice,ts_max(ts_delay(vwapc,3),5)))",12,-1.0,-0.028236884091014658,-0.6753656563258259,-6.122272555812154,4,-0.04319933569830919,-0.015343134304649144,-0.027057360350976094,-0.03860120475292206,-0.021899062859151382,-3.124822778405245,0.9958902121896677,"passed, not chosen (corr / cap)"
389,"mul(ts_min(cs_rank(ts_z(cl,5)),60),div(uplim,ts_max(ts_z(vwapc,5),5)))",10,-1.0,-0.027872330118522148,-0.6652167878599307,-6.113465829889298,4,-0.0414442090986995,-0.01420403242809698,-0.028824007910146724,-0.038638051599264145,-0.01785146569279183,-3.4479919190103403,0.9880604191442992,"passed, not chosen (corr / cap)"
390,"mul(div(uplim,ts_max(ts_z(vwapc,5),5)),ts_min(cs_rank(ts_z(cl,5)),60))",10,-1.0,-0.027872330118522148,-0.6652167878599307,-6.113465829889298,4,-0.0414442090986995,-0.01420403242809698,-0.028824007910146724,-0.038638051599264145,-0.01785146569279183,-3.4479919190103403,0.9880604191442992,"passed, not chosen (corr / cap)"
392,"mul(ts_max(ts_z(vwapc,5),5),mul(uplim,ts_min(cs_rank(ts_z(cl,5)),60)))",10,-1.0,-0.027871519047613747,-0.6651572137514745,-6.111913601668365,4,-0.041438383304921445,-0.014205655221863149,-0.028825419087547297,-0.038638051599264145,-0.017759424728614373,-3.3914161493655457,0.9880604191442992,"passed, not chosen (corr / cap)"
393,"mul(uplim,mul(ts_min(cs_rank(ts_z(cl,5)),60),ts_max(ts_z(vwapc,5),5)))",10,-1.0,-0.027871519047613747,-0.6651572137514745,-6.111913601668365,4,-0.041438383304921445,-0.014205655221863149,-0.028825419087547297,-0.038638051599264145,-0.017759424728614373,-3.3914161493655457,0.9880604191442992,"passed, not chosen (corr / cap)"
0,"mul(mul(uplim,cs_rank(div(div(uplim,lcap),ts_delay(ret,60)))),div(ts_delay(cl,5),ts_min(oret,20)))",15,1.0,0.030589801049213328,0.7412617031605782,6.11103337333263,4,0.04610836082598368,0.02316071092834736,0.024065886451862754,0.03865469619631767,0.023044485721807433,4.408337721597713,0.947427719515873,"passed, not chosen (corr / cap)"
139,"mul(div(uplim,cs_rank(div(abs(cl),ts_delay(ret,60)))),cs_rank(ts_delay(lmoney,5)))",12,-1.0,-0.029171438911349993,-0.684284938137394,-6.109418657572992,4,-0.04369512514367283,-0.017830250721981786,-0.026897140978835523,-0.038673680275678635,-0.02276091360111247,-3.843975098820792,0.947891475426627,"passed, not chosen (corr / cap)"
399,"mul(ts_max(ts_z(vwapc,5),5),div(uplim,ts_min(cs_rank(ts_z(cl,5)),60)))",10,-1.0,-0.027866388358233962,-0.6649053609318752,-6.088508438621118,4,-0.04143395976158596,-0.0142174253347688,-0.028801953977010415,-0.03865519165992737,-0.017657249814686204,-3.345049299124823,0.9677319775348671,"passed, not chosen (corr / cap)"
70,"div(div(uplim,cs_rank(ts_delay(lmoney,5))),cs_rank(div(uplim,ts_delay(ret,60))))",11,-1.0,-0.029411844545142986,-0.6941666620904636,-6.086114575467291,4,-0.043690250744494986,-0.018498693703555082,-0.026936044190078973,-0.038687463849782944,-0.02119098065251654,-3.563456813386336,0.9468544261660758,"passed, not chosen (corr / cap)"
71,"div(div(uplim,cs_rank(div(uplim,ts_delay(ret,60)))),cs_rank(ts_delay(lmoney,5)))",11,-1.0,-0.029411844545142986,-0.6941666620904636,-6.086114575467291,4,-0.043690250744494986,-0.018498693703555082,-0.026936044190078973,-0.038687463849782944,-0.02119098065251654,-3.563456813386336,0.9468544261660758,"passed, not chosen (corr / cap)"
75,"mul(uplim,mul(cs_rank(ts_delay(lmoney,5)),cs_rank(div(uplim,ts_delay(ret,60)))))",11,-1.0,-0.029394860556169456,-0.6937664736769028,-6.084992587606656,4,-0.04369073162942708,-0.01848181961766243,-0.026902467110194266,-0.038673680275678635,-0.02108502737669782,-3.47257068587895,0.9479725615828017,"passed, not chosen (corr / cap)"
239,"mul(ts_min(cs_rank(ts_z(cl,5)),20),mul(uplim,ts_min(cs_rank(ts_z(cumr,40)),40)))",11,-1.0,-0.02887477197500151,-0.6849369574404052,-6.072071092603764,4,-0.04428709237759087,-0.016055863081979063,-0.026907603456638753,-0.03861276060342789,-0.023182250910618325,-3.680040557257533,0.9915457012956714,"passed, not chosen (corr / cap)"
373,"mul(ts_min(ts_min(cs_rank(ts_z(cl,5)),60),60),div(uplim,ts_min(cs_rank(ts_z(cumr,20)),60)))",12,-1.0,-0.028463274441031125,-0.6752700765707249,-6.072007948554331,4,-0.044048376840591014,-0.015965224229730665,-0.026731914803385735,-0.03860415890812874,-0.023284366410398098,-3.568394189233923,0.9588950090759593,"passed, not chosen (corr / cap)"
269,"mul(ts_min(ts_min(cs_rank(ts_z(cl,5)),20),20),mul(uplim,ts_min(cs_rank(ts_z(cumr,40)),40)))",12,-1.0,-0.02881780845181263,-0.6845681601618909,-6.0679447157762985,4,-0.04429404836264439,-0.016037996885223456,-0.026746198325417934,-0.03861276060342789,-0.02266476098284648,-3.476888621049979,0.9911744120542395,"passed, not chosen (corr / cap)"
78,"div(div(uplim,cs_rank(div(cl,ts_delay(ret,60)))),ts_min(cs_rank(cs_rank(ts_delay(lmoney,5))),20))",13,-1.0,-0.029544979099240476,-0.7009543241112344,-6.024569963998218,4,-0.04311628144623295,-0.017988924520371558,-0.02766155541342284,-0.03867214918136597,-0.022755148183358342,-3.8423281808437624,0.9330783150012234,"passed, not chosen (corr / cap)"
294,"mul(mul(uplim,ts_min(cs_rank(ts_z(cl,5)),60)),ts_min(cs_rank(ts_z(cumr,40)),20))",11,-1.0,-0.028601422419059185,-0.6779273585309702,-6.022859247432304,4,-0.04426446716509721,-0.01576392351461646,-0.02671516573987901,-0.038638051599264145,-0.023012964875976507,-3.511660742096885,0.9874259555363352,"passed, not chosen (corr / cap)"
66,"mul(mul(uplim,div(sub(lmoney,uplim),ts_min(oret,20))),cs_rank(div(div(uplim,lcap),ts_delay(ret,60))))",16,1.0,0.030341390920212902,0.7148944868737631,6.0208012106248265,4,0.044663857811626614,0.021778582127202146,0.025319195621847815,0.03865469619631767,0.021046798515387558,3.4681576094669335,0.9475159184927648,"passed, not chosen (corr / cap)"
11,"mul(div(uplim,ts_min(oret,20)),cs_rank(cs_rank(div(div(uplim,lcap),ts_delay(ret,60)))))",13,1.0,0.03034301331922195,0.7149489026738357,6.020724591628633,4,0.04466417478524027,0.02178305200019774,0.025319347299598886,0.03865469619631767,0.021048938999460504,3.468467025466052,0.9475159184927648,"passed, not chosen (corr / cap)"
137,"div(div(uplim,cs_rank(div(div(uplim,lcap),ts_delay(ret,60)))),cs_rank(lmoney))",12,-1.0,-0.029417223970633805,-0.6849521681523415,-6.013093332499436,4,-0.042526795850209693,-0.021171913809666876,-0.02482381577603519,-0.03871264308691025,-0.02071491771123626,-3.429239037144729,0.9468145943700601,"passed, not chosen (corr / cap)"
10,"div(div(uplim,cs_rank(div(uplim,ts_delay(ret,60)))),ts_min(cs_rank(ts_delay(lmoney,5)),20))",12,-1.0,-0.029777698782232492,-0.7110875265041574,-6.00983058680262,4,-0.043115376993305386,-0.01868398117585457,-0.027670211410530065,-0.03867214918136597,-0.021192164126444948,-3.551233203758066,0.9331494432083942,"passed, not chosen (corr / cap)"
23,"div(div(uplim,cs_rank(div(uplim,ts_delay(ret,60)))),ts_min(cs_rank(cs_rank(ts_delay(lmoney,5))),20))",13,-1.0,-0.029777698782232492,-0.7110875265041574,-6.00983058680262,4,-0.043115376993305386,-0.01868398117585457,-0.027670211410530065,-0.03867214918136597,-0.021192164126444948,-3.551233203758066,0.9331494432083942,"passed, not chosen (corr / cap)"
30,"mul(div(uplim,cs_rank(div(uplim,ts_delay(ret,60)))),ts_min(cs_rank(cs_rank(ts_delay(lmoney,5))),20))",13,-1.0,-0.029718127011287364,-0.7094716849359288,-6.003928572327242,4,-0.04310613104121814,-0.01857419740311646,-0.027609836234121908,-0.038696806877851486,-0.021148868510499595,-3.5235917984825527,0.9442255276290408,"passed, not chosen (corr / cap)"
118,"div(uplim,cs_rank(div(div(uplim,ts_min(oret,20)),ts_delay(ts_std(iret,20),60))))",11,-1.0,-0.02931801183069482,-0.6825037347318331,-5.9987995541284596,4,-0.044144971763090964,-0.020033655893675298,-0.024191090504505804,-0.03860348090529442,-0.02346314661712809,-3.6410920250705407,0.998349825593636,"passed, not chosen (corr / cap)"
3,"mul(div(uplim,cs_rank(div(uplim,ts_delay(ret,60)))),ts_delay(ts_min(sign(hl),3),60))",12,-1.0,-0.03001945639344568,-0.7178218336347323,-5.996775552224053,4,-0.04594973481763863,-0.020000912734540178,-0.025303380933645016,-0.038673680275678635,-0.02226866984360472,-3.574834994052332,0.9478829400417664,"passed, not chosen (corr / cap)"
391,"mul(ts_min(cs_rank(ts_z(cumr,5)),60),div(uplim,ts_min(cs_rank(ts_z(cumr,40)),60)))",11,-1.0,-0.02883620601457854,-0.669208879978525,-5.986261666884418,4,-0.043197045025105275,-0.01592419795297946,-0.028272848500280966,-0.03854487091302872,-0.02418774270751913,-3.729170138990259,0.9769800670312224,"passed, not chosen (corr / cap)"
175,"div(uplim,cs_rank(div(div(uplim,ts_min(oret,20)),ts_delay(ts_std(lprice,20),60))))",11,-1.0,-0.02934380531971391,-0.6771405784187431,-5.978473968830297,4,-0.04416498161903137,-0.020181628525000522,-0.02399154909653589,-0.03860348090529442,-0.020472613730552522,-3.2668422666125623,0.9983469804653492,"passed, not chosen (corr / cap)"
54,"div(div(uplim,cs_rank(div(cl,ts_delay(ret,60)))),ts_min(cs_rank(ts_delay(lmoney,5)),10))",12,-1.0,-0.02973209456751946,-0.700990268421137,-5.9694888031869695,4,-0.04364988535080363,-0.01830534724167035,-0.027626990378663247,-0.038656651973724365,-0.022757060160010792,-3.855535026013341,0.9393660485151275,"passed, not chosen (corr / cap)"
12,"div(div(uplim,cs_rank(div(uplim,ts_delay(ret,60)))),ts_min(cs_rank(ts_delay(lmoney,5)),10))",12,-1.0,-0.02996111397606748,-0.710899195179427,-5.954978053202564,4,-0.04364287282867813,-0.018985891593525147,-0.02763555668370456,-0.038656651973724365,-0.02118876200931316,-3.560755434179118,0.9394400218505853,"passed, not chosen (corr / cap)"
25,"div(div(uplim,cs_rank(div(uplim,ts_delay(ret,60)))),ts_min(cs_rank(cs_rank(ts_delay(lmoney,5))),10))",13,-1.0,-0.02996111397606748,-0.710899195179427,-5.954978053202564,4,-0.04364287282867813,-0.018985891593525147,-0.02763555668370456,-0.038656651973724365,-0.02118876200931316,-3.560755434179118,0.9394400218505853,"passed, not chosen (corr / cap)"
252,"mul(mul(uplim,ts_min(cs_rank(ts_z(cl,5)),20)),ts_min(cs_rank(ts_z(cumr,40)),60))",11,-1.0,-0.02887755966745317,-0.6822269240031523,-5.949971762742341,4,-0.04518742596066775,-0.015883699442313697,-0.026864690147340296,-0.038638051599264145,-0.02437867030052335,-3.8054649611015163,0.987411729894901,"passed, not chosen (corr / cap)"
253,"mul(mul(ts_min(cs_rank(ts_z(cl,5)),20),uplim),ts_min(cs_rank(ts_z(cumr,40)),60))",11,-1.0,-0.02887755966745317,-0.6822269240031523,-5.949971762742341,4,-0.04518742596066775,-0.015883699442313697,-0.026864690147340296,-0.038638051599264145,-0.02437867030052335,-3.8054649611015163,0.987411729894901,"passed, not chosen (corr / cap)"
255,"mul(uplim,mul(ts_min(cs_rank(ts_z(cl,5)),60),ts_min(cs_rank(ts_z(cumr,40)),60)))",11,-1.0,-0.028825719684828072,-0.682021082492974,-5.944602224218821,4,-0.04518742025384006,-0.01586615961815159,-0.02672741698101163,-0.038638051599264145,-0.024193511851730624,-3.5988368098735783,0.9880888704271675,"passed, not chosen (corr / cap)"
256,"mul(ts_min(cs_rank(ts_z(cl,5)),60),mul(uplim,ts_min(cs_rank(ts_z(cumr,40)),60)))",11,-1.0,-0.028825719684828072,-0.682021082492974,-5.944602224218821,4,-0.04518742025384006,-0.01586615961815159,-0.02672741698101163,-0.038638051599264145,-0.024193511851730624,-3.5988368098735783,0.9880888704271675,"passed, not chosen (corr / cap)"
171,"mul(div(ts_delay(cl,5),ts_min(lcap,20)),div(uplim,cs_rank(div(uplim,ts_delay(ret,60)))))",13,-1.0,-0.02883833404362807,-0.6856664510661646,-5.941385197121676,4,-0.04405635894727311,-0.019721116005675866,-0.02406262274365872,-0.038673680275678635,-0.023036914526151038,-4.420058425172219,0.9479668713262281,"passed, not chosen (corr / cap)"
133,"mul(div(ts_delay(cl,5),lmoney),div(uplim,cs_rank(div(uplim,ts_delay(ret,60)))))",12,-1.0,-0.028841455192951015,-0.6857939896122617,-5.941344132264349,4,-0.04406179054575558,-0.019720816194312648,-0.024067147872410714,-0.038673680275678635,-0.023060798873457144,-4.4332534073338055,0.9479668713262281,"passed, not chosen (corr / cap)"
172,"mul(div(ts_delay(cl,5),ts_min(iret,20)),div(uplim,cs_rank(div(uplim,ts_delay(ret,60)))))",13,1.0,0.028839897628704547,0.6856601036278314,5.941278781852442,4,0.04406178942493474,0.019717719068285077,0.02406569791957736,0.038673680275678635,0.023089519561321107,4.446318634055724,0.9479611810696544,"passed, not chosen (corr / cap)"
168,"mul(div(ts_delay(cl,5),ts_delay(lmoney,5)),mul(uplim,cs_rank(div(uplim,ts_delay(ret,60)))))",13,-1.0,-0.028838786245390498,-0.6858455804703361,-5.939454158175469,4,-0.04405552406832511,-0.019712547027738767,-0.024073263541795314,-0.038673680275678635,-0.022938884478413833,-4.344778391067647,0.9479725615828017,"passed, not chosen (corr / cap)"
246,"mul(ts_min(cs_rank(ts_z(cl,5)),20),div(uplim,ts_min(cs_rank(ts_z(cumr,40)),60)))",11,-1.0,-0.028983134823696067,-0.6839275678722773,-5.932200703845199,4,-0.04531484659998975,-0.01593710701742496,-0.027007959950715303,-0.03854487091302872,-0.024344041095381335,-3.8185032732643385,0.9763199972686768,"passed, not chosen (corr / cap)"
324,"mul(ts_min(ts_min(cs_rank(ts_z(cl,5)),60),20),mul(uplim,ts_min(cs_rank(ts_z(cumr,40)),60)))",12,-1.0,-0.028679789814632387,-0.6780857866183486,-5.931900422490849,4,-0.045158917748151305,-0.015440305280767811,-0.026758431526832282,-0.038681887090206146,-0.02344905170188709,-3.5521267879178167,0.9835622713228139,"passed, not chosen (corr / cap)"
283,"mul(ts_min(ts_min(cs_rank(ts_z(cl,5)),20),20),div(uplim,ts_min(cs_rank(ts_z(cumr,40)),60)))",12,-1.0,-0.028908327301032842,-0.6829535464600223,-5.930610044049659,4,-0.04530150929039859,-0.015922858910366464,-0.02681089248508215,-0.03854487091302872,-0.02380881372040936,-3.5866239021361945,0.9755219387842198,"passed, not chosen (corr / cap)"
247,"mul(ts_min(cs_rank(ts_z(cl,5)),60),div(uplim,ts_min(cs_rank(ts_z(cumr,40)),60)))",11,-1.0,-0.02892667065684994,-0.683624869619088,-5.927820177509382,4,-0.045314473278344945,-0.01592367764813109,-0.026852884916588663,-0.03854487091302872,-0.024128881861023337,-3.602991386282362,0.9769814895953659,"passed, not chosen (corr / cap)"
278,"mul(ts_min(cs_rank(cs_rank(ts_z(cl,5))),60),div(uplim,ts_min(cs_rank(ts_z(cumr,40)),60)))",12,-1.0,-0.02892667065684994,-0.683624869619088,-5.927820177509382,4,-0.045314473278344945,-0.01592367764813109,-0.026852884916588663,-0.03854487091302872,-0.024128881861023337,-3.602991386282362,0.9769814895953659,"passed, not chosen (corr / cap)"
99,"div(div(uplim,ts_delay(cl,5)),cs_rank(div(uplim,ts_delay(ret,60))))",10,-1.0,-0.02876221510096874,-0.682703234604447,-5.91882559252822,4,-0.04406545216463403,-0.019657294111675584,-0.023895993429468944,-0.038673680275678635,-0.023040414612107683,-4.475048015906381,0.9070738424595565,"passed, not chosen (corr / cap)"
100,"div(div(uplim,cs_rank(div(uplim,ts_delay(ret,60)))),ts_delay(cl,5))",10,-1.0,-0.02876221510096874,-0.682703234604447,-5.91882559252822,4,-0.04406545216463403,-0.019657294111675584,-0.023895993429468944,-0.038673680275678635,-0.023040414612107683,-4.475048015906381,0.9070738424595565,"passed, not chosen (corr / cap)"
116,"div(div(uplim,ts_delay(cl,5)),cs_rank(cs_rank(div(uplim,ts_delay(ret,60)))))",11,-1.0,-0.02876221510096874,-0.682703234604447,-5.91882559252822,4,-0.04406545216463403,-0.019657294111675584,-0.023895993429468944,-0.038673680275678635,-0.023040414612107683,-4.475048015906381,0.9070738424595565,"passed, not chosen (corr / cap)"
144,"mul(div(uplim,ts_delay(cl,5)),div(uplim,cs_rank(div(uplim,ts_delay(ret,60)))))",12,-1.0,-0.02876221510096874,-0.682703234604447,-5.91882559252822,4,-0.04406545216463403,-0.019657294111675584,-0.023895993429468944,-0.038673680275678635,-0.023040414612107683,-4.475048015906381,0.9070738424595565,"passed, not chosen (corr / cap)"
101,"div(div(uplim,cs_rank(div(cl,ts_delay(ret,60)))),ts_delay(cl,5))",10,-1.0,-0.028756019245906515,-0.6825358632807468,-5.918625826549319,4,-0.04406357991651425,-0.019658010727143845,-0.023878869940526782,-0.038673680275678635,-0.024593633684245022,-4.962459895804235,0.9070012916882422,"passed, not chosen (corr / cap)"
98,"mul(div(uplim,ts_delay(cl,5)),cs_rank(div(uplim,ts_delay(ret,60))))",10,-1.0,-0.02876032887491432,-0.6827788798279253,-5.9169410116427095,4,-0.0440591571266446,-0.019648737008101307,-0.02390470828715479,-0.038673680275678635,-0.02291563683945053,-4.381578592874919,0.9070781101519868,"passed, not chosen (corr / cap)"
338,"mul(ts_min(cs_rank(ts_z(cl,5)),20),mul(uplim,ts_min(cs_rank(ts_z(lcap,5)),60)))",11,-1.0,-0.028672369783775468,-0.6726703353181196,-5.9073332529573275,4,-0.04424204060342163,-0.01528558671214761,-0.02739742892057014,-0.038638051599264145,-0.022045048313182696,-3.5564819493259514,0.9874245329721917,"passed, not chosen (corr / cap)"
108,"mul(div(ts_delay(cl,5),ts_min(oret,20)),div(uplim,cs_rank(div(vwapc,ts_delay(ret,60)))))",13,1.0,0.02901436585561398,0.6943796744779723,5.905439170000274,4,0.04636320269756569,0.020313731876667587,0.022387579676932563,0.038663338869810104,0.02460789663547819,4.89529194679014,0.9473580138728456,"passed, not chosen (corr / cap)"
92,"mul(div(uplim,cs_rank(div(uplim,ts_delay(ret,60)))),ts_min(cs_rank(cs_rank(ts_decay(lmoney,5))),20))",13,-1.0,-0.029388506397554994,-0.6969300241708596,-5.890738569295228,4,-0.04367141203507112,-0.018063876481142407,-0.027285470893340453,-0.038696806877851486,-0.0211701657242057,-3.5351485665157805,0.9443478681453746,"passed, not chosen (corr / cap)"
176,"mul(div(uplim,ts_min(oret,20)),cs_rank(div(vwapc,ts_delay(ret,60))))",10,1.0,0.028777284969498093,0.6730105390202739,5.872489931571994,4,0.04585161850833253,0.01842323005628571,0.02363805509566401,0.03865469619631767,0.02283979539775796,3.908067077420732,0.9475159184927648,"passed, not chosen (corr / cap)"
179,"mul(mul(uplim,cs_rank(div(div(uplim,lcap),ts_delay(ret,60)))),ts_min(cs_z(ts_delay(lmoney,5)),10))",14,1.0,0.02954884947434164,0.6872956933165011,5.8625749025704526,4,0.04249798067402035,0.02020817557027801,0.025974060050211845,0.038690827786922455,0.020931058419360354,3.404695415838111,0.9462612169182708,"passed, not chosen (corr / cap)"
142,"mul(mul(uplim,cs_rank(div(div(uplim,lcap),ts_delay(ret,60)))),ts_min(cs_z(lmoney),10))",13,1.0,0.029551409298889258,0.687306569034533,5.862206489590694,4,0.042500338121905595,0.020206416599165174,0.02598092097323388,0.038690827786922455,0.0209148123098368,3.3937982567279663,0.9463451482027324,"passed, not chosen (corr / cap)"
32,"div(div(uplim,cs_rank(div(uplim,ts_delay(ret,60)))),cs_rank(ts_delay(cs_rank(abs(cumr)),60)))",13,-1.0,-0.030053088450322635,-0.7083165061653242,-5.854773577024281,4,-0.045056108362547566,-0.019061175150757965,-0.026628552260808645,-0.03875282034277916,-0.020666338672692127,-3.537451021089536,0.9263524317311468,"passed, not chosen (corr / cap)"
16,"mul(cs_rank(div(uplim,ts_delay(ret,60))),mul(uplim,ts_delay(cs_rank(abs(cumr)),60)))",12,-1.0,-0.030039414783120798,-0.7081062132179254,-5.851049529790082,4,-0.045072575642615964,-0.019046592846279964,-0.02658774774055928,-0.03875282034277916,-0.020609734698452734,-3.4854782493922256,0.9268332584116218,"passed, not chosen (corr / cap)"
135,"div(uplim,cs_rank(div(cl,ts_delay(ret,60))))",7,-1.0,-0.02862176972926439,-0.6653294766107807,-5.842249278123703,4,-0.04369720464827433,-0.01783652704177132,-0.025316868264995077,-0.038673680275678635,-0.022762746656346217,-3.8530294911076752,0.9479796744035188,"passed, not chosen (corr / cap)"
178,"div(div(uplim,ts_delay(cs_rank(ts_delay(cl,5)),60)),cs_rank(div(ret,ts_delay(ret,60))))",12,-1.0,-0.029172903741313917,-0.6796461243577876,-5.840539872439801,4,-0.04507271851458506,-0.01854295446537435,-0.024854108385339965,-0.038907501846551895,-0.02179699760387864,-3.73982387673699,0.9263410512179994,"passed, not chosen (corr / cap)"
136,"mul(cs_rank(div(cl,ts_delay(ret,60))),uplim)",7,-1.0,-0.02861455878696385,-0.665219134797681,-5.839905371934749,4,-0.04368299602348533,-0.017821562742385284,-0.02532371813340076,-0.038673680275678635,-0.02267692405567096,-3.776106188634826,0.9480607605596937,"passed, not chosen (corr / cap)"
18,"mul(div(ts_delay(cl,5),ts_min(oret,20)),div(uplim,cs_rank(div(uplim,ts_delay(ret,60)))))",13,1.0,0.029632331074038842,0.7111758742302576,5.824802455282309,4,0.04633827483286785,0.020320627165492624,0.024062357172369958,0.03865469619631767,0.023179127711732434,4.500659221549758,0.9474220292592993,"passed, not chosen (corr / cap)"
194,"mul(div(uplim,cs_rank(div(uplim,ts_delay(ret,60)))),ts_delay(ts_delay(lmoney,10),60))",11,-1.0,-0.02883371255224726,-0.6741791264641895,-5.823160587581649,4,-0.0436951529149194,-0.018486772966342886,-0.025291874397582577,-0.038673680275678635,-0.021154117067767816,-3.538791082061162,0.9468060589851997,"passed, not chosen (corr / cap)"
17,"mul(div(ts_delay(cl,5),ts_min(oret,20)),mul(uplim,cs_rank(div(uplim,ts_delay(ret,60)))))",13,1.0,0.02963089426650248,0.7113032349273621,5.822965399420822,4,0.04633742089473261,0.020313637757208198,0.024065931304357947,0.03865469619631767,0.023042665530909907,4.407079005740453,0.947427719515873,"passed, not chosen (corr / cap)"
192,"div(div(uplim,cs_rank(div(uplim,ts_delay(ret,60)))),cs_rank(ts_delay(ret,60)))",11,-1.0,-0.02884505390022241,-0.6742819926958334,-5.822801055066232,4,-0.043687973377908494,-0.018496688136913103,-0.0253219325688905,-0.038673680275678635,-0.02122916344299235,-3.5810254322980857,0.9478203472194561,"passed, not chosen (corr / cap)"
145,"div(div(uplim,cs_rank(div(uplim,ts_delay(ret,60)))),cs_rank(iret))",10,-1.0,-0.028847750818240456,-0.6745179971970121,-5.822502453620189,4,-0.043688995733317186,-0.018497359373962834,-0.025328251272987795,-0.038673680275678635,-0.02125960751859979,-3.601565344646793,0.9480081256863871,"passed, not chosen (corr / cap)"
157,"div(div(uplim,cs_rank(div(uplim,ts_delay(ret,60)))),cs_rank(lprice))",10,-1.0,-0.028840927222627214,-0.6743217231200354,-5.822343934463471,4,-0.04369152362019993,-0.01849240378828208,-0.025310807838561197,-0.038673680275678635,-0.021185760750350627,-3.5577446159532986,0.9480223513278214,"passed, not chosen (corr / cap)"
162,"div(div(uplim,cs_rank(div(uplim,ts_delay(ret,60)))),ts_min(vwapc,20))",10,1.0,0.028840209496750806,0.6742454276351391,5.822042728928259,4,0.04369048172969649,0.018493231995414722,0.02530882884656974,0.038673680275678635,0.021248320363123307,3.5961826880442533,0.94805507030312,"passed, not chosen (corr / cap)"
122,"div(div(uplim,turn),cs_rank(div(uplim,ts_delay(ret,60))))",9,-1.0,-0.028843307496863417,-0.6743243573208987,-5.821937789014706,4,-0.04369127287645824,-0.018489197993367984,-0.025321245517618225,-0.038673680275678635,-0.02131553851914677,-3.6288731609608136,0.94805507030312,"passed, not chosen (corr / cap)"
190,"mul(div(uplim,cs_rank(div(uplim,ts_delay(ret,60)))),div(uplim,turn))",11,-1.0,-0.028843307496863417,-0.6743243573208987,-5.821937789014706,4,-0.04369127287645824,-0.018489197993367984,-0.025321245517618225,-0.038673680275678635,-0.02131553851914677,-3.6288731609608136,0.94805507030312,"passed, not chosen (corr / cap)"
160,"div(div(uplim,cs_rank(div(uplim,ts_delay(ret,60)))),ts_delay(lmoney,60))",10,-1.0,-0.02884201600701393,-0.6742978383008706,-5.821548109929893,4,-0.04369025313768516,-0.018495296950990735,-0.02531228781969962,-0.038673680275678635,-0.02125479667870836,-3.593431861765992,0.94805507030312,"passed, not chosen (corr / cap)"
158,"div(div(uplim,cs_rank(div(uplim,ts_delay(ret,60)))),ts_min(ch,20))",10,1.0,0.02884293224934178,0.6743207585373657,5.821509746820364,4,0.04368809754390547,0.0184925245189601,0.025319741609707184,0.038673680275678635,0.02128201862797141,3.610707944524785,0.94805507030312,"passed, not chosen (corr / cap)"
189,"div(div(uplim,cs_rank(div(uplim,ts_delay(ret,60)))),ts_min(ts_delay(lmoney,5),20))",11,-1.0,-0.028841082536188577,-0.6743398358313273,-5.821418962662822,4,-0.043696980021195486,-0.01849345501407287,-0.02530518496938634,-0.038673680275678635,-0.021191894152963704,-3.564623626074045,0.9480095482505306,"passed, not chosen (corr / cap)"
159,"mul(div(uplim,cs_rank(div(uplim,ts_delay(ret,60)))),ts_delay(lmoney,5))",10,-1.0,-0.028841812454047613,-0.6743041489951124,-5.821372930043919,4,-0.04369278827699476,-0.018487501443208505,-0.02531714833743286,-0.038673680275678635,-0.02117367655208165,-3.5503359731723787,0.9479668713262281,"passed, not chosen (corr / cap)"
199,"mul(div(uplim,cs_rank(div(uplim,ts_delay(ret,60)))),ts_min(ts_delay(ret,60),20))",11,1.0,0.02882382832443303,0.6738540089474211,5.821090303480474,4,0.043691608125184155,0.018483515607430508,0.02526932726522871,0.038673680275678635,0.021145771892571993,3.529456814424388,0.9472513215620892,"passed, not chosen (corr / cap)"
124,"mul(div(uplim,cs_rank(div(uplim,ts_delay(ret,60)))),ret)",9,-1.0,-0.0288411741721211,-0.6743061263052504,-5.820854678049116,4,-0.04369059380359373,-0.018491503728928008,-0.02531329110976966,-0.038673680275678635,-0.02119308433241465,-3.5598490974521906,0.94805507030312,"passed, not chosen (corr / cap)"
125,"mul(ret,div(uplim,cs_rank(div(uplim,ts_delay(ret,60)))))",9,-1.0,-0.0288411741721211,-0.6743061263052504,-5.820854678049116,4,-0.04369059380359373,-0.018491503728928008,-0.02531329110976966,-0.038673680275678635,-0.02119308433241465,-3.5598490974521906,0.94805507030312,"passed, not chosen (corr / cap)"
195,"mul(div(uplim,cs_rank(div(uplim,ts_delay(ret,60)))),ts_delay(ts_min(vwapc,20),60))",11,1.0,0.028826750305549164,0.6740594531840228,5.820833559750075,4,0.043690010054907615,0.018481164730117454,0.025281744936079372,0.038673680275678635,0.021152880508452654,3.531148825148376,0.9472513215620892,"passed, not chosen (corr / cap)"
163,"div(div(uplim,cs_rank(div(uplim,ts_delay(ret,60)))),ts_delay(lmoney,5))",10,-1.0,-0.028838551207639587,-0.6742386870273465,-5.820678455096109,4,-0.04368683633312801,-0.018489115744801787,-0.02531142725937945,-0.038673680275678635,-0.021187731242654,-3.5603072824567557,0.9479668713262281,"passed, not chosen (corr / cap)"
196,"div(div(uplim,cs_rank(div(uplim,ts_delay(ret,60)))),ts_min(ts_delay(ret,60),20))",11,1.0,0.02882389893871732,0.6740296468768409,5.820648565986992,4,0.043689391096469334,0.018484770856779433,0.025270322849060976,0.038673680275678635,0.021268645631657406,3.6028220186670086,0.9472513215620892,"passed, not chosen (corr / cap)"
146,"div(mul(uplim,cs_rank(div(uplim,ts_delay(ret,60)))),cs_rank(iret))",10,-1.0,-0.028842963791951965,-0.6745097374144464,-5.820647618868495,4,-0.04368229820527709,-0.018490271799165903,-0.025327431590424155,-0.038673680275678635,-0.021151472264054148,-3.513696894880001,0.9480138159429609,"passed, not chosen (corr / cap)"
126,"mul(div(uplim,cs_rank(div(uplim,ts_delay(ret,60)))),lmoney)",9,-1.0,-0.02883813535658798,-0.6742439924096957,-5.8206002419144385,4,-0.04368806631301847,-0.018487044912534674,-0.02531114148943886,-0.038673680275678635,-0.021176041044633498,-3.549801819249744,0.94805507030312,"passed, not chosen (corr / cap)"
193,"mul(div(uplim,cs_rank(div(uplim,ts_delay(ret,60)))),ts_delay(ts_min(oret,20),60))",11,1.0,0.028831194488254067,0.6741854928370127,5.820559620033968,4,0.04369878069066661,0.018482252222704974,0.025285645826336217,0.038673680275678635,0.02112745794213631,3.5181431169041844,0.9472513215620892,"passed, not chosen (corr / cap)"
153,"div(div(uplim,cs_rank(div(uplim,ts_delay(ret,60)))),ts_min(turn,20))",10,-1.0,-0.028843789117915245,-0.6743657807097695,-5.820512755683791,4,-0.043689584487707336,-0.01848471682523286,-0.025328699184362504,-0.038673680275678635,-0.02124941624193029,-3.5949026876926373,0.94805507030312,"passed, not chosen (corr / cap)"
186,"div(div(uplim,cs_rank(div(uplim,ts_delay(ret,60)))),ts_min(abs(turn),20))",11,-1.0,-0.028843789117915245,-0.6743657807097695,-5.820512755683791,4,-0.043689584487707336,-0.01848471682523286,-0.025328699184362504,-0.038673680275678635,-0.02124941624193029,-3.5949026876926373,0.94805507030312,"passed, not chosen (corr / cap)"
188,"mul(div(uplim,cs_rank(div(uplim,ts_delay(ret,60)))),ts_delay(slog(lmoney),60))",11,-1.0,-0.028840963634235474,-0.6743441345077548,-5.820400028952461,4,-0.04369486778159626,-0.01848545896149624,-0.02531477788408451,-0.038673680275678635,-0.02116913025860082,-3.546176413178135,0.94805507030312,"passed, not chosen (corr / cap)"
121,"div(uplim,cs_rank(div(uplim,ts_delay(mul(lprice,ret),60))))",9,-1.0,-0.0288420709798811,-0.6743877954182275,-5.820332596472052,4,-0.043696465851872805,-0.018487858641938325,-0.025314162371168826,-0.038673680275678635,-0.02145935085302751,-3.5134569746744417,0.94805507030312,"passed, not chosen (corr / cap)"
182,"mul(mul(uplim,cs_rank(div(uplim,ts_delay(ret,60)))),cs_rank(ts_delay(vwapc,10)))",11,-1.0,-0.02884308165082378,-0.6746256403370997,-5.820331112382553,4,-0.043674778825701886,-0.018489680235849366,-0.025335299421795736,-0.038673680275678635,-0.021077430188994516,-3.4683068935090717,0.9479597585055111,"passed, not chosen (corr / cap)"
155,"mul(div(uplim,cs_rank(div(uplim,ts_delay(ret,60)))),ts_delay(lmoney,60))",10,-1.0,-0.02884153808641713,-0.6743487312287131,-5.820296553027006,4,-0.04369486778159626,-0.01848545896149624,-0.02531646744932468,-0.038673680275678635,-0.02115037338808179,-3.5414994955934507,0.94805507030312,"passed, not chosen (corr / cap)"
152,"div(uplim,cs_rank(div(div(uplim,cs_rank(ret)),ts_delay(ret,60))))",10,-1.0,-0.028841749704636942,-0.6743888101498378,-5.820216629732913,4,-0.043696465851872805,-0.01848858887188173,-0.025312487214036724,-0.038673680275678635,-0.02119129490615292,-3.556950665174701,0.9480152385071043,"passed, not chosen (corr / cap)"
187,"mul(div(uplim,cs_rank(div(uplim,ts_delay(ret,60)))),ts_min(ts_min(oret,20),20))",11,1.0,0.02884247175063744,0.6743545030345944,5.820169982110523,4,0.04369057085909361,0.01847934653279463,0.025329285858235524,0.038673680275678635,0.02106508298523047,3.4925817091270512,0.9478701369644758,"passed, not chosen (corr / cap)"
87,"div(uplim,cs_rank(div(uplim,ts_delay(ret,60))))",7,-1.0,-0.028842973226564938,-0.6744037741335562,-5.820125747978949,4,-0.043696465851872805,-0.018489599156001693,-0.025315075523822624,-0.038673680275678635,-0.021187643715265124,-3.554976557996532,0.94805507030312,"passed, not chosen (corr / cap)"
104,"div(uplim,cs_rank(div(ts_delta(uplim,60),ts_delay(ret,60))))",8,-1.0,-0.028842973226564938,-0.6744037741335562,-5.820125747978949,4,-0.043696465851872805,-0.018489599156001693,-0.025315075523822624,-0.038673680275678635,-0.021187885859134524,-3.5550472344009507,0.9480522251748331,"passed, not chosen (corr / cap)"
105,"slog(div(uplim,cs_rank(div(uplim,ts_delay(ret,60)))))",8,-1.0,-0.028842973226564938,-0.6744037741335562,-5.820125747978949,4,-0.043696465851872805,-0.018489599156001693,-0.025315075523822624,-0.038673680275678635,-0.021187643715265124,-3.554976557996532,0.94805507030312,"passed, not chosen (corr / cap)"
106,"div(uplim,cs_rank(cs_rank(div(uplim,ts_delay(ret,60)))))",8,-1.0,-0.028842973226564938,-0.6744037741335562,-5.820125747978949,4,-0.043696465851872805,-0.018489599156001693,-0.025315075523822624,-0.038673680275678635,-0.021187643715265124,-3.554976557996532,0.94805507030312,"passed, not chosen (corr / cap)"
119,"mul(uplim,div(uplim,cs_rank(div(uplim,ts_delay(ret,60)))))",9,-1.0,-0.028842973226564938,-0.6744037741335562,-5.820125747978949,4,-0.043696465851872805,-0.018489599156001693,-0.025315075523822624,-0.038673680275678635,-0.021187643715265124,-3.554976557996532,0.94805507030312,"passed, not chosen (corr / cap)"
150,"div(div(uplim,cs_rank(div(uplim,ts_delay(ret,60)))),cs_rank(dnlim))",10,-1.0,-0.028842973226564938,-0.6744037741335562,-5.820125747978949,4,-0.043696465851872805,-0.018489599156001693,-0.025315075523822624,-0.038673680275678635,-0.021187643715265124,-3.554976557996532,0.94805507030312,"passed, not chosen (corr / cap)"
151,"mul(div(uplim,cs_rank(div(uplim,ts_delay(ret,60)))),cs_rank(uplim))",10,-1.0,-0.028842973226564938,-0.6744037741335562,-5.820125747978949,4,-0.043696465851872805,-0.018489599156001693,-0.025315075523822624,-0.038673680275678635,-0.021187643715265124,-3.554976557996532,0.94805507030312,"passed, not chosen (corr / cap)"
185,"div(div(uplim,cs_rank(div(uplim,ts_delay(ret,60)))),cs_rank(ts_min(uplim,20)))",11,-1.0,-0.028842973226564938,-0.6744037741335562,-5.820125747978949,4,-0.043696465851872805,-0.018489599156001693,-0.025315075523822624,-0.038673680275678635,-0.021187643715265124,-3.554976557996532,0.94805507030312,"passed, not chosen (corr / cap)"
156,"mul(ts_min(lcap,10),div(uplim,cs_rank(div(uplim,ts_delay(ret,60)))))",10,-1.0,-0.028844031926128083,-0.6743397972187757,-5.820030537276026,4,-0.043690482203407766,-0.018485227409138473,-0.025328075435633462,-0.038673680275678635,-0.021266203009608117,-3.6016810073843755,0.9480308867126819,"passed, not chosen (corr / cap)"
161,"mul(div(uplim,cs_rank(div(uplim,ts_delay(ret,60)))),ts_delay(lprice,60))",10,-1.0,-0.028842403576588065,-0.6742807694488249,-5.8199891224564615,4,-0.04369092471933208,-0.01848545896149624,-0.02532264681112971,-0.038673680275678635,-0.021184184681624176,-3.5527061729649563,0.94805507030312,"passed, not chosen (corr / cap)"
127,"mul(turn,div(uplim,cs_rank(div(uplim,ts_delay(ret,60)))))",9,-1.0,-0.028838883798137736,-0.6742353558303718,-5.819932420826389,4,-0.0436917986565838,-0.01848856030219216,-0.025308387787720443,-0.038673680275678635,-0.02110988689925183,-3.512445743112328,0.94805507030312,"passed, not chosen (corr / cap)"
154,"mul(div(uplim,cs_rank(div(uplim,ts_delay(ret,60)))),ts_min(vwapc,20))",10,1.0,0.028842089804578183,0.674362214818931,5.81991227683799,4,0.04368943778195473,0.01848650710684631,0.025322046121765,0.038673680275678635,0.021161979055878792,3.53796644476,0.94805507030312,"passed, not chosen (corr / cap)"
123,"mul(lprice,div(uplim,cs_rank(div(uplim,ts_delay(ret,60)))))",9,-1.0,-0.02884397023500545,-0.6743098591184934,-5.819875054132387,4,-0.043691822435032515,-0.01848704111419947,-0.025324845170675247,-0.038673680275678635,-0.02122321608899669,-3.57286659133316,0.94805507030312,"passed, not chosen (corr / cap)"
183,"mul(div(uplim,cs_rank(div(uplim,ts_delay(ret,60)))),ts_min(ts_z(ret,5),20))",11,1.0,0.028847815437475218,0.6744949949086556,5.819857231491384,4,0.0436963538176063,0.018485392295463265,0.025333627428421202,0.038673680275678635,0.021236984491009605,3.587009125384592,0.94805507030312,"passed, not chosen (corr / cap)"
147,"mul(cs_rank(div(uplim,ts_delay(ret,60))),div(uplim,ts_min(vwapc,20)))",10,1.0,0.02884217776164102,0.6744539985812761,5.819837037141969,4,0.04368842766803511,0.018486397530353974,0.02532334528479944,0.038673680275678635,0.021142281363294883,3.5088459920854635,0.9480607605596937,"passed, not chosen (corr / cap)"
148,"div(div(uplim,cs_rank(div(uplim,ts_delay(ret,60)))),cs_rank(oret))",10,-1.0,-0.028844081767407867,-0.6744320625927986,-5.819814332684805,4,-0.04369669475907242,-0.018490284463326793,-0.025317439677047672,-0.038673680275678635,-0.02111279262568463,-3.5145360204643175,0.9480052805581004,"passed, not chosen (corr / cap)"
184,"div(div(uplim,cs_rank(div(uplim,ts_delay(ret,60)))),cs_rank(cs_rank(oret)))",11,-1.0,-0.028844081767407867,-0.6744320625927986,-5.819814332684805,4,-0.04369669475907242,-0.018490284463326793,-0.025317439677047672,-0.038673680275678635,-0.02111279262568463,-3.5145360204643175,0.9480052805581004,"passed, not chosen (corr / cap)"
85,"mul(uplim,cs_rank(div(uplim,ts_delay(ret,60))))",7,-1.0,-0.02884129506368481,-0.6744127379012878,-5.8196208171955215,4,-0.04368140048957665,-0.01848330535108735,-0.025330317320813443,-0.038673680275678635,-0.021116650553250856,-3.491951703872588,0.9480607605596937,"passed, not chosen (corr / cap)"
86,"mul(cs_rank(div(uplim,ts_delay(ret,60))),uplim)",7,-1.0,-0.02884129506368481,-0.6744127379012878,-5.8196208171955215,4,-0.04368140048957665,-0.01848330535108735,-0.025330317320813443,-0.038673680275678635,-0.021116650553250856,-3.491951703872588,0.9480607605596937,"passed, not chosen (corr / cap)"
102,"abs(mul(cs_rank(div(uplim,ts_delay(ret,60))),uplim))",8,-1.0,-0.02884129506368481,-0.6744127379012878,-5.8196208171955215,4,-0.04368140048957665,-0.01848330535108735,-0.025330317320813443,-0.038673680275678635,-0.021116650553250856,-3.491951703872588,0.9480607605596937,"passed, not chosen (corr / cap)"
103,"mul(uplim,cs_rank(cs_rank(div(uplim,ts_delay(ret,60)))))",8,-1.0,-0.02884129506368481,-0.6744127379012878,-5.8196208171955215,4,-0.04368140048957665,-0.01848330535108735,-0.025330317320813443,-0.038673680275678635,-0.021116650553250856,-3.491951703872588,0.9480607605596937,"passed, not chosen (corr / cap)"
149,"mul(cs_rank(div(uplim,ts_delay(ret,60))),div(uplim,ts_min(lmoney,20)))",10,-1.0,-0.028840747629171045,-0.6744167035287438,-5.819613902333605,4,-0.04368232990987537,-0.018487445545592802,-0.025323710500207895,-0.038673680275678635,-0.021118010335009207,-3.493104431394542,0.9480607605596937,"passed, not chosen (corr / cap)"
143,"div(div(uplim,cs_rank(div(uplim,ts_delay(ret,60)))),ts_rank(oret,40))",10,-1.0,-0.028835485816040698,-0.6746921825412079,-5.818735765403013,4,-0.04371260188983139,-0.018427418126021604,-0.025339543193980466,-0.038715556263923645,-0.020979850768873636,-3.4527955041935243,0.928419417431532,"passed, not chosen (corr / cap)"
191,"mul(cs_rank(div(uplim,ts_delay(ret,60))),mul(uplim,ts_delay(ts_min(oret,20),60)))",11,1.0,0.028829288764924663,0.674290139786604,5.818710909002117,4,0.043688356694783964,0.01847499913727755,0.025296900270725873,0.038673680275678635,0.02101561509242112,3.432784197781951,0.947257011818663,"passed, not chosen (corr / cap)"
120,"mul(mul(uplim,cs_rank(div(uplim,ts_delay(ret,60)))),lmoney)",9,-1.0,-0.028838243827412954,-0.6743910940044349,-5.818480241389169,4,-0.043681090260082434,-0.01847919350713674,-0.025325740838204238,-0.038673680275678635,-0.021105423764410346,-3.4826749972020203,0.9480607605596937,"passed, not chosen (corr / cap)"
164,"mul(div(uplim,abs(cumr)),cs_rank(div(uplim,ts_delay(ret,60))))",10,-1.0,-0.02883222044406769,-0.6741658963542823,-5.811468181783572,4,-0.04368010921988319,-0.01847007570847613,-0.025320774177089334,-0.03853458911180496,-0.02064600533975119,-3.4230703306496277,0.9453280148401891,"passed, not chosen (corr / cap)"
93,"div(div(uplim,cs_rank(div(uplim,ts_delay(ret,60)))),ts_min(ts_delay(cs_rank(mul(vwapc,cl)),60),10))",14,-1.0,-0.02953420202917585,-0.7006494814934777,-5.807513246801461,4,-0.044731131985115455,-0.01854992802587471,-0.02613305509556085,-0.03876219689846039,-0.020964349505745553,-3.564064903191629,0.9243323906474943,"passed, not chosen (corr / cap)"
117,"div(div(uplim,cs_rank(div(uplim,ts_delay(ret,60)))),ts_min(ts_delay(cs_rank(mul(vwapc,ret)),60),10))",14,-1.0,-0.029342542148086764,-0.6945736040994511,-5.796876787990431,4,-0.04471646152112795,-0.018517433976925606,-0.025618646792136133,-0.03876731917262077,-0.020353749906644226,-3.444715335760613,0.9240990901279739,"passed, not chosen (corr / cap)"
177,"div(div(uplim,cs_rank(div(uplim,ts_delay(ret,60)))),ts_min(cs_rank(cs_rank(ts_delay(ret,60))),20))",13,-1.0,-0.02906002697567896,-0.6845839498383854,-5.795383428167267,4,-0.043027524337261674,-0.01896580566652119,-0.025835702465847134,-0.038514941930770874,-0.02081263265572488,-3.427688283069486,0.9392052987669214,"passed, not chosen (corr / cap)"
203,"mul(ts_min(cs_rank(ts_z(cl,5)),20),mul(ts_max(ts_delay(ret,3),5),div(uplim,ts_max(ts_z(ch,5),5))))",14,-1.0,-0.029873335782821298,-0.7137720273101186,-5.785873347510314,4,-0.04717103901574013,-0.017185310919896935,-0.025687984079122542,-0.03864273056387901,-0.03203877542521162,-5.010568440930273,0.99609932911875,"passed, not chosen (corr / cap)"
53,"mul(div(uplim,cs_rank(div(uplim,ts_delay(ret,60)))),ts_delay(ts_min(cs_rank(uplim),3),60))",12,-1.0,-0.029675170758496714,-0.7016209612674843,-5.7714475693470435,4,-0.04510216762909018,-0.01855360412238432,-0.026199915949255227,-0.03875282034277916,-0.020731432067061014,-3.573859252145682,0.927232998935922,"passed, not chosen (corr / cap)"
180,"div(div(uplim,cs_rank(div(div(uplim,cumr),ts_delay(ret,60)))),ts_min(oret,20))",12,1.0,0.028986168005363213,0.6789501640305137,5.771109652119799,4,0.04552347688812814,0.01920904893995612,0.02340957291387752,0.03851533308625221,0.02151572521318469,3.6872782009717664,0.9447732148242565,"passed, not chosen (corr / cap)"
77,"div(div(uplim,cs_rank(div(uplim,ts_delay(ret,60)))),ts_min(ts_delay(cs_rank(ts_min(hl,10)),60),10))",13,-1.0,-0.029694258295197347,-0.7017931129380577,-5.7695049988702465,4,-0.04512128447253338,-0.01854635760359162,-0.02624487567227334,-0.03876731917262077,-0.0207605588842522,-3.5887503371409366,0.9258360409470863,"passed, not chosen (corr / cap)"
50,"div(div(uplim,cs_rank(div(uplim,ts_delay(ret,60)))),ts_min(ts_delay(cs_rank(uplim),60),10))",12,-1.0,-0.029692205734397858,-0.7018238858137377,-5.766724990053241,4,-0.0451349085804237,-0.01854115458946599,-0.02623144696932286,-0.03876731917262077,-0.020684083127839998,-3.541533940821862,0.9259740296689978,"passed, not chosen (corr / cap)"
43,"mul(cs_rank(div(uplim,ts_delay(ret,60))),mul(uplim,ts_delay(cs_rank(ts_delay(ret,60)),60)))",12,-1.0,-0.029793513600303065,-0.7031319541196889,-5.75782062867102,4,-0.04505970522017299,-0.018540118676040093,-0.02659775820095092,-0.03875282034277916,-0.020586773482235997,-3.4788186161717203,0.9256383045311513,"passed, not chosen (corr / cap)"
62,"mul(cs_rank(cs_rank(div(uplim,ts_delay(ret,60)))),mul(uplim,ts_delay(cs_rank(ts_delay(ret,60)),60)))",13,-1.0,-0.029793513600303065,-0.7031319541196889,-5.75782062867102,4,-0.04505970522017299,-0.018540118676040093,-0.02659775820095092,-0.03875282034277916,-0.020586773482235997,-3.4788186161717203,0.9256383045311513,"passed, not chosen (corr / cap)"
42,"mul(div(uplim,cs_rank(div(uplim,ts_delay(ret,60)))),ts_delay(cs_rank(ts_delay(lmoney,10)),60))",12,-1.0,-0.029805534312338886,-0.7032183503281224,-5.757802668592889,4,-0.045072279861652416,-0.018547420974402706,-0.026614133757539092,-0.03875282034277916,-0.020621305737983098,-3.511269900127016,0.9264036440403097,"passed, not chosen (corr / cap)"
24,"div(div(uplim,cs_rank(div(uplim,ts_delay(ret,60)))),ts_delay(cs_rank(turn),60))",11,-1.0,-0.029796685635954244,-0.7029678128936497,-5.757106200208015,4,-0.04506512330693152,-0.01855049455985047,-0.02659186753910035,-0.03875282034277916,-0.020772031948647716,-3.6044573024073148,0.9266440573805473,"passed, not chosen (corr / cap)"
59,"div(div(uplim,cs_rank(div(uplim,ts_delay(ret,60)))),ts_delay(cs_rank(mul(vwapc,cl)),60))",13,-1.0,-0.02980452661493423,-0.7033853895592009,-5.75693696616475,4,-0.045071100159396374,-0.018555895268574964,-0.02660397179890424,-0.03875282034277916,-0.020607461678710852,-3.5149398076792937,0.9266554378936946,"passed, not chosen (corr / cap)"
19,"mul(div(uplim,cs_rank(div(uplim,ts_delay(ret,60)))),ts_delay(cs_rank(iret),60))",11,-1.0,-0.029800462967489706,-0.7031214521624926,-5.756611779683297,4,-0.045073015748209364,-0.01854912297591111,-0.02659698045346886,-0.03875282034277916,-0.020686125331981615,-3.5443055119178646,0.9268275681550481,"passed, not chosen (corr / cap)"
22,"mul(div(uplim,cs_rank(div(uplim,ts_delay(ret,60)))),ts_delay(cs_rank(lmoney),60))",11,-1.0,-0.029801411417469205,-0.7031032699034732,-5.756290012582171,4,-0.04507390593062155,-0.018543249352512007,-0.0266046871105209,-0.03875282034277916,-0.02063442314551635,-3.515616206193344,0.9268275681550481,"passed, not chosen (corr / cap)"
140,"mul(uplim,cs_rank(div(div(uplim,ts_std(oret,5)),ts_delay(ret,60))))",10,-1.0,-0.029020961608315604,-0.675811218301325,-5.755867983895956,4,-0.04365889367266952,-0.01843283718568273,-0.02572017733701596,-0.03878437355160713,-0.023803115737709133,-3.7727188959462348,0.9446594096927831,"passed, not chosen (corr / cap)"
38,"div(div(uplim,ts_delay(cs_rank(ts_delay(cl,5)),60)),cs_rank(div(uplim,ts_delay(ret,60))))",12,-1.0,-0.02980567309216035,-0.7033142891904611,-5.755849371119285,4,-0.045070611943905846,-0.018542167060647388,-0.02661812868434936,-0.038907501846551895,-0.020674481818621807,-3.5432560426286224,0.9263965312195926,"passed, not chosen (corr / cap)"
36,"mul(mul(uplim,cs_rank(div(uplim,ts_delay(ret,60)))),ts_delay(cs_rank(ts_delay(vwapc,10)),60))",12,-1.0,-0.029808543206867124,-0.703379405982608,-5.755472969192692,4,-0.045067456932409426,-0.018546468720828393,-0.026628290032967926,-0.03875282034277916,-0.02059023972939361,-3.4734467435720804,0.9264093342968834,"passed, not chosen (corr / cap)"
65,"mul(cs_rank(div(uplim,ts_delay(ret,60))),mul(uplim,ts_delay(cs_rank(mul(vwapc,cl)),60)))",13,-1.0,-0.02979726674834949,-0.7029874352841933,-5.755437155202594,4,-0.04505893255713011,-0.018543791776637033,-0.026605828604660927,-0.03875282034277916,-0.02066905642436309,-3.504817724833942,0.9268332584116218,"passed, not chosen (corr / cap)"
33,"mul(cs_rank(div(uplim,ts_delay(ret,60))),mul(uplim,ts_delay(cs_rank(cumr),60)))",11,-1.0,-0.029673476731173425,-0.6999275298301838,-5.755386666728392,4,-0.04507017302840604,-0.018156157568933403,-0.02661390204448253,-0.03875282034277916,-0.02056138098917224,-3.450387798823209,0.9268332584116218,"passed, not chosen (corr / cap)"
40,"mul(mul(uplim,cs_rank(div(uplim,ts_delay(ret,60)))),ts_delay(cs_rank(ts_delay(lmoney,10)),60))",12,-1.0,-0.02980450483749474,-0.7032539011199518,-5.755264522628056,4,-0.04506835296089538,-0.01854268848249803,-0.026619378281757235,-0.03875282034277916,-0.020517787862230432,-3.426943170474986,0.9264093342968834,"passed, not chosen (corr / cap)"
44,"mul(cs_rank(div(uplim,ts_delay(ret,60))),mul(uplim,ts_delay(cs_rank(ts_min(uplim,20)),60)))",12,-1.0,-0.029798887208166328,-0.7031142652001696,-5.755190618078119,4,-0.045058253420511785,-0.018543791776637033,-0.026611185153014957,-0.03875282034277916,-0.020610632747411727,-3.481263427567001,0.9268332584116218,"passed, not chosen (corr / cap)"
80,"mul(mul(cs_rank(div(uplim,ts_delay(ret,60))),div(uplim,turn)),ts_delay(cs_rank(ts_delay(lmoney,10)),60))",14,-1.0,-0.02980861079293839,-0.7033808479146254,-5.755187109357954,4,-0.04506949658389203,-0.018543024214782884,-0.02662998652085662,-0.03875282034277916,-0.020578316954726523,-3.465046615536866,0.9264093342968834,"passed, not chosen (corr / cap)"
20,"mul(cs_rank(div(uplim,ts_delay(ret,60))),mul(uplim,ts_delay(cs_rank(uplim),60)))",11,-1.0,-0.029799329650178487,-0.7031129745259046,-5.755158536987194,4,-0.045058253420511785,-0.018544056956485217,-0.026612217207439243,-0.03875282034277916,-0.020584335855462335,-3.4661922973429204,0.9268332584116218,"passed, not chosen (corr / cap)"
63,"mul(mul(uplim,cs_rank(div(uplim,ts_delay(ret,60)))),ts_delay(cs_rank(div(uplim,lcap)),60))",13,-1.0,-0.029799329650178487,-0.7031129745259046,-5.755158536987194,4,-0.045058253420511785,-0.018544056956485217,-0.026612217207439243,-0.03875282034277916,-0.020583929256959396,-3.466094801731313,0.9268332584116218,"passed, not chosen (corr / cap)"
95,"mul(mul(cs_rank(div(uplim,ts_delay(ret,60))),div(uplim,ts_min(vwapc,20))),ts_delay(cs_rank(ts_delay(lmoney,10)),60))",15,1.0,0.02980734558563922,0.7033293401481846,5.755156594922011,4,0.04507199612208237,0.01854268720192949,0.026624322813004257,0.03875282034277916,0.020544852341779253,3.4422679159502105,0.9264093342968834,"passed, not chosen (corr / cap)"
45,"mul(cs_rank(div(uplim,ts_delay(ret,60))),mul(uplim,ts_delay(cs_rank(ts_min(oret,20)),60)))",12,-1.0,-0.029794859480430144,-0.7030774566332276,-5.754856199385564,4,-0.04505560899079959,-0.018543815572879145,-0.026601833743043243,-0.03875282034277916,-0.02067669276148081,-3.5245820968734307,0.9268332584116218,"passed, not chosen (corr / cap)"
64,"mul(cs_rank(cs_rank(div(uplim,ts_delay(ret,60)))),mul(uplim,ts_delay(cs_rank(ts_min(oret,20)),60)))",13,-1.0,-0.029794859480430144,-0.7030774566332276,-5.754856199385564,4,-0.04505560899079959,-0.018543815572879145,-0.026601833743043243,-0.03875282034277916,-0.02067669276148081,-3.5245820968734307,0.9268332584116218,"passed, not chosen (corr / cap)"
41,"mul(cs_rank(div(uplim,ts_delay(ret,60))),mul(uplim,ts_delay(cs_rank(abs(ch)),60)))",12,-1.0,-0.02980230290387687,-0.7032288886677718,-5.754855280233764,4,-0.04506570608646143,-0.01854823937411515,-0.02660994388628751,-0.03875282034277916,-0.020615855502811344,-3.48323162856905,0.9268332584116218,"passed, not chosen (corr / cap)"
21,"mul(cs_rank(div(uplim,ts_delay(ret,60))),mul(uplim,ts_delay(cs_rank(iret),60)))",11,-1.0,-0.029796744080033945,-0.703106291118966,-5.754515665750869,4,-0.045070428903589185,-0.01854502180667252,-0.026592520345002413,-0.03875282034277916,-0.02058027528903701,-3.457983164364979,0.9268332584116218,"passed, not chosen (corr / cap)"
39,"mul(cs_rank(div(uplim,ts_delay(ret,60))),mul(uplim,ts_delay(cs_rank(ts_min(vwapc,20)),60)))",12,-1.0,-0.029802016539527867,-0.7033112001933228,-5.754301372722151,4,-0.045069963581424774,-0.01854821749753794,-0.026605212246067822,-0.03875282034277916,-0.020639919506555252,-3.5097967958072367,0.9268332584116218,"passed, not chosen (corr / cap)"
60,"mul(cs_rank(div(uplim,ts_delay(ret,60))),mul(uplim,ts_delay(cs_rank(mul(ch,iret)),60)))",13,-1.0,-0.02980548976214877,-0.7033611169202123,-5.754241197208105,4,-0.045058253420511785,-0.018544056956485217,-0.026630204734392465,-0.03875282034277916,-0.0205902760848403,-3.4802576312637115,0.9268332584116218,"passed, not chosen (corr / cap)"
37,"mul(cs_rank(div(uplim,ts_delay(ret,60))),mul(uplim,ts_delay(cs_rank(abs(vwapc)),60)))",12,-1.0,-0.029802748656549416,-0.7033774858212525,-5.753577891135188,4,-0.045067901740169516,-0.018542037316959123,-0.02661530349869281,-0.03875282034277916,-0.02054928747767752,-3.4437332326464887,0.9268332584116218,"passed, not chosen (corr / cap)"
35,"mul(cs_rank(div(uplim,ts_delay(ret,60))),mul(uplim,ts_delay(cs_rank(abs(ret)),60)))",12,-1.0,-0.029803766061078235,-0.7033886255102805,-5.753527973951079,4,-0.04506664081038806,-0.018544010200290655,-0.026617500949651002,-0.03875282034277916,-0.020586158115078104,-3.46115804306626,0.9268332584116218,"passed, not chosen (corr / cap)"
61,"mul(cs_rank(cs_rank(div(uplim,ts_delay(ret,60)))),mul(uplim,ts_delay(cs_rank(ts_min(cl,20)),60)))",13,-1.0,-0.029802283288493166,-0.7032366601211727,-5.753422836966681,4,-0.04506993101044234,-0.018540785410346424,-0.02661330456379801,-0.03875282034277916,-0.020622716336087747,-3.4829653267307643,0.9268332584116218,"passed, not chosen (corr / cap)"
34,"mul(cs_rank(div(uplim,ts_delay(ret,60))),mul(uplim,ts_delay(cs_rank(abs(iret)),60)))",12,-1.0,-0.02980735006782845,-0.7035271988196065,-5.753241480306675,4,-0.04506664081038806,-0.0185455687401094,-0.026626438880339266,-0.03875282034277916,-0.020560460165143013,-3.450524469115229,0.9268332584116218,"passed, not chosen (corr / cap)"
55,"mul(cs_rank(div(uplim,ts_delay(ret,60))),mul(uplim,ts_delay(cs_rank(lcap),60)))",11,-1.0,-0.02955260891346903,-0.6966294862234702,-5.742171005877014,4,-0.04460978892554219,-0.01853956260281254,-0.026609928058460356,-0.03875282034277916,-0.020648279752243648,-3.504305346215209,0.9268332584116218,"passed, not chosen (corr / cap)"
107,"mul(div(cs_rank(ts_delay(lmoney,10)),ts_min(oret,20)),div(uplim,cs_rank(div(uplim,ts_delay(ret,60)))))",14,1.0,0.029612393483703942,0.6984016378517314,5.6998407312667165,4,0.045856262649581564,0.01908236513526051,0.02531378880581435,0.03865469619631767,0.021271187414161185,3.6003279857083093,0.9474092261820085,"passed, not chosen (corr / cap)"
28,"div(div(uplim,cs_rank(div(uplim,ts_delay(ret,60)))),ts_min(oret,20))",10,1.0,0.029613392811577967,0.6984554028206065,5.699691483418145,4,0.04585838233976139,0.01908121468709307,0.025315946981529978,0.03865469619631767,0.021319156063889916,3.6352351894876387,0.9475102282361911,"passed, not chosen (corr / cap)"
68,"mul(div(uplim,ts_min(oret,20)),div(uplim,cs_rank(div(uplim,ts_delay(ret,60)))))",12,1.0,0.029613392811577967,0.6984554028206065,5.699691483418145,4,0.04585838233976139,0.01908121468709307,0.025315946981529978,0.03865469619631767,0.021319156063889916,3.6352351894876387,0.9475102282361911,"passed, not chosen (corr / cap)"
67,"mul(div(ret,ts_min(oret,20)),div(uplim,cs_rank(div(uplim,ts_delay(ret,60)))))",12,1.0,0.029613685984423873,0.6984555516453089,5.699627038668521,4,0.04585933196484921,0.01908121468709307,0.025315946981529978,0.03865469619631767,0.0213187782517211,3.6351757663634574,0.9475102282361911,"passed, not chosen (corr / cap)"
89,"mul(div(ts_delay(lprice,5),ts_min(oret,20)),div(uplim,cs_rank(div(uplim,ts_delay(ret,60)))))",13,1.0,0.02961424673749634,0.6983691586320264,5.699514466896468,4,0.04585872672665257,0.01907701698798394,0.025322328860341917,0.03865469619631767,0.021301172936165874,3.6269412227621842,0.9474220292592993,"passed, not chosen (corr / cap)"
48,"div(div(uplim,cs_rank(div(uplim,ts_delay(ret,60)))),ts_min(sign(oret),20))",11,1.0,0.029614361668327486,0.6985088190211032,5.698365045122881,4,0.04586523942492457,0.0190801825808069,0.02531362484738815,0.03865469619631767,0.02118153815073046,3.554711220057934,0.9475102282361911,"passed, not chosen (corr / cap)"
26,"mul(div(uplim,ts_min(oret,20)),cs_rank(div(uplim,ts_delay(ret,60))))",10,1.0,0.029613585159379438,0.6986120770513673,5.697886381463083,4,0.04585516024709922,0.01907491173330402,0.025325718093846067,0.03865469619631767,0.0212148443965072,3.5475865795267536,0.9475159184927648,"passed, not chosen (corr / cap)"
27,"mul(cs_rank(div(uplim,ts_delay(ret,60))),div(uplim,ts_min(oret,20)))",10,1.0,0.029613585159379438,0.6986120770513673,5.697886381463083,4,0.04585516024709922,0.01907491173330402,0.025325718093846067,0.03865469619631767,0.0212148443965072,3.5475865795267536,0.9475159184927648,"passed, not chosen (corr / cap)"
46,"mul(div(uplim,ts_min(oret,20)),cs_rank(cs_rank(div(uplim,ts_delay(ret,60)))))",11,1.0,0.029613585159379438,0.6986120770513673,5.697886381463083,4,0.04585516024709922,0.01907491173330402,0.025325718093846067,0.03865469619631767,0.0212148443965072,3.5475865795267536,0.9475159184927648,"passed, not chosen (corr / cap)"
29,"mul(div(uplim,cs_rank(div(uplim,ts_delay(ret,60)))),ts_min(oret,20))",10,1.0,0.02961316303600637,0.6983509512674466,5.697789501477347,4,0.045859963690536854,0.01907646832942013,0.02531822348086565,0.038673680275678635,0.021083196277984165,3.499116642382141,0.94805507030312,"passed, not chosen (corr / cap)"
84,"mul(cs_rank(div(uplim,ts_delay(ret,60))),div(uplim,div(ts_delay(turn,5),ts_min(oret,20))))",13,1.0,0.02961306840036027,0.6985305685660365,5.697156289204821,4,0.04585181027979833,0.019071974506254728,0.025330167113091138,0.03865469619631767,0.021031365772201258,3.4476395803466575,0.947427719515873,"passed, not chosen (corr / cap)"
88,"mul(cs_rank(div(uplim,ts_delay(ret,60))),div(uplim,div(ts_delay(lmoney,5),ts_min(oret,20))))",13,1.0,0.029611646331877576,0.6984902204899434,5.696900219488939,4,0.045853893653933796,0.01906776756696476,0.025328340259946736,0.03865469619631767,0.020974165717647833,3.4146683100016277,0.947427719515873,"passed, not chosen (corr / cap)"
58,"mul(cs_rank(cs_rank(div(div(uplim,lcap),ts_delay(ret,60)))),mul(uplim,ts_min(cs_z(turn),10)))",14,1.0,0.029871290842480636,0.7074435223249038,5.6719573437336805,4,0.04505466504153756,0.020201924067495904,0.02451173312496394,0.038690827786922455,0.02254582496190613,4.290757710451672,0.9463451482027324,"passed, not chosen (corr / cap)"
181,"div(div(uplim,cs_rank(div(uplim,ts_delay(ret,60)))),ts_min(ts_min(cs_z(turn),20),20))",12,1.0,0.02899308799669903,0.6787044820705326,5.651913126906813,4,0.043659339416796894,0.018157411095065374,0.026065765866078436,0.03866489976644516,0.020584813628176397,3.5752067691460554,0.9399749059685101,"passed, not chosen (corr / cap)"
141,"div(div(uplim,cs_rank(div(uplim,ts_delay(ret,60)))),ts_min(ts_rank(dnlim,3),40))",11,-1.0,-0.029408224262119295,-0.6795499121056635,-5.643886091037283,4,-0.04589120979906748,-0.017857536870995352,-0.02553001265851376,-0.038673680275678635,-0.022013629029970616,-3.3323520112225093,0.9420845685931979,"passed, not chosen (corr / cap)"
197,"div(div(uplim,cs_rank(div(uplim,ts_delay(ret,60)))),ts_min(ts_min(cs_rank(cl),10),20))",12,-1.0,-0.028968814572638946,-0.6780422146269758,-5.640443473807749,4,-0.04370260051423139,-0.018107673526495036,-0.026003945283591748,-0.038642533123493195,-0.02110823446630754,-3.5111266588637915,0.9421628096210858,"passed, not chosen (corr / cap)"
173,"div(div(uplim,cs_rank(div(uplim,ts_delay(ret,60)))),ts_min(cs_z(oret),20))",11,1.0,0.028942933050804653,0.6775395006638067,5.638217227910139,4,0.04367619625879749,0.018072008356159807,0.025986931347288193,0.038696806877851486,0.021254859686913815,3.587159251696776,0.9443478681453746,"passed, not chosen (corr / cap)"
167,"mul(div(uplim,cs_rank(div(uplim,ts_delay(ret,60)))),ts_min(cs_z(hl),20))",11,1.0,0.02895063933257745,0.6777799355866073,5.6373514372956075,4,0.04367664606778565,0.018072433879270274,0.026009039212949572,0.038696806877851486,0.021087406533346936,3.497880700059494,0.9443478681453746,"passed, not chosen (corr / cap)"
170,"div(div(uplim,cs_rank(div(uplim,ts_delay(ret,60)))),ts_min(cs_z(hl),20))",11,1.0,0.028947111438911394,0.6776387787409025,5.636276558794075,4,0.043684056938373225,0.01806953061810311,0.025994521197862924,0.038696806877851486,0.02120638344944878,3.5599465663545296,0.9443478681453746,"passed, not chosen (corr / cap)"
198,"mul(div(uplim,cs_rank(div(uplim,ts_delay(ret,60)))),ts_min(cs_z(ts_std(dnlim,10)),20))",12,1.0,0.02895334631852312,0.6779335839535308,5.635598844957598,4,0.043681055563130476,0.01807093950828501,0.026014485363848507,0.038696806877851486,0.0212159735489298,3.5694797603597737,0.9442610917326262,"passed, not chosen (corr / cap)"
174,"mul(div(uplim,cs_rank(div(uplim,ts_delay(ret,60)))),ts_delay(cs_rank(lmoney),10))",11,-1.0,-0.028942993700892223,-0.6774864713431559,-5.6337738034489515,4,-0.04367262281881809,-0.018060935620108947,-0.026001765308901668,-0.038696806877851486,-0.02142176630229435,-3.5740085688270766,0.9442866978872078,"passed, not chosen (corr / cap)"
169,"div(div(uplim,cs_rank(div(uplim,ts_delay(ret,60)))),ts_min(cs_rank(turn),20))",11,-1.0,-0.028957427015618716,-0.6777390578576136,-5.6293006337604,4,-0.043687832036471745,-0.018072862220316323,-0.02601831478998065,-0.038696806877851486,-0.02118522248400206,-3.553003403893078,0.9428072311780539,"passed, not chosen (corr / cap)"
166,"mul(div(uplim,ts_min(cs_rank(turn),20)),cs_rank(div(uplim,ts_delay(ret,60))))",11,-1.0,-0.028955533400868635,-0.6778081915418799,-5.627028244982975,4,-0.04369066642755841,-0.018065712803874312,-0.026017299895174803,-0.038696806877851486,-0.021067289834503424,-3.4666472678960343,0.9428129214346275,"passed, not chosen (corr / cap)"
56,"div(div(uplim,cs_rank(div(cl,ts_delay(ret,60)))),ts_min(cs_z(turn),20))",11,1.0,0.0295320559340301,0.696262116069935,5.493307058048863,4,0.04624195602794297,0.017416191031681558,0.02599963702727109,0.038696806877851486,0.023022898244099657,4.077088885351927,0.9442724722457736,"passed, not chosen (corr / cap)"
57,"mul(div(uplim,cs_rank(div(cl,ts_delay(ret,60)))),ts_min(cs_z(turn),20))",11,1.0,0.029534035263272102,0.6962600267919846,5.49260866101727,4,0.046236908418111546,0.017414077495535214,0.026012435988523066,0.038696806877851486,0.02313936145551372,4.14214295390644,0.9442724722457736,"passed, not chosen (corr / cap)"
15,"div(div(uplim,cs_rank(div(uplim,ts_delay(ret,60)))),ts_min(cs_z(turn),20))",11,1.0,0.02975094811431243,0.7056818758577417,5.491898775085305,4,0.04623496977403695,0.01807510443762237,0.025986411129124462,0.038696806877851486,0.021496711739084937,3.777513249172505,0.9443478681453746,"passed, not chosen (corr / cap)"
14,"mul(div(uplim,cs_rank(div(uplim,ts_delay(ret,60)))),ts_min(cs_z(turn),20))",11,1.0,0.029756726810572693,0.7057972250443777,5.4908736946110155,4,0.046234568222450645,0.018065409241792035,0.026013898202218114,0.038696806877851486,0.021590695293112236,3.8309044277349473,0.9443478681453746,"passed, not chosen (corr / cap)"
96,"mul(sign(cs_rank(div(uplim,ts_delay(ret,60)))),mul(uplim,ts_min(cs_z(turn),10)))",12,1.0,0.029153302185059637,0.6911756869730687,5.3514481149345245,4,0.046224036772284614,0.017540250763995572,0.024529112582094968,0.038690827786922455,0.022722002626820045,4.395307890333599,0.9463451482027324,"passed, not chosen (corr / cap)"
82,"mul(cs_rank(div(uplim,ts_delay(ret,60))),mul(uplim,ts_min(cs_z(turn),10)))",11,1.0,0.029145667103482598,0.691133246028283,5.350513710325293,4,0.046220745671505824,0.017531151388539,0.02451870575081557,0.038690827786922455,0.022601259923116727,4.3171433796533485,0.9463451482027324,"passed, not chosen (corr / cap)"
97,"mul(cs_rank(cs_rank(div(uplim,ts_delay(ret,60)))),mul(uplim,ts_min(cs_z(turn),10)))",12,1.0,0.029145667103482598,0.691133246028283,5.350513710325293,4,0.046220745671505824,0.017531151388539,0.02451870575081557,0.038690827786922455,0.022601259923116727,4.3171433796533485,0.9463451482027324,"passed, not chosen (corr / cap)"
