V1_adv10M,bench_V1_adv10M,date,V2_top1000cap,bench_V2_top1000cap
1.0283376541681852,1.0359354928540594,2019-04-01,1.0276458382910842,1.035330241289614
1.0361695113561673,1.0414709349561764,2019-04-02,1.0301246047725299,1.0374320348535322
1.0464029960527306,1.053323310333643,2019-04-03,1.040925741864493,1.049471504840323
1.0481613599658313,1.05684851079683,2019-04-04,1.0461552500845859,1.0543757947414842
1.0366393560003972,1.052412606614027,2019-04-08,1.038939897847655,1.0489101229048434
1.0404950157044288,1.0573591159777964,2019-04-09,1.0389504388639643,1.0490143251123252
1.0386320134846259,1.0563640332577244,2019-04-10,1.0362049836890725,1.0472839293341183
1.0284849193836865,1.0375035550882936,2019-04-11,1.0194747617247208,1.025440205006092
1.0303811110121264,1.0365943210164936,2019-04-12,1.0196789133304707,1.0236333902551225
1.023469034942576,1.0279156773070595,2019-04-15,1.0104405819618456,1.013617181641205
1.043113679722621,1.048711925611326,2019-04-16,1.0299981247085355,1.0342492634097658
1.053649168838897,1.057421929917763,2019-04-17,1.0311628325582178,1.0386795316077364
1.0474694231900108,1.0507252960703812,2019-04-18,1.0265964182117036,1.031961280083691
1.056034775001585,1.0587106060198959,2019-04-19,1.030998718862406,1.0385511403746333
1.0388000447592785,1.045212166041149,2019-04-22,1.0140117447315646,1.0226591434162604
1.0177633405688657,1.0262234574570799,2019-04-23,0.9991092410422033,1.0103010364682654
1.0267121640943668,1.036996518342543,2019-04-24,1.0058523044822183,1.0185697370408535
0.9871952786360804,0.9942829501644453,2019-04-25,0.9764611585897796,0.9836101674776888
0.9787425226867175,0.982064588479608,2019-04-26,0.9678477189118588,0.9724939494111978
0.9464310463128726,0.9461645680847738,2019-04-29,0.9525879696465387,0.9492661732446158
0.9532706417618586,0.9568855271100616,2019-04-30,0.9625556465852142,0.9576653920516942
0.8782751048621456,0.8841659743968786,2019-05-06,0.8968206418753906,0.8882606228054456
0.892699231251754,0.8985344314790117,2019-05-07,0.9084704093925897,0.8996885674020678
0.8925285238418795,0.8975303523240358,2019-05-08,0.9044860101020483,0.8938232576774661
0.8877425757582997,0.8905808095957348,2019-05-09,0.8917793824771715,0.8816999636045326
0.920789459046327,0.9223106543299238,2019-05-10,0.9211292298244818,0.9130764658696876
0.9177021959429438,0.9175280441557777,2019-05-13,0.9092690351555041,0.9031355791231978
0.9079524279262604,0.9113031998315713,2019-05-14,0.9030600331110704,0.8964340111520529
0.9250188876008295,0.9316626000622192,2019-05-15,0.9179584221611381,0.9149283342994077
0.9347424017654979,0.9385625220145489,2019-05-16,0.927809858502181,0.9205820566301025
0.8955549633212462,0.9044236322669041,2019-05-17,0.8944871890567174,0.8907662132776958
0.8977130384429821,0.9019465216424242,2019-05-20,0.8928211649165197,0.885669141001477
0.9139472874067053,0.9181502433286597,2019-05-21,0.9075155080736355,0.9014920317085473
0.906417405873299,0.91317819823738,2019-05-22,0.9045345030104075,0.8963678813426469
0.8881129586316129,0.8925530584429638,2019-05-23,0.8886802336139983,0.8786855950013058
0.8812159874544535,0.8865625614336274,2019-05-24,0.881771771837492,0.8730500595094423
0.9044905205312139,0.911334045180466,2019-05-27,0.9020357266853756,0.8943579980050888
0.9065846695354335,0.9123952474984777,2019-05-28,0.9032760593263062,0.8959601981762411
0.9126731386113055,0.9162957070921738,2019-05-29,0.9027284743416636,0.8967418941443166
0.9093656255425846,0.9104105142079694,2019-05-30,0.8989024719143427,0.8913557957830859
0.9078041457242949,0.9104737517095661,2019-05-31,0.898302495492007,0.8910559982507642
0.8940023171803712,0.8976709112132107,2019-06-03,0.8929007445775222,0.8827260311235666
0.8832444189222082,0.8834570461222101,2019-06-04,0.8851427914186583,0.8710774598824748
0.8866946682203357,0.8851404259036448,2019-06-05,0.8869211102225099,0.8698225908148628
0.8637028273115183,0.8635261660110897,2019-06-06,0.8690503462614294,0.8537419589862788
0.8764522875480918,0.8738097575115467,2019-06-10,0.8786556269241191,0.8622430260049174
0.9080561631504398,0.9057202786762414,2019-06-11,0.9078585218877729,0.8927663008694668
0.9018389262341073,0.9017637894482973,2019-06-12,0.9010432117876271,0.8868983881803708
0.9086401830260139,0.9079011102298561,2019-06-13,0.9046721294907539,0.8890623719256643
0.8877285044231625,0.8880829102307044,2019-06-14,0.889584629457563,0.8743673176207282
0.8889730130019886,0.8891642379921835,2019-06-17,0.8893905820986077,0.8745328031387912
0.8899830907737865,0.8882247274169714,2019-06-18,0.8899859723518244,0.8745528473519069
0.907824749016838,0.900844287516932,2019-06-19,0.9040735650479502,0.8865454316735268
0.9227621255292777,0.9154168238553889,2019-06-20,0.9215903321010896,0.9046858386585324
0.9479441985766243,0.9314360065919655,2019-06-21,0.9378258546977379,0.9158282035449897
0.941748113020696,0.9305494011457643,2019-06-24,0.9374152685652822,0.9155173698278746
0.9300250724542527,0.9213390504362396,2019-06-25,0.9259794546624288,0.9074279375010904
0.9283124487692813,0.9205900877092505,2019-06-26,0.9263570115412174,0.9068008754912782
0.9346953648172283,0.9267215611021713,2019-06-27,0.9330900028973185,0.915036232626524
0.9186931855604309,0.9141298314571015,2019-06-28,0.9219194508453235,0.9064233218896689
0.951256131671989,0.940399222006167,2019-07-01,0.951363146907779,0.9322845913454453
0.9545859454278512,0.9396837158225231,2019-07-02,0.9523413331914834,0.9322180024561398
0.9414328544822628,0.9308347329464656,2019-07-03,0.943575683198824,0.9251032466792515
0.9371158824418213,0.9276153577405739,2019-07-04,0.9436891312887846,0.921037020861962
0.9413474613262378,0.9305540434124435,2019-07-05,0.9466138424048253,0.9240767603957429
0.906176071174954,0.8983446833399442,2019-07-08,0.9171504782255264,0.8961755361770288
0.9165714894901845,0.9019786365153413,2019-07-09,0.9192706809020412,0.8973490667849492
0.9129743613020043,0.8960831447813448,2019-07-10,0.9138478902871445,0.8909340413548961
0.911007445575818,0.8966627854928768,2019-07-11,0.9139295601572466,0.8909672669019985
0.9162233406861903,0.8993461226696066,2019-07-12,0.918250504807984,0.8945222403865872
0.9202349715102055,0.9075946203555003,2019-07-15,0.9257986727446441,0.9038861284005737
0.9277921099152118,0.9101373199686082,2019-07-16,0.9265232046596482,0.9042283302695476
0.9305053417992839,0.9103393507004075,2019-07-17,0.9272935646407082,0.9043372938797529
0.9146451761993195,0.8937644620192957,2019-07-18,0.9134675697819803,0.8901740365458117
0.9239424472360963,0.8988774301683383,2019-07-19,0.9227091550951239,0.896711513699779
0.8989641144222742,0.8734782522849075,2019-07-22,0.9054074921015317,0.8794949999643991
0.906620732145188,0.8847824450514957,2019-07-23,0.9119294800131688,0.8875577008755008
0.9148394664793299,0.8955693590549426,2019-07-24,0.922204435719867,0.8968970606647632
0.9185181355601195,0.8979679458402067,2019-07-25,0.9257838986833611,0.9009821015690964
0.9189164771347728,0.8985223989724731,2019-07-26,0.9273401617137915,0.9025844629408388
0.91555923549183,0.898179112755214,2019-07-29,0.9246996332370315,0.9023955705985202
0.9220826812455657,0.9027324365417403,2019-07-30,0.9321996151003203,0.9069852639685942
0.9162773672636709,0.8967130524770122,2019-07-31,0.9297022380259725,0.9016907843736663
0.9142548728139029,0.8932006066802793,2019-08-01,0.9235039181417231,0.8956251975964339
0.8938040620635289,0.878744870930833,2019-08-02,0.908071967598692,0.8828755050815419
0.8828545339821181,0.8688315353094367,2019-08-05,0.8941861597000477,0.8701706783776983
0.8556090469266222,0.8441744563382543,2019-08-06,0.8735987162682807,0.8526081107513824
0.8571969213733773,0.8413781578524125,2019-08-07,0.8720309186620014,0.8500693678989635
0.8621420579666588,0.8466634994842546,2019-08-08,0.8777239827522262,0.8564377113213117
0.8508018198260198,0.836787086328795,2019-08-09,0.8667902264561613,0.8472691964357618
0.8636255143542187,0.8511398159967347,2019-08-12,0.8801607805779788,0.8614876934121887
0.8563421294778498,0.8463715454966135,2019-08-13,0.8745415930288692,0.8568705250677686
0.8603620357210641,0.8515970711359464,2019-08-14,0.8794686592269441,0.8623204543192866
0.8619704135010124,0.854721169938202,2019-08-15,0.88088034306494,0.8662608147728167
0.865850220091441,0.8583494735957589,2019-08-16,0.8846397213978958,0.8702167041929004
0.8943268270220587,0.8846062574999309,2019-08-19,0.9153219371012365,0.89629367112058
0.8970394807516461,0.8867268687751209,2019-08-20,0.9153535038548346,0.8959984341892058
0.8983042591211724,0.8877217950037278,2019-08-21,0.9142647623321889,0.8952162928132126
0.9044753702372081,0.8914923688449199,2019-08-22,0.9172541729323925,0.8968960415139248
0.9029716617730402,0.889075144582307,2019-08-23,0.9131187784823344,0.8972269907451983
0.8941122269794308,0.8825846092386719,2019-08-26,0.9029418046152452,0.8911155605549379
0.9146004605176593,0.8991505915179809,2019-08-27,0.9191780906730351,0.9054815739491879
0.9214990326335305,0.8985224412322599,2019-08-28,0.9204863189552236,0.903350116821254
0.9228880433615081,0.8980636252409245,2019-08-29,0.9192227477155467,0.9028766856851485
0.9115844488736913,0.8847033724712974,2019-08-30,0.9130580332959999,0.8953824940303129
0.9356543096119768,0.9062882498114194,2019-09-02,0.9352703492101746,0.9152792804828188
0.9412265490089379,0.9120180555345603,2019-09-03,0.9411796264488052,0.9200468019628374
0.9480155915009637,0.9196220053356823,2019-09-04,0.9487608885467356,0.9285917770667429
0.955214201704009,0.9279723395378651,2019-09-05,0.9595278137211413,0.9373435504002542
0.9614377623859282,0.9320459062056817,2019-09-06,0.9671546252570717,0.9410033722487979
0.9766694191426861,0.9516956258738332,2019-09-09,0.9814051943985536,0.9580031970326364
0.9810449188622012,0.9537758183257143,2019-09-10,0.9806973010676316,0.9570705670523392
0.9753531953626102,0.9482365728214753,2019-09-11,0.9806767401589396,0.9503964384762689
0.9802407841147219,0.954239971515506,2019-09-12,0.989073303777178,0.9550550242672935
0.9834537592971541,0.9576186686069332,2019-09-16,0.9872342308270811,0.9565680742149576
0.9583933448126734,0.9356577210319904,2019-09-17,0.9665609173575137,0.9371748528686442
0.9631006938105816,0.9367980897659353,2019-09-18,0.9658299527356996,0.9382012012188582
0.9697313156942817,0.9466864217524027,2019-09-19,0.9717429150385674,0.9467198487903637
0.9700074188802513,0.9471672029466998,2019-09-20,0.9707987975502568,0.9481669940686209
0.9585089832763818,0.9389428173475167,2019-09-23,0.9580142420235715,0.9389744551278674
0.9563348872939864,0.9408401546193875,2019-09-24,0.9589523747230709,0.9417188134633059
0.9395683905321444,0.9231120177812767,2019-09-25,0.9488358085319032,0.9271755305115332
0.920042445653892,0.898123078906733,2019-09-26,0.9363207067483317,0.9074490111972049
0.9265910977977606,0.9062918328229657,2019-09-27,0.9395955223759451,0.9123533959743187
0.9183942751619103,0.8964523650261385,2019-09-30,0.9318322021957726,0.9039194468315972
0.9232595649644283,0.8983842811289834,2019-10-08,0.9365127131721204,0.9041435615485561
0.9324213058312906,0.9070060002586872,2019-10-09,0.9421855550862741,0.9104228116680889
0.939363532597947,0.918294206847324,2019-10-10,0.9497447537556195,0.9223658182268798
0.9420497417194034,0.920109970955628,2019-10-11,0.9567382413899765,0.9245555923766943
0.9535744834827163,0.934080126754909,2019-10-14,0.9691153348091059,0.9377135851849202
0.9448143634228741,0.9235699801254658,2019-10-15,0.9575232480402317,0.9262841397165009
0.9397965802862674,0.9179276744417854,2019-10-16,0.9540809988430754,0.9227190792638259
0.9405239774209145,0.9163684756231454,2019-10-17,0.9516453741536368,0.9214009940268567
0.9281905335518894,0.9045330814426369,2019-10-18,0.9405480928355794,0.9094558925035237
0.9264587441887635,0.9011855872761725,2019-10-21,0.93769478597827,0.9068438270143442
0.9344241920818842,0.9113375686641854,2019-10-22,0.9444516378047669,0.9157301306169316
0.9299556286510849,0.9059299775097996,2019-10-23,0.9378076852825273,0.9080635905267451
0.92791927292273,0.9053079215097896,2019-10-24,0.9367897909259945,0.9069007194576388
0.9339378652878556,0.9109224869450955,2019-10-25,0.9437221195515014,0.9140555970337719
0.9534202805642209,0.9254882852937278,2019-10-28,0.9584842385359634,0.926452170666092
0.937223102071536,0.9113673159957336,2019-10-29,0.9468041440277474,0.9150443974114516
0.9272246714401302,0.8996015691406338,2019-10-30,0.9353689165750775,0.9070151158185916
0.9207586292583185,0.8894555755928297,2019-10-31,0.9310050135211344,0.9021475616263601
0.9297115778405228,0.8984030543238645,2019-11-01,0.9405640902504188,0.9117378500909002
0.9326677486131241,0.9009045589287952,2019-11-04,0.9472590355297483,0.9177212908703534
0.931541855365144,0.9022664372302451,2019-11-05,0.9524984712935913,0.9233129989428823
0.9258223212738448,0.8940584015550171,2019-11-06,0.9455300986974525,0.9159175128333275
0.9319030010466446,0.8999537426159092,2019-11-07,0.9512978132241922,0.9204464746392101
0.9293788065247437,0.8975635285015195,2019-11-08,0.9510388940556247,0.9173578256972811
0.9049045530479471,0.8747351267942962,2019-11-11,0.9292675098657608,0.8963095710075327
0.9086784685399032,0.8778492010021361,2019-11-12,0.9290936054890347,0.8975251890172598
0.9034606914796116,0.8742120562565001,2019-11-13,0.9237583131663687,0.895331265745069
0.9077680295483767,0.879307485487068,2019-11-14,0.9275112971384788,0.9002749749459484
0.8968055951729248,0.8679864268165436,2019-11-15,0.920978920571732,0.891926117361701
0.9016599930696161,0.8743744861909278,2019-11-18,0.9264102410867269,0.8982847569840012
0.9206357172201407,0.8896389068845669,2019-11-19,0.9385550159098749,0.9126367188852045
0.9182454300949989,0.8839983238991336,2019-11-20,0.9306848721984857,0.9065042606065836
0.9187730053112545,0.8836260233544523,2019-11-21,0.9300582230970696,0.9051245588728686
0.9159379434011822,0.8757759951415635,2019-11-22,0.9259690933805433,0.8964545254591522
0.9227949426574432,0.8727749739405976,2019-11-25,0.9327083471166612,0.8971751307196031
0.9177880826439726,0.8714806267761458,2019-11-26,0.929664886021192,0.8963957680004515
0.9166457851268045,0.8701168376794811,2019-11-27,0.9296008340012069,0.8962976467139655
0.9123764571346542,0.8670858362770446,2019-11-28,0.9263462940392612,0.8932033389582467
0.918111633444399,0.8677305784513593,2019-11-29,0.9275393993838608,0.8922961898267786
0.9206117554727341,0.8691382568547488,2019-12-02,0.9302607950257155,0.8940792334989272
0.9278357870959406,0.8744123545886016,2019-12-03,0.9330911553807258,0.8975446196338448
0.9286704136773095,0.8752301050403112,2019-12-04,0.9327834164525548,0.8978345844154388
0.9368525852381595,0.8842012767941495,2019-12-05,0.9401722703949783,0.9068794741915739
0.9394086526941972,0.8899105055723422,2019-12-06,0.9442358577469679,0.9129835690730835
0.9407548884268885,0.8926837421062257,2019-12-09,0.9459489053278293,0.914941480975189
0.9405650738671725,0.8967261685651726,2019-12-10,0.9437399834197344,0.917716257621225
0.9372222354386051,0.8944519095445552,2019-12-11,0.9450428958132954,0.9154539479740199
0.9362646974519097,0.8924675856510718,2019-12-12,0.9422556988853003,0.9143490379767113
0.9478868666565841,0.9028311383570374,2019-12-13,0.9591252988695522,0.9277330733233361
0.9619960278292935,0.917915753500633,2019-12-16,0.9707895707973395,0.9413477365555102
0.975824405005043,0.9294198447142713,2019-12-17,0.9859137748434755,0.9536685756564813
0.9764367952534965,0.9310320012473199,2019-12-18,0.9873952125769103,0.9528524515686021
0.9806224054494574,0.9369798802570546,2019-12-19,0.9900243981319489,0.9540368220365288
0.9718210666062725,0.927721750636534,2019-12-20,0.9873027337171476,0.9469527728095424
0.9539104496610069,0.9074979943961317,2019-12-23,0.9693601692362748,0.9289851290789854
0.9674875192918565,0.9216286271755494,2019-12-24,0.9809234086023535,0.9413718463199661
0.9695304047419154,0.9243976015290083,2019-12-25,0.9818836352362136,0.9448522696686624
0.9798625105742408,0.9323851571992936,2019-12-26,0.9939046390837718,0.9525075613662163
0.9737796207520379,0.9263217114492872,2019-12-27,0.9920669948886365,0.9478522002112839
0.9832153283641626,0.9317942876861595,2019-12-30,1.0058801554177592,0.958246069017369
0.9875509695371438,0.936963274072188,2019-12-31,1.0091329826876492,0.9634542909348993
1.0048675462674326,0.9541099281724463,2020-01-02,1.02474595798542,0.9796709354924157
1.01191636628599,0.9585678126639394,2020-01-03,1.033262281256068,0.981796302477529
1.0222988974342457,0.9653787157445818,2020-01-06,1.0403325325991981,0.9868787670953083
1.0306102367265997,0.9780334409667416,2020-01-07,1.0479780262669949,0.9983860840369589
1.018625920616348,0.9640694581877456,2020-01-08,1.03306183229066,0.984495210692355
1.031661311921009,0.9785990824067149,2020-01-09,1.0469512359685165,0.9975587932461595
1.0269128139263068,0.9759115493986152,2020-01-10,1.0421239493585908,0.9956898962251506
1.0325172107641725,0.9859251163211434,2020-01-13,1.051113676033569,1.0079376883691156
1.0306886499436512,0.985678466503787,2020-01-14,1.0479769167275494,1.0052584427256166
1.0245351555219888,0.9809094113150715,2020-01-15,1.0420118523316766,1.0031422716323926
1.0183445763699877,0.9767896921358803,2020-01-16,1.0364995534992247,1.0017498175626585
1.0170173858186313,0.9729322852333476,2020-01-17,1.0346135386588797,1.000034868313593
1.02758169082574,0.9818717281797515,2020-01-20,1.0465845716141378,1.0118695596891591
1.014088085737531,0.9699802564336009,2020-01-21,1.0311715253238574,0.998761971621352
1.011559684566216,0.9701663750336494,2020-01-22,1.033435383044551,1.005438143275245
0.9751036233789607,0.9366094162924573,2020-01-23,0.9975300344084864,0.9717957933793595
0.8819326801278978,0.8503846298441627,2020-02-03,0.9060716654926912,0.8850454366260088
0.8627938039243772,0.8454067219439027,2020-02-04,0.9048594044853492,0.8998757214414291
0.8833477215599451,0.8681189358015162,2020-02-05,0.9227480127861247,0.9200424456425953
0.9024461513234001,0.8907042262233751,2020-02-06,0.9403372729933894,0.9454771840195011
0.9074120351785014,0.900513166776156,2020-02-07,0.943567971223196,0.9521115713213214
0.9242121328937416,0.9141067153927934,2020-02-10,0.9571832608371857,0.9617593038468104
0.9201932751624264,0.9086129757461283,2020-02-11,0.95188190326025,0.9595311447915109
0.9333793822203567,0.9235113889759496,2020-02-12,0.9634081538490439,0.9752821764306532
0.9201186572409473,0.9140865129783353,2020-02-13,0.9510569104541102,0.9675899768384053
0.9304437486715744,0.9152997829545687,2020-02-14,0.9605818585890973,0.9711185912510736
0.9664193223760532,0.9465431461801297,2020-02-17,0.9919867311328074,1.0010234170931547
0.9852736543021188,0.9624464434074631,2020-02-18,0.9963417714612085,1.0108189675191137
0.9863306438250885,0.9566876403179311,2020-02-19,0.9963408803747746,1.0025974303024539
1.0141327726932914,0.9744670256446092,2020-02-20,1.018987478345583,1.0216538137400404
1.0238282347865733,0.9844882064202909,2020-02-21,1.0267760841225786,1.032880715174267
1.0352568136817757,0.9966951369804177,2020-02-24,1.029372744964258,1.0425546230152156
1.0340547549761103,0.9944343550383997,2020-02-25,1.0239220202700403,1.0424669938050304
1.0173649863184926,0.9791860611339445,2020-02-26,1.0140725377430082,1.0175162381710647
1.0196700226244177,0.9816095352199287,2020-02-27,1.0144236185524789,1.0191513525625842
0.9671776218349615,0.9286672550119501,2020-02-28,0.9722942658385711,0.9699195185116735
1.0076730116462607,0.967489602432164,2020-03-02,1.0091037560759053,1.0071549579998325
1.0169121640493601,0.9786633895635316,2020-03-03,1.0188444975579731,1.0171298069772134
1.0329515867946695,0.9880894637881144,2020-03-04,1.0309851789277298,1.020442126076922
1.056561961544585,1.0061384197067362,2020-03-05,1.053689109629475,1.0366718635078649
1.0560910378824813,1.0040927783768516,2020-03-06,1.0438489029079123,1.0270794666795477
1.0266346924869567,0.9708249384416066,2020-03-09,1.0176789341199157,0.9882243132685017
1.0449221902611112,0.9915884250719906,2020-03-10,1.0322734191727132,1.011026806756504
1.03875129290826,0.9824388891856757,2020-03-11,1.022099979163538,0.9974866371161382
1.0164723686627093,0.9634750816863756,2020-03-12,1.00176801946694,0.9772699882275219
1.0022008052473397,0.9517974881577065,2020-03-13,0.9888731354537857,0.967554448287706
0.9606440336161578,0.9141319949093195,2020-03-16,0.9431929731823826,0.9244527454524387
0.959620033868847,0.9111523166633696,2020-03-17,0.9442342019740158,0.9226613721551555
0.9424632953491822,0.8961221816064292,2020-03-18,0.929408306642695,0.9070246835159264
0.9496728061814894,0.9029467052191544,2020-03-19,0.9301328746907507,0.9091865173898771
0.9631224032429917,0.915934095216049,2020-03-20,0.944018429078728,0.9200419103551649
0.9283319585913786,0.8807789689028569,2020-03-23,0.9096610103960827,0.8819220634601427
0.950258464261882,0.8980398715113828,2020-03-24,0.9320823358081125,0.9001194941494783
0.9699135018940115,0.9191719171096934,2020-03-25,0.9536771759329767,0.9225265592934545
0.95694080154221,0.90953071215666,2020-03-26,0.9448452654426187,0.9148904644267817
0.9523266586648684,0.9058598760331618,2020-03-27,0.941749346773098,0.9127122361862017
0.9248761249923961,0.8861608161077206,2020-03-30,0.9223120017751504,0.8961771792973354
0.9260525578717005,0.8864231659220455,2020-03-31,0.9257363507832063,0.8994826508155729
0.9249736579980974,0.8812674388888657,2020-04-01,0.9253230997518088,0.8955600264833904
0.9516765648244697,0.8999439713672542,2020-04-02,0.948842181774584,0.9154068502308551
0.9458934929839811,0.8951271269145019,2020-04-03,0.9390550037540579,0.9095275331835431
0.9796139881768643,0.9231358037624575,2020-04-07,0.9645819306602893,0.935829627919232
0.9891182193341272,0.9268981213485994,2020-04-08,0.9653751297737023,0.935088329709871
0.9961720678413403,0.934627775131586,2020-04-09,0.9704826510771103,0.9425843518077929
0.9684149222532619,0.9125643205118752,2020-04-10,0.9521690925753722,0.9245272951674983
0.9535819415260834,0.904996490531349,2020-04-13,0.9427910482765864,0.9171323878259022
0.971870773088709,0.9212800959937794,2020-04-14,0.9619538730716432,0.9361957108571115
0.9615307604050801,0.9150562369074176,2020-04-15,0.9591690588588863,0.9317197613671137
0.9665624703907122,0.9189795439566882,2020-04-16,0.9635370609165809,0.937190317319973
0.9681103751482862,0.9184856137121132,2020-04-17,0.9656319889639755,0.9394898294698256
0.9759046461496794,0.9288276095225769,2020-04-20,0.9731112724375078,0.9487945317694335
0.9676637733319443,0.9240735843277422,2020-04-21,0.9606883899292298,0.9409477636530258
0.9771744947363828,0.9326847722781326,2020-04-22,0.9669826760123847,0.9485869391879042
0.969071292556392,0.9288255347872948,2020-04-23,0.9641234202902464,0.9451899653913725
0.9470115961626253,0.9117309739131193,2020-04-24,0.946664226474961,0.9313712043341342
0.9384141914079597,0.9055230051970145,2020-04-27,0.9466046872186032,0.9312099109953175
0.9191824346785854,0.8869354223979156,2020-04-28,0.9426208327976496,0.9267108750842777
0.9190514478874245,0.8856424259731465,2020-04-29,0.9499862294856807,0.9277338467614217
0.9461725700155819,0.9051166606148074,2020-04-30,0.9751476641029623,0.9474403001392131
0.9634575744211744,0.92118458558043,2020-05-06,0.987074268087683,0.9634016811227541
0.958458607080236,0.9189274136497962,2020-05-07,0.9833238723406924,0.9621887242971089
0.9709859602857742,0.9291689485814932,2020-05-08,0.998828262051808,0.9726878057895357
0.9668907331143626,0.9292993024469584,2020-05-11,0.9962303004505597,0.9718502029137254
0.9638997903318169,0.9284549908485965,2020-05-12,0.9956040068444384,0.9741417138507028
0.9634950824586394,0.9337227808771527,2020-05-13,0.9980874116341649,0.9806578555545589
0.9540189730178377,0.9258884598158932,2020-05-14,0.9877284838613027,0.9713784970366468
0.9545672270366182,0.9279684092809213,2020-05-15,0.9887770550023812,0.9740298432148649
0.9477246493853024,0.924297897389713,2020-05-18,0.9885050045457705,0.9717143915836796
0.9499728834479996,0.9345317508724225,2020-05-19,0.9941827018660746,0.9834468433979451
0.9396214840209866,0.9271354810336185,2020-05-20,0.9870632647076044,0.9747699214762194
0.9324000200423971,0.9180957802079961,2020-05-21,0.982140863043541,0.9637525049111627
0.9151999553649374,0.9026648199527878,2020-05-22,0.9641246409522974,0.9450706148178272
0.9094680802694062,0.9012925163831566,2020-05-25,0.9629522389095165,0.9435497475379654
0.9262374483312296,0.9200083663497403,2020-05-26,0.9755053969932111,0.962503055420686
0.920982120978797,0.91713004493253,2020-05-27,0.9653438818680862,0.9556262557335445
0.9181439779468443,0.9143109807711525,2020-05-28,0.9687675367750441,0.9549092863188735
0.9241680618786563,0.9210139733607493,2020-05-29,0.9719842881757708,0.963247273905431
0.9527631265771332,0.9469669594234743,2020-06-01,1.0006180599477905,0.9915608548617509
0.9585303452912757,0.9513943281039122,2020-06-02,1.0053191735924467,0.9909829708359099
0.9550383223627215,0.9516113961464377,2020-06-03,0.9999461953689938,0.9898688279058997
0.960159839659726,0.9544797938833458,2020-06-04,0.9982593360099239,0.9909451504138413
0.961436237845323,0.9538658911663295,2020-06-05,1.0014517362392295,0.9934712168893288
0.9600911155963395,0.9521181255842721,2020-06-08,1.0028046280677594,0.9935408798622818
0.968274599523017,0.9567149890800604,2020-06-09,1.0079194885825837,1.0004441044684806
0.9651521354488523,0.9545223497265526,2020-06-10,1.003438561278167,1.0013098198214405
0.9685524487810644,0.9510138678685958,2020-06-11,1.003328161040393,0.9961953847666704
0.9662681769285292,0.9516657275123511,2020-06-12,1.0019278745475768,0.9979497177740523
0.9603733544683692,0.9501856750809041,2020-06-15,0.9966426168448907,0.9949254904979131
0.9775242539614372,0.9663256246489544,2020-06-16,1.0136771523961121,1.0135666517777002
0.980464794939407,0.9709632316193102,2020-06-17,1.0169300156711063,1.0173105584479845
0.9774943553470385,0.9696851677830416,2020-06-18,1.022706501666798,1.0177619397379376
0.9813941742072937,0.9745210200390495,2020-06-19,1.0320005609010412,1.0287279201159245
0.9873388018745312,0.9767209247701144,2020-06-22,1.0441944113060104,1.0314775801748852
0.9842094822933249,0.975986262380261,2020-06-23,1.046485873278329,1.0360697226411308
0.9791225141613994,0.9734361685544377,2020-06-24,1.047767140064261,1.0367627283940961
0.9686068007265659,0.9676511343530834,2020-06-29,1.0357386212995348,1.0314714063461046
0.9842373561642167,0.982869656330481,2020-06-30,1.051318049564911,1.0493509434958346
0.9902911069548843,0.9881522730372516,2020-07-01,1.0671084973794984,1.0568803683352224
1.0142473512929855,1.002559500117919,2020-07-02,1.0991355855002556,1.0743421939508337
1.0343667676335373,1.0149877968742773,2020-07-03,1.1231051183801097,1.0903961598714493
1.085360595112683,1.0559534796782017,2020-07-06,1.1880278198625704,1.1400403651208793
1.0920224555439728,1.0659841615253158,2020-07-07,1.1911527638411663,1.1520319201835993
1.1230782094767089,1.088655876578919,2020-07-08,1.226401446277347,1.1770768719918352
1.1493251643021603,1.1171383517266695,2020-07-09,1.2501724562934817,1.2051062969518045
1.1370302891906752,1.1084737152149855,2020-07-10,1.231499480571204,1.19774626973662
1.1773388660010036,1.1453143689837406,2020-07-13,1.270667179575592,1.2331720027868347
1.168513270740327,1.1385592512111722,2020-07-14,1.2572520852633917,1.2200958138343385
1.1371680047358002,1.1082407521994022,2020-07-15,1.2366771534883296,1.1931268886489987
1.0799763163192815,1.0577389258577818,2020-07-16,1.1804598929175336,1.132561691327581
1.0805824629481613,1.0596734804449481,2020-07-17,1.1878986825111373,1.1354489371965242
1.1148336012096647,1.0976361426738448,2020-07-20,1.2260014330923397,1.1703555044135288
1.1181007055896877,1.1020746454788921,2020-07-21,1.2307801259029505,1.176549364362989
1.1212984897468514,1.107445752969604,2020-07-22,1.235703730230289,1.1855210432516952
1.1133769500743838,1.1040942391294346,2020-07-23,1.2324828550842235,1.1840308251664546
1.0670921550663157,1.0575669486878136,2020-07-24,1.1774995601128466,1.127072307203577
1.066673484835268,1.0580843566345017,2020-07-27,1.1797005591381335,1.1290698077673778
1.0785192976122,1.0702779611074773,2020-07-28,1.1906297084583284,1.1410744697069641
1.102703261604366,1.0965993716919469,2020-07-29,1.2166817413391602,1.1722284805341139
1.097462160894707,1.0957615247529555,2020-07-30,1.2071945398547705,1.1680683013369701
1.1078371375719822,1.1093375252064397,2020-07-31,1.2163422757394171,1.1809230397247212
1.1404040919783573,1.1419717269680079,2020-08-03,1.245761080126866,1.2119839002306927
1.1382141145047957,1.1353249302558541,2020-08-04,1.240977187195677,1.207091437878901
1.149881205516724,1.1464620178133154,2020-08-05,1.2465222398589175,1.2178062432296926
1.1547992160731997,1.1445892889687614,2020-08-06,1.2438797458661226,1.216689859552122
1.1307260963822166,1.129802355593724,2020-08-07,1.2211044383029694,1.20265027882619
1.144248220001441,1.1394974003920046,2020-08-10,1.2335548105198009,1.2073904901680164
1.1183181885743583,1.1174726823106493,2020-08-11,1.209036034719323,1.1866565183937385
1.1101936300139719,1.109757095162366,2020-08-12,1.1994773329766202,1.170664817477237
1.1122692691173017,1.1167197857453615,2020-08-13,1.2011058526836333,1.1730814453841782
1.1275037031219302,1.1257163579288914,2020-08-14,1.2156334022068267,1.1861171624571771
1.1488267301581203,1.1475461699453384,2020-08-17,1.2366723528171912,1.210926952022506
1.1542445466954656,1.1567177683197754,2020-08-18,1.238441258153275,1.2182637649680528
1.1355671821001914,1.139674976144853,2020-08-19,1.2193113209588013,1.1981419431846085
1.1279403912529802,1.1268591502153782,2020-08-20,1.206518293880393,1.1808255791551332
1.132875633927273,1.1342328702140765,2020-08-21,1.2125431472175927,1.1892365975441386
1.147391380743841,1.1421514766650518,2020-08-24,1.226827217526561,1.1969104244849007
1.1633238622306366,1.1414273065894822,2020-08-25,1.2257334540689413,1.1891632676043358
1.1426270811806225,1.118061026551987,2020-08-26,1.2039115903811923,1.1652001498735685
1.1643105328876546,1.132528259636227,2020-08-27,1.2169791000918904,1.1751780523248645
1.1749732320307844,1.143676215879923,2020-08-28,1.239528153879258,1.1950542073398351
1.1818203083157452,1.144891235979296,2020-08-31,1.243543159527265,1.192505048902461
1.1922651530044015,1.1518843920112147,2020-09-01,1.2537529249764006,1.1986695120799218
1.2115853287964335,1.1593863866638732,2020-09-02,1.2564883774737803,1.1974343426640566
1.1956203752656809,1.1486404646730197,2020-09-03,1.2458422974115668,1.18854206187616
1.1906480065400311,1.1505580948139869,2020-09-04,1.2374875503215665,1.1809010392720052
1.1770167515193888,1.1380218693547957,2020-09-07,1.2137437387948622,1.1546368407535343
1.187343328114053,1.1505954237120783,2020-09-08,1.2189578941358485,1.1585735953369387
1.1602885017241396,1.1203605125173357,2020-09-09,1.1906867205945686,1.1271520901835765
1.1197940588182396,1.0773883283663934,2020-09-10,1.166327753715888,1.1085628798297444
1.132159853379408,1.0930257278609592,2020-09-11,1.1774107858257332,1.1234882464144091
1.1456040347881742,1.1106456082872511,2020-09-14,1.1849169932276262,1.1319597766448848
1.1452796930503362,1.1133966301659086,2020-09-15,1.192624581217566,1.1405548648961217
1.1355305943112326,1.1049495419505058,2020-09-16,1.1838487708019754,1.134589411317359
1.1378710652284356,1.1080786805613816,2020-09-17,1.187348577317518,1.1366184322346942
1.1521175710373395,1.1236153807871527,2020-09-18,1.2042061418047836,1.1568629078420103
1.14705441465276,1.1216859443388254,2020-09-21,1.199800451312182,1.1529239521520607
1.1319980049439302,1.1046271247848538,2020-09-22,1.1851007539442446,1.137108643054187
1.1417083860416015,1.1116960332369232,2020-09-23,1.1930315149890374,1.14357480647301
1.112209132994837,1.0815201031096535,2020-09-24,1.1686483977272768,1.1178059885792806
1.1040642541603964,1.0764101361224843,2020-09-25,1.1634895011812525,1.1149541693614795
1.0870013142289148,1.0614859118464686,2020-09-28,1.1500079419016627,1.1069226887106658
1.0976584640200153,1.0702698625914129,2020-09-29,1.1601295727515735,1.116217248454514
1.098073705803975,1.0677784904023568,2020-09-30,1.1562576059506924,1.1138327219488149
1.13338099025804,1.099329927281178,2020-10-09,1.185091029768981,1.1424220754205745
1.173508901323738,1.1326594643376204,2020-10-12,1.2221382978360806,1.174700555130485
1.1754652973091084,1.1362607475354252,2020-10-13,1.2242672871039777,1.1784376436519308
1.1645049687214852,1.1287976089293412,2020-10-14,1.2095176274706694,1.1699267618541798
1.1551944921629307,1.120784911975787,2020-10-15,1.20010501969376,1.1610810976665416
1.1575913946472185,1.1213618523049609,2020-10-16,1.1980205596495623,1.1570896262255155
1.1536373337752168,1.115496168853491,2020-10-19,1.1859680780649273,1.145935120871914
1.1747568412081746,1.1265402605474748,2020-10-20,1.1946032601653578,1.1558280770714098
1.1634405450165382,1.1130192015966287,2020-10-21,1.1797661662355161,1.144899956913004
1.1686150315288546,1.1098506633585987,2020-10-22,1.1749912851189142,1.1379545681358418
1.1505751187597282,1.0947462968875359,2020-10-23,1.1527417560185163,1.1197268729332073
1.1485491473071716,1.0966407192635588,2020-10-26,1.1462265091400432,1.1188256828776364
1.1458899349862086,1.0970854523611107,2020-10-27,1.1487783453571403,1.1235936210488877
1.1401139727268146,1.0991560358353145,2020-10-28,1.1491942437670042,1.1288195995132382
1.1365581837726941,1.0971342803198816,2020-10-29,1.1485264572282499,1.1310379905321852
1.1012121022845753,1.0677291340795332,2020-10-30,1.1236514492428247,1.109073616436651
1.09667671978722,1.0699800999947549,2020-11-02,1.116751919651762,1.112431090243404
1.1263198398938057,1.0916713322644567,2020-11-03,1.143153631879004,1.1313920558623047
1.1225014655913494,1.0893695402449497,2020-11-04,1.14100648529927,1.1316465435153669
1.1446631495078123,1.108474343293219,2020-11-05,1.1639744145645499,1.1507519889643463
1.1359646529898884,1.0974079569120652,2020-11-06,1.1627226928675285,1.1435698420849996
1.16627226126638,1.1210325844535687,2020-11-09,1.194749246794137,1.1695494850110995
1.1546149464622848,1.1102381471830356,2020-11-10,1.1816803105304068,1.1590669028215916
1.1340128465927837,1.0962101467542795,2020-11-11,1.164843934882876,1.144072188026363
1.134086417431043,1.0980906496645773,2020-11-12,1.1622713518366223,1.1469981246544094
1.1329264448916934,1.0975785378880374,2020-11-13,1.1558928270268523,1.1436658481184572
1.1347808517959168,1.1084752870805465,2020-11-16,1.165524392053736,1.1559029249076704
1.1226123713301552,1.100875981064399,2020-11-17,1.15948625854824,1.148095875498758
1.1305255933699325,1.1049631421435897,2020-11-18,1.165621133038446,1.1474463322668151
1.1356033965000099,1.108844956507455,2020-11-19,1.168273213031914,1.1521677758998716
1.1380586204445389,1.1151747445917266,2020-11-20,1.1704291104706162,1.1611798037258603
1.142197205003493,1.119385555781165,2020-11-23,1.176822874538279,1.169838238186137
1.1425431515387323,1.1189103867312336,2020-11-24,1.1741548451722925,1.1683744369989675
1.1332838618337886,1.1038314248446357,2020-11-25,1.160941641753189,1.148657521281298
1.131663387970535,1.0987591076831795,2020-11-26,1.1622158771401678,1.146306410103148
1.1322187798753942,1.0986736658803007,2020-11-27,1.175882659443473,1.1515120724365862
1.1311000696613716,1.0958030410196442,2020-11-30,1.174021591153759,1.1488082397535408
1.1529154958508752,1.110424274331171,2020-12-01,1.1991416697458448,1.1685805986843754
1.1586537669678278,1.1125361331950019,2020-12-02,1.198610312921208,1.17114162508155
1.1577070040170248,1.1103890418732927,2020-12-03,1.2055174500513084,1.1695010465806288
1.1542262088448414,1.112690902720767,2020-12-04,1.1993851080636138,1.1728468850270914
1.1427606845009262,1.1067619256212933,2020-12-07,1.1855354052316232,1.1661070708910717
1.1353951868384295,1.1043927071011665,2020-12-08,1.180456253632596,1.164851371534509
1.1161607845781985,1.0834502641419923,2020-12-09,1.1618013262596565,1.1451008903197701
1.1174605513128735,1.083250591854982,2020-12-10,1.1614578996547917,1.1473081714317568
1.1006200473317076,1.065301076045169,2020-12-11,1.145213654321366,1.1333501612585437
1.1055053935912005,1.0728084361454624,2020-12-14,1.1495513236780013,1.1425047197030171
1.1121236386683289,1.0721965924990333,2020-12-15,1.1548147732131009,1.1455035445956687
1.0988124530087504,1.0600449454747947,2020-12-16,1.1476762743546276,1.140678655882776
1.1149980101694046,1.070009735131499,2020-12-17,1.1616270881352493,1.1527044128090644
1.1105036597308977,1.0653925036320664,2020-12-18,1.1575500073304317,1.1502650972805508
1.1163287244735904,1.076561400175719,2020-12-21,1.1667008067544642,1.1673373218756382
1.0882344364649346,1.0542562386190437,2020-12-22,1.1398797114436057,1.1412196442173352
1.0906387983089887,1.0594123411376382,2020-12-23,1.1447626159188307,1.1509450791682918
1.0629151245255442,1.039042567983985,2020-12-24,1.1247023453025322,1.1374262329327243
1.0719867630799722,1.0487624051718265,2020-12-25,1.1305370723763866,1.1501012391069003
1.052947559720353,1.037361241877147,2020-12-28,1.1218667173433385,1.1455646778952426
1.061624214536969,1.0349574451047518,2020-12-29,1.1285751664943127,1.1373588819200724
1.064906461987438,1.0394149969483717,2020-12-30,1.1347533094812237,1.1481585405791694
1.0824621246921184,1.0542109395337782,2020-12-31,1.155608842433075,1.1678464540593836
1.0953977277880218,1.069539716477029,2021-01-04,1.1638659249157441,1.187194549180098
1.0906331982450477,1.0686881664116876,2021-01-05,1.169945732281923,1.1974707862514213
1.0651177237810125,1.0557003357614267,2021-01-06,1.1587195840000073,1.19403364388428
1.02762884286133,1.029590050377842,2021-01-07,1.1462112065771106,1.192479764872993
1.0435280188281952,1.029238528632082,2021-01-08,1.1609268892660327,1.192339953560779
1.0173245864485818,1.005567576222613,2021-01-11,1.1485494790583883,1.1755007932148784
1.0241130440530506,1.0142684248821976,2021-01-12,1.1702049148106817,1.1944206695395023
1.0057351001238573,0.9997363710817898,2021-01-13,1.1650942902322035,1.1894263526638138
1.0114688348131484,1.0027939966661459,2021-01-14,1.1649822293210959,1.181453060947858
1.0289999503991292,1.0143459379510569,2021-01-15,1.1583110485577297,1.1791258839803613
1.0446449294583589,1.0304452344650301,2021-01-18,1.168314150876073,1.1968218121446923
1.0549863247732252,1.0337707630906898,2021-01-19,1.1693248401606944,1.1875071722890842
1.0482119917917587,1.0366836003585336,2021-01-20,1.1648118992219565,1.1976768684022387
1.0587211475215097,1.0440915138351363,2021-01-21,1.1730075726031353,1.2123068640355126
1.0394415770896512,1.0328546177868083,2021-01-22,1.1518428757975987,1.2106217314825494
1.0177780229436735,1.0174430153310503,2021-01-25,1.1454730788454857,1.2098313613672826
1.0067952773847013,1.0077608848946351,2021-01-26,1.134893922577105,1.1913151244556643
1.0044253392815128,1.0087320672662,2021-01-27,1.1362844620019803,1.1924526128139785
1.0069098334540378,0.9957255540068329,2021-01-28,1.1284787940950218,1.1656613949674839
0.9817064829472758,0.9802548803989116,2021-01-29,1.1184627627744625,1.1535586454595896
0.9752740252228809,0.9834872753522672,2021-02-01,1.1191034502551835,1.1628876644379915
0.9749272277281892,0.9873239882167321,2021-02-02,1.1234190357062521,1.1746781733663283
0.951863370449673,0.9719815481003008,2021-02-03,1.109617626955591,1.1616853830325116
0.9273460937325356,0.9533508050922957,2021-02-04,1.086644162741628,1.1451383157311321
0.9147262186618416,0.9412770397871298,2021-02-05,1.0737944644882282,1.1302539235371316
0.9097287625512649,0.9433199853180647,2021-02-08,1.0742862437200686,1.1431947626846202
0.9313407097206384,0.9611941405381785,2021-02-09,1.0964642732667036,1.1692318851555408
0.9352166737617067,0.9684774789327052,2021-02-10,1.102725906821491,1.1811323070482236
0.9738938536657726,0.9931305134831973,2021-02-18,1.1257432748043725,1.1936707472607684
1.0099576144126905,1.0201121316130888,2021-02-19,1.1541026597112125,1.209367355377633
1.0167291316107503,1.028576972789405,2021-02-22,1.1525392974980517,1.202505067205619
1.003845010233184,1.0220084950232176,2021-02-23,1.1431473678128201,1.1976108919714892
1.0156493499227304,1.020878428333756,2021-02-24,1.1419878091792464,1.1812792672773482
1.0058604795080281,1.0142149875432078,2021-02-25,1.1386680894387116,1.1790475723619989
1.0107656891191958,1.009693244122044,2021-02-26,1.1223728254882028,1.1562538120294021
1.0330498597241675,1.0326301904913584,2021-03-01,1.1441513890784254,1.1790904659112262
1.023253028143975,1.0264871123260444,2021-03-02,1.1366740505557964,1.1709534592954125
1.031167045800424,1.040042976733236,2021-03-03,1.1500046434897604,1.188287360818017
1.0229641149428437,1.0300068786076577,2021-03-04,1.133023917732599,1.1633833057917515
1.0453570185393124,1.0379698581128738,2021-03-05,1.1449550928267545,1.1632005801067282
1.0322810830003342,1.023930341190366,2021-03-08,1.1211428111557116,1.1354232571968519
0.9999601628387371,0.9981325357762657,2021-03-09,1.087676063206617,1.1063618436878533
0.9797806620585044,0.9859504836401469,2021-03-10,1.0830824049467844,1.1020714802493365
1.0026417303602755,1.0069356997746195,2021-03-11,1.1056429951119568,1.126496189276492
0.997171821018778,1.00842416417756,2021-03-12,1.1027880555073954,1.128732989395693
0.9884781626417997,1.005819340002317,2021-03-15,1.0868932274229013,1.1154223465828523
1.0070237396648127,1.018862098131648,2021-03-16,1.0938804239118398,1.1206253792337242
1.0119393685761546,1.0237787102949574,2021-03-17,1.101169248405584,1.1270902385697907
1.0069760504179435,1.0242043447636984,2021-03-18,1.1064047212103116,1.1348799010317112
1.0047391578116365,1.0204272930266882,2021-03-19,1.0924708767808105,1.120990070499617
1.0218995551906358,1.0368480858183453,2021-03-22,1.1089405076696368,1.1380633844464652
1.0132284911571354,1.0243345583248817,2021-03-23,1.101432194824923,1.1245756828526516
1.0007064444439475,1.0150807239486772,2021-03-24,1.088907351582326,1.107606791519459
1.0020063411323195,1.0118558376445634,2021-03-25,1.0928665808337563,1.1082307505531397
1.0190604888467292,1.0254132996098395,2021-03-26,1.1129112966972756,1.128629176499592
1.0194804051462618,1.0264762435196766,2021-03-29,1.1139305923078986,1.1324050893258337
1.0101682470267557,1.0187069461654426,2021-03-30,1.1166462928851293,1.13788425055039
1.0115162790522763,1.020793586614644,2021-03-31,1.1103230148243066,1.133280086781045
1.0155797328997809,1.0233861590093078,2021-04-01,1.1224874232978244,1.1435484987623297
1.0258419433424024,1.0266542614482557,2021-04-02,1.1338769045649841,1.1479956408062368
1.037261332323447,1.0366798050162527,2021-04-06,1.1310309261095017,1.1514975411312633
1.0380224872032897,1.0424112697501877,2021-04-07,1.128588442727535,1.1515388990519564
1.0287701992975944,1.035380541297414,2021-04-08,1.1283298714305607,1.151755351948155
1.0316289397118583,1.035362938393522,2021-04-09,1.1206733998846372,1.1446256352285404
1.0131356458576626,1.0215669928405224,2021-04-12,1.0991947744869257,1.1230483041758175
1.0074629369625312,1.0140154029830597,2021-04-13,1.0941922917676183,1.1180343700525053
1.0167274113357339,1.0258253175823229,2021-04-14,1.1046586325608443,1.1303150639740505
1.013717735578769,1.022663109202744,2021-04-15,1.0988810127696127,1.1274188813563613
1.0342474158053931,1.0389157384838095,2021-04-16,1.108172876320026,1.1368868509457568
1.0522304044099857,1.0523473312750844,2021-04-19,1.1298255197688893,1.1570474567710711
1.0442176169627129,1.0480143390221768,2021-04-20,1.1191207202182227,1.1553147136029192
1.0351447183374178,1.044684577117651,2021-04-21,1.1137110134929296,1.1558566951991853
1.0356661085233434,1.0484503512250902,2021-04-22,1.1162237895990799,1.1605526239384103
1.024144027042527,1.0397028183037502,2021-04-23,1.111336465545545,1.1615716524128812
1.014204655050799,1.0353655147813172,2021-04-26,1.1022384848130058,1.1556680497086875
1.0050225732492688,1.0286045619925295,2021-04-27,1.0934850405402483,1.1543671876751267
1.0021211157823382,1.0309244693607165,2021-04-28,1.0973694779909238,1.1623162875966442
1.0097925983665148,1.0282811842546635,2021-04-29,1.1058225624557754,1.1629056329917862
0.9952335845031589,1.020612725671631,2021-04-30,1.0967029135054303,1.158745551807673
0.9963986448672684,1.02530423962968,2021-05-06,1.0899097822563524,1.1575857869190334
0.9908789770990488,1.0200246775096942,2021-05-07,1.0762237900286327,1.1443932937871064
0.9853998242358343,1.0251127271995917,2021-05-10,1.0660259998206576,1.1474493738986187
0.9993480926490588,1.029008567301249,2021-05-11,1.076600359646586,1.148864669342423
1.0072826563079005,1.0401258332663266,2021-05-12,1.079562926902068,1.1577507781358864
1.0067844659416807,1.0347078037414454,2021-05-13,1.0759294656159293,1.145542065517717
1.029187737694359,1.0483523105564383,2021-05-14,1.11092957121744,1.1643564167322777
1.0259470918904736,1.0408401090999508,2021-05-17,1.1124764553944806,1.1743748571904478
1.0296574380927943,1.0466265083345805,2021-05-18,1.1172923453960257,1.178546309933509
1.0308425197533435,1.0453397668631499,2021-05-19,1.118466093853365,1.1778507490658379
1.0331833416026828,1.0423014379782984,2021-05-20,1.1270805039639538,1.1762635800784542
1.0305654504797983,1.044021380427276,2021-05-21,1.1137095871840164,1.171858445378915
1.0442904998438363,1.050891053532774,2021-05-24,1.1274517355661178,1.177217397984751
1.0554776527949776,1.0598238940300968,2021-05-25,1.1509784198677644,1.196428964937232
1.0652058793836137,1.0671787906682253,2021-05-26,1.155192380398948,1.1985275145090548
1.0774778886563985,1.0756300206320764,2021-05-27,1.169207671684657,1.2089469768422547
1.0715898545884097,1.071634747633154,2021-05-28,1.1702229430646576,1.2057078638547223
1.082370502333689,1.084720023119568,2021-05-31,1.179512150762564,1.22051883711008
1.0902906952323226,1.0933089078419596,2021-06-01,1.1812386239860657,1.224347629937575
1.0780255691265128,1.0847047974948272,2021-06-02,1.1672824012478036,1.2109745940091599
1.0748640215999037,1.0840068945310066,2021-06-03,1.1654463309973893,1.207615776380289
1.0770485012346616,1.0844663219709043,2021-06-04,1.1729227318421214,1.2114610894493452
1.0854064034311142,1.0930081153131463,2021-06-07,1.1802359164871385,1.2177271277790898
1.0900409526125312,1.0915151665179106,2021-06-08,1.1787106702059118,1.209701957333098
1.0921246515238903,1.0939512773022342,2021-06-09,1.1765988402165968,1.2106174992879748
1.1054078304536747,1.1004647235148184,2021-06-10,1.1839022345662051,1.2189790457297478
1.0958661930218385,1.0928017478724854,2021-06-11,1.1700500725180676,1.2107320395215486
1.091579529350682,1.0842603374612576,2021-06-15,1.1588539834657154,1.2000895530703821
1.0857724164011406,1.0721933145312623,2021-06-16,1.1496723781900602,1.1790559153805127
1.0892988186392216,1.0802034633001154,2021-06-17,1.158594593192956,1.192868948530273
1.0992263353897331,1.0895378281343213,2021-06-18,1.163876392649209,1.2011667704401126
1.1164383400252158,1.1020240142093822,2021-06-21,1.1663203744937125,1.2109986302890292
1.11931559395882,1.1079417833380687,2021-06-22,1.1674664476358345,1.2172664795813026
1.1240045331904471,1.1121532297691494,2021-06-23,1.177559256598813,1.2281058851138362
1.1236443985684295,1.1050632857173406,2021-06-24,1.1810681165514547,1.2210040902319468
1.1282583811861562,1.1080592910480611,2021-06-25,1.1947718443412736,1.234125709632859
1.138874707901042,1.1149904737107232,2021-06-28,1.2023107586460575,1.23984654885253
1.1270586931835436,1.1051594960039128,2021-06-29,1.190317929125815,1.230089321349188
1.1350575909540301,1.1137299268662035,2021-06-30,1.1989941581734915,1.2407278575394154
1.1189004134626577,1.0980321763025567,2021-07-01,1.1874473989183238,1.2275977011916455
1.1164778265997835,1.0929164567641452,2021-07-02,1.1727260539044173,1.2104415631463135
1.1274727627163297,1.1068228710702745,2021-07-05,1.1784860829660002,1.2199245045171476
1.1300724156330457,1.1064300273866847,2021-07-06,1.1817521436756049,1.215046770532498
1.139947604483046,1.1149029347176302,2021-07-07,1.188234976261564,1.2311777990304407
1.1423003696866014,1.1100518085152118,2021-07-08,1.1863040222058128,1.227909617491355
1.1519507436435568,1.117109378886731,2021-07-09,1.1976106395682276,1.2338911928535303
1.1694795714696993,1.1325579446884604,2021-07-12,1.2120419415951114,1.251886193407203
1.171520591016188,1.1394800433259773,2021-07-13,1.2141578975747693,1.25786164575337
1.162200473026346,1.1305227346617732,2021-07-14,1.2009422447495914,1.2456239437595729
1.1548390698111575,1.1236749705650275,2021-07-15,1.2040295173528393,1.2529380361810445
1.1578514209393573,1.122754173630911,2021-07-16,1.2076548304063028,1.2495750668288879
1.1612288725760376,1.12192052475137,2021-07-19,1.2051200632306027,1.2443226100083027
1.16821531571188,1.1255175102690438,2021-07-20,1.2063546825974727,1.246688438491901
1.181584485351253,1.1397918043901916,2021-07-21,1.214410577061329,1.2635891712373784
1.1918094583070327,1.146963538705517,2021-07-22,1.224685726552903,1.2717767600737935
1.186564234497787,1.1348466597962155,2021-07-23,1.2180147963041783,1.2611654990621497
1.179030684052789,1.1184980349878157,2021-07-26,1.2003519835231733,1.2387419211179609
1.1616729103421515,1.0959736033834948,2021-07-27,1.1803991726089633,1.207849126254889
1.1250193922346614,1.07054798789686,2021-07-28,1.1602843853921672,1.1934374653694366
1.1619972669441299,1.0987503219058439,2021-07-29,1.1841075344640706,1.2252413149876489
1.1823454996932645,1.10952730356847,2021-07-30,1.1883097643248701,1.2289460163223729
1.2116034748154114,1.131476483211969,2021-08-02,1.2242336574075618,1.2521463525915126
1.2114214804286236,1.1282003080191154,2021-08-03,1.217453881992483,1.240883475476809
1.2221972640425331,1.1414850167612896,2021-08-04,1.22155379169767,1.2608709981616568
1.2116262245579574,1.1334318057725175,2021-08-05,1.2109264437819165,1.2569638838697097
1.2097981186441789,1.1346671428186248,2021-08-06,1.212291580323426,1.258029996796526
1.2344494800545027,1.1471908407371165,2021-08-09,1.2366442324470328,1.2692684372962733
1.2524385989974982,1.1587623335522206,2021-08-10,1.2478800207790144,1.2773423053861879
1.2638147501963617,1.166034973587597,2021-08-11,1.2572893385369075,1.281426953624711
1.2629685477794073,1.1694192040078646,2021-08-12,1.2606156099361783,1.2832995007001042
1.2682747609354197,1.1691714007634848,2021-08-13,1.2643413377744972,1.278778822576968
1.273614114179978,1.168564891838089,2021-08-16,1.2626343690847126,1.2739023685945945
1.244714040253926,1.1388652261688037,2021-08-17,1.2409369704651785,1.2454558061427934
1.2706009752852354,1.1490046174962019,2021-08-18,1.2683269077963761,1.2569568630473935
1.2630766968497162,1.146920761960168,2021-08-19,1.2606780168417733,1.259436553397017
1.2538424947913045,1.141218023974259,2021-08-20,1.248523370677955,1.2512246832415588
1.2815305634846437,1.1697143692655743,2021-08-23,1.267708568472356,1.2748183521114564
1.2914112379510503,1.1760922938876943,2021-08-24,1.2774290655666494,1.2865906713853708
1.3026881051157533,1.1852228751894465,2021-08-25,1.2831905332312157,1.2957719650166877
1.2929630995464123,1.177827114601668,2021-08-26,1.2730238922056476,1.2814130278581308
1.283173755523109,1.1757730498101977,2021-08-27,1.2684531822434386,1.2845413920522015
1.276893032912811,1.1775044956459861,2021-08-30,1.2605939118036986,1.2888106819680587
1.2682761407512875,1.176798677286813,2021-08-31,1.2599919926519239,1.291604278119514
1.2806189501095746,1.1723503118957597,2021-09-01,1.2782106586747795,1.286466090447029
1.2818688719611748,1.184681990675688,2021-09-02,1.2770271940678737,1.2994239853683867
1.2905731450469657,1.1858111074667619,2021-09-03,1.2840555353301466,1.2914602023375799
1.3055866275109145,1.1995476628428599,2021-09-06,1.312126681816993,1.310940168454636
1.3161485292237296,1.21402104886815,2021-09-07,1.3203962098788267,1.3314549536111955
1.3378100968286086,1.2242749766562775,2021-09-08,1.3278113974986718,1.3339236427798644
1.3278191989356203,1.2250731787811056,2021-09-09,1.3196450909730186,1.3393466597878412
1.3212671154144038,1.218525358737612,2021-09-10,1.3235898061274969,1.342425985141007
1.3236794642101453,1.2252598965288242,2021-09-13,1.3199848140005406,1.343893093570454
1.3051936462504699,1.2119836060693474,2021-09-14,1.2984116530267849,1.3296728861849763
1.305189394658438,1.220118524135541,2021-09-15,1.2881020344819674,1.3329272432760277
1.289235429040153,1.2023101227022905,2021-09-16,1.2739564072891116,1.3045527148806604
1.28961147414618,1.1984104022317081,2021-09-17,1.2868425840385513,1.3058595435723148
1.2917388149616627,1.2030605937170633,2021-09-22,1.2834092331990805,1.3142669663545086
1.3154869990045417,1.2121594844284145,2021-09-23,1.301626119729821,1.3215127308428367
1.2957566062211112,1.1913919695990411,2021-09-24,1.2944501007057563,1.3061870878486121
1.2631594203212613,1.158046584376224,2021-09-27,1.2896579987799377,1.2799785218092365
1.2692972983940845,1.1626741593996792,2021-09-28,1.2947149318010511,1.2841475758816947
1.2385592733387496,1.1287514944147707,2021-09-29,1.2759275189436217,1.2493671197422824
1.2510477276533365,1.152825392788115,2021-09-30,1.2817368198319161,1.270384472663006
1.2783397334207267,1.1697023385421086,2021-10-08,1.2945554964494301,1.271058754680476
1.2783809472713172,1.166331787579008,2021-10-11,1.2971628022847728,1.2665998799383333
1.2600880742178435,1.1465292652526513,2021-10-12,1.276031778036237,1.2426191241546098
1.2633413056827232,1.1494576398600682,2021-10-13,1.2762493200892158,1.2519214292957823
1.2699500191131086,1.1566472712510985,2021-10-14,1.278880842732102,1.2542813114935194
1.260775509752595,1.1480309005713913,2021-10-15,1.274468708985785,1.255306944302052
1.2697235352235572,1.156798259194338,2021-10-18,1.2821775736768752,1.260599870301935
1.2702683259067338,1.1627659409438516,2021-10-19,1.2905148706870915,1.2717730192499939
1.264478023708214,1.1610152790434827,2021-10-20,1.2797915528148123,1.2714496509963489
1.2534373451337417,1.1549555250836276,2021-10-21,1.280377597357258,1.269060895132958
1.2463383374779875,1.1445200844488326,2021-10-22,1.2784299638510672,1.2605511302949404
1.2416226449650523,1.1527703401577365,2021-10-25,1.2816944293330201,1.273526457094257
1.2367185098684015,1.1486886173215676,2021-10-26,1.2770990130749025,1.2713638332526336
1.207930978322147,1.1295471768653735,2021-10-27,1.2534439268299205,1.2594968204791157
1.1857238705655835,1.1093163639369719,2021-10-28,1.2309795682461258,1.2412650934429121
1.205996533267593,1.1270645882607238,2021-10-29,1.2407397224448822,1.2568830564149247
1.2176951480726212,1.1418114118279683,2021-11-01,1.2457305637074236,1.2624980205803498
1.2015910916957382,1.12800828523264,2021-11-02,1.229470608322299,1.2502566132419337
1.2126457211490003,1.1353785569542123,2021-11-03,1.234443333350404,1.2536610508000567
1.2203752001450974,1.1514868440771588,2021-11-04,1.2361742877190198,1.266261084846292
1.2172485043793455,1.1447635112772496,2021-11-05,1.2252630363048118,1.249876561930074
1.2169738934477392,1.150558049358628,2021-11-08,1.2307227764169117,1.2528650549527072
1.230603050519493,1.1625807242876136,2021-11-09,1.2423538685377835,1.2632892427768334
1.2441164705964314,1.169111746462904,2021-11-10,1.241924900343525,1.2593416350965314
1.2650164793618761,1.1806927256351685,2021-11-11,1.260916121515029,1.2708290247487581
1.2676067639634636,1.1920075494482125,2021-11-12,1.2551468500956846,1.2779183445925932
1.281669093998111,1.2019219101255978,2021-11-15,1.256352305300054,1.2718288185590754
1.272130537402468,1.1924158021344111,2021-11-16,1.2476336800535852,1.2630143461942855
1.2853194422172751,1.2091704433858825,2021-11-17,1.2582036902572737,1.275775786568478
1.2713638056704133,1.200715984110726,2021-11-18,1.2504183858723137,1.272548058689556
1.2874641122014532,1.2151654095591562,2021-11-19,1.2735643526274958,1.2879356998528837
1.3043195103838436,1.2264969800264092,2021-11-22,1.2895588402013245,1.3031962683196276
1.3078656410526317,1.2309166322158418,2021-11-23,1.2911962263605654,1.3025929886744188
1.3128329128370047,1.2353493640917037,2021-11-24,1.29020324542263,1.3015412171226943
1.3174525099245815,1.2352765405090882,2021-11-25,1.2903488339115619,1.2982451868465736
1.3177642385757147,1.2323837195617926,2021-11-26,1.2875159925593365,1.2945720295793886
1.3106056868735856,1.2319423174776827,2021-11-29,1.2882501696657114,1.2977239700609922
1.3303708542546004,1.2419376638949275,2021-11-30,1.2896432230350856,1.2993487156393608
1.35519255359875,1.2540699641571122,2021-12-01,1.2944775802463633,1.3002735863148205
1.33064949250375,1.239004072315775,2021-12-02,1.2823103217316232,1.2924744557379504
1.3418855990306136,1.2448604733432296,2021-12-03,1.2983598179635945,1.3045304049695483
1.3191017559082634,1.2258869885630577,2021-12-06,1.2891022500241458,1.2934125694862528
1.3058599545272207,1.2167442433592508,2021-12-07,1.2806659523294164,1.289121942047363
1.3236102440773325,1.2327006982774134,2021-12-08,1.2995280414854466,1.3086724505539395
1.344664926846292,1.2395160295000562,2021-12-09,1.3150529125364192,1.3178222051250499
1.3438957716207571,1.2436061311523146,2021-12-10,1.3105943794723214,1.3167908565347581
1.354518545615224,1.249453575942127,2021-12-13,1.3114616347104109,1.3228820439230133
1.365367712388658,1.25555407565584,2021-12-14,1.3086840180617143,1.3147810719142703
1.3621497642220157,1.256925838054136,2021-12-15,1.3087364413120253,1.3090043681645198
1.3758678989371784,1.2680119516383057,2021-12-16,1.3167363675178188,1.3189199795885296
1.3657219950065063,1.2580552827921567,2021-12-17,1.3020525666266296,1.3033143889068701
1.3424831579991732,1.2449796962479898,2021-12-20,1.2859824610695474,1.2811766008896994
1.3652126147109829,1.26430802794187,2021-12-21,1.3034177152656243,1.294752005859599
1.3671457917961143,1.2692536647779988,2021-12-22,1.3034345380850445,1.30018697501718
1.3539148050084238,1.2631832343277174,2021-12-23,1.301752371537004,1.3054770840726715
1.327011255753579,1.2427967082808244,2021-12-24,1.2969823302419272,1.2911006168768795
1.3323795308929471,1.2489975748522515,2021-12-27,1.3027393316337832,1.2907831726137713
1.350736836771829,1.2569534010741394,2021-12-28,1.3077455809906495,1.2982951168482233
1.3474880993089478,1.255616397335339,2021-12-29,1.3023588900808867,1.2910805233151643
1.361565099292904,1.2682774226672786,2021-12-30,1.3119417603721744,1.2994595526196626
1.3666664093847594,1.275585012047698,2021-12-31,1.3189343192612009,1.3099092157206111
1.3900643839941473,1.2900125454197324,2022-01-04,1.3175971485229598,1.3035115962158959
1.379484585713545,1.2710590488884945,2022-01-05,1.3002462700254542,1.2792954349578973
1.3851533571494146,1.2819589383836825,2022-01-06,1.2881240992500338,1.279859973588809
1.3624467340335564,1.2607311014645524,2022-01-07,1.280155196148841,1.2690284562071605
1.3795143088181123,1.2717541354255721,2022-01-10,1.2885246412185325,1.2736413534658586
1.3741816511685787,1.2655965145480195,2022-01-11,1.2805034280843626,1.260806735504605
1.3865497198357348,1.2831787426759451,2022-01-12,1.2919969091527521,1.2747515138309278
1.3806258425465625,1.2712310668302993,2022-01-13,1.2780047686164866,1.2540969512934719
1.3645412943392021,1.2657093157955055,2022-01-14,1.26614190653111,1.2510481714838464
1.407575340033522,1.2864433200470418,2022-01-17,1.2826808038134783,1.2635393999933064
1.4028239701196559,1.2692613661800873,2022-01-18,1.287557206660872,1.2674495649087851
1.409376289828112,1.2705411800016926,2022-01-19,1.2694682341247157,1.2552124498870125
1.3750211628275804,1.2399394725481583,2022-01-20,1.2579910962421976,1.244758020300091
1.3662945637172355,1.225733546632901,2022-01-21,1.2448209184668402,1.2282986315708264
1.366010151301477,1.222574117794553,2022-01-24,1.250492642712661,1.2321371145956026
1.300631510096325,1.172359492395822,2022-01-25,1.2127267676856814,1.1935254563019555
1.3046305681798984,1.180242165704559,2022-01-26,1.2203755504900753,1.1998811918420489
1.2436846974698468,1.1419621970287046,2022-01-27,1.1897100431511467,1.1714249286909946
1.2615682932895997,1.1557135608717373,2022-01-28,1.1810841026743715,1.165471694070876
1.273873830143193,1.1719111179928487,2022-02-07,1.1977257129442667,1.1834911526632204
1.2930541591445124,1.188372072847066,2022-02-08,1.208189932004483,1.1878581047411492
1.316488763517867,1.2059298277596158,2022-02-09,1.2262923270806443,1.20300610230351
1.3069186274824955,1.202046089685882,2022-02-10,1.221408621850231,1.200532823387112
1.278376465639204,1.1778125745824422,2022-02-11,1.201403394168005,1.1831928900857178
1.2837410884853813,1.1776457826111133,2022-02-14,1.1939930234597809,1.1729999107111393
1.2911089039457406,1.1836727187902745,2022-02-15,1.2100802805428008,1.188685371572038
1.3058609474554683,1.1976550250626097,2022-02-16,1.2129912016693518,1.1936036105043335
1.3036974310733138,1.1944973431233465,2022-02-17,1.2149050210023646,1.1963389303252951
1.3106534609793328,1.202900035176894,2022-02-18,1.2165486024794867,1.202635353903918
1.3388803010732133,1.2192795129398881,2022-02-21,1.226402010919736,1.2068574961111092
1.319301033785007,1.205266528973741,2022-02-22,1.2093216014901247,1.1942028913379397
1.3462484851654675,1.2248105783309684,2022-02-23,1.2347787866328308,1.2144229077978235
1.3108345329472015,1.1957450635505762,2022-02-24,1.207687016036219,1.1905228176190572
1.3235786125504119,1.2073271683107631,2022-02-25,1.2180635315128485,1.20208181815928
1.319212026539421,1.2075604332824763,2022-02-28,1.2201108457702372,1.2078926916211972
1.329193763187526,1.2173856468336877,2022-03-01,1.2266121152246665,1.2100508227488682
1.336488620531286,1.2223430565206568,2022-03-02,1.2231267848806957,1.2066561242032945
1.327117655985178,1.2189757393849823,2022-03-03,1.2132051281999892,1.2005752469598852
1.3071022636772576,1.2043231617822265,2022-03-04,1.1962309856167828,1.1888356166775136
1.2756311468254597,1.1851831251184828,2022-03-07,1.1606004651848125,1.1598229372886988
1.2378073623675245,1.1471992704196465,2022-03-08,1.127630576138832,1.1238850422703668
1.2138242116878897,1.1312584045573717,2022-03-09,1.1017841527498247,1.107387120243309
1.2348780940491917,1.1513860748771836,2022-03-10,1.1176410907819538,1.1285485821602719
1.2460416908780563,1.1602548278050526,2022-03-11,1.1329970279441186,1.1369743559443857
1.212540490145681,1.128406636437169,2022-03-14,1.1083719675300228,1.1078364533282057
1.147622721804973,1.0706339943415062,2022-03-15,1.0548876358917785,1.0519529676436938
1.1872791435057921,1.104664366452584,2022-03-16,1.0979726694624632,1.0870442683496577
1.2103849160678863,1.1258269082452619,2022-03-17,1.1137534039966936,1.1063858289117317
1.2222413493503272,1.140318452415695,2022-03-18,1.1206124916890075,1.1158522620674085
1.2383641671690488,1.1547774662064043,2022-03-21,1.1282604682712751,1.1212908524236245
1.2317487733988977,1.1525334607210236,2022-03-22,1.1235511558595694,1.1182937790746346
1.2383689636514683,1.1558503308305212,2022-03-23,1.1307244051186687,1.1244048537246651
1.2184150799527345,1.1420605006847357,2022-03-24,1.1197234228922541,1.11542288061398
1.218464523681762,1.1371685472911626,2022-03-25,1.1099367416118033,1.0995402360218474
1.2069846734616312,1.1331527902626404,2022-03-28,1.1057770474548019,1.0955938876767963
1.1935144100857196,1.1226622295375632,2022-03-29,1.0960504502873454,1.089485658317138
1.2128286213581707,1.1417979329192627,2022-03-30,1.117537365063996,1.114424289264891
1.2062910882891884,1.1395579431374256,2022-03-31,1.1019744943610033,1.1017955108757966
1.19952589658217,1.1372043616480887,2022-04-01,1.1074008668218798,1.109146175602535
1.2096313449850822,1.147858749928393,2022-04-06,1.0996746349417559,1.106307921676691
1.175880389313514,1.1199828806475456,2022-04-07,1.075345571105416,1.085374640727515
1.163844878765492,1.1129000450635338,2022-04-08,1.0731648255038915,1.0849128414266458
1.1183882768574203,1.0795955185835648,2022-04-11,1.0300324666057756,1.049183799399626
1.142964950250576,1.0988559731036698,2022-04-12,1.0459075339345116,1.0648871254238421
1.1201010245355683,1.07668297900619,2022-04-13,1.0333462416280896,1.0495564515307068
1.1291101027079786,1.0868497271418993,2022-04-14,1.042268295962106,1.0631713496619455
1.1056939640663341,1.068361768366986,2022-04-15,1.0324936117346832,1.0571178455617065
1.1234495466779495,1.075923686529856,2022-04-18,1.0394860961169645,1.0595309103340702
1.1297283298067409,1.0809054044725186,2022-04-19,1.0355993740983882,1.0581665616599965
1.119288971052318,1.069563792293674,2022-04-20,1.0210819845297492,1.0389254084256634
1.0726264182386829,1.0284779952079048,2022-04-21,0.9859192676875732,1.0064832111847895
1.0557086493407406,1.0182701606719946,2022-04-22,0.9750788294191882,1.0025583341234074
0.9684310283579838,0.9409554611724841,2022-04-25,0.8989089422528088,0.9399147899812493
0.9343777033093319,0.9095762568403186,2022-04-26,0.8715093615330581,0.9176706966444229
0.9637769863179746,0.939174829068874,2022-04-27,0.9141836876670177,0.9552090963395263
0.9375489146743063,0.9237663418250324,2022-04-28,0.9066764598888877,0.9532539765596574
0.9860339248610299,0.9652845521428305,2022-04-29,0.950483337389671,0.9894739761899208
1.0018483773276676,0.9823603818276736,2022-05-05,0.9632285554762738,1.001024267000674
0.9881155255991898,0.9713913165442919,2022-05-06,0.9392987072136695,0.9810069468925089
1.0028764279769147,0.9871412470791462,2022-05-09,0.9458013393799871,0.986222320508768
1.0199429434507221,1.0045581730139854,2022-05-10,0.9598791453752368,1.0017557491547149
1.0245451965246628,1.0082103278420687,2022-05-11,0.9708973798084459,1.0129471481245182
1.0355292916611345,1.016527151777889,2022-05-12,0.9727110127237057,1.0142375542634836
1.0408376097893757,1.0234030021464515,2022-05-13,0.9788172513969062,1.0213598013000027
1.0413729583737659,1.025033896257549,2022-05-16,0.9750518090959315,1.018805320569505
1.0428382861812777,1.0235944975038103,2022-05-17,0.9816086076998266,1.0254706457075549
1.0526961855863062,1.0305553491137445,2022-05-18,0.9847900418529992,1.0231655623300804
1.0605444768574939,1.0377842003748938,2022-05-19,0.992184194862799,1.0306807620047056
1.0753423785493863,1.0498884441458416,2022-05-20,1.0072243549964301,1.046447988993254
1.09450277644382,1.0634570291775562,2022-05-23,1.0128664821426883,1.0521684981424186
1.0396302938805921,1.0186366990747688,2022-05-24,0.9734203124045648,1.0160962988345141
1.0626326343984183,1.039039288584145,2022-05-25,0.9871441336936615,1.0308776474787567
1.0706158491993232,1.0444500286631673,2022-05-26,0.9986230440729044,1.0391649028828258
1.0664494946394414,1.0452735261237693,2022-05-27,0.9964414369753625,1.0381807723542062
1.0721982841990647,1.0554646174403441,2022-05-30,1.0037040086852111,1.0484186119041803
1.0919572906978399,1.0676049088085748,2022-05-31,1.0197497617012934,1.062868375519687
1.0960195364248249,1.0746630215925634,2022-06-01,1.0181568931099232,1.0633674512516182
1.1128720791848958,1.08564949805416,2022-06-02,1.0336268764024619,1.0746018852122747
1.136123978191563,1.1044893948108438,2022-06-06,1.0475984121470985,1.096092858023588
1.1302791340842433,1.099000921923503,2022-06-07,1.0518039423050976,1.0970072202098882
1.1309013140053075,1.0973090411451172,2022-06-08,1.0602479803200247,1.1019550146623165
1.108558859030084,1.076063334631269,2022-06-09,1.0506791016944972,1.0872535532340915
1.127584649065696,1.095423775189186,2022-06-10,1.0701691257428927,1.1073978782809188
1.1342667041087269,1.0996071311346156,2022-06-13,1.0659808786051812,1.1051583984928857
1.1417134397435575,1.1003496559224246,2022-06-14,1.0831048237503196,1.110844062364022
1.1484911049912137,1.0989967799483746,2022-06-15,1.1005861143267817,1.1128368494897614
1.1517697628111618,1.1082218865539322,2022-06-16,1.0898288825074354,1.11284300668741
1.1588325680453586,1.1141016330362354,2022-06-17,1.0945794423680237,1.1243404389088265
1.166291496983059,1.1271748253590093,2022-06-20,1.0990032086645019,1.13098685262911
1.1658037603689584,1.1218652875075605,2022-06-21,1.0944568729062616,1.1221809208994833
1.1510006869007505,1.1074926059418386,2022-06-22,1.0775810222342344,1.1064897784029075
1.173956380299269,1.1297435676453873,2022-06-23,1.0951308878087904,1.1279850449621616
1.1839115512490153,1.1421181586300069,2022-06-24,1.1069230424195344,1.1405295098872374
1.1981446155659001,1.1517778627235504,2022-06-27,1.1103451362176506,1.150461269838
1.2232551707292851,1.1684750984762808,2022-06-28,1.1222753353524306,1.1636689687442587
1.2061406886562884,1.143266643578039,2022-06-29,1.1041906310761422,1.1411903265767058
1.212945150386999,1.1528728783805229,2022-06-30,1.1108562806510434,1.1564736110279037
1.205899447852272,1.1508379959480006,2022-07-01,1.109419717483366,1.1533009007552648
1.2105901560321004,1.158526281837262,2022-07-04,1.1174374990592961,1.1667737072177822
1.201710516951224,1.1491043691157596,2022-07-05,1.1144627329678394,1.1637119613556628
1.194895382786618,1.1390127358155546,2022-07-06,1.103910001672209,1.148946251869382
1.2110609599907185,1.1469638126199626,2022-07-07,1.1116918032435203,1.155924312318543
1.2180817226688634,1.1491534837313264,2022-07-08,1.1120305524935508,1.1501529873212577
1.199472220053192,1.1393403480862598,2022-07-11,1.0990545078326905,1.134922693760744
1.1818429727608777,1.1206217713141282,2022-07-12,1.0888540620032403,1.120778223003624
1.2002272163209784,1.1347164818572513,2022-07-13,1.0918937273630167,1.1248160008028956
1.2079655443903656,1.1423311655865322,2022-07-14,1.0935157959585164,1.1318833130511676
1.1815761953393726,1.1220680613451441,2022-07-15,1.072991368089382,1.117139704470091
1.2134328064328839,1.1507453339481215,2022-07-18,1.0909894411781271,1.13375927775663
1.2340343511615632,1.162408376523399,2022-07-19,1.0964829823550741,1.1353627163214688
1.247995936545781,1.1730699928971007,2022-07-20,1.1057562906149234,1.147243006921514
1.2485278379757223,1.168691866475342,2022-07-21,1.0991539294681087,1.1382329252800973
1.240514979189542,1.1656763811010822,2022-07-22,1.094961793085157,1.1315779501906178
1.2318250549559475,1.1555308768237684,2022-07-25,1.0841407118275348,1.1200874458008296
1.2469930704969692,1.1679794503125287,2022-07-26,1.091335068728523,1.1307194633059368
1.2490532765466917,1.17864973129428,2022-07-27,1.0894116307766435,1.1342404974755584
1.2581981506517665,1.1882320207824162,2022-07-28,1.0991341531011076,1.1396378170414985
1.2454270541050103,1.181691700844808,2022-07-29,1.0845805084963152,1.129126758802262
1.255890991030207,1.1883176447887718,2022-08-01,1.0886764769391584,1.1369869627063587
1.1972036165254285,1.1424001066374219,2022-08-02,1.0539291289463002,1.1087577675130453
1.1997687530183387,1.1370779452431765,2022-08-03,1.0515214756744022,1.1003651838037232
1.2188066022526303,1.1523854777689018,2022-08-04,1.0632977027920985,1.1061240615909849
1.2500995701062692,1.167091228181714,2022-08-05,1.094843424237934,1.1259794030251873
1.2597270239570926,1.1832792006928352,2022-08-08,1.0956399830602155,1.1331401946908028
1.258436255993714,1.1873194036120869,2022-08-09,1.0961356511211937,1.137315159398653
1.2588735434403922,1.1912829026871308,2022-08-10,1.0909757804538975,1.1325172607613927
1.2867566310217655,1.2074091252533172,2022-08-11,1.1182366738741893,1.1509465986193979
1.285289269661361,1.2022380453752506,2022-08-12,1.1166056379258786,1.1445721979785528
1.2868865523967912,1.2073872104906045,2022-08-15,1.11623799889091,1.1481964694882094
1.2950465220531184,1.2164984168486324,2022-08-16,1.118929487536587,1.1509557836298643
1.2983685013191186,1.2197506537426206,2022-08-17,1.1193371562094345,1.1559789719406066
1.2926270096057788,1.222330068227137,2022-08-18,1.110651899581819,1.1537247306667764
1.2778684673840266,1.206189495776299,2022-08-19,1.1017516115461594,1.1414469580309867
1.2831303275890185,1.2130484259480758,2022-08-22,1.1107010685241294,1.1512985936217552
1.289012036089695,1.2182185865701234,2022-08-23,1.1055519462978103,1.150922820797413
1.2512361822291032,1.1805169396188944,2022-08-24,1.0772927477648298,1.1176860608319663
1.2495904342515007,1.175696948711975,2022-08-25,1.0829717580543305,1.121857522852437
1.2438226338122746,1.1695855850298211,2022-08-26,1.0843848275700803,1.1171848435464637
1.2535112468196936,1.1792417162713518,2022-08-29,1.087497913170453,1.1201766238184345
1.245756604281054,1.1747773358304792,2022-08-30,1.0836191592003201,1.1148303062726552
1.2033730580499873,1.143037959396565,2022-08-31,1.0662915433087088,1.0935970111535522
1.197374021626934,1.1385903096089007,2022-09-01,1.0638599645438467,1.0877324511209194
1.2124400741307264,1.15418921622196,2022-09-02,1.0611821382829003,1.0912137631187284
1.213498663997858,1.1576006090452278,2022-09-05,1.062148562900036,1.0942001976447264
1.2316012085771952,1.1731166613019843,2022-09-06,1.0778138402343354,1.112054534268416
1.2366100665531972,1.1779067373376484,2022-09-07,1.0808448912239235,1.1166870213456321
1.2299603268599226,1.1664145136289765,2022-09-08,1.0783482263060609,1.1103982955533789
1.228116747729886,1.1655944990764155,2022-09-09,1.087224200687662,1.1174560374313618
1.222411945562993,1.1685871935747338,2022-09-13,1.0897174728890822,1.116231540267851
1.2106816345065223,1.1584644511772388,2022-09-14,1.077656690673598,1.105843403277104
1.177999115935432,1.1306843644490914,2022-09-15,1.0550625859859986,1.0814807104080142
1.154573978350485,1.1034506321786872,2022-09-16,1.0313091214772943,1.0564083267848496
1.1358699068995952,1.0901133274425918,2022-09-19,1.0219390301695312,1.0488459770245975
1.1526043922142772,1.1061382374334345,2022-09-20,1.0308619171759867,1.056285453255967
1.1576067691978158,1.109747349087158,2022-09-21,1.026651589416186,1.0543691968871722
1.1549809947276755,1.1053920850556942,2022-09-22,1.0240225561391207,1.0520230730126152
1.1325371188337194,1.0831334913115755,2022-09-23,1.0130524215305492,1.0388070543999568
1.1126714185029485,1.064271633202344,2022-09-26,1.0013163692849014,1.028267041852001
1.1405093653699765,1.090135230063915,2022-09-27,1.019867945399684,1.0468553465073018
1.1060344800279571,1.0608973990799122,2022-09-28,0.9920837664709852,1.0218579560223897
1.103104344019503,1.0558160591229309,2022-09-29,0.9953862398094131,1.0232814204725287
1.094000343293163,1.042759167376385,2022-09-30,0.9881236698907805,1.0121741462081673
1.0800941637552026,1.024194303575343,2022-10-10,0.9671950147674466,0.9922855471456418
1.0890014878432321,1.0304161489056396,2022-10-11,0.974536006501342,0.9961853002943092
1.1180635253331384,1.059404921982648,2022-10-12,0.9967444668331993,1.019325834158107
1.131012884063416,1.0698810440587472,2022-10-13,0.9986579189799506,1.0219566620861946
1.1583651976082594,1.0944936132621526,2022-10-14,1.024674631297894,1.0464772099784718
1.1770665803028464,1.1115358666566828,2022-10-17,1.033263602480339,1.0527454556763416
1.171521919290227,1.1155489276822008,2022-10-18,1.0292354505018706,1.0563698105552426
1.160556722775985,1.10655411622825,2022-10-19,1.018730430872467,1.0454713595396332
1.1563637552765802,1.1031046341505537,2022-10-20,1.0154422955404352,1.0428581048886356
1.156263189310382,1.1040283462163034,2022-10-21,1.0106028402843994,1.043482968339578
1.1337625172320802,1.0892020003128946,2022-10-24,0.995475234304792,1.0298143527156183
1.1269701334094095,1.0859503477163732,2022-10-25,0.9950711828391617,1.0269284955668707
1.1481574216275323,1.1084423513357589,2022-10-26,1.0070515634803558,1.0446972011942315
1.1518429483909756,1.1054424124742293,2022-10-27,1.0069285974033344,1.0399796601562312
1.1065716912075154,1.0656156745251284,2022-10-28,0.9757648022580251,1.0102368665651391
1.110959644619791,1.0770888836323198,2022-10-31,0.9746190506073685,1.010603190977572
1.144960114981358,1.104854920257604,2022-11-01,1.009598789576678,1.0365075793767897
1.162401368236629,1.1197293689130112,2022-11-02,1.0232356579405824,1.0495782530872868
1.1635156466613192,1.1241312129303573,2022-11-03,1.0215794839199177,1.0527988253237597
1.1925782692107478,1.1438069937940705,2022-11-04,1.0539641579695034,1.0776409485510219
1.20540834798153,1.1509639127245106,2022-11-07,1.0585642690184671,1.0769308276336353
1.2026882219781,1.1495569009552487,2022-11-08,1.0532018795270517,1.0724717687199523
1.2026592803108314,1.1498340065983605,2022-11-09,1.0465903461856312,1.0678896098492279
1.2074471799369426,1.1449604037434693,2022-11-10,1.0418136312715653,1.0576987657564003
1.227372445579826,1.1501961800906677,2022-11-11,1.0656094400795737,1.0702578749050007
1.224524985981578,1.1487299385407328,2022-11-14,1.060352723015205,1.0657064011796902
1.2510009234296062,1.1714093635385057,2022-11-15,1.089751593572107,1.0879446693222323
1.2425519738064097,1.168438411467545,2022-11-16,1.0774228349565382,1.080186632380051
1.247054427847639,1.1737551819103074,2022-11-17,1.0750871325953797,1.0809835292060936
1.2361400034302892,1.1654323864207146,2022-11-18,1.066310754672113,1.075060097594332
1.2414381640408143,1.1692095576834634,2022-11-21,1.0639861129871608,1.0739080349359682
1.2246084957312398,1.155017113153152,2022-11-22,1.0564594449778881,1.0649970518611396
1.216783008172837,1.1480242218792245,2022-11-23,1.0603003336668204,1.0655376511782284
1.2237797684256084,1.15196089172668,2022-11-24,1.0603132124387968,1.0659454875059264
1.2069147530146156,1.1420335454622357,2022-11-25,1.0562150332368192,1.061389889071076
1.195732775576394,1.1368574634009376,2022-11-28,1.0465090823958898,1.0568095469359378
1.2244198371792254,1.1581645496299413,2022-11-29,1.0642572240015025,1.0755051534372526
1.2174499671208416,1.1567364653970027,2022-11-30,1.0620166147982153,1.0753796462558316
1.2288250146698336,1.1664797691025277,2022-12-01,1.069196713008848,1.0836216481244252
1.2456113800460593,1.17375781392924,2022-12-02,1.067460059326796,1.0808019118997285
1.2577755952772793,1.183330662380698,2022-12-05,1.075760032048939,1.0924274752294634
1.2461152440284253,1.1778783652904392,2022-12-06,1.0763065150946711,1.0935436364777722
1.2520561336958174,1.1790400491435307,2022-12-07,1.0735569779576655,1.091141580986611
1.2475155611892164,1.1749030720832407,2022-12-08,1.0687674066721913,1.0875332030152842
1.2503312664394886,1.1731539752371434,2022-12-09,1.0738199137733178,1.0909899372151
1.2504494079753936,1.1707127169194218,2022-12-12,1.0648722450512877,1.0834980312179228
1.250533783035722,1.1669341493618008,2022-12-13,1.0609981275433948,1.0771427514341148
1.2476663319737762,1.1634792628012194,2022-12-14,1.0616027599859292,1.074540966569997
1.2478096116592103,1.1678037480003594,2022-12-15,1.0601115580397167,1.0750366898088504
1.2345316739336545,1.1556279913697287,2022-12-16,1.0534038554635639,1.069472108436825
1.2037762947542527,1.1294688996680189,2022-12-19,1.0313954567189842,1.0477248947911526
1.1999192901198226,1.1240785053692568,2022-12-20,1.0239950920723975,1.0374833350282915
1.1924986999254712,1.1158450305438328,2022-12-21,1.0183908118267826,1.0313062446734649
1.176163098234223,1.0999810401925274,2022-12-22,1.0103327637129507,1.0221786292230912
1.1841210230474872,1.0967918631890148,2022-12-23,1.0076230078702302,1.0172729449332671
1.1929338771459908,1.1152854411062052,2022-12-26,1.0161994713081326,1.0319115646291097
1.1968277017780087,1.1209075075206543,2022-12-27,1.0248163407932651,1.0424526829704357
1.1832458760793216,1.1084310770988108,2022-12-28,1.0192034426484036,1.0363212198734473
1.1739735033591192,1.104319573470384,2022-12-29,1.0135238932860167,1.0346405175596136
1.1834735060279533,1.1118548163698778,2022-12-30,1.016016530563657,1.0367545482370684
1.2057773405747618,1.1369667583529486,2023-01-03,1.0262605023453455,1.0512588984555937
1.212926413632465,1.1418845037751395,2023-01-04,1.0266811621591718,1.0499911828371151
1.2141765439217465,1.1490115194386017,2023-01-05,1.0351390380585417,1.0626126833569802
1.206678642160823,1.146861977029547,2023-01-06,1.036124019962486,1.0651902224707692
1.2117258422760795,1.1537519526968414,2023-01-09,1.0413277608703768,1.07156992959216
1.2050379673517388,1.1524274737180065,2023-01-10,1.0385669721175277,1.0725252788845707
1.1922430175735688,1.1427178023571782,2023-01-11,1.0319220158503468,1.0656661977810087
1.1925009795060706,1.143075997845211,2023-01-12,1.028799985854343,1.0658766263294832
1.2020555958795078,1.147738236321272,2023-01-13,1.0366504602340463,1.0739174165085263
1.216346054141771,1.1602445376148292,2023-01-16,1.0547301486875116,1.0867844046774415
1.2145392678219478,1.1586197671277656,2023-01-17,1.059944883101539,1.0890073892670404
1.219710974514708,1.163147262673053,2023-01-18,1.0608339899890076,1.090348142754911
1.2298014709146303,1.1703933681579262,2023-01-19,1.0758510233317906,1.0995734659095993
1.2417061863280174,1.1800353385266351,2023-01-20,1.0822399058929646,1.107244408379315
1.2598813849631505,1.1956203202754907,2023-01-30,1.0871105883843606,1.1109898070971254
1.2646207848375044,1.1993343084807604,2023-01-31,1.0844016979290976,1.1082683562133433
1.2866845649368608,1.2194521232498625,2023-02-01,1.0959760174480102,1.122170046019957
1.2926658450625668,1.2232863788751418,2023-02-02,1.1002180070578815,1.123764737296456
1.293588491303226,1.2229002802141438,2023-02-03,1.095988736714175,1.1181440552618716
1.295613156130835,1.2207252450440138,2023-02-06,1.0914064561148404,1.1091195083540344
1.3053436048290388,1.2292081528177061,2023-02-07,1.0930966765596604,1.1119263422616679
1.293319516237756,1.2229072383010877,2023-02-08,1.0876051326284906,1.1047743018221061
1.3127160529947313,1.239334431110322,2023-02-09,1.106324820459635,1.1208744796299106
1.3093853799267832,1.2376138945412318,2023-02-10,1.1002083640274434,1.1164077201144316
1.3188315358162235,1.2504400881387792,2023-02-13,1.1053100390780355,1.12657359033589
1.317515095823342,1.2515235237940938,2023-02-14,1.1059797764343,1.1284004846379285
1.3202637199303164,1.2544263830165774,2023-02-15,1.1008406681380911,1.1253326031396411
1.2923756595995048,1.225951649503684,2023-02-16,1.085558573799044,1.107822893188275
1.2853780346992334,1.2193361971668064,2023-02-17,1.078683377981565,1.0968311053121702
1.2987791069714019,1.2353278045632803,2023-02-20,1.0909527307951195,1.1168637157645787
1.3093760159056702,1.2405505006622408,2023-02-21,1.1008161115830617,1.1222676328543493
1.311902389675285,1.2426014352072126,2023-02-22,1.0991156848015964,1.1202368344961746
1.3065606246654125,1.239658677784207,2023-02-23,1.0975196577250643,1.1185139314238597
1.3067531781162733,1.2365229600546421,2023-02-24,1.0941426688397875,1.1130868727419583
1.2952739969789535,1.2257309152340277,2023-02-27,1.0903999645797897,1.106561511662103
1.3047085116625643,1.237377371828403,2023-02-28,1.0991791913208646,1.1144180737310936
1.3215237164028817,1.2485073865261989,2023-03-01,1.1072587493459338,1.122631566883778
1.3162158782053759,1.2439678757081232,2023-03-02,1.103085631845007,1.1188723685925879
1.316089597970201,1.2435059684908107,2023-03-03,1.1066355391949827,1.1223167655050263
1.3147443553965934,1.2454469676569424,2023-03-06,1.1066315335972838,1.123520681438438
1.2834027596986837,1.2194479561420817,2023-03-07,1.0878467409817847,1.1046343358670703
1.2969677004125144,1.229757208233402,2023-03-08,1.0915835110586363,1.1062409654070102
1.3005224477164203,1.232205360473538,2023-03-09,1.0892448712875304,1.1040958332453337
1.2852654708351265,1.2154883085260173,2023-03-10,1.0762244862662513,1.089356830982023
1.2907533013510086,1.218674203708953,2023-03-13,1.0809213970874192,1.0976612829051087
1.2785303725297037,1.2042988585498025,2023-03-14,1.0762150095742158,1.0902896479124435
1.2965722634303052,1.214622251428129,2023-03-15,1.0815265784143018,1.0947876834608452
1.2744965309922482,1.1952866279108383,2023-03-16,1.064582672827928,1.0787161139690156
1.2881648157090855,1.204184198268046,2023-03-17,1.0701626845153698,1.0849214494971076
1.2817178894980648,1.2005486872295326,2023-03-20,1.0670010219354777,1.080917814384077
1.299500852646518,1.2192901107021403,2023-03-21,1.0793002002394403,1.0917412119965217
1.3063700424169868,1.226777532981741,2023-03-22,1.086078233326043,1.095000326994965
1.3065722268106355,1.2275448891662597,2023-03-23,1.0944399427874056,1.102289378133191
1.3102276840129792,1.2285916279179268,2023-03-24,1.0940867653661759,1.101015385374421
1.3095707916802224,1.228531349317918,2023-03-27,1.0967416103190053,1.1004739574275522
1.2981555171631123,1.2180883476605924,2023-03-28,1.0910257554123028,1.093419671533654
1.2872633172003358,1.213102185947244,2023-03-29,1.0837965802195046,1.0919565079715579
1.285032309701063,1.2093225601446216,2023-03-30,1.0933692735260767,1.0973489107020697
1.2952772554494976,1.2208218576188687,2023-03-31,1.0975729949499506,1.1042038832730128
1.3065515345443541,1.233014370071938,2023-04-03,1.104112575955299,1.117163230734136
1.3001765975724946,1.2224531363154976,2023-04-04,1.1043149676113408,1.1190718363451564
1.2968069324840945,1.2217675897447013,2023-04-06,1.1072770483873748,1.1227966065651072
1.3069484213519689,1.2341965848897594,2023-04-07,1.1120811652260754,1.131317831033471
1.292153696346405,1.2192955205835403,2023-04-10,1.1122110143481256,1.1229747373565186
1.2933344076763553,1.221426810244926,2023-04-11,1.1109036858393058,1.124689764872532
1.300141087493106,1.232018053469703,2023-04-12,1.1112213998359808,1.1275494883977968
1.289834008943381,1.2262341866522444,2023-04-13,1.1057179430605508,1.119929315343491
1.2961572974268123,1.231187721585152,2023-04-14,1.1109641448391951,1.1282555382755566
1.306743784576356,1.2317252391607303,2023-04-17,1.1215966247455165,1.1338248995391393
1.2982442591928076,1.2253441788022874,2023-04-18,1.1178636991845565,1.1334880222146504
1.289185863790831,1.2207201380898611,2023-04-19,1.1085152539333687,1.1266812240745683
1.268805728745506,1.2151356891362692,2023-04-20,1.0977760760995836,1.125990076117012
1.243798257294219,1.1821418263205374,2023-04-21,1.0808252989487552,1.0993160949632899
1.2396967162242694,1.1765054090395255,2023-04-24,1.0684210560380654,1.0885017151544851
1.2097955714307491,1.1514929654620238,2023-04-25,1.0526555858262523,1.0756934745354205
1.2390154527227009,1.1622276031553906,2023-04-26,1.0658522688743914,1.0784875713777573
1.2350897364217064,1.1630837940058967,2023-04-27,1.0730279970364645,1.081935408034018
1.258100734011125,1.1855618491237099,2023-04-28,1.0804175341007447,1.0932610301471055
1.2577447040013932,1.1919752654899651,2023-05-04,1.07580231385265,1.0963909206228108
1.2406165750632667,1.182439516809982,2023-05-05,1.0660948629681477,1.0868428413231812
1.2426753341308652,1.1894879660009174,2023-05-08,1.0712416383258636,1.096201321742865
1.220778646190892,1.1717232635797108,2023-05-09,1.0600507239087147,1.0833824714244737
1.2296866896602336,1.1775447844186198,2023-05-10,1.0610048279298527,1.0802405428988566
1.2361019903650134,1.1840585376083155,2023-05-11,1.0623719674435361,1.0781977151771613
1.2189159520341193,1.1724234095086434,2023-05-12,1.0470831791946027,1.0657186464095185
1.2292169514689388,1.1832857356767208,2023-05-15,1.066684556340654,1.0782019781630712
1.2222357915059534,1.1751643424509484,2023-05-16,1.0620050752066021,1.0705440915579287
1.241571457648827,1.1866538660415509,2023-05-17,1.0655402152541775,1.0707560635326252
1.2440556543912686,1.1924595774937965,2023-05-18,1.0609786045805636,1.0722307930220591
1.2586153327872167,1.1939705799471814,2023-05-19,1.0646453660771418,1.0710940079015825
1.269298336322728,1.1989013658893213,2023-05-22,1.0715629343937916,1.0734276982803952
1.2545336612819182,1.187606169319438,2023-05-23,1.0611146423410975,1.06067896728059
1.2616607200822605,1.1867714036116472,2023-05-24,1.0549885642772836,1.0532530874951591
1.2605412528673463,1.1861129411449642,2023-05-25,1.0512455894459483,1.052412130993592
1.262396236215065,1.1922452106271582,2023-05-26,1.0527271962297515,1.0582630989442907
1.2526498085525182,1.1876740205895826,2023-05-29,1.047163955024356,1.0569801950856634
1.2570949991489415,1.193047180430417,2023-05-30,1.0439874187677438,1.0602662025393184
1.2502217972329592,1.1905061220103474,2023-05-31,1.0396529533088819,1.057698795704732
1.2541462467891766,1.1945098878063058,2023-06-01,1.039556916810778,1.058567407961287
1.2780280704303224,1.203779109917766,2023-06-02,1.053100960097907,1.0674813201390316
1.2751723762043807,1.2078962405896956,2023-06-05,1.0475495971680484,1.066194104094348
1.2496810642228373,1.183634610178381,2023-06-06,1.0313595853174569,1.047439594091945
1.250796031787082,1.1888877977512868,2023-06-07,1.0296520866750545,1.0467326371661203
1.2507766957910336,1.1832828163109697,2023-06-08,1.0334054183593915,1.045585509572096
1.2496304052708995,1.1901699665475824,2023-06-09,1.0366242060910755,1.0548106597908127
1.2600117672469149,1.1989321816323795,2023-06-12,1.0374564130201862,1.0577224768840008
1.2614441191708163,1.2040294955830826,2023-06-13,1.0347498359661236,1.061076554657965
1.2577620423926836,1.205221377248969,2023-06-14,1.0318163713271429,1.0625039344016176
1.2722482132220323,1.2105051030924385,2023-06-15,1.04922176318194,1.0727081372572762
1.2789969760953288,1.2186125118561206,2023-06-16,1.0501771688265413,1.0808661136430269
1.2752508362247785,1.2192291831445827,2023-06-19,1.0434878927290203,1.0795284559909601
1.2713289517576225,1.2150342371152831,2023-06-20,1.0383055632822031,1.0772230230303845
1.2634322940361644,1.196260260538727,2023-06-21,1.0264350063852463,1.0563181230793335
1.2498702805224857,1.1745993777365755,2023-06-26,1.0196994017262404,1.0393949072847237
1.266982470129542,1.1964986614428887,2023-06-27,1.0277861512520874,1.0512402525549758
1.2670536400089576,1.1936356299860365,2023-06-28,1.0328350256285805,1.0495446921367095
1.2762483060757264,1.2049006619669318,2023-06-29,1.0263632769233957,1.0497054649868374
1.2997695050715077,1.2192513337214523,2023-06-30,1.0380041797896047,1.0593388880100116
1.3088739670805971,1.2242102667991202,2023-07-03,1.0507684087328883,1.067498646439635
1.3152386007418797,1.2315914168809985,2023-07-04,1.0529705628895571,1.0704874218091078
1.304489014173316,1.2236190235783562,2023-07-05,1.0468706914046908,1.0622720021078662
1.297372385034851,1.2225536227206402,2023-07-06,1.036517099809363,1.0572127975475534
1.2917068175985618,1.2162456204288083,2023-07-07,1.036765316286931,1.0523084599534394
1.2972518775621629,1.217528455387929,2023-07-10,1.0438600083627465,1.0560839206515154
1.3062703386069279,1.2274301532934913,2023-07-11,1.0485604141772853,1.0626815527300797
1.2925396944464882,1.2129205866960493,2023-07-12,1.0398920826757192,1.0507918471791935
1.3066085607843407,1.2253671884079396,2023-07-13,1.051101010280099,1.064268982132536
1.3090422828064374,1.2253274015556639,2023-07-14,1.0487442666767501,1.0629076671602786
1.3065034634304888,1.2224410186009635,2023-07-17,1.045722508343456,1.0582534191562953
1.3065384775223439,1.2226287358672225,2023-07-18,1.0454306938192621,1.0562718857287619
1.3102372225463639,1.2207214571634708,2023-07-19,1.0448988131730819,1.055565753250974
1.2993376562048893,1.2072798336584607,2023-07-20,1.035764193133287,1.0438817825076976
1.2952012680283924,1.2035296630438734,2023-07-21,1.037932941487166,1.0428310784735968
1.2976074357840603,1.2035740146254614,2023-07-24,1.038319745218692,1.0410016631660577
1.3210315717350176,1.2233742770887241,2023-07-25,1.0602679701769453,1.0600778456505708
1.3136562288972125,1.2183043873577397,2023-07-26,1.0635357190907342,1.056139304546445
1.293546443339357,1.2097985029659146,2023-07-27,1.053586143369848,1.0507151086765572
1.3002433827262363,1.2189808910726971,2023-07-28,1.0657886275010426,1.0660047464303595
1.309769911003406,1.2291295762204446,2023-07-31,1.0742827978195253,1.0732597130720412
1.306114724278427,1.2256399291044027,2023-08-01,1.0748657651684672,1.0729966520086
1.3074229968802118,1.2238392418831705,2023-08-02,1.0699128203282222,1.0688445186699758
1.3025011619692375,1.2229576751975175,2023-08-03,1.0731921887440832,1.0734064531507987
1.3101035237078416,1.2244555979909963,2023-08-04,1.0731337754164556,1.0774650712792617
1.3058516428448195,1.2171589252051216,2023-08-07,1.0653268169235135,1.0704381155287614
1.2937543193423853,1.214461652366491,2023-08-08,1.0608735923145889,1.0661280530599935
1.2866380045526897,1.204820173848124,2023-08-09,1.054908654639334,1.0591300384918945
1.2901797558743024,1.2081367705415995,2023-08-10,1.0585537705567623,1.062316962365698
1.2654747309491838,1.188027617780985,2023-08-11,1.0389572143463381,1.0411730639006083
1.2672749116318947,1.1922884131615987,2023-08-14,1.0346768981445982,1.040729051956779
1.2552242439725891,1.1844080658675977,2023-08-15,1.0238873066138916,1.0347688723001667
1.2404453499562924,1.172933921421141,2023-08-16,1.0130671453800122,1.0246975935689984
1.2601817001506075,1.1881844735428309,2023-08-17,1.0206527780744028,1.031349034725322
1.2470459875990165,1.1709749374937042,2023-08-18,1.0066583884836164,1.0159774270032367
1.2394010396941253,1.1632885584982509,2023-08-21,0.9918399966946552,1.0036703048441278
1.2444195708139414,1.166988433863373,2023-08-22,0.99815333399788,1.0099242798141606
1.222689966024852,1.147680077110166,2023-08-23,0.9816232450412467,0.9905318249811988
1.2235278200224702,1.147390290577671,2023-08-24,0.98662558726192,0.9943477170610635
1.2020924279255076,1.1266474724347517,2023-08-25,0.9724129404952292,0.9828364727306028
1.2114168772960594,1.1364619841029828,2023-08-28,0.9826884184340663,0.9916619255135444
1.2561607760805884,1.1762781616733562,2023-08-29,1.0079372916816527,1.0128531521243966
1.2680352286741179,1.184481606744651,2023-08-30,1.0168488214564713,1.0148457275752347
1.2657679342842378,1.1779965813634672,2023-08-31,1.0136708642721481,1.0078467414720458
1.2623275170560082,1.1786606141917977,2023-09-01,1.0155023760158972,1.0107564223661505
1.275951346630192,1.1949094669512452,2023-09-04,1.033128566383867,1.0243385005048284
1.2730549328121379,1.1894685307475807,2023-09-05,1.0309110082357722,1.0170591380978589
1.2848156834004965,1.1954828465279304,2023-09-06,1.0383045706810303,1.017256473474055
1.2630510227914884,1.1757359006578223,2023-09-07,1.0166950530442707,1.0020639764464305
1.2609978490149312,1.1783333351812106,2023-09-08,1.0147843850041542,1.002485099201165
1.2760600307246626,1.1896083766683285,2023-09-11,1.0275559881547638,1.012597604977512
1.2766874304785514,1.1885404564108615,2023-09-12,1.0288382498672992,1.0112279150001333
1.2613147592808602,1.1753362467310033,2023-09-13,1.0178492225861426,1.0023467234585401
1.253482380696809,1.1663856435607034,2023-09-14,1.0133098327982635,0.9997968301334682
1.2577744661680124,1.1682283161750335,2023-09-15,1.0110964698635203,0.9993696739277701
1.2645637622785535,1.1761976143251138,2023-09-18,1.01327557534738,1.0007735322954303
1.2533987753263853,1.1639531102676695,2023-09-19,1.0071658276919533,0.9959342245943563
1.2450430747609988,1.155176329769114,2023-09-20,0.9992688794172814,0.9895803468746664
1.2357917870069992,1.1471108823538554,2023-09-21,0.9906009978816307,0.982632521461106
1.262657990399517,1.169123352932668,2023-09-22,1.0083504982930853,0.9977021061767639
1.2513246546920287,1.1643865389335268,2023-09-25,0.9971352778677444,0.9923519388963489
1.2469577407829622,1.1596402493553202,2023-09-26,0.9894163585011746,0.9881092840377974
1.2539655394276197,1.1648242771401944,2023-09-27,0.9959721715518114,0.9922372029381362
1.26912938645072,1.1761864796024653,2023-09-28,0.9985101041518267,0.9949990985184765
1.2579175418800077,1.1702399816391116,2023-10-09,0.9931351428013679,0.992085160706925
1.2569121883234895,1.1672282273115662,2023-10-10,0.9848575116921704,0.9861941341819436
1.2600824914482012,1.1702380768490086,2023-10-11,0.9873197732718543,0.9873795015779675
1.2687868777423583,1.177053821760928,2023-10-12,1.0040909782375675,0.9954361055965024
1.250340334458682,1.1692759396646941,2023-10-13,0.9891856448039751,0.9885188026571483
1.2432856795610503,1.1615924014754866,2023-10-16,0.9800870253203792,0.9802603285184947
1.2452309850838061,1.1599580350926966,2023-10-17,0.9829581062132526,0.9817438468239608
1.2195137145718034,1.1393375517552835,2023-10-18,0.9654222770479142,0.9686884321315262
1.2101780913788116,1.1290993956562791,2023-10-19,0.9528995401472105,0.9557397618565763
1.2048649616465776,1.118487739060536,2023-10-20,0.9498108192013939,0.9481141904683543
1.1722912850955423,1.0918189932767441,2023-10-23,0.9262573814667596,0.928567653127153
1.2008393637308745,1.118315583916951,2023-10-24,0.934497636522747,0.9394862127771008
1.2220433930638654,1.1335616990845734,2023-10-25,0.9418929982705201,0.944655034210539
1.2265969161763233,1.1368667620626314,2023-10-26,0.9447296287518245,0.9478916811866769
1.246343349371848,1.1537383867168371,2023-10-27,0.9601456135009709,0.9644618647413863
1.2601767868742233,1.1684589882658536,2023-10-30,0.9661164447786984,0.9738079643638589
1.2549185820068922,1.16372535319816,2023-10-31,0.9651611221334915,0.9697438910095123
1.2599798625757317,1.1661787376737651,2023-11-01,0.9630771839328188,0.966546418375411
1.2529821029797688,1.1543192251849714,2023-11-02,0.9564271389177877,0.9576646954118866
1.2648454820244173,1.1686387073706357,2023-11-03,0.965971566466782,0.9672899166897236
1.292042226354098,1.1922894791535024,2023-11-06,0.9785731246149664,0.9843960826779774
1.294083474565948,1.198223906629503,2023-11-07,0.9770729778989177,0.9849478382067725
1.2985468993561395,1.2007295865063203,2023-11-08,0.9740380245457146,0.9849391872767543
1.2930400836993077,1.1934817031493872,2023-11-09,0.9741171009988862,0.9824036764788632
1.2875475807432926,1.1913591995898334,2023-11-10,0.9664253187324576,0.9782530568502625
1.3038631472196842,1.2034937247569122,2023-11-13,0.9729485842959962,0.9824891646207256
1.3110736261003952,1.2097738193345546,2023-11-14,0.9759251760834549,0.9862774600880295
1.3171707817728449,1.2171882916691126,2023-11-15,0.9807208079662817,0.9914440951758869
1.3109312310806975,1.2083293314083523,2023-11-16,0.9730290936945004,0.9815683185128137
1.3205716233939335,1.2176939073646034,2023-11-17,0.9734688229913616,0.9846629186799375
1.3333052365317457,1.2295173203934329,2023-11-20,0.9811056948748484,0.9890382475892838
1.3336445045585703,1.2232459478915825,2023-11-21,0.9833493687057382,0.98534140329811
1.3210986275786192,1.2108998688147863,2023-11-22,0.9739432865459887,0.9735993805286901
1.3307343945612113,1.222155965268203,2023-11-23,0.9792715803103791,0.9820975061504624
1.3141683014531258,1.2075356261622254,2023-11-24,0.9719127805025624,0.9733148935264417
1.3141680574288712,1.2073753527172622,2023-11-27,0.9669602140457654,0.9712036141396321
1.3252142489203502,1.216859836955942,2023-11-28,0.9675139623105088,0.9748342541061155
1.3149740990531704,1.209828522515452,2023-11-29,0.957522553414808,0.9685201653841397
1.3106314190181632,1.2035949161575443,2023-11-30,0.9571490206870189,0.9681906274092273
1.3237599834061262,1.2107933542242078,2023-12-01,0.9620661366166176,0.9708360482092665
1.3318305210890478,1.2110112220040543,2023-12-04,0.9622717222190158,0.9677917476291862
1.3092254636847538,1.1893148053993297,2023-12-05,0.9462151768191129,0.9509446362270204
1.3180645614744266,1.1952515765428453,2023-12-06,0.9467154913594081,0.9546508518204562
1.3181659602007838,1.1916499165255638,2023-12-07,0.9508124275610007,0.9532746399544983
1.3064701916539632,1.1804040421860198,2023-12-08,0.9505615389719161,0.9559011528024722
1.3203817611971793,1.193320470277298,2023-12-11,0.9565563151334701,0.9662559204666279
1.329019061818765,1.1985861071080124,2023-12-12,0.959872151572733,0.9668695970207977
1.3160694990411212,1.1912399582820234,2023-12-13,0.9451608979754119,0.9549137815542121
1.3155670711067706,1.1883403985545316,2023-12-14,0.9423908737918597,0.9512779590932356
1.3152839920689596,1.1831752045561532,2023-12-15,0.9390989431742819,0.9457337736664164
1.2891486506040426,1.1672471664663933,2023-12-18,0.926936196987536,0.9357844603630131
1.2920656341009327,1.169203289888446,2023-12-19,0.9261765585779408,0.9352455601834113
1.2797958840283319,1.1567961422020467,2023-12-20,0.9141591323987861,0.9227235753151672
1.291492795080115,1.1651862343788997,2023-12-21,0.9212162469271392,0.9286589041847821
1.2721951073358486,1.1493602019731808,2023-12-22,0.9191146288691715,0.9239665215800937
1.2666475472173135,1.145687156806357,2023-12-25,0.9197220751068808,0.9255292467967994
1.2486026086103408,1.1303584294087505,2023-12-26,0.9111493446037071,0.9160653967420185
1.257382055993316,1.138838408973063,2023-12-27,0.9137345905732114,0.9210952865120576
1.292382344188701,1.1608031768844944,2023-12-28,0.9397161534308586,0.9379041854565306
1.3074193592810825,1.1783263280961311,2023-12-29,0.9419034650623507,0.9457872211989781
1.311812325460801,1.1801209214491926,2024-01-02,0.9341467983666456,0.9398267648816496
1.312003945951744,1.1752496861930608,2024-01-03,0.9326611510201652,0.9371420765384749
1.3042564385710744,1.170760395365415,2024-01-04,0.9209285669975804,0.9293506173449672
1.2799338770688953,1.1506342185871266,2024-01-05,0.9127683618410996,0.9174994873224883
1.2508533327093438,1.1286443064116065,2024-01-08,0.8909955830332001,0.8996119653187271
1.2579192070764214,1.135265109602972,2024-01-09,0.8933354217928996,0.9018766244985941
1.2464134101699689,1.1247705429586863,2024-01-10,0.8878391563788047,0.8974913294262727
1.269484752887538,1.1435542018003504,2024-01-11,0.8990032365390545,0.9070193869327925
1.2583645402917818,1.1349508290057375,2024-01-12,0.8950004321039687,0.903622987249412
1.2524884778094119,1.132801330167686,2024-01-15,0.8935732273272464,0.9023753035859514
1.2467596751914125,1.128067317752666,2024-01-16,0.8926453281975409,0.9033665634307884
1.2154133359224317,1.099723090161245,2024-01-17,0.8724305148995516,0.8815456962545731
1.2070251159590661,1.0921942787421361,2024-01-18,0.8728769480560288,0.8846355331827085
1.19256273899078,1.077974179774543,2024-01-19,0.8680824498968784,0.8773040219604307
1.1188834376936492,1.0153311084765406,2024-01-22,0.8311414393124957,0.8407528088385983
1.1278002217526895,1.0178964071480494,2024-01-23,0.844976698559257,0.8532698365061545
1.1524043092544753,1.033101813043725,2024-01-24,0.863318755363138,0.8657840608520844
1.1986573742416144,1.0710056689458411,2024-01-25,0.8922360232833844,0.8905073140890531
1.196673198115551,1.0668534119017419,2024-01-26,0.8890296809199559,0.8840377598863434
1.1629515577693552,1.0337443624310656,2024-01-29,0.8739331838982106,0.8685677318243441
1.1263385562629502,1.000825187768238,2024-01-30,0.854835083525069,0.8478753076320213
1.0703791554657658,0.9533984492979042,2024-01-31,0.8315051558961339,0.8289976864916273
1.0498922104238138,0.939737779483257,2024-02-01,0.8287140137790096,0.8263230037204096
1.0014998691497468,0.8995330799733837,2024-02-02,0.8073093678459825,0.8068288329296925
0.9086046463354571,0.8250993993537517,2024-02-05,0.7826322438082123,0.7881634990812324
0.9444712015605489,0.84700092569153,2024-02-06,0.845517294196201,0.8384891703118071
0.9483757912611016,0.8357844946185067,2024-02-07,0.8877757498806848,0.8718662082578701
1.021127065728667,0.8943084983611176,2024-02-08,0.906517939662323,0.8834824276847026
1.052214350760906,0.9232453223219635,2024-02-19,0.9080864846653899,0.8880921033374894
1.063446816662247,0.9338258570225374,2024-02-20,0.9095004203022683,0.8902395892584793
1.0798581560533824,0.9492014840815796,2024-02-21,0.9149442290957701,0.8947767491839503
1.1122428538694464,0.9709659615107386,2024-02-22,0.9267107785979805,0.9038348622170929
1.1518190403721822,0.9971425312818815,2024-02-23,0.9335417856604991,0.9087345520303218
1.1743464710847078,1.0113092714646033,2024-02-26,0.9376995335845286,0.907581192864193
1.2021798013446519,1.038887643615901,2024-02-27,0.9501494202667292,0.9256641613408139
1.1391731726662095,0.9750663609450303,2024-02-28,0.9308363635561359,0.9031840353528195
1.1843345083606158,1.0121340846745688,2024-02-29,0.9556960253656579,0.9302592529293765
1.1941856455403088,1.02376368158218,2024-03-01,0.9616352856486654,0.9365873806055649
1.1899430325975202,1.025904242717177,2024-03-04,0.9591041921469124,0.9395416390046232
1.1680734410301632,1.0096640116183901,2024-03-05,0.956640799893214,0.9352394362740709
1.1793766885492303,1.0193249586230482,2024-03-06,0.958784471648016,0.9350056541628567
1.1692844916161036,1.01102016567897,2024-03-07,0.9529309183572972,0.9236220382909256
1.1754314710741467,1.0216817921240027,2024-03-08,0.958264066648814,0.9336969722960553
1.200751933115732,1.0415622351670197,2024-03-11,0.9712729662359196,0.9478373163277467
1.2168166101851665,1.0542596160860749,2024-03-12,0.9669217673221917,0.9471808766100632
1.2090079553913757,1.05614630581352,2024-03-13,0.9622694016258918,0.945838814885817
1.205527516516473,1.0501353544125422,2024-03-14,0.9593573850075549,0.9413047195842844
1.2207146638440334,1.0647557037421884,2024-03-15,0.967637410292808,0.9494408500077657
1.2407275413259664,1.0862704920575441,2024-03-18,0.9729066589796828,0.9620828373469403
1.2343258992825212,1.0830733221565405,2024-03-19,0.966371675125834,0.953728856108611
1.2522651258383664,1.0955959012622614,2024-03-20,0.9672246495634347,0.9564205168570323
1.2584333437561306,1.0967372586969049,2024-03-21,0.9660341512873885,0.9527161956133908
1.2422769075381466,1.0807889554365244,2024-03-22,0.9542511244243987,0.9402762231764165
1.2184902560774553,1.0541828607326988,2024-03-25,0.9497910671291856,0.9267236357479268
1.2135842952955433,1.0542432754587918,2024-03-26,0.9490800451045341,0.9259869398464522
1.1771059936058614,1.0202933321090135,2024-03-27,0.9272653066944666,0.9045599387992447
1.1974978731126495,1.043822120353054,2024-03-28,0.9330880451319477,0.9158115912275827
1.2080102633757386,1.0566050344473723,2024-03-29,0.9361007890560821,0.9247082058920467
1.2413517770582059,1.0805246154381682,2024-04-01,0.9551211773131009,0.9409226668429559
1.2418130422962743,1.0786366089959316,2024-04-02,0.9525206218508763,0.9365045563996048
1.236551203221479,1.0696586336218274,2024-04-03,0.9478495483026038,0.9343187072149082
1.199455014998168,1.0439260615432264,2024-04-08,0.9374277971010722,0.9223710332716241
1.217744555253733,1.059030404236554,2024-04-09,0.9434361665754797,0.9280624565823419
1.1832610498026888,1.036616155790658,2024-04-10,0.9312988500929656,0.9164348044028957
1.1849788548240707,1.038638789277819,2024-04-11,0.93016827828077,0.9193429244590832
1.1697613959868962,1.030585611309826,2024-04-12,0.9196789600733988,0.9134495143419542
1.1314014006674247,0.9959405806227533,2024-04-15,0.9297668613176352,0.9249173910475919
1.058606157241142,0.9320272966250425,2024-04-16,0.9104586441925498,0.9020957936265804
1.1230449995568503,0.9884606052184229,2024-04-17,0.9374365531045662,0.9267603483148813
1.1186704740910303,0.9867963338551364,2024-04-18,0.9375787227175743,0.9272326103100468
1.1080139702119272,0.9810422973080111,2024-04-19,0.9271907482495875,0.9220843828578671
1.0994694811004844,0.9745672148926395,2024-04-22,0.9255123497922011,0.9166898418281386
1.1061501353992635,0.9809834094473866,2024-04-23,0.9204114360269796,0.906914589840795
1.1237398123800995,0.9996978886312895,2024-04-24,0.9254310324685132,0.9153461293487642
1.1253450487581673,1.003976886772225,2024-04-25,0.9246156038408387,0.9155813454079977
1.1571437222482863,1.0189276402261283,2024-04-26,0.9540070203232186,0.9321978243547278
1.205762368522958,1.0478776495902018,2024-04-29,0.9823863024312316,0.9482930373285854
1.1930079258861246,1.0411666387239393,2024-04-30,0.9696691525025153,0.9417963508313552
1.215693010447424,1.0647392389314594,2024-05-06,0.9831362595054045,0.9585481310892938
1.2268359192173262,1.072591336567996,2024-05-07,0.9842711990490189,0.9586364041849089
1.2051426069925866,1.0583663465259565,2024-05-08,0.9676959490202256,0.9473477761922385
1.224961028587421,1.0734041320298229,2024-05-09,0.9801361702042227,0.9622612577122764
1.2155963038703392,1.0627251730990734,2024-05-10,0.9795789791371482,0.9596369850491293
1.190163250836383,1.0455770280674375,2024-05-13,0.9760442402738958,0.9568978920665553
1.194419890805701,1.0542070552069698,2024-05-14,0.9743207188843015,0.9578875464041384
1.1826207564310813,1.0464289052938442,2024-05-15,0.9643914257208958,0.9479062427300001
1.1911524232775266,1.0515572792167203,2024-05-16,0.9657234262888899,0.9460200252988377
1.203162000929219,1.0657792374731017,2024-05-17,0.976602082221339,0.9561568212669802
1.2045212673909835,1.0696672683934971,2024-05-20,0.979018414423614,0.9616963933275229
1.1861935243143744,1.0589098721986907,2024-05-21,0.9723660836894925,0.9549370668193259
1.200453942473724,1.064164038573217,2024-05-22,0.9812983605718626,0.954880015359834
1.169541400461446,1.0413726232701612,2024-05-23,0.9639269062657421,0.9376585851923095
1.1609451687794765,1.0307913995204887,2024-05-24,0.9545127768796653,0.9295095936507451
1.1610460818376245,1.0378622540117355,2024-05-27,0.9602764124153287,0.939714136833818
1.1479714608563816,1.0274272606387094,2024-05-28,0.9484329627532522,0.9311679937811407
1.1496903011603479,1.030415972417818,2024-05-29,0.9482761870845526,0.9329888993746729
1.1449699044696005,1.0245151303102247,2024-05-30,0.9489554440648335,0.9295937640929489
1.1559475992011792,1.0320056513919451,2024-05-31,0.9515131407105114,0.9289856659653818
1.136567447434063,1.0135978588499306,2024-06-03,0.9451611491926379,0.9248882856528513
1.1255166845489464,1.0063213635142705,2024-06-04,0.9551683279728522,0.935571179583733
1.1077769417792156,0.9873900191300267,2024-06-05,0.9488672832409697,0.9266748180300025
1.0631383593702681,0.9525342660378116,2024-06-06,0.9389515407672983,0.9191988250957852
1.079020699884458,0.9700909514729847,2024-06-07,0.9399637685703626,0.9187217861703055
1.089557560825432,0.9760395723788815,2024-06-11,0.9395914965816953,0.9194407172511514
1.1005326385073677,0.9887752365202449,2024-06-12,0.939017651133875,0.9221778149203692
1.0907195606551654,0.985193265658506,2024-06-13,0.929122301878795,0.9170199943009806
1.0945182253272216,0.9859166283660495,2024-06-14,0.9361795940868188,0.9181121114682838
1.0886868727909074,0.9812983996007577,2024-06-17,0.9318740970206632,0.9172207893180544
1.1004608440856287,0.9941364774523411,2024-06-18,0.9382314845180525,0.9208344868970876
1.0944552378786938,0.9881117627892749,2024-06-19,0.9326565320627938,0.9110313125792031
1.0708348041701787,0.968815064124117,2024-06-20,0.9186396399877738,0.8994536488127846
1.0680244470123024,0.9673426288220992,2024-06-21,0.9183412682187165,0.9008236004086316
1.0267391467134335,0.9321801269543004,2024-06-24,0.9020674326024644,0.8828891457952764
1.0286259810473088,0.932289437749918,2024-06-25,0.8999998163124217,0.8753780518449911
1.0689011193092668,0.9592853057110787,2024-06-26,0.9189490503941733,0.8885417328105303
1.0439523980261354,0.9414665318115605,2024-06-27,0.9036841597828577,0.8733300664559134
1.0442343496735111,0.9458485565085556,2024-06-28,0.9016407504225313,0.8771399898969179
1.0530608796102907,0.9536855937855279,2024-07-01,0.9134318818979994,0.8866634891833828
1.0602228270088363,0.9535097514924517,2024-07-02,0.9091794302575704,0.8786330508248184
1.0544924591025466,0.9445932364079738,2024-07-03,0.9047354877271696,0.8728151014094077
1.0178501045054393,0.9195060528316916,2024-07-04,0.8895049626957077,0.8603791928214398
1.0327654998367168,0.9293842022873009,2024-07-05,0.8956989179317952,0.8654603067409619
0.9986862505658726,0.9049548259814224,2024-07-08,0.8773303716922952,0.8507510802514899
1.009508165547557,0.9215331313161198,2024-07-09,0.8892535427693559,0.8659237719053781
1.0036064577166155,0.9150597669873861,2024-07-10,0.8869065264834662,0.861747441370626
1.0425921019161124,0.9433920718257383,2024-07-11,0.9082471927105346,0.8784813294209388
1.0398541849159957,0.9406066297376761,2024-07-12,0.9065233459604218,0.8770027967943029
1.0191363159207227,0.9265712287402368,2024-07-15,0.8992509599457608,0.8726394527552449
1.0232268619443463,0.9274700108252661,2024-07-16,0.9013315900862117,0.8762063135299721
1.020961510702352,0.9171147579504291,2024-07-17,0.9045905259430687,0.8714060356767319
1.0252492333609597,0.9168428165579242,2024-07-18,0.9062138306939088,0.8764711703357381
1.0381859720674367,0.9226828381313058,2024-07-19,0.9106371110523916,0.8781664672496594
1.0472890043958565,0.9268574205609171,2024-07-22,0.9086638298359003,0.876214515871678
1.0170691060119585,0.9076444235456875,2024-07-23,0.8843403117179979,0.8526601154919742
0.9951602453180572,0.893708825075304,2024-07-24,0.8698643995486233,0.8440153179468418
0.9980416821269903,0.8978365122902693,2024-07-25,0.8708855183634133,0.8435950603103982
1.0154210341639849,0.9127174250302615,2024-07-26,0.8833825913457685,0.8533635538148191
1.0113634355959646,0.9137870034474885,2024-07-29,0.8769066584994919,0.8490847263879783
1.0171933342530646,0.9183490954263619,2024-07-30,0.8743740026312103,0.8479756952359803
1.0601151150275239,0.9501408566549845,2024-07-31,0.9082096873859402,0.8778854470188017
1.058653250957599,0.9505414468173712,2024-08-01,0.8994571569262266,0.8733452194378449
1.0435629774878281,0.9381102670589859,2024-08-02,0.8897278245490493,0.8633498876811705
1.022094121449711,0.9142608680889105,2024-08-05,0.8778659892213819,0.8465966057742346
1.0426246563233048,0.9317410910313706,2024-08-06,0.887095791664557,0.854815191710233
1.0408875865801854,0.9316386836499345,2024-08-07,0.8892094764288455,0.85402378522944
1.03519606213973,0.9291228143202956,2024-08-08,0.8897869013743401,0.8539723595796714
1.0278901686374573,0.9221852278694085,2024-08-09,0.8851288793435733,0.8481288634187498
1.01954482902344,0.9157073548042508,2024-08-12,0.880956620691904,0.8460021896173552
1.0272752799890639,0.9220379105449605,2024-08-13,0.8829533053798264,0.8489756548073502
1.0196480387372524,0.917088519228678,2024-08-14,0.8720291197542999,0.8395325723558739
1.0296988955147892,0.9252444698381637,2024-08-15,0.8780319405908025,0.8457961121903931
1.0299311624566192,0.9208345174999035,2024-08-16,0.874715486772023,0.8406180983923159
1.027820906553487,0.9174693116972299,2024-08-19,0.8766000980909099,0.8426077244978224
1.0083171370757775,0.9015842381488831,2024-08-20,0.8623899208518255,0.829654192840641
1.0049710874110933,0.898994412312183,2024-08-21,0.8564237186319512,0.8254005612299204
0.9902912347201803,0.8852097875703542,2024-08-22,0.8466014505259963,0.8172558791327065
0.9837565828339986,0.8813465909934973,2024-08-23,0.8489690166037617,0.8183157585412447
0.9926133743968389,0.890496512742364,2024-08-26,0.8514851092505432,0.8189235208584731
0.9796545221256756,0.8776908507788649,2024-08-27,0.8421369999554352,0.8105622906560384
0.9823282823379715,0.8813315540801233,2024-08-28,0.8433295017850226,0.8104713282178314
1.0046552156740933,0.8942548996987648,2024-08-29,0.8539982667555027,0.8176612123440157
1.0261710710518073,0.9118541997192317,2024-08-30,0.8690873817184329,0.830734474644887
1.0048678238328732,0.8961019543907112,2024-09-02,0.8487925535709586,0.8152066117656015
1.014359209358588,0.9045664206151867,2024-09-03,0.8601547674253518,0.821712927608597
1.0107463716329783,0.8991948507100012,2024-09-04,0.8552142068952606,0.8181953286429712
1.0223934657615519,0.9072916336428363,2024-09-05,0.8610568804851907,0.8217876929022246
0.9973074199336673,0.8902475440101277,2024-09-06,0.850099574272014,0.8109170955626374
0.9992373804250573,0.8882191620069205,2024-09-09,0.8437277509834076,0.8038493601794732
1.0041872158938894,0.89295479328149,2024-09-10,0.8440355062841973,0.8041236107315307
1.0038509616005702,0.8890130912646239,2024-09-11,0.8408616272233121,0.803594005344254
0.9976766041925054,0.8864779496292111,2024-09-12,0.8375918476304285,0.8001742104477281
0.9808118914044632,0.8747171458169855,2024-09-13,0.8289819669468798,0.7935719853378513
0.9734739070248865,0.8693144322125567,2024-09-18,0.8295282003928406,0.7955400333186418
0.998477607020473,0.8890003091081791,2024-09-19,0.843400944855672,0.8058368667276653
0.9859779991890797,0.8858812036779306,2024-09-20,0.8384823060507283,0.8033337894561331
0.98595710866727,0.88766015521124,2024-09-23,0.8376645943919889,0.8031091220481346
1.0269564963150788,0.9194578079345832,2024-09-24,0.8758292625582313,0.8355757252675238
1.0465132253661815,0.9303914097770306,2024-09-25,0.8934642903298662,0.8432181430730004
1.0873890847947443,0.96292159959221,2024-09-26,0.9371852038435046,0.8787081780626301
1.1480369199397369,1.0112295779168352,2024-09-27,0.9862307832203331,0.9238779579921187
1.2835061090757125,1.1232151301444746,2024-09-30,1.0853816617523488,1.017442836690209
1.4046738261557963,1.2117149714993323,2024-10-08,1.1652997641637997,1.0806804949028865
1.2677964136452706,1.1016257517403996,2024-10-09,1.085521387877431,1.0033693766886593
1.265346047442769,1.103250712290205,2024-10-10,1.0855440950791249,0.9994496393550268
1.2250479690255727,1.0590408057824696,2024-10-11,1.0459304490168169,0.9623771180775721
1.2560245640255767,1.0923539620838585,2024-10-14,1.0679105745111361,0.9861763077469357
1.2362033951118565,1.0749114244047464,2024-10-15,1.0433307919987318,0.963035378478957
1.2456915630681842,1.0789997470511816,2024-10-16,1.052650335079007,0.9608989611979144
1.2354617745812768,1.073316700872125,2024-10-17,1.034641300083962,0.9525072814649822
1.2610391340969085,1.108932002590181,2024-10-18,1.0554143761647723,0.9900013889887412
1.272328128759446,1.128546196547748,2024-10-21,1.0586277532281871,1.0013593102349923
1.3015309301311513,1.1399144919672324,2024-10-22,1.0730549764158999,1.0069801571754362
1.3035974749546708,1.1433639950281844,2024-10-23,1.0786618060053976,1.0107446610487854
1.3100435433157371,1.139102065453121,2024-10-24,1.0713572671961185,1.0009888598821628
1.3336216182220038,1.1640180581251869,2024-10-25,1.0791797030319277,1.0144961731160922
1.3718379720908151,1.1918353213529067,2024-10-28,1.0905337567396536,1.0250684323180599
1.3473421555366312,1.1667322304820416,2024-10-29,1.0795933299755185,1.0107451206374942
1.3530225811485324,1.1674255183393194,2024-10-30,1.081223039438158,1.009767565093834
1.3660072375588044,1.1845631859300727,2024-10-31,1.083028027283168,1.017541303350901
1.339367947441025,1.1472276744377292,2024-11-01,1.0870791983969792,1.0035747359352662
1.360878379169313,1.1706123963667014,2024-11-04,1.0994184591533311,1.0196929285325664
1.387409334083074,1.2051566442645194,2024-11-05,1.1202558586411098,1.0498922763330796
1.4031925645633858,1.2125262356469948,2024-11-06,1.1199148036382636,1.051448340368913
1.4309454814445455,1.2415204376456301,2024-11-07,1.1316898062747773,1.0747869751024435
1.4373122060164527,1.2434720463597897,2024-11-08,1.1282847321574425,1.0717629281582746
1.472477852726376,1.271650003040958,2024-11-11,1.1363876707677267,1.0877216412387298
1.45902027143742,1.2586717599259516,2024-11-12,1.1298221154385226,1.0750531065184359
1.468565063469312,1.2605906094969117,2024-11-13,1.1349333980832816,1.0752927244882076
1.4370997125978382,1.2230555617173713,2024-11-14,1.110665143101384,1.0462493432063042
1.4228821828036196,1.1989108244973539,2024-11-15,1.0976432960669922,1.0227328775075928
1.3869447748957164,1.1711917169063453,2024-11-18,1.0916326690031914,1.0099304001434708
1.409028114095157,1.201141386249557,2024-11-19,1.0997871529185317,1.0255602223522498
1.4421314602616173,1.2266784653218243,2024-11-20,1.1062469426602426,1.034846995632567
1.4500072265280919,1.229874360232909,2024-11-21,1.1061877438004981,1.033924628684023
1.3962937200431704,1.1851053541067227,2024-11-22,1.0685320008441315,0.9962795514549408
1.4174991855845618,1.2010639865798989,2024-11-25,1.0661027282619902,0.9946296078665589
1.4052189739181482,1.1898706268128358,2024-11-26,1.060853322429006,0.9874412290773256
1.42832050884397,1.210029392411906,2024-11-27,1.0790761491898935,1.0082760392163772
1.4309342896191877,1.212083917382313,2024-11-28,1.069796953331607,1.0014645890077052
1.444614733851324,1.2308086093145905,2024-11-29,1.0824476179528164,1.016652279252324
1.4717517408057037,1.2570803548894836,2024-12-02,1.0922400203162008,1.0304877082552375
1.4743065427380941,1.259240155405704,2024-12-03,1.0941123469228768,1.0289520222777384
1.452282948836803,1.2413082898056227,2024-12-04,1.084450729912044,1.0183408236739306
1.4742356640883385,1.2574330058662277,2024-12-05,1.0830274035618064,1.022476746082749
1.4930886982492364,1.270215479960098,2024-12-06,1.0936903534635862,1.035057258734557
1.4919468029616652,1.2680059877091117,2024-12-09,1.0912468444319359,1.0294822982295744
1.4975410337537518,1.277440733164783,2024-12-10,1.0962836006290433,1.036394785410954
1.5209652984841897,1.295205500350663,2024-12-11,1.1034772233168422,1.0443395862955733
1.5440418907447186,1.3082243600455972,2024-12-12,1.108349556851415,1.05176767699998
1.5242006275538884,1.2849492144590149,2024-12-13,1.0869017669232088,1.0312744028504905
1.5246720167331096,1.2770920212882413,2024-12-16,1.0755427684058092,1.020687204356605
1.489420292930923,1.2320903727484676,2024-12-17,1.0707037108709125,1.0103114509896047
1.498864969668925,1.2392651602633293,2024-12-18,1.0756755699781657,1.016883459324108
1.4902307050881176,1.2397870598081053,2024-12-19,1.0782501353973064,1.0173426393487397
1.4889493720407965,1.2533907288790225,2024-12-20,1.0752057962372743,1.0193897045962679
1.4313611333518246,1.2032098577593717,2024-12-23,1.0674737300896595,1.005007047251518
1.4451731468664786,1.2145372015020948,2024-12-24,1.0817215443848294,1.0177680841026964
1.4204982219014644,1.1914123845300513,2024-12-25,1.0760532024206955,1.0107409286207323
1.4305219776519071,1.206053659548138,2024-12-26,1.0764134694093468,1.016819200653425
1.4454272279910574,1.2143645733706605,2024-12-27,1.077152868791319,1.0173987693147104
1.4312911561126076,1.202789423318991,2024-12-30,1.080360332162386,1.017457536666463
1.404395299157973,1.172338549759047,2024-12-31,1.061050591819285,0.9925165352478537
