hand_top100_reb5,bench_universe_ew,date,hand_top100_reb10,ml_top100_reb5,ml_top100_reb10
0.9940656488912692,0.9941836729550982,2020-04-01,0.9940656488912692,1.0,1.0
1.0062574919817813,1.015253217610964,2020-04-02,1.0062574919817813,1.0,1.0
1.000468787732045,1.0098191939550707,2020-04-03,1.000468787732045,1.0,1.0
1.0249586107392974,1.0414166046779971,2020-04-07,1.0249586107392974,1.0,1.0
1.0357594208154355,1.0456609856134031,2020-04-08,1.0357594208154355,1.0,1.0
1.0374367995004263,1.0543810349985592,2020-04-09,1.041638149621519,1.00743798526263,1.0
1.0206358512124951,1.0294906040306808,2020-04-10,1.0227763841349784,0.976895890055422,1.0
1.0171151414668256,1.0209531128284353,2020-04-13,1.0180340483746888,0.9638339363364672,1.0
1.0346247609164112,1.0393231262581861,2020-04-14,1.0326858986902476,0.9904180383233376,1.0
1.0266366024319222,1.0323018080823598,2020-04-15,1.0261903362175095,0.9863862981977883,1.0
1.0282501696471185,1.0367278059579792,2020-04-16,1.0260130039200133,0.9916181367435242,1.0139827163302155
1.0288006802346243,1.0361705887466475,2020-04-17,1.0265622512095796,0.9949109178807816,1.0171442919410465
1.0378417388427594,1.0478376978747195,2020-04-20,1.0354566342122855,1.015233707250734,1.0374190156582788
1.0351522849452657,1.0424745424681372,2020-04-21,1.0329549691706048,1.0122234805381605,1.0327528686053342
1.0438166025334097,1.0521890764305175,2020-04-22,1.0415913304884339,1.0224203624398804,1.0431107039496983
1.041956125662687,1.0478353573049308,2020-04-23,1.0414363543105722,1.007325488096092,1.0328022100734988
1.0263883269108312,1.028550481264497,2020-04-24,1.0247905292156703,0.9924739063262886,1.016452172655856
1.0216656880622212,1.0215470894819194,2020-04-27,1.0215896021235498,1.002042400010954,1.0261652601329856
0.9993886954272652,1.0005778915709371,2020-04-28,0.9999197328115537,1.0098307918953393,1.0296802072109217
0.9972794056015334,0.9991192243401184,2020-04-29,0.9975298221729662,1.0075137255806426,1.030033701696795
1.0134185162848282,1.0210886802279326,2020-04-30,1.0124254824118712,1.0335071147524877,1.0501741886144085
1.0235871051819605,1.0392153781565783,2020-05-06,1.0231837913078015,1.058966043929998,1.075353290650099
1.02615581831207,1.0366689962281617,2020-05-07,1.0252515940880609,1.0584941150954832,1.074779387952907
1.0370208076521128,1.0482227724892366,2020-05-08,1.0359903244753441,1.0709131974107002,1.0889457347501013
1.0353311718762133,1.0483698285122247,2020-05-11,1.0345639217878269,1.0615050072286816,1.078625452477282
1.0302809222368732,1.0474173358080392,2020-05-12,1.0308647869112004,1.0715297683945535,1.0940028135041036
1.033942400735954,1.0533600844083386,2020-05-13,1.0353617067968826,1.0871840273928395,1.1122451040594563
1.0290165723604898,1.0445219567933972,2020-05-14,1.030371924829804,1.0780728393113561,1.1028143222418911
1.0314504797689152,1.0468684088548847,2020-05-15,1.033230755323691,1.0851621836064902,1.1059817800044298
1.0321755130345358,1.0427275966194665,2020-05-18,1.032854465402116,1.0745186131177074,1.0974687786368975
1.042049993720349,1.0542727072124014,2020-05-19,1.0425029604810074,1.0931176328751895,1.1136265765390228
1.0402470418823253,1.0459287580432588,2020-05-20,1.0406348885278376,1.0690219610996208,1.0902106426931182
1.0380490761895202,1.0357308061246404,2020-05-21,1.0382263657455677,1.050991995903481,1.070804093055771
1.0265677211221416,1.0183226867879156,2020-05-22,1.0267549487049232,1.0292631960399476,1.047454174540904
1.0305116911250083,1.0167745508384183,2020-05-25,1.0309324898503895,1.0273823125179375,1.0456297980044995
1.0408611995396386,1.037888450707129,2020-05-26,1.0433377943724933,1.0536880473180879,1.0774309571175882
1.0464959758084154,1.0346413318051584,2020-05-27,1.0501962188798053,1.0375905259404685,1.0542152067837487
1.042222970800271,1.0314610627533618,2020-05-28,1.0496463428623073,1.031425373776188,1.0514626213060134
1.0474745082253816,1.039022905502163,2020-05-29,1.056911875538289,1.0518250877069788,1.0739953454042597
1.067135917895498,1.0683012310925475,2020-06-01,1.0748583112209924,1.0904141604662574,1.1111882925464323
1.075454978490476,1.0732958756941837,2020-06-02,1.0831533462168663,1.0781847811500658,1.0995630682086948
1.077110392185805,1.0735407565263535,2020-06-03,1.0849000247665277,1.0781185233742583,1.0998298340591148
1.0853303883711862,1.0767766802332033,2020-06-04,1.093116979593247,1.0840387053065395,1.1050910271299423
1.0806525999185443,1.0760841185531644,2020-06-05,1.0877502452388674,1.0925869264619195,1.1158415613530215
1.0785800616028818,1.0741124128834019,2020-06-08,1.0855520006364436,1.0826661887750764,1.1054533465874061
1.0848539590750765,1.0792982695628206,2020-06-09,1.091061674899171,1.0938717753932177,1.1184283257550565
1.078442849578536,1.0768246887294193,2020-06-10,1.084813069653678,1.1073974658295063,1.1305386880290682
1.0750393517760364,1.0728666673319218,2020-06-11,1.0785975359905409,1.1052951498971986,1.1290422073145494
1.0737693450212382,1.0736020493354792,2020-06-12,1.0799713870946859,1.1172026339303447,1.1388223874363912
1.0716464751762007,1.0719323587313223,2020-06-15,1.076947504300983,1.1151423522379555,1.1321372147116466
1.0823683865256812,1.0901403097287015,2020-06-16,1.0865931246473453,1.1433280387975602,1.1603508963479072
1.086777077041495,1.0953721303180606,2020-06-17,1.092287510994645,1.1400291412337116,1.1577051201639972
1.086807520817446,1.093930308978769,2020-06-18,1.0916874827338174,1.1372211392926932,1.155353619811742
1.0902847447173896,1.0993857758956087,2020-06-19,1.0942013841469809,1.1572298228758007,1.1750827864614104
1.0865033370850794,1.101867553014753,2020-06-22,1.089198927146641,1.1686518134321613,1.1858968486056904
1.0793517071108667,1.1010387588021275,2020-06-23,1.0839943951876845,1.1886140428830703,1.2112186278239963
1.074592444142758,1.0981619230831843,2020-06-24,1.0788420685377955,1.1937644044191804,1.2125441924042224
1.0657278371177807,1.0916356561445977,2020-06-29,1.0717554983611304,1.196776425957174,1.2216232060626684
1.0791515954038193,1.1088041176226633,2020-06-30,1.0859657316805087,1.2334296816235975,1.2542964621856976
1.0883370041357212,1.1147635926339867,2020-07-01,1.0918433139706423,1.2254427162048056,1.2426339800967268
1.104319864893689,1.1310168085183903,2020-07-02,1.1056264909638773,1.2189299292552427,1.2339859312302361
1.1195123625957637,1.145037535000003,2020-07-03,1.1210630479467114,1.2333152133983574,1.2471505064257913
1.1604622761030219,1.1912521245762047,2020-07-06,1.1613331745413211,1.263371374022122,1.2776463663704714
1.165654545626742,1.202568031281644,2020-07-07,1.166531686783596,1.2971091473788363,1.3118249671233213
1.1851671733240658,1.2281446587043043,2020-07-08,1.1862605078044197,1.3243147123115375,1.339274415621193
1.2066412856362896,1.2602765752005565,2020-07-09,1.209294706749915,1.35207892724946,1.387887851351925
1.1960959023718718,1.2505017443468622,2020-07-10,1.2019340806683803,1.3442249526923435,1.399890885447603
1.2308645474032365,1.2920627675523353,2020-07-13,1.241473842468862,1.3854428721586638,1.4406713604890409
1.2347391910432162,1.2844421208541617,2020-07-14,1.2484728233774098,1.3781995186603888,1.4142899440985743
1.2181889384386084,1.2502389319288891,2020-07-15,1.2296998758632214,1.3467766565965775,1.3839366649110294
1.1818241742297741,1.1932663388343834,2020-07-16,1.1895338323490676,1.2718800469138227,1.30486413691442
1.1893522570183999,1.1954487666651745,2020-07-17,1.1973138119375055,1.2900276896379108,1.3259911656092798
1.2367631562607937,1.2382755605581437,2020-07-20,1.2455601714700142,1.3048142773513909,1.3367155831099762
1.2427335613993469,1.243282765892664,2020-07-21,1.2520251428344797,1.3338650444633366,1.3690646344450574
1.2407091866065585,1.2493420699555549,2020-07-22,1.2499858187757888,1.3533070545310548,1.3864769899187515
1.2336347291937573,1.2455611287877062,2020-07-23,1.2462550809119264,1.3540272907788213,1.4035540491072143
1.2030762225361282,1.1930723263394716,2020-07-24,1.2122281567375341,1.2940016713090128,1.3274879031024447
1.2061962173181064,1.1936560294358927,2020-07-27,1.2134482445314527,1.2967113617800783,1.3332217692438764
1.2281834204305087,1.2074119926617544,2020-07-28,1.2338726493480339,1.3192421186719467,1.356387274858651
1.2404849309990553,1.2371059487725362,2020-07-29,1.248697706364857,1.3505529411796888,1.3900370102134303
1.236227942367153,1.2361607490403972,2020-07-30,1.2434880173555174,1.3459369052998418,1.3864489849796247
1.2495392776691092,1.2514762337607934,2020-07-31,1.2570954211716159,1.3599767469007067,1.4014192888275234
1.278657924859575,1.2882918349501222,2020-08-03,1.2869664289213898,1.389610451013445,1.4313852940260268
1.2763988976889415,1.280793388420648,2020-08-04,1.2867118255445225,1.383646103346726,1.4248657629594417
1.2918604689778603,1.2933574638934235,2020-08-05,1.3001338138430603,1.397599146108427,1.4389745285647384
1.2910935418440488,1.2912447834981566,2020-08-06,1.2998359120749445,1.4014688715398727,1.4378480096106396
1.2752303541473347,1.2745632097944095,2020-08-07,1.2900749719792903,1.3854565482499945,1.4177256494299397
1.3008634638782983,1.2855004744903247,2020-08-10,1.3107290374872131,1.396418139155535,1.4241801920357189
1.2829746899733403,1.2606537433487197,2020-08-11,1.2914035388932732,1.3737799536185793,1.4008212307071386
1.2865106865871625,1.251949562947187,2020-08-12,1.2948123727562992,1.3642931925748796,1.380430088498538
1.3020982784656718,1.2598043786274078,2020-08-13,1.31019637782961,1.3699249341744009,1.3880617194148375
1.3155890096131169,1.269953675858569,2020-08-14,1.3231068787779217,1.3913776708571886,1.4105578567221264
1.3269155633531136,1.2945805277456586,2020-08-17,1.3349107116567767,1.4065106110687706,1.4274810023973539
1.3325996941197977,1.3049272771617761,2020-08-18,1.3394311218076471,1.4188146695980626,1.439438505049953
1.3274008876312104,1.2857008029109653,2020-08-19,1.334161910781854,1.4035516259547742,1.4242323789466484
1.3185654928673376,1.271242893390805,2020-08-20,1.3228360835611108,1.3871465385375472,1.4145590198064835
1.3317949783054084,1.2795614034232323,2020-08-21,1.3331019497538192,1.403604822117847,1.4326771942669647
1.3343030461839598,1.2884946158610395,2020-08-24,1.3355970964448178,1.4095672591636106,1.4495323245451706
1.3446349593629163,1.2876776583362253,2020-08-25,1.347117726249154,1.4200425591117978,1.4613729371379596
1.32890512864178,1.2613174717619158,2020-08-26,1.3270837940721028,1.3987026747475868,1.445650598767457
1.354496386235858,1.2776383821808028,2020-08-27,1.35122386584198,1.4188383231727313,1.4617865477758587
1.3593116974055264,1.2902147189376383,2020-08-28,1.3553433089161229,1.4373527462388311,1.4802364849612608
1.3571553203988722,1.2915854187862925,2020-08-31,1.3523480915459718,1.4327781823160044,1.4763213762470442
1.3663021771071377,1.2994746034339484,2020-09-01,1.3612213409265697,1.4395664539673143,1.4827358778058473
1.374450313023694,1.3079378238698165,2020-09-02,1.3700821184438234,1.4451984151247113,1.4886415974168719
1.3650910482642749,1.295815033757855,2020-09-03,1.3631776946604477,1.4291198889479153,1.4759047265890213
1.3687246347674145,1.2979783686239652,2020-09-04,1.3703126609350593,1.4167581420454394,1.4660143148591052
1.3622548748075338,1.2838358846037612,2020-09-07,1.3672774091425912,1.3794949859561387,1.4333194081448806
1.3854802972603828,1.2980204804499265,2020-09-08,1.397437131243178,1.376458348962272,1.4389873907695738
1.3798570783947393,1.2639115893952881,2020-09-09,1.3918608344522752,1.3356636524861267,1.3982055756036142
1.327289097955051,1.2154334067360577,2020-09-10,1.3363537301250021,1.3003335313732005,1.3596933869972088
1.3415603515226655,1.233074416240023,2020-09-11,1.3504576094796599,1.3230388962169093,1.3816315908581263
1.3554737093210192,1.2529519206912563,2020-09-14,1.3649369641911686,1.3333451796070293,1.3926910165510324
1.3539949332726358,1.2560554292461077,2020-09-15,1.3629640728885155,1.3451216816057965,1.4031867724671685
1.3505679339481986,1.2465260210129459,2020-09-16,1.3597303762434045,1.3332282588956443,1.390312491860437
1.3552541921592463,1.2500560941554058,2020-09-17,1.3655565644517107,1.337618791612261,1.3996426717506962
1.3686852129131044,1.2675835018575838,2020-09-18,1.3743338501213036,1.357172673274966,1.4248438268644512
1.3665228086335415,1.265406847949492,2020-09-21,1.3746164023749452,1.3456636526376033,1.4214914806513235
1.3466732815383637,1.2461622927417912,2020-09-22,1.3540200684666797,1.3361907109031104,1.4124663751053539
1.3527443303821531,1.2541369359188075,2020-09-23,1.3586719309387303,1.3501976138081846,1.4269154101090586
1.3213494831145127,1.2200945831381453,2020-09-24,1.3290422112730167,1.315565906765576,1.3909796770459484
1.3172832749636754,1.214329879344722,2020-09-25,1.325042561702659,1.3164199223783375,1.3916370943038805
1.3003080328561714,1.1974934237445438,2020-09-28,1.3075585077471052,1.303609299386044,1.3795504459563483
1.305453072638092,1.2074028564879982,2020-09-29,1.3128363175352507,1.316498847599466,1.3941406695838428
1.300920893695931,1.2045922663716349,2020-09-30,1.3081635600474026,1.3204388953125719,1.3978457683581265
1.3280190583641924,1.240186368705368,2020-10-09,1.335403949251251,1.3572656992403713,1.4372830068465945
1.3566730520105428,1.277786398056782,2020-10-12,1.363910472034615,1.3876611857648677,1.4749841157547239
1.3549551336002583,1.2818491113705284,2020-10-13,1.3601596807580367,1.4062686765816899,1.4881985713746442
1.3465952348072021,1.2734297255816642,2020-10-14,1.3510625812356682,1.4011345498276773,1.4871389005298656
1.3477467261722686,1.2643903668852794,2020-10-15,1.3531755979591067,1.3910715715698496,1.4785424968343481
1.3566420454919192,1.26504123021033,2020-10-16,1.3615720592494802,1.3804091018017053,1.4666857862940297
1.3514933396724564,1.2584239804847224,2020-10-19,1.356390410995793,1.3551169211616034,1.439656817853803
1.358074742396554,1.270883144593431,2020-10-20,1.3628269095229437,1.3762481672257163,1.46171949171995
1.345898697850924,1.255629640995314,2020-10-21,1.3506735610923326,1.3625614920198843,1.446437286494039
1.3391517963815565,1.2520551199766377,2020-10-22,1.3438012670326802,1.3465306813664077,1.4296772648392417
1.330174446607926,1.2350154406770206,2020-10-23,1.3356125831008159,1.3069355357312324,1.3867736912233155
1.326984893903573,1.2371525941820876,2020-10-26,1.3312348977607225,1.316743432412538,1.3982654902547558
1.3236166102937814,1.237654310647371,2020-10-27,1.3303063169993599,1.3428542306661526,1.4235865709713393
1.323282322948088,1.2399901966596123,2020-10-28,1.3284783908463227,1.3564290073414973,1.4435966432716947
1.3215395374192132,1.2377093949013123,2020-10-29,1.3249091511993565,1.3614502751963808,1.4536840611464965
1.2900044095687673,1.2045365860546915,2020-10-30,1.2918537489887754,1.333517280032844,1.4235154425612673
1.2885208297631918,1.2070759667949051,2020-11-02,1.2897634087787644,1.35119650519886,1.4422082672731902
1.3118642554193707,1.2315464828008118,2020-11-03,1.3134534745282187,1.3645888647096174,1.456979684823557
1.3071745962436299,1.2289497636400342,2020-11-04,1.3089992796477408,1.3667315915603488,1.458935486870837
1.321713527705795,1.2505024529003568,2020-11-05,1.3234619461301733,1.3879164337566225,1.4813214575672518
1.3120966831291565,1.238018137500451,2020-11-06,1.3166300246150622,1.3663344016595906,1.4590253585604231
1.3344705760042086,1.2646697734794472,2020-11-09,1.338929735496331,1.3820124563453955,1.4843645794872473
1.3290935533007073,1.252492251856008,2020-11-10,1.3318903687534487,1.3764814302146549,1.4736512680074796
1.3321623834467957,1.2366668526922078,2020-11-11,1.3350440693393184,1.3553183655430616,1.4455987549115252
1.338642905210776,1.2387883032392968,2020-11-12,1.341184927631238,1.36814729993998,1.4563760847748946
1.3408144243996303,1.2382105749079222,2020-11-13,1.3420258946411598,1.3717484359593584,1.4572584645026714
1.3587653721143889,1.250503517614552,2020-11-16,1.361120687845811,1.379510188412362,1.4634187886402006
1.358299605635624,1.2419305173723452,2020-11-17,1.3613531014956024,1.3629809294459088,1.4437438422400108
1.3638339816324954,1.246541363790082,2020-11-18,1.366368628582152,1.3518962983379141,1.431315502400194
1.3647655244770052,1.2509205525490168,2020-11-19,1.367526510504412,1.363502146266704,1.4436415273826504
1.3668844983740436,1.2580613723375966,2020-11-20,1.369994240608231,1.377590960287899,1.4549701490250297
1.373824549835533,1.2628117120752302,2020-11-23,1.3750351590914967,1.3732508580786424,1.4528040501805772
1.3755821442841396,1.2622756599184288,2020-11-24,1.376333454033289,1.3761143198853085,1.4555484267912457
1.3662610155730417,1.245264640276458,2020-11-25,1.3661682227027294,1.34783569982469,1.428349216762682
1.363741304284812,1.2395424103568689,2020-11-26,1.3681138908184969,1.3382705647300899,1.416921947943562
1.3635795542298972,1.2394460209503602,2020-11-27,1.3671996562410809,1.3368384017224428,1.4135531369964522
1.3598261320989569,1.2362075847598184,2020-11-30,1.3641678996772497,1.3281632835443884,1.4030968376596866
1.3703155121717305,1.2527022273567523,2020-12-01,1.37487160876216,1.3512558451759817,1.4270715444974442
1.3739207965971048,1.2550846773479303,2020-12-02,1.3792386605465656,1.354106487448725,1.426638333257273
1.3738389205089307,1.2526624805865496,2020-12-03,1.3789861832979162,1.3523051289176116,1.4241656083393242
1.371437167173652,1.255259277394178,2020-12-04,1.379603987141087,1.369700528739075,1.4354174486235873
1.3603499539425967,1.2485706242458743,2020-12-07,1.3696619110267596,1.37057259446116,1.430470892655346
1.3552432990226269,1.2458978392700186,2020-12-08,1.3627323160710374,1.3700247008762627,1.434041047413883
1.335315971772904,1.2222720544707346,2020-12-09,1.3440211275649172,1.3472421569795752,1.410752071626271
1.3371741088079745,1.2220467983011232,2020-12-10,1.3463586157823642,1.355025088652859,1.415484218125636
1.3102748426144777,1.2017974224952213,2020-12-11,1.3167610547305681,1.329986912575302,1.3885377413272153
1.3177237088063947,1.2102666958501027,2020-12-14,1.3236061651448885,1.3557496270893576,1.4126896569873222
1.3129327909229085,1.2095764570680503,2020-12-15,1.3184070304596625,1.3630767984375307,1.4196342132783295
1.2979808756498488,1.1958678272720333,2020-12-16,1.3036833466618296,1.3573734996039586,1.4121666898384133
1.3055661077691472,1.2071093990627921,2020-12-17,1.3116840772274874,1.36437671245581,1.419933528787297
1.2996614646508489,1.2019005646404317,2020-12-18,1.3066146220201238,1.3564336465487836,1.408014975208751
1.3038049881284606,1.2145005247644827,2020-12-21,1.3097843747241602,1.3839919497921949,1.432780185202484
1.2797869119163419,1.1893374171041884,2020-12-22,1.2903086996042024,1.3593412787447736,1.407336334506424
1.2794020515546656,1.195154167745211,2020-12-23,1.2906890889757094,1.3803759201266403,1.4079659209258246
1.252306374700589,1.1721744285678568,2020-12-24,1.2639285296619813,1.3621558183082887,1.3904352584667161
1.261411230064553,1.1831396622863721,2020-12-25,1.272830186607217,1.3803455584455318,1.4065555527150426
1.2395684816583608,1.1702776752208375,2020-12-28,1.2507754317848105,1.3694381672240001,1.3966614627503806
1.2480390466433102,1.167565881503336,2020-12-29,1.2597223484397708,1.3541817154154234,1.3800500068097896
1.247285746404062,1.1725945766175743,2020-12-30,1.2594280057617706,1.376907484190404,1.4011859508920816
1.2592902591480835,1.1892863138760605,2020-12-31,1.2718048211849253,1.4045753654600406,1.4298021125953024
1.2703444310340943,1.2065791572183326,2021-01-04,1.2856920405541918,1.4395749174515102,1.4756523664867855
1.2644432107802503,1.2056184985870166,2021-01-05,1.2793332090955156,1.459376025366763,1.4892622710356445
1.2462157162379077,1.190966545491058,2021-01-06,1.260596849994097,1.442361259948205,1.473243583008419
1.2046074941577922,1.1615107659183013,2021-01-07,1.222497950576944,1.442154740063661,1.4799889314744332
1.2084681215460513,1.1611142039157794,2021-01-08,1.2262000867653537,1.4260189204560276,1.4567212721166205
1.1715078706602828,1.134410307493074,2021-01-11,1.185282311142872,1.4003470387760695,1.427530296683794
1.1736154059431543,1.1442259903340497,2021-01-12,1.1883324518545868,1.4134552156309674,1.4413958453810725
1.1437133283856833,1.1278319537620343,2021-01-13,1.1582497343254876,1.3817796871694394,1.4096509628988199
1.1567860429826622,1.131281350959563,2021-01-14,1.1712181489307063,1.3760763037265469,1.404511980457331
1.1804349096244964,1.1443134351029132,2021-01-15,1.195109251797247,1.3995215988661882,1.4275224580225372
1.1883815322460796,1.162475524196362,2021-01-18,1.20552864663711,1.4308908683590604,1.4567659448100558
1.2036073464097063,1.166227150680763,2021-01-19,1.2233732359479499,1.435033340173011,1.455916533750891
1.2026933092264933,1.1695132079272634,2021-01-20,1.2236234819437646,1.459739826200523,1.4814929352018296
1.2038064326424975,1.177870292626079,2021-01-21,1.2244013429307938,1.473666370844857,1.5010337297867196
1.1873753560582805,1.165193620264251,2021-01-22,1.2039625391384337,1.4742778677090402,1.5052197206016713
1.1590127667927572,1.147807339029456,2021-01-25,1.1768928439370536,1.4511179269030503,1.4841817426687118
1.1605094260325968,1.1368846434043436,2021-01-26,1.1766418534500447,1.4401828909274628,1.4731928434805903
1.1623485362011534,1.1379802627528683,2021-01-27,1.1775724297795764,1.4436158170292914,1.4765403023807127
1.1634673286629014,1.123307233257032,2021-01-28,1.1787483463263202,1.4277173433976962,1.46025730829165
1.1459800794536257,1.1058543121210767,2021-01-29,1.1610010386122311,1.416262219848273,1.448510786787329
1.1427156789739863,1.109500871775227,2021-02-01,1.1586643129534233,1.4321109632637365,1.463399139661491
1.137896165559292,1.1138291802084503,2021-02-02,1.1581769669221647,1.4448866732712051,1.4751333315620774
1.1166737599959669,1.0965209230393451,2021-02-03,1.1380731068447334,1.431873605025697,1.4644681769395063
1.0960732270587954,1.0755030348294565,2021-02-04,1.1191681039517194,1.4088939220210168,1.4361511106941507
1.0935803398743442,1.061882265687433,2021-02-05,1.1192901724961797,1.400648178399955,1.4354873923186113
1.0911451085299066,1.0641869725243869,2021-02-08,1.1156742792853946,1.4016840162297823,1.4379380766232046
1.1046218135837105,1.0843513318363656,2021-02-09,1.1293839249084543,1.4342787972883249,1.470345721042214
1.1162104094876044,1.0925678797274065,2021-02-10,1.1413330509859463,1.4485429401607057,1.4856224729236334
1.1450488284744142,1.120379691848594,2021-02-18,1.1708989450085985,1.465580638526551,1.5002817712550576
1.1778453021396436,1.1508184474759084,2021-02-19,1.2044773030063278,1.4825256285652055,1.5173464078224204
1.1927546867735497,1.1603678833455262,2021-02-22,1.2220807397981328,1.4803634825121723,1.5077327373222134
1.1870752703240797,1.1529577907185415,2021-02-23,1.2156673457980498,1.4706458154954467,1.4937842634914908
1.1931008628642588,1.1516829293059496,2021-02-24,1.219745871265165,1.464581124592316,1.4848197290705487
1.1826153981810568,1.144165706102947,2021-02-25,1.2090161549167169,1.4606071881860019,1.4764443810607883
1.1926566687047278,1.1390645945853344,2021-02-26,1.215114627364279,1.4594101321429558,1.4754377056375032
1.2125366932188908,1.1649404372427807,2021-03-01,1.2331363447419983,1.4815815026124888,1.499699732440154
1.2062030267663402,1.15801025039582,2021-03-02,1.2272259995870787,1.4674298405820418,1.4850232318881975
1.216619499396928,1.1733030190511733,2021-03-03,1.2374129494327288,1.485353349378326,1.503086010565683
1.2182057159987216,1.1619810020829695,2021-03-04,1.2391610309120493,1.46261212448436,1.480073318155492
1.2365291719891212,1.1709642730661156,2021-03-05,1.2564497933615313,1.4716740599486762,1.4889037247210224
1.2308053786506865,1.1551258818075747,2021-03-08,1.2502028652435282,1.4459496743520146,1.4550576536817672
1.2120369729984166,1.126022620063207,2021-03-09,1.2252630815320973,1.4143133284610168,1.4176731261056479
1.1973362044214333,1.112279689367745,2021-03-10,1.2056169826383203,1.4091340335607456,1.411617870872762
1.2151818374623369,1.1359537278419582,2021-03-11,1.2242114203086332,1.443348889850562,1.4451856964154335
1.220913136761742,1.1376329082381431,2021-03-12,1.2315886535006024,1.448071695610902,1.4472223662226391
1.2228001540474436,1.1346943296050662,2021-03-15,1.23416822710114,1.430572191047846,1.4271309768085767
1.2389872577329533,1.1494082480029053,2021-03-16,1.2519150163556605,1.4493227593461095,1.4460544481783386
1.2429362703040594,1.1549548225423862,2021-03-17,1.256729306007306,1.4605159153650191,1.4560823128898854
1.2407153242972735,1.155434993283748,2021-03-18,1.2554245492856628,1.4718466977335949,1.467182405156763
1.2442983423159015,1.151173990320134,2021-03-19,1.2582985535668039,1.4599460970297438,1.4556045755580802
1.257282767680899,1.1696987688039817,2021-03-22,1.2700663805696233,1.471849312525518,1.4725512922363
1.24853450713547,1.1555818910253566,2021-03-23,1.259635210689458,1.461189869803365,1.4590368681454287
1.2449027926616103,1.1451423687610904,2021-03-24,1.2555513000155467,1.4493876184522505,1.4403634764766728
1.2403135368271583,1.1415042798346136,2021-03-25,1.2534313570469304,1.449674088506462,1.4452992262312072
1.254330161851147,1.1567988507421483,2021-03-26,1.265784150990405,1.4713987694176787,1.470429023855537
1.2511421870979607,1.1579979889762348,2021-03-29,1.2595150693916601,1.4713010475828547,1.4680162646779777
1.2395432171675826,1.1492332165143684,2021-03-30,1.2465043813118208,1.4725032118245505,1.4666808254489214
1.252829723579563,1.1515872168715577,2021-03-31,1.2589582422644683,1.4819921381831582,1.4748995191907925
1.2532796253403398,1.1545119739112353,2021-04-01,1.2583234311409104,1.4840298533199727,1.478289930916976
1.2580706186388606,1.1581988162283,2021-04-02,1.2611646834398358,1.4939215702702047,1.4891888365684818
1.2689153108260942,1.1695089262902008,2021-04-06,1.2745015330408274,1.5133865844938763,1.4996978128599863
1.2793659941441364,1.1759747599397232,2021-04-07,1.2854652322804014,1.5164533792626755,1.502020549298135
1.2665113151225478,1.1680431887409264,2021-04-08,1.2730617787406808,1.5101432380424307,1.500080181061065
1.2724068310380647,1.168023330388202,2021-04-09,1.2794597095176434,1.5071823906000115,1.500779301067144
1.2644761724273033,1.152459719143172,2021-04-12,1.2717259490909567,1.492657584375705,1.4805303765623434
1.253387259736152,1.1439405489005852,2021-04-13,1.2605951696256439,1.4855599235950947,1.4728285306463906
1.2721150231941443,1.157263660314284,2021-04-14,1.2788330539422543,1.5069725890952919,1.494134552311623
1.2776403973879265,1.1536962801947794,2021-04-15,1.2851500687429644,1.5072534096784762,1.4943215997546113
1.3012059930898778,1.1720313484848321,2021-04-16,1.30896168446443,1.529069731906907,1.5171615794799382
1.316856506343589,1.1871839226814953,2021-04-19,1.3251481618501708,1.5499170461543004,1.536657341159146
1.3117726963335152,1.1822957468987692,2021-04-20,1.320163984268646,1.5420908575843795,1.5369200350424475
1.3085725589345456,1.1785393447281847,2021-04-21,1.3135374335939853,1.5370287218601495,1.5383541801369822
1.3093918695419726,1.1827876250667544,2021-04-22,1.315563558093571,1.5352652922923486,1.545224672417635
1.297422281263786,1.1729192763393823,2021-04-23,1.3015164929395093,1.5359510330409794,1.5383131529959424
1.2957940040574982,1.16802623688692,2021-04-26,1.3029525261148156,1.5237887585769376,1.5296333576502414
1.2858778624629768,1.1603990075356259,2021-04-27,1.291329795158305,1.5229638937499625,1.5302518336594657
1.2905422194607077,1.1630161631531393,2021-04-28,1.295289139931051,1.5321507196296653,1.5398496303415494
1.2923311254685883,1.160034195614753,2021-04-29,1.2953249855144677,1.540130174578261,1.5458396298043509
1.2830251541591113,1.1513831823314349,2021-04-30,1.2840902922640987,1.533175384937808,1.5399735969833914
1.2895217063607725,1.156675816976389,2021-05-06,1.2892064180227625,1.5307210373061646,1.5355788160334924
1.2844258869867664,1.1507197879341042,2021-05-07,1.2874945971094836,1.5153518258921574,1.51417878706225
1.28432834970109,1.1564597661809555,2021-05-10,1.2928557911417353,1.5179389657345836,1.5151572577134536
1.295073859190508,1.1608547777865073,2021-05-11,1.3049672336800557,1.527310458945944,1.5213488469328584
1.3042650757661967,1.1733964919389273,2021-05-12,1.3152601581260865,1.5340569286173729,1.5309804145944208
1.3013831295382823,1.1672842537515988,2021-05-13,1.3128607706148034,1.5214283331744938,1.519521455544327
1.313334957752604,1.1826770225098475,2021-05-14,1.3230064883912571,1.5373600546468493,1.5378730001377663
1.296127198162576,1.1742022874788949,2021-05-17,1.3052943241372976,1.5310572655041057,1.5331539366393896
1.3033089881618902,1.1807300943515986,2021-05-18,1.311986762963994,1.5320936705171353,1.534055697226133
1.3078831165246798,1.1792784835172945,2021-05-19,1.3159409324888667,1.5265113154639716,1.525621185373615
1.3086839788449662,1.175850855493053,2021-05-20,1.3166502177848654,1.5293817824512612,1.5293930743168376
1.3108317193736276,1.177791173069465,2021-05-21,1.3198241570803042,1.5208313630307007,1.525449874670061
1.320384361083971,1.1855410530022084,2021-05-24,1.3228198950911263,1.5298081883593473,1.5331747620553742
1.3229603844259474,1.1956184526469151,2021-05-25,1.326635696648014,1.5519008802258445,1.55127042675494
1.3323106571176242,1.2039157274936054,2021-05-26,1.3396254717723135,1.5519399838695118,1.5561024493808895
1.3443092594832582,1.2134498081547986,2021-05-27,1.3494148963389863,1.5549983948863084,1.5604753229570916
1.3336266497240612,1.2089426233783644,2021-05-28,1.3386172911818173,1.545245449575245,1.551996127720897
1.3421141011981852,1.223704506855093,2021-05-31,1.347958017840267,1.5474944210820731,1.55360499827003
1.3555377277523537,1.2333938798911164,2021-06-01,1.3607976696205797,1.5521112533284105,1.5583196758673228
1.358604757939387,1.223687330380779,2021-06-02,1.3650805493412326,1.5454174833898162,1.5504297176090491
1.3628909197427144,1.2229000055559651,2021-06-03,1.3691717440843123,1.550711786380898,1.552553266799719
1.3564752716743775,1.2234182991402938,2021-06-04,1.3647587704152897,1.5547522230611945,1.552334939910566
1.362632649161848,1.233054547007707,2021-06-07,1.3693159522356395,1.562582173256147,1.5537706289525517
1.3731461085105352,1.2313703076369062,2021-06-08,1.3783675350786693,1.5612694386377768,1.554443709225852
1.3803520163282315,1.2341185557400451,2021-06-09,1.3840996831211694,1.5602109521431031,1.5551093727672682
1.3800398991269744,1.241466565655613,2021-06-10,1.3866542740844248,1.5708605946948038,1.5601532819545354
1.3756613948847658,1.232821737838684,2021-06-11,1.3806656191203923,1.563578361885314,1.5541799690824882
1.367752048077099,1.2231859219669912,2021-06-15,1.3717469402427709,1.554997445907942,1.5452273329959072
1.3610393016295805,1.2095727590963623,2021-06-16,1.3645908878837825,1.542833253453035,1.5342785400631567
1.3610523632343503,1.2186092431107676,2021-06-17,1.3656927115510882,1.5450795615581956,1.5382837373126954
1.368210245656118,1.2291396141491828,2021-06-18,1.3722138157142385,1.5494716320265407,1.5413837861481372
1.3732612872246752,1.2432256472709289,2021-06-21,1.3794181374427665,1.5662492094980374,1.5475536440132507
1.3834919269014019,1.249901656378307,2021-06-22,1.3892146886961931,1.584536301011922,1.5606775935226214
1.3796956949409978,1.2546527127506888,2021-06-23,1.3837613756100215,1.5845988526543258,1.5606792147413475
1.379921786907722,1.2466543386959743,2021-06-24,1.3842002822946444,1.5825625696997683,1.563618360712476
1.379703393790361,1.250034220276127,2021-06-25,1.3855596631790512,1.588415082638943,1.5725845937947471
1.3817889215612824,1.2578534909463066,2021-06-28,1.3869461233010476,1.5935173213135188,1.5758120189100249
1.3681557071004136,1.246762876345114,2021-06-29,1.3734843138638433,1.5840860924334803,1.5661063465382625
1.3734478936242578,1.2564314310397287,2021-06-30,1.378192483564794,1.5961316888461734,1.5780912965505751
1.3621214339492023,1.238722337722748,2021-07-01,1.368142443858585,1.5853057635127523,1.569021324618229
1.3545277849589081,1.232951144307366,2021-07-02,1.3600562458201175,1.5669456844241072,1.5504751096199028
1.371459871995178,1.2486393785963064,2021-07-05,1.3780889237270981,1.591681617847724,1.5757636670005317
1.3736496246357106,1.2481962001024534,2021-07-06,1.3780051671468274,1.5809845895642027,1.564553800473806
1.375636759178851,1.257754735637941,2021-07-07,1.3785712518456024,1.6033052895306048,1.5803136014203238
1.367144774575974,1.252282037733693,2021-07-08,1.3692363024173302,1.5947059378184523,1.5694559397043053
1.3751096569476782,1.26024389008914,2021-07-09,1.376306751990242,1.6001021254379468,1.572896580906371
1.3845831609163268,1.2776718707598165,2021-07-12,1.3836296761010245,1.6120282870371005,1.5829330162277535
1.3871845218875527,1.2854808934745114,2021-07-13,1.3859170019912823,1.6204929180852787,1.591975028529581
1.37764260744274,1.275375890572329,2021-07-14,1.3754962734258942,1.6077119454168718,1.5804019471878743
1.359675811608299,1.2676507268356356,2021-07-15,1.3573684928906704,1.597177864122725,1.570688473700602
1.3583465528496792,1.2666119487784773,2021-07-16,1.35733649131005,1.5963361157606692,1.5706254775051065
1.3524520851113442,1.2656714850004647,2021-07-19,1.3542097817067544,1.5966379923351153,1.568633489431866
1.3528865880595662,1.26972934997507,2021-07-20,1.3544314480811515,1.5942238749032127,1.5662575107039767
1.363386361649645,1.2858326002847567,2021-07-21,1.3674751590895542,1.6170741492914773,1.578690999146854
1.3672010685932687,1.2939232443372115,2021-07-22,1.3729393806919332,1.6290628842311372,1.587996179713686
1.3560554753210663,1.2802538374724914,2021-07-23,1.3640957163614542,1.615865781965143,1.572788296762832
1.3388171096890062,1.2618104738095008,2021-07-26,1.3463415111300614,1.586083466769277,1.5392132400818632
1.3271103594440665,1.2364000011704073,2021-07-27,1.3352421846008768,1.5585157461828103,1.514500783650845
1.2984610041690299,1.207716617811188,2021-07-28,1.3058907472955652,1.5338981830318632,1.4902355908046245
1.3091574004180926,1.2395324988634935,2021-07-29,1.3177996714996527,1.5687451582200627,1.5223619321829231
1.3131732074930575,1.2516903283031338,2021-07-30,1.3227111028628544,1.583981248473637,1.534921011904607
1.3350551674661302,1.2764518423150872,2021-08-02,1.3470807036610404,1.6218780129829737,1.5721565657159033
1.3426566806042863,1.272755892887315,2021-08-03,1.3545553157141652,1.6238118637384267,1.5748918474157276
1.3465264540462398,1.2877427628754832,2021-08-04,1.3589652834208656,1.6348688492856234,1.5854866342078766
1.342601378208641,1.2786576991064251,2021-08-05,1.3538052093749977,1.6329809326977305,1.5839922632538723
1.3410881737417308,1.280051319099222,2021-08-06,1.3531263309417123,1.62058551233381,1.578039346378206
1.3568890611641653,1.2941796704329382,2021-08-09,1.3689734836020768,1.6397229942121032,1.594832399138677
1.3691672582207082,1.3072338112315574,2021-08-10,1.381406194638547,1.6668694923742178,1.620512186688078
1.3738475069865035,1.3154382899895234,2021-08-11,1.3864403776513805,1.6694762348037562,1.621384733218836
1.3735065141202218,1.3192561396919815,2021-08-12,1.3863553822034216,1.659419706250691,1.6134505270046242
1.3727019406649932,1.3189765855761748,2021-08-13,1.385207334282264,1.670950155168683,1.6246569861131337
1.3807849157221714,1.3182923650495544,2021-08-16,1.3951675894429725,1.6774620959978697,1.6266000509954823
1.3553667386575767,1.2847873001876808,2021-08-17,1.368652791262925,1.6424451570118088,1.5941427835777566
1.3706730731933985,1.2962258452496787,2021-08-18,1.3809912703316798,1.6556061131825015,1.6027592827551742
1.364265812877165,1.293874986634802,2021-08-19,1.376497185825122,1.6512080136230471,1.5933166236000302
1.3588819728594448,1.2874415604731821,2021-08-20,1.3680207307679269,1.6318320914115523,1.5766132715764045
1.3824413549906158,1.3195891242856346,2021-08-23,1.3893779629101586,1.680059425952277,1.6250895328515433
1.390274571371631,1.3267842483159118,2021-08-24,1.3970639158537514,1.6953309233179077,1.6416802905017474
1.4035191920252463,1.3370847251680196,2021-08-25,1.4103398150817485,1.706753981993217,1.653230433854482
1.4081006184826244,1.328741350499911,2021-08-26,1.4150301056625232,1.6897651171086165,1.6347378701755713
1.4065475728726016,1.3264240996986716,2021-08-27,1.413970137454255,1.6856914516569241,1.6322333606169062
1.3961906296883013,1.3283773945834993,2021-08-30,1.4069619670390188,1.672759491280496,1.6314076581116281
1.4069664858973703,1.327581140168782,2021-08-31,1.419229861437887,1.6695867522957262,1.6202927485580025
1.417722550806585,1.32256280856141,2021-09-01,1.4294741171817973,1.6798302530102502,1.6204496828888673
1.4213809944683475,1.3364745374669844,2021-09-02,1.4346323427875785,1.6737202351487381,1.630574262011197
1.4328630403626037,1.3377483272713149,2021-09-03,1.4437746742693907,1.6863377749320672,1.6370652243413797
1.4443616666739787,1.3532449387140102,2021-09-06,1.4524282235858428,1.705793688827073,1.6566040145251506
1.458640834613437,1.3695727904463542,2021-09-07,1.4669632455888857,1.7210906230858332,1.6729918327512558
1.4809359888468439,1.3811405474526384,2021-09-08,1.489593303075302,1.7351322774795328,1.688842821773766
1.488686263229299,1.3820410227058972,2021-09-09,1.4991776867515902,1.7438424444074354,1.6974053398193083
1.4783166844906959,1.3746542346624206,2021-09-10,1.4881448198664702,1.7308227560926033,1.6835000309447863
1.489848600777641,1.3822516644793716,2021-09-13,1.5065379181267302,1.7304378376789462,1.7004547074324328
1.4687279562877085,1.3672742914030862,2021-09-14,1.483706697627746,1.727007562399239,1.6832498806583573
1.4795500888565005,1.3764515313252084,2021-09-15,1.4947812318966076,1.7245108339299215,1.6894613017752216
1.4678787119911245,1.3563613507908059,2021-09-16,1.4875869727819766,1.7169518261871346,1.6835381523729318
1.4599072942389641,1.351961961627137,2021-09-17,1.4787567257504564,1.7300434715448103,1.6773587324768091
1.4583369799386083,1.3572079791773644,2021-09-22,1.4758949882755112,1.7269117622473322,1.6714808275286912
1.4781946057074127,1.3674727049439643,2021-09-23,1.4941182634763328,1.7501883474802316,1.6928577435866685
1.448941600073334,1.3440442617040234,2021-09-24,1.4658858424800278,1.7318970847186737,1.6740193200706486
1.4102324172929104,1.3064263535707994,2021-09-27,1.4289219364129386,1.7058958295656563,1.6451186068350736
1.4152154783387851,1.311646856826309,2021-09-28,1.4337034314471253,1.7067396047866432,1.6456483751392352
1.3894267543837997,1.273377702443794,2021-09-29,1.4092957393976226,1.6707372197120811,1.6132009233102564
1.4118230688671045,1.3005361740393584,2021-09-30,1.4330865819105632,1.7098861664402896,1.643471279738579
1.4457885232540855,1.3195755520732555,2021-10-08,1.468359815173155,1.7312968398650375,1.6711028544630726
1.4512885989902284,1.3157731345680739,2021-10-11,1.4731490687010067,1.7207180743995365,1.6635613834965666
1.4436382295831163,1.293433327704206,2021-10-12,1.4663060773141439,1.6975789130550245,1.6513739461067645
1.4485938473668898,1.2967369130796749,2021-10-13,1.4703922074206932,1.7158245902898506,1.6678797078122636
1.4495873238650665,1.3048477473487134,2021-10-14,1.471796850738785,1.7192220129087128,1.6724086057083416
1.4353705370038834,1.2951273665972194,2021-10-15,1.4574033430241753,1.7235087805150449,1.6738906890296992
1.435353102226746,1.3050180812806822,2021-10-18,1.4577803945380428,1.7175701451818102,1.6670749861613081
1.4357439438827784,1.311750398281114,2021-10-19,1.457822353492064,1.7281065021253639,1.6761908974326853
1.4248969276206116,1.3097754251896245,2021-10-20,1.4475290105605167,1.7136750020482794,1.6691977879872608
1.411728326767672,1.302939238825348,2021-10-21,1.4338258542795768,1.7057113457616682,1.6543026558517906
1.4053524311968362,1.2911667118472874,2021-10-22,1.4289015812755694,1.705103455830872,1.6465240022003549
1.397302742806107,1.3004740675506121,2021-10-25,1.4227051886595241,1.7088768161744308,1.6462714332521013
1.385534576935373,1.295869356174502,2021-10-26,1.413307827466761,1.7087574942653865,1.6402656416734307
1.3526259981562914,1.2742753351785783,2021-10-27,1.3784577175671417,1.6933360869281329,1.626061737376117
1.3309604480888457,1.251452361111381,2021-10-28,1.3562646881692486,1.6650623250641168,1.602027680761503
1.3529023985373505,1.2714746540816808,2021-10-29,1.3784984162596658,1.691816834712259,1.632973406263844
1.36509466405311,1.2881109787335814,2021-11-01,1.3911717037403426,1.6903242883285376,1.6320088135079667
1.3509852639539057,1.2725392663438557,2021-11-02,1.376883418557843,1.6797291674781443,1.6222261218090495
1.3617216884716226,1.280853886273611,2021-11-03,1.3858269967721886,1.6795133868232077,1.6153557808712353
1.3751182785440763,1.2990261179370184,2021-11-04,1.4024395174597026,1.6997252934450973,1.6369869449008776
1.3816929630514359,1.2914413287997493,2021-11-05,1.4106289542542625,1.6945245075325475,1.6269207585255197
1.3882139054022304,1.2979783173444372,2021-11-08,1.4234101670648311,1.7076932038313648,1.6416632125101274
1.4013891941639818,1.3115414499330127,2021-11-09,1.4407876902125187,1.7247042721346972,1.65906825125623
1.4094955750337135,1.3189092878081623,2021-11-10,1.4528200024814617,1.7284791266343678,1.6619209072932348
1.423706470604217,1.3319741304448258,2021-11-11,1.4679495789177255,1.7399170017848187,1.673159870590258
1.4326604599973753,1.3447387154060892,2021-11-12,1.4764739635017354,1.762600419338558,1.6952348481119237
1.4610336710719931,1.3559233967846185,2021-11-15,1.5053770306351417,1.7854415391119454,1.714520716121252
1.4529518424875372,1.3451992772482135,2021-11-16,1.4972971182414012,1.769297065815091,1.6994490797193655
1.4674666851043006,1.3641006799817978,2021-11-17,1.5188672961155845,1.7953174930229268,1.7252578862226753
1.454224342356153,1.3545629562397044,2021-11-18,1.500094911510179,1.7684074957551987,1.7129001750195898
1.474232694426127,1.3708637773417793,2021-11-19,1.5221186268583555,1.7929836389707168,1.7420484176414535
1.4748943543218909,1.3836472546953593,2021-11-22,1.5278510523586504,1.7954492128970967,1.752004051808055
1.4866546993860683,1.3886331940969265,2021-11-23,1.5412137471941292,1.8085880421084608,1.7604716052918243
1.4997780189299417,1.393633889076791,2021-11-24,1.550409833291099,1.8071925788299943,1.756845568829133
1.5063123639971145,1.3935517346550486,2021-11-25,1.5561082451709096,1.8125558591470152,1.7624128615320953
1.497111891645394,1.3902882584074636,2021-11-26,1.5487481554849587,1.8032787858810866,1.7532254460952545
1.4894221643864312,1.3897902997562468,2021-11-29,1.5387423877103197,1.798881632988295,1.7502655871025217
1.5122617226700161,1.401066343525757,2021-11-30,1.562538162153937,1.838240288370464,1.7888327873335856
1.532036840598529,1.4147531476714552,2021-12-01,1.5818650850208744,1.8677643168782851,1.8277074219075713
1.5211162435263115,1.3977568727312961,2021-12-02,1.5682873009279104,1.8565988812338174,1.8185636741300788
1.525534039412332,1.4043636506818282,2021-12-03,1.5686671528062943,1.865831375014986,1.8196685518200253
1.5001813197001534,1.3829591054154193,2021-12-06,1.5417856572665876,1.8234528857461578,1.7811874751758114
1.5019271298072148,1.3726449061082557,2021-12-07,1.5405831562780465,1.8177076451331229,1.7790048817904045
1.5058652150653502,1.3906458514034576,2021-12-08,1.548719376697905,1.8286403595749527,1.7907274179293005
1.5210318317890752,1.3983344266626045,2021-12-09,1.5647105918287847,1.8396639771753853,1.8017717324241944
1.5328216085609856,1.4029485904271581,2021-12-10,1.572851916129482,1.858874357963358,1.8231783023453891
1.5375509841456707,1.4095452645830395,2021-12-13,1.5793544737067426,1.867198532648904,1.8300195556789134
1.5527823415186806,1.416427417428591,2021-12-14,1.5936348758933396,1.8963754845627832,1.8570006624164883
1.5659667710479184,1.4179749428668154,2021-12-15,1.6069229012947912,1.9048304979430126,1.8631916709156557
1.5861452162962806,1.4304815131036595,2021-12-16,1.6279195708629213,1.9225721409194154,1.8869888445763487
1.590749666914178,1.4192491026377256,2021-12-17,1.634752745929846,1.9201557912743454,1.8882417331601835
1.6087913597325705,1.4044981495412259,2021-12-20,1.654394230780371,1.917493089201728,1.89085752107726
1.660630545741707,1.4263030080297503,2021-12-21,1.7011726290975762,1.9684577960271878,1.929884903330798
1.6700789762003163,1.4318823261548408,2021-12-22,1.7070650664782934,1.9712586511646009,1.9274163756159202
1.6508219681119214,1.4250340953282388,2021-12-23,1.686502429163929,1.9356520258294592,1.8926717820700216
1.6291702129966363,1.4020354567201343,2021-12-24,1.6613380049181783,1.8946017484427828,1.8520207862697473
1.6453157552020539,1.4090308363647728,2021-12-27,1.6807535196607892,1.9260465174065766,1.8827630037153675
1.6568223173953993,1.418006037518967,2021-12-28,1.6901006440894317,1.9503247379897357,1.9068186028351473
1.6595716856901421,1.4164977243450783,2021-12-29,1.6941572907261715,1.9518922599377844,1.9245049413403708
1.6736554254198195,1.4307809987660145,2021-12-30,1.7053355728934978,1.9784549126620996,1.9624091854629242
1.681592980329986,1.439024904906281,2021-12-31,1.7130133829860106,1.9833971306073281,1.9609286406443784
1.7171644001468935,1.4553010289141945,2022-01-04,1.7518665738467885,2.0082740724905213,2.0063921229194555
1.7075709866876065,1.433919032978289,2022-01-05,1.7438197284886439,1.9785731251305518,1.9724138621401297
1.7216090799750778,1.446215518352574,2022-01-06,1.7586821015800609,1.9878424785645243,1.981413348316153
1.7011785593165334,1.4222677722475303,2022-01-07,1.7367424132204068,1.9525850675065661,1.9443484252346457
1.7248882525943516,1.4347031805094,2022-01-10,1.7613753899483064,1.9823107450536703,1.9739366243978662
1.7375754420347942,1.4277565876017704,2022-01-11,1.7744394201266587,1.9839190821680597,1.9765407367569183
1.7656960020650327,1.4475916153896968,2022-01-12,1.8046964637811862,2.0154386527427204,2.0087889374686507
1.771726602689337,1.4341130914691063,2022-01-13,1.8162926917102082,2.015823625194968,2.011864459408452
1.7478516287646146,1.427883842001049,2022-01-14,1.7980256453851304,1.9799884059733759,1.9827244847688932
1.7754813646115057,1.451274480974218,2022-01-17,1.829211618307005,2.0180321016228056,2.0302333163338497
1.7388233039220806,1.4318910143326598,2022-01-18,1.7858497333178274,1.9793742795256777,1.9873451512262628
1.76919118100177,1.4333348098817913,2022-01-19,1.8118863210166862,2.0307093066162634,2.031769783178459
1.7226085310868569,1.3988121251980006,2022-01-20,1.7580279006559023,1.9622060179336038,1.9627276970823855
1.7173616457309773,1.382786003068757,2022-01-21,1.7541006447678864,1.961926765738934,1.9630407625324218
1.699598669300273,1.379221758631326,2022-01-24,1.7352821783162027,1.9472732290265145,1.94951761595124
1.63091500315158,1.3225731653530823,2022-01-25,1.6655262067761845,1.864714415358707,1.8687137671765524
1.6479005691770905,1.3314658405580873,2022-01-26,1.6829877452292845,1.8821282031160675,1.8841634378842094
1.591509703428389,1.2882810839457801,2022-01-27,1.6250889494065206,1.8101637704322502,1.8130116075214333
1.6311774686107834,1.3037944012548204,2022-01-28,1.6671108937755317,1.8509052018427672,1.8480308771105418
1.6559250037111943,1.3220673410242396,2022-02-07,1.6888832548133446,1.8689006260201104,1.879524159911351
1.6952914143824038,1.3406374275100714,2022-02-08,1.733814341405794,1.88473114358101,1.9028385421379128
1.7043723110631466,1.3604448463451677,2022-02-09,1.7455119730939734,1.9105312643960113,1.9200532799447572
1.7001592753686319,1.3560634873926476,2022-02-10,1.7390251785171935,1.897145669970551,1.9078359134717666
1.674759195379104,1.32872494747731,2022-02-11,1.7130157207777268,1.8615812165877301,1.871637553740487
1.6826032683260612,1.3285367845572273,2022-02-14,1.7212613073893204,1.8751749794813182,1.8849862892162277
1.6778321094108892,1.3353359482195308,2022-02-15,1.7165297373609831,1.8760167901923028,1.8850094642555173
1.7097062622994232,1.3511097984638338,2022-02-16,1.7493755498242527,1.9116171994159608,1.9200901820401348
1.7067856678154407,1.3475475247545512,2022-02-17,1.744631855029778,1.9089342278464312,1.9105927757640049
1.720314525182875,1.3570268483739953,2022-02-18,1.7575831714815178,1.9264082722853912,1.9283650407746595
1.7402741251298743,1.3755050181609463,2022-02-21,1.7780931049553037,1.9423663307431072,1.9539229462446475
1.72331694597164,1.3596965595095176,2022-02-22,1.7638331634246376,1.9313972914426023,1.9417029302229225
1.7424457880530788,1.381744775427812,2022-02-23,1.7801133818682353,1.9524797095602768,1.9678301935425384
1.707382563622473,1.3489551148031842,2022-02-24,1.7440091566981555,1.9130141309758317,1.9266760430811751
1.7296063302167277,1.3620212272486314,2022-02-25,1.7661279202823454,1.9352399569022236,1.9497895959636362
1.7212925042766731,1.3622843803121805,2022-02-28,1.7567647260420032,1.9254081149224127,1.9389637377114062
1.7382980706457969,1.3733684922001987,2022-03-01,1.7746693092661305,1.9481175467898295,1.9627621782819231
1.7561901054259745,1.3789610916239878,2022-03-02,1.793650031639037,1.9648024021403137,1.9797321900557727
1.7569007652085367,1.3751623222944749,2022-03-03,1.8016662460797128,1.9617584069887801,1.9906696217128472
1.7391095104137104,1.3586323192822969,2022-03-04,1.77972209929742,1.937618773046836,1.9677095677912566
1.7168095828084702,1.3370398819458533,2022-03-07,1.760075755641511,1.9116425935470611,1.9511147717286348
1.668641336944487,1.2941891802053074,2022-03-08,1.7007049339576754,1.8587965674353923,1.889145484782184
1.632100618829479,1.2762058213817669,2022-03-09,1.670933673008443,1.8295575295463717,1.8665764387570343
1.6494777870916524,1.2989124372438143,2022-03-10,1.6859209894718403,1.8553921875967803,1.8906314577201808
1.6675309057525338,1.3089175378197269,2022-03-11,1.7042014244217547,1.8713718614361783,1.9066096843167002
1.6252767155754844,1.2729886580337892,2022-03-14,1.6627942896953216,1.815280114560552,1.850450714432146
1.5454163678271586,1.2078136442066534,2022-03-15,1.58201443453523,1.7225446833925682,1.7547971942743767
1.5840898049606917,1.2462043061606196,2022-03-16,1.621943592409305,1.77342642441076,1.806425265201198
1.609543924151069,1.2700783909163638,2022-03-17,1.6456865586736111,1.7974835226055756,1.8336453926789653
1.6389543416047627,1.2864267273853902,2022-03-18,1.6728122742639528,1.8304918224194964,1.8742021695244113
1.6657623203757406,1.302738365377916,2022-03-21,1.7013853533765955,1.8677565739811275,1.9142566994125123
1.670791745298548,1.3002068369029731,2022-03-22,1.7024291226946549,1.8626289155026583,1.9049673524929676
1.6676320704492475,1.3039486954610666,2022-03-23,1.6987910077042407,1.8703382622427098,1.905360348742125
1.6459106169583453,1.288391983186471,2022-03-24,1.6781180163549547,1.8377496788709162,1.8721636795146064
1.6564658636171683,1.2828732269291425,2022-03-25,1.6905248731987061,1.8546031417380102,1.8895006341467362
1.6472220212562743,1.2783429335174794,2022-03-28,1.6799303350133572,1.838883978580823,1.8739017505272069
1.6276395559632393,1.266508223947175,2022-03-29,1.6597870249893873,1.8160275154944985,1.8500529392971843
1.6489116026906503,1.2880957727809137,2022-03-30,1.6809695263705287,1.8390706193941404,1.8741089423429913
1.6614885219257458,1.2855687745390445,2022-03-31,1.699206795518006,1.8475182521879563,1.8919047622097545
1.651786430281392,1.2829136301567463,2022-04-01,1.6888919443520305,1.8320799741504397,1.8780021116706331
1.6778925203123463,1.2949331584022898,2022-04-06,1.7177735751739318,1.855900645772909,1.9019907565726875
1.6424860307129974,1.263485571795219,2022-04-07,1.6826729794501645,1.8095111714539889,1.8554813830233372
1.6271719825298183,1.25549521701174,2022-04-08,1.6686200913938007,1.788166329125447,1.8321771048803461
1.5839590729184132,1.2179234028259882,2022-04-11,1.6239322922950539,1.7305645610205591,1.7752511041558148
1.6159430697553576,1.239651687081816,2022-04-12,1.6561738299608526,1.7714557227950487,1.8165583931399671
1.5926326055055398,1.2146376814128468,2022-04-13,1.6341249563667335,1.7462379398753083,1.791685349807219
1.601813843531134,1.2261070884935314,2022-04-14,1.6434289584314488,1.7586635589222006,1.805639455799245
1.571968130736121,1.205250279369322,2022-04-15,1.6141621560368933,1.722363990348528,1.77133437460615
1.5887507145278505,1.2137811012764914,2022-04-18,1.6337172448071742,1.7451635037079585,1.8002250875022068
1.601389690549997,1.2194011235572502,2022-04-19,1.6427628400116725,1.7552136830717717,1.8155788736604632
1.6042326331602543,1.2066063178539863,2022-04-20,1.6458012606658352,1.7486490712457479,1.8172794121140288
1.5576635480132965,1.1602562238297263,2022-04-21,1.5966561962001906,1.688152182112324,1.756085364408689
1.5533791668693837,1.1487404659746252,2022-04-22,1.5963165856603343,1.6850004750887362,1.7421704898077373
1.4314201484534135,1.061519483410289,2022-04-25,1.4718865822981282,1.5378637840987026,1.591206273593074
1.3591159376492534,1.026119681669407,2022-04-26,1.3961962863122515,1.4815605788363286,1.5275741854935279
1.3921481460618776,1.0595107000525594,2022-04-27,1.43055382899852,1.528437147950652,1.5700788766865783
1.3658536078174401,1.0421279331797941,2022-04-28,1.4053206323273277,1.4983310383318404,1.5326424297272139
1.4299629697093805,1.0889658452673143,2022-04-29,1.4709602153021728,1.5701418225525527,1.6046306644515684
1.4586630977560688,1.1082295901030905,2022-05-05,1.4972020952727283,1.5881200289564097,1.6250913320173896
1.4544944123406471,1.095855065491054,2022-05-06,1.4917169526559706,1.567823166598104,1.607149677441331
1.4834605351239498,1.1136230245656247,2022-05-09,1.5229109383402994,1.6016262716405698,1.6373165687606128
1.5040570987273694,1.1332715700960456,2022-05-10,1.5518400938064358,1.6312384587475592,1.666791486808585
1.5080603138735826,1.1373916731895657,2022-05-11,1.5521894044147988,1.6326596822191668,1.6753939001975144
1.5222641447486318,1.1467741264642037,2022-05-12,1.565624311652536,1.6565002198160947,1.6949547803393807
1.5279006775420025,1.1545309751487824,2022-05-13,1.5718242233302815,1.6724967180829966,1.7099213831649478
1.529990026604535,1.1563708346806585,2022-05-16,1.5739907005806035,1.6711906337517042,1.7083241188329263
1.5305300886151563,1.1547470066839687,2022-05-17,1.5734366006756282,1.6702376609237641,1.7074178263966868
1.5559326110175558,1.1625997477646846,2022-05-18,1.5998408348884188,1.6916063458336013,1.7298827860919674
1.5679390077964166,1.1707548271207504,2022-05-19,1.6145135034001803,1.7051009940304551,1.7456272207563788
1.5807302849490303,1.1844099799149095,2022-05-20,1.6273584001073698,1.7137181153582368,1.754639212252592
1.6039057620068249,1.199717099080281,2022-05-23,1.6524342777765242,1.7360365111241802,1.7789833411166527
1.5398853520429436,1.149153968708834,2022-05-24,1.5818543204293465,1.6652707893454441,1.7051508034053777
1.5674281634766265,1.1721707289806096,2022-05-25,1.6041653374332996,1.7104249132051854,1.7438069318831988
1.5714028456172953,1.178274743730037,2022-05-26,1.6064469172631601,1.7168984219513548,1.7510376336242255
1.5676584817044281,1.1792037553942858,2022-05-27,1.6013756235563834,1.7186896140585677,1.7522299096305658
1.582564223833551,1.190700624732052,2022-05-30,1.6158462555595612,1.738500050948399,1.7702417448309387
1.6092629867041888,1.2043964438791097,2022-05-31,1.6426296587564468,1.7534479378981696,1.7858528936959044
1.6423496980053807,1.2123589081459893,2022-06-01,1.6735977279807113,1.7711877937309974,1.8052521602685743
1.6775337527661909,1.2247530748193847,2022-06-02,1.7231491348367802,1.7830749948013764,1.8290226866048498
1.7115463552810146,1.2460069155141806,2022-06-06,1.7671984671017122,1.8051662188270559,1.8579108199141208
1.687479698666939,1.2398152081013538,2022-06-07,1.7335309942323354,1.7853485156651314,1.833870312546008
1.6792928926629305,1.2379065477194628,2022-06-08,1.7131464151220377,1.77831499878054,1.827526026481495
1.6334036710814184,1.2139386423999432,2022-06-09,1.6678477686824984,1.7415805292645183,1.7801306490202986
1.6532988626318088,1.2357797238407455,2022-06-10,1.6878115580739002,1.7646831309348283,1.8026252882113794
1.6635123873619846,1.2404990905114917,2022-06-13,1.698468833883333,1.7730246630790603,1.812450662960782
1.6582578453524757,1.241336754526101,2022-06-14,1.6930684864402215,1.7714145794127987,1.8092732134913494
1.657275321691167,1.239810535417598,2022-06-15,1.6924252545119274,1.7664131797186078,1.804448855619018
1.6748098017608677,1.2502176490403127,2022-06-16,1.7111358457615475,1.7807500024599807,1.8203183151488604
1.6734040967051194,1.2568507636839121,2022-06-17,1.7144834499719417,1.7777087399373135,1.8255762320429114
1.7016945994653598,1.271599015788961,2022-06-20,1.74925051717771,1.8047763504421417,1.861418518407152
1.7064142091396233,1.2656091702438867,2022-06-21,1.7606499497940675,1.8170529473448354,1.8773394749013748
1.6900374644143372,1.2493949261691941,2022-06-22,1.7432586532384442,1.7930884281200627,1.8539097687581665
1.721320026138662,1.274496889383799,2022-06-23,1.7793630054580785,1.8329867443613894,1.898038997557936
1.7377676842841798,1.2884570288074428,2022-06-24,1.7964543629965195,1.8423486225454455,1.9077393246057885
1.7529119357111296,1.2993544246166955,2022-06-27,1.8102152902514868,1.8533731867711956,1.920849928070158
1.793914111178194,1.3181910665216507,2022-06-28,1.851969824978172,1.9029763300613272,1.9706137278313172
1.7604418905614199,1.2897526683983116,2022-06-29,1.8133197906054166,1.8755970094908867,1.94209778841435
1.7630632149463616,1.300589743930393,2022-06-30,1.8166919904653436,1.8830627423385768,1.9482888385139403
1.7561550415300036,1.2982941333115015,2022-07-01,1.8109625004775012,1.8788238243951352,1.9449853484316177
1.7637578497923825,1.3069675143611315,2022-07-04,1.8186707843940577,1.8837146116374623,1.9475487573957082
1.7399480807353238,1.2963383779805386,2022-07-05,1.7918461643026153,1.8653120132644567,1.9235271531039013
1.7339973625317187,1.2849537101512543,2022-07-06,1.7892919316676683,1.8542593933910059,1.9102699811947699
1.7342930568633523,1.2939235533481404,2022-07-07,1.789072818950206,1.8622217072380018,1.9191737145011953
1.7461314342041632,1.2963937856204277,2022-07-08,1.8013436687818742,1.8788753728952243,1.9370227539621048
1.7340355644791863,1.2853232991729542,2022-07-11,1.788915813449535,1.8705329558153256,1.9279021630927247
1.7012813256862982,1.2642063231148422,2022-07-12,1.7551352079104827,1.843505153712835,1.9020454070658195
1.7289911392622097,1.2801069799173548,2022-07-13,1.783660189057296,1.8817563422005412,1.9436953987106216
1.74867829433875,1.2886973282092569,2022-07-14,1.8040138695423071,1.8860807415286573,1.9471756966490323
1.7078015685891708,1.2658379253637653,2022-07-15,1.7639168171961785,1.8407171806508182,1.9061506892525117
1.7686947241265065,1.2981895985887622,2022-07-18,1.8233944421089212,1.914799630839327,1.975134674919616
1.7972644831185132,1.3113470193598513,2022-07-19,1.8508473999620694,1.9365027507150474,1.99601948417544
1.8027203838512909,1.3233747018297828,2022-07-20,1.8597340358981431,1.9463507225888415,2.005641421860803
1.800074623161421,1.3184356088659785,2022-07-21,1.8629552593310228,1.9440107432443219,1.998386582364287
1.7996456513009966,1.31503375127675,2022-07-22,1.8626128262716488,1.9579044386498674,2.0055344941156905
1.7944794206721524,1.3035883100164682,2022-07-25,1.8572610519492754,1.9533466910331587,2.000484779391988
1.8025804922146411,1.3176319112752548,2022-07-26,1.8656164397664319,1.9651707046031621,2.0128949575230792
1.8228688903933634,1.329669368543931,2022-07-27,1.8867361499978408,1.9803857546637516,2.0269022175166067
1.8424512483913837,1.3404794306638312,2022-07-28,1.907327569549235,1.9946015405911812,2.039602038163311
1.835133961220325,1.3331011037100169,2022-07-29,1.896519079127901,1.9893735205503658,2.035769876636321
1.8472491380615228,1.340576025619432,2022-08-01,1.9111645332183087,1.9959511786340378,2.04287445618668
1.7759572254391496,1.288775102632963,2022-08-02,1.8380255204141458,1.9224560845293355,1.9656290767074707
1.774607873795592,1.2827710160986165,2022-08-03,1.8401263820842597,1.9197610242882301,1.9583114583875492
1.8000069086211408,1.3000398929897148,2022-08-04,1.8693846829064829,1.9502453324679374,1.9907700574702456
1.8277484378722175,1.3166298818101396,2022-08-05,1.898060898507589,1.960019525612622,1.9998366642347944
1.8528038112243528,1.3348920088996123,2022-08-08,1.9244745570032975,1.9835127214929729,2.0297437201615125
1.8621427705902127,1.33944988043837,2022-08-09,1.9345791012111644,1.9942637480530716,2.046502621932132
1.8733519908653522,1.3439212201183537,2022-08-10,1.9466986741986747,2.014776483513618,2.07020406743679
1.8958945693530804,1.3621136852818878,2022-08-11,1.9710895550924967,2.0324600858122848,2.0908809691247736
1.8876832082838553,1.35628003824189,2022-08-12,1.962507292890939,2.026507426286812,2.081170534104512
1.8875277744285932,1.362088962594626,2022-08-15,1.960405800247954,2.024762032213624,2.0843239369553435
1.8993533119095989,1.3723675820038452,2022-08-16,1.9709612651928443,2.042200505069962,2.107129926378315
1.8998760141385145,1.376036525933808,2022-08-17,1.9745600071959193,2.041315535509645,2.1018298455151356
1.8993268343297949,1.3789464391487152,2022-08-18,1.9735347975897897,2.0424631336715287,2.1082059727584173
1.8834104018591493,1.3607377854589748,2022-08-19,1.9545752169549946,2.022548784057889,2.084674996957471
1.8967324469777394,1.3684755459727607,2022-08-22,1.969144845345614,2.036381494625525,2.099184574355507
1.8960020239683861,1.3743081559730528,2022-08-23,1.9688192525733663,2.0537648838231806,2.1128770060685436
1.855990153189879,1.3317758210785646,2022-08-24,1.9273675399848937,2.0059415697823093,2.062097195154019
1.8543395366865338,1.3263382478153414,2022-08-25,1.926789968933276,1.9993335026373333,2.056367237379017
1.8481952480896375,1.3194438390080117,2022-08-26,1.9200436499367757,1.982378955300571,2.0436369489639272
1.8760037416502728,1.3303372041780053,2022-08-29,1.9432074735917606,2.0150337736679136,2.070194785584826
1.8917270807427287,1.3253008055227098,2022-08-30,1.9589324482171517,2.0319575506634395,2.087147270105886
1.8569039614705507,1.2894946830587293,2022-08-31,1.919455649816793,1.9769074678889647,2.0289437832819135
1.8584607696678577,1.2844771587445516,2022-09-01,1.9241714054848782,1.9891641251974552,2.0373694464919314
1.8836256170715742,1.3020747432986888,2022-09-02,1.9480611156578418,2.0280185628107956,2.07775595366047
1.894819240067799,1.3059232357054946,2022-09-05,1.959260698965392,2.0466334298951336,2.0987686510821777
1.898197120526058,1.3234273498275764,2022-09-06,1.9622270626605158,2.0562820527164667,2.109263685988507
1.892872474681792,1.3288311752461974,2022-09-07,1.956444164071861,2.0487698531917538,2.1020494900857694
1.8776529124634502,1.3158664602539873,2022-09-08,1.9407683129364275,2.031729855352817,2.08509872021089
1.8767760923141557,1.3149413777605623,2022-09-09,1.939756401254175,2.0213976738299064,2.0686224709883674
1.8877896652101631,1.3183175242934717,2022-09-13,1.9539504275974704,2.0331356145711865,2.0820042990017193
1.88071180126345,1.3068977613781314,2022-09-14,1.945051939231132,2.0212196694316926,2.0687265719567622
1.850240063050802,1.2755582298810604,2022-09-15,1.9153287780347146,1.9854150980932743,2.0223751303800817
1.795012939963768,1.2448350568894384,2022-09-16,1.8565831135309312,1.9172495481573333,1.9545799584516192
1.758316922130349,1.2297888518162416,2022-09-19,1.8184693184820642,1.8752711762318308,1.9126319015467372
1.7830498428405144,1.2478670232888631,2022-09-20,1.8440773019689103,1.9072652073922947,1.9459279885664489
1.7975502147534441,1.251938568113585,2022-09-21,1.8587462251873155,1.926368575320626,1.9653560816826479
1.7882857299369772,1.2470252668835415,2022-09-22,1.8502767330481735,1.9054056386418272,1.9442265877306995
1.7495036751368114,1.2219146937398835,2022-09-23,1.8093352435689856,1.8641164272252952,1.9002400826088293
1.6991423237673653,1.200636077798465,2022-09-26,1.7632803770572847,1.816117296899035,1.8497292216946355
1.7467534633586888,1.2298135608064458,2022-09-27,1.8119804463107207,1.8700132266814697,1.9090406342718411
1.7200664249997712,1.1968295052130995,2022-09-28,1.792338481905812,1.8366046846333404,1.8783915836001912
1.7111685611176017,1.1910970964129575,2022-09-29,1.7823490246746914,1.823646911876339,1.8687178016067891
1.6956534077306384,1.1763672334665574,2022-09-30,1.7657711171909953,1.8118298836929254,1.8578057696522552
1.6600224852618874,1.155423665524342,2022-10-10,1.7262061180612749,1.7704565534230472,1.8124439846618239
1.6628123297362059,1.1624427119228244,2022-10-11,1.7291058518177391,1.7843635423731348,1.8263075094559684
1.71070570448247,1.1951457979786302,2022-10-12,1.7788857003867746,1.833518316222549,1.875815751572049
1.737825395422234,1.2069642188850853,2022-10-13,1.8070736097870366,1.8595400868662237,1.9027950643668283
1.7722378204048561,1.2347303808601096,2022-10-14,1.8428415069879291,1.8921844432656068,1.9354590373961076
1.8066576414404703,1.2539562472969408,2022-10-17,1.8881090965098832,1.935875739357501,1.983602328048458
1.8185907339862821,1.2584834992684566,2022-10-18,1.898701321634288,1.9381566174917382,1.9892146526555898
1.804229627055406,1.2483361883680306,2022-10-19,1.884083025862485,1.926331548543407,1.9773555017126148
1.7977473416034793,1.2444447263549547,2022-10-20,1.8806953429920072,1.9234858807319393,1.9746716630076822
1.8028187420445216,1.2454867930577003,2022-10-21,1.8860386719536362,1.9255048931663261,1.978684142991131
1.7746512755217347,1.228760756923495,2022-10-24,1.8532680390369507,1.898405449728544,1.9492243132757407
1.765840059260604,1.2250924721566603,2022-10-25,1.8442964086165539,1.8881761622877276,1.940199178958627
1.8054949273099548,1.2504663618338212,2022-10-26,1.8851513155493425,1.9341827305924844,1.9890085506138666
1.8115695833881342,1.2470820427220692,2022-10-27,1.892076721826082,1.9374361329769256,1.9910939626696356
1.7455272258031485,1.2021523302774788,2022-10-28,1.8234791466138331,1.861284552769816,1.9122269253147643
1.773586940704948,1.2150955943394657,2022-10-31,1.8563967661426695,1.8918893238066832,1.9469252218134503
1.824684209215806,1.2464192755029675,2022-11-01,1.9026254939661775,1.937064076039886,1.9891401537017017
1.8419410237726683,1.263199577764061,2022-11-02,1.9174831785434123,1.9497461775444276,2.002563953300319
1.8474304838156592,1.2681654272438265,2022-11-03,1.924778277284206,1.9513509610470199,1.999347449127225
1.8678782367033582,1.2903622533423937,2022-11-04,1.9427378352514322,1.969489033790365,2.017925134225247
1.8860216519496205,1.2984361837241607,2022-11-07,1.9603568023747824,1.9861695135781898,2.0358832733054655
1.887498674222571,1.2968488924355823,2022-11-08,1.9610836116573627,1.991656154133943,2.0410487807458924
1.8858719148790115,1.2971615034477548,2022-11-09,1.960570794537372,1.9910703038816162,2.0401194518091463
1.8839328252739298,1.291663448971909,2022-11-10,1.959613060474695,1.9953825124122389,2.043516304517869
1.8909939280122823,1.2975700819983058,2022-11-11,1.9683032483670155,1.9996285009755783,2.04755893710548
1.8921284181928666,1.2959159718550881,2022-11-14,1.9672474243566256,2.00056212127384,2.061514805870691
1.9198756541841153,1.32150129709214,2022-11-15,1.9918710565072084,2.021199263430181,2.0885818980539583
1.9315678936205096,1.3181496788299185,2022-11-16,2.005450107089279,2.0330382188787093,2.094946024084633
1.9504080510771062,1.324147683673612,2022-11-17,2.0273831576806294,2.0574462447694954,2.120172384245452
1.9325265867416324,1.3147584937138306,2022-11-18,2.0093803076594488,2.04205410501855,2.106070914987233
1.9349053633552866,1.3190196315179399,2022-11-21,2.01025206428382,2.0355320147657165,2.097916017195421
1.9195544911243352,1.3030087181348848,2022-11-22,1.9947897812846194,2.022047764058358,2.0844638901552917
1.900678700485407,1.2951198321684925,2022-11-23,1.9761101887481383,2.0062057042765575,2.0690789311151874
1.91066548710341,1.2995609050090928,2022-11-24,1.984593466957552,2.0158777239532037,2.078316039735368
1.898079409643116,1.2883615742085288,2022-11-25,1.9732472276601662,2.0061894613661573,2.0688429612682078
1.879340686045386,1.2825222840587571,2022-11-28,1.9616833513625378,1.995723785834189,2.061759247890435
1.9176960751220775,1.3065594336371307,2022-11-29,1.9994564666884576,2.0339685208675924,2.101955439995836
1.9150712163010184,1.3049483698835644,2022-11-30,1.9943815525011332,2.0277572048998387,2.093942455910363
1.9250047805628732,1.3159400768696856,2022-12-01,2.0060294066224524,2.0336207651075924,2.0993995347720618
1.9471223993565403,1.324150652931449,2022-12-02,2.0262072066025514,2.059597167276188,2.12607357521917
1.9636328542757608,1.334950064340672,2022-12-05,2.0407621640043097,2.08205044244825,2.1520495125364274
1.954008550307228,1.3287991679067015,2022-12-06,2.0277453202156503,2.0664557493309244,2.135227541651575
1.9523170244926744,1.3301096975699047,2022-12-07,2.0262671905474443,2.067339295739014,2.135514236716148
1.9443568527319837,1.3254426522812286,2022-12-08,2.0193574922978526,2.0762867210132185,2.144682391423905
1.9406739046797867,1.3234694447734148,2022-12-09,2.015038225280448,2.0710807670730085,2.1381985693737877
1.9331069354512946,1.3207153895867116,2022-12-12,2.00670151143961,2.0532762049962945,2.1250167229497303
1.9348719547667401,1.3164526765813598,2022-12-13,2.0118004693364777,2.0704960951739553,2.1492579011292534
1.9342486922303004,1.3125551176124584,2022-12-14,2.0074778567155995,2.0693750424117003,2.1419548538622957
1.942803867612316,1.3174336963380513,2022-12-15,2.0144010230232836,2.070465193572911,2.135913036706394
1.9190008127307339,1.3036978677871747,2022-12-16,1.9929889375486942,2.0523756226925,2.1288394268275295
1.8659761760087996,1.2741870283739252,2022-12-19,1.9370009722784525,1.996177219327437,2.0706375107284485
1.869247206637415,1.2681059662965877,2022-12-20,1.9401698925337074,1.999002597592876,2.0730073026114226
1.8531068096970154,1.2588175416006246,2022-12-21,1.923367635570536,1.9903426829708173,2.062678154570945
1.8166578257266073,1.2409209082981727,2022-12-22,1.8853593260592747,1.9568421056246732,2.0279977922451087
1.8137077108336208,1.2373231040821748,2022-12-23,1.882881540541412,1.9542598415581194,2.024843206845163
1.8371678947649475,1.258186252325772,2022-12-26,1.907801323012049,1.9710724837228253,2.045083699148251
1.8436827949359424,1.264528670519007,2022-12-27,1.913873064463623,1.9818431041465834,2.060448958050174
1.8137539747304599,1.2504536430360942,2022-12-28,1.8819008935967183,1.9528628982366516,2.0339089449382843
1.7990546655755861,1.2458153350738352,2022-12-29,1.868234214099033,1.9394802525553154,2.0208802101503887
1.8145795222719423,1.2543160638331698,2022-12-30,1.885267069064891,1.9626250580238689,2.0485866817117095
1.8582322966144926,1.282645582903161,2023-01-03,1.9276205760581553,1.9987969372620291,2.0854308240058077
1.874440794870048,1.2881934359052605,2023-01-04,1.9446591259687436,2.0128918864799465,2.1009617268055116
1.8874182808767015,1.2962336315335514,2023-01-05,1.957549074905952,2.019231616237341,2.105164265544632
1.8808458391500475,1.293808669628569,2023-01-06,1.9510337516874878,2.0167196946214014,2.103876660368526
1.8923994182959796,1.3015814534773842,2023-01-09,1.9628368233315119,2.0276522278148335,2.114597116691639
1.8833839536332362,1.3000872698529558,2023-01-10,1.95876608360508,2.018245741411211,2.1047611280894087
1.8642871810019332,1.289133504502376,2023-01-11,1.9380692050852701,1.9992086464366157,2.0822833012662403
1.871144226313331,1.2895375953495056,2023-01-12,1.9402753439882685,2.0033062993479263,2.0840287362186047
1.874991078474989,1.2947972034636634,2023-01-13,1.9429106250882375,2.010034822395352,2.08832139159663
1.8996783591184119,1.3089059291540037,2023-01-16,1.969814807829882,2.034154402194585,2.108692491148874
1.8975991353182111,1.307072977862198,2023-01-17,1.9645773443592351,2.02826322926014,2.099849916010559
1.91900116514064,1.3121805785199243,2023-01-18,1.9863539163587052,2.0523565760125986,2.1251512810508784
1.9368265517417496,1.320355122872379,2023-01-19,2.005603759087525,2.0644995409390323,2.1367596734696175
1.948395861316993,1.3312325127459612,2023-01-20,2.0173256337948673,2.0834063277258226,2.1565260783727696
1.983150842023721,1.3488143882519383,2023-01-30,2.0521520318274877,2.1182040884549895,2.1925761057961872
2.000388564803787,1.35300424739377,2023-01-31,2.0719211787487333,2.131668713306207,2.2102658858313444
2.0307471817943705,1.3756997449196902,2023-02-01,2.1072701008782198,2.1609732416338026,2.2475567256715183
2.043301671194206,1.3800252812692406,2023-02-02,2.1154941838593113,2.162328134202749,2.25207387801277
2.040867038151042,1.379589712033416,2023-02-03,2.1221810641965884,2.1648752891537986,2.2535179145526048
2.0423027058126344,1.3771359909961647,2023-02-06,2.125638660408433,2.165758676528591,2.2587974226705727
2.058288695734447,1.386705808324741,2023-02-07,2.1404201786955004,2.1776013275982873,2.272126135509678
2.057027898879577,1.379597561655596,2023-02-08,2.139260500777713,2.178456472294027,2.2723294594758383
2.074358580109549,1.3981295601871855,2023-02-09,2.158482649505883,2.193459640015639,2.2878948312525362
2.07983675573536,1.39618857236643,2023-02-10,2.1644193359623696,2.2006055510559985,2.2956016244771393
2.102750943037417,1.4106581779573508,2023-02-13,2.1895409622630044,2.2126985740615246,2.3077009575029805
2.104889469572631,1.4118804335311745,2023-02-14,2.1922148401121277,2.212486644509528,2.310476169569789
2.109473234514075,1.4151552342517357,2023-02-15,2.1970736848200074,2.213648905092159,2.314956402413706
2.0583143427331883,1.3830320513210703,2023-02-16,2.14217593669219,2.1644357119182804,2.2582065293131848
2.0651551703060917,1.3755689653016563,2023-02-17,2.1434238362629494,2.174821335822287,2.2684390740749243
2.076691784185077,1.3936095671397633,2023-02-20,2.156925523823952,2.1888465034537816,2.2844047125549642
2.0793670496762555,1.39950144395407,2023-02-21,2.159337870970637,2.1908027695297885,2.2866431938770164
2.0897642061402757,1.4018151634323268,2023-02-22,2.16992414963916,2.1916015225909584,2.2875116819180388
2.095634359609479,1.3984953523802943,2023-02-23,2.178453941998408,2.1930593530121816,2.2875278029765735
2.1027825316219686,1.3949578571408698,2023-02-24,2.1838238676627397,2.1922891303108742,2.288393719582329
2.084103247945555,1.3827830345104293,2023-02-27,2.1665824270097827,2.1664170592666507,2.264114030913782
2.102815294472024,1.3959217441494771,2023-02-28,2.1849677271708083,2.1953287405827524,2.294335061662583
2.1190797753774038,1.408477840521596,2023-03-01,2.1994228685786195,2.212654158904881,2.3134825262262577
2.1233177597179425,1.4033566850818533,2023-03-02,2.2020728686032434,2.214998227261505,2.318977669003483
2.114184288502385,1.4028355939878137,2023-03-03,2.196979401061294,2.2081483822076127,2.317371258239069
2.1144178018553155,1.4050252921373567,2023-03-06,2.194672600667954,2.201935257624224,2.3049430792669807
2.0818485250450225,1.3756950438830515,2023-03-07,2.1581070697577593,2.157301039739405,2.255731631915158
2.115727472596016,1.3873252138601604,2023-03-08,2.1929096081526103,2.1797011517396303,2.279501976873391
2.1705860137040416,1.3900870462831536,2023-03-09,2.248884032831764,2.2006695986375786,2.3055676022654286
2.149768019876197,1.3712280491470263,2023-03-10,2.2273011470579807,2.174049270497722,2.2794874698422944
2.137581829377369,1.3748221510448733,2023-03-13,2.214260050468877,2.1652187872071136,2.2688163539176007
2.098810507268733,1.358604902092227,2023-03-14,2.1871879789668696,2.1226686318399723,2.2357512099890235
2.131406584294087,1.3702510247063493,2023-03-15,2.2183750957812314,2.163091057170431,2.2818784252409428
2.0997059777607325,1.3484379400977378,2023-03-16,2.187176890156807,2.134036669617398,2.2472658694710184
2.1041680051176024,1.3584755504618042,2023-03-17,2.187489288286357,2.1453124883097656,2.2538025412633202
2.0975442337842987,1.354374223715981,2023-03-20,2.1718519856746767,2.144722119318515,2.2503396805113107
2.138910469852886,1.3755169738077087,2023-03-21,2.2118479082903812,2.174088750050579,2.2823553510254793
2.1564457710440634,1.3839637547216668,2023-03-22,2.231060077361188,2.1908364119174615,2.30010503324394
2.1478991688949676,1.384829431763986,2023-03-23,2.2230933894999207,2.17908107990739,2.2864252208786984
2.1549030107164806,1.3860102884833365,2023-03-24,2.2306564285235955,2.180018310845778,2.2896075939629816
2.1502198984183103,1.3859422864248094,2023-03-27,2.2263736720313574,2.1654303707074223,2.2743460653725216
2.1368490304157137,1.374161229635231,2023-03-28,2.212745484664087,2.1507612921906376,2.260196588376057
2.1095191132896085,1.3685361942062868,2023-03-29,2.187174064647954,2.1246848855787372,2.231247114409777
2.089234380352854,1.3642722873636774,2023-03-30,2.163759726722184,2.10454127319933,2.207731839580421
2.102931490197231,1.377244982478528,2023-03-31,2.1788281474925344,2.1234412715013593,2.226019140871725
2.110923259555171,1.3909997137646701,2023-04-03,2.1862394451625753,2.1337998721065334,2.2346324141858345
2.0688555767360097,1.379085275872634,2023-04-04,2.1428800558926033,2.091359014367428,2.1870138652550595
2.0571264945556176,1.3783118906575904,2023-04-06,2.1303668138887537,2.0730900940311994,2.168851646469278
2.0724766107353707,1.3923334050120009,2023-04-07,2.146830002660314,2.092227066363772,2.190392468635374
2.0461114152121684,1.375523076853757,2023-04-10,2.120737577765927,2.0484789950840594,2.1429744028237083
2.036483696484319,1.3779274472981695,2023-04-11,2.1115281072157717,2.05001393981488,2.1423943512110344
2.050562681732664,1.389875739752553,2023-04-12,2.125103517768944,2.0632457906149457,2.160109993972833
2.049091989180684,1.3833507897740152,2023-04-13,2.121092612970477,2.0579371728745692,2.151621915967711
2.053620227251368,1.3889390179739802,2023-04-14,2.1250644973788972,2.0576928085543726,2.1524370624690716
2.065004374359097,1.389545407333197,2023-04-17,2.1355354739414207,2.0604201807861577,2.153214468426524
2.0511505242899557,1.3823467457867047,2023-04-18,2.12139699456115,2.0399556833182424,2.1259658874232894
2.035986141810684,1.3771302296912389,2023-04-19,2.103674192615717,2.018736934558346,2.106583879663356
2.0130557139797567,1.3708302488600936,2023-04-20,2.080612746007314,1.9983446082585843,2.085250330034218
1.973227980931328,1.3336089034754521,2023-04-21,2.0387243718847188,1.95031557279248,2.0335394909623012
1.9689978434107407,1.3272502956482877,2023-04-24,2.0344281155324637,1.9548811811402225,2.037869361802302
1.9274975361153692,1.2990330236510197,2023-04-25,1.9912199711157834,1.921653788970949,2.002464848360995
1.9671256970050885,1.3111430836156652,2023-04-26,2.0317995007572094,1.9538042907446902,2.0353212953753
1.9865142955468915,1.3121089776529846,2023-04-27,2.053712879459226,1.9646819473833617,2.047762732461625
2.0236956032092026,1.3374671316159756,2023-04-28,2.091725869202801,2.014304643584656,2.100219103274092
2.0666529925196957,1.3447022949248948,2023-05-04,2.125994882867886,2.0506233519236443,2.1406693506160077
2.063490304108148,1.3339447368571697,2023-05-05,2.120033043484273,2.0428150275050925,2.1373038430993683
2.067060991534708,1.3418962993409906,2023-05-08,2.1231109606246275,2.0429513674458346,2.138603993335484
2.0431612931136787,1.321855416945134,2023-05-09,2.0986507636361647,2.0188773523479058,2.113774949175779
2.054393582943847,1.3284228455308407,2023-05-10,2.1107535542776845,2.033015893656514,2.128354891890505
2.0784072558076065,1.3357712017563013,2023-05-11,2.1341194506717334,2.0561885039991936,2.152966796443278
2.0715155244759407,1.3226452721247473,2023-05-12,2.127386153010426,2.043831344423185,2.140703949889281
2.0900224943329047,1.3348993812068113,2023-05-15,2.150020173605695,2.0528094585691985,2.15363343793201
2.0848805270943895,1.325737399054275,2023-05-16,2.148640776248595,2.0444285141068566,2.1481326430970866
2.11905740366969,1.3386990679640118,2023-05-17,2.1868307681370136,2.078553703388355,2.1798113927173346
2.1293852305265855,1.3452486615164394,2023-05-18,2.19613872686333,2.0873149192454328,2.1900778810210575
2.1328846110252266,1.3469532677490768,2023-05-19,2.2019093779072434,2.079055966770695,2.1885852823658745
2.1489354047547993,1.352515832144617,2023-05-22,2.2143320558351993,2.0854077069436983,2.196698759822675
2.1394666327413767,1.3397733892526442,2023-05-23,2.2049789095051753,2.073130828503846,2.1826518367457783
2.148952851228876,1.3388316655478913,2023-05-24,2.213894510869813,2.0721764219356875,2.181076111561466
2.154745553703058,1.338088834705922,2023-05-25,2.2206521004000996,2.077348373652127,2.187361594616072
2.155443413202968,1.345006827960098,2023-05-26,2.221452133247733,2.0800452725773515,2.1887705066464345
2.132744133026891,1.3398499342626948,2023-05-29,2.198266171035825,2.0528786238675627,2.161894095164686
2.137121377421112,1.3459115536420185,2023-05-30,2.2042960062912798,2.0569073684144143,2.1684624989095584
2.1245398346288904,1.3430449110295972,2023-05-31,2.193795199423149,2.040182741892936,2.149192814754741
2.125922032636829,1.3475616767797272,2023-06-01,2.1942464552486833,2.046249380753766,2.1537153153506217
2.141359503390142,1.358018558399939,2023-06-02,2.2088372859878915,2.0647710675433295,2.1744798142798487
2.14973043221204,1.3626632143951904,2023-06-05,2.215411118422659,2.074851289395655,2.1853975398012713
2.1038769588274766,1.3352929567755378,2023-06-06,2.1669908352508207,2.0272397604089596,2.135086015853572
2.1094305786586993,1.3412192319168712,2023-06-07,2.1727897824727638,2.0334399096699904,2.140302102135466
2.105481029860973,1.3348960877845912,2023-06-08,2.168784384375308,2.0226256481675526,2.1299461646599145
2.09795672600002,1.342665684182096,2023-06-09,2.16261339637195,2.0132811336620566,2.1227968809956552
2.1208948299243877,1.3525505962891513,2023-06-12,2.189753559189792,2.0417851942927467,2.1655281882050077
2.130581026774796,1.358301025820628,2023-06-13,2.194738064275368,2.0566704059906398,2.1851010535722515
2.1268465742351097,1.359645622523092,2023-06-14,2.191288644520159,2.0528668800459653,2.1818766788808275
2.1168699209011863,1.365606348784091,2023-06-15,2.17917055588365,2.0469824072328238,2.169771603298501
2.1254036757547765,1.3747525546543415,2023-06-16,2.1838390969683323,2.0569485073729163,2.183698178477212
2.109256099676,1.3754482396411172,2023-06-19,2.166964041464085,2.0398360402253912,2.164197944157762
2.09135145717012,1.3707157978564577,2023-06-20,2.1488032900485554,2.0220457087432133,2.142288033261458
2.0753632584886255,1.3495363236523648,2023-06-21,2.132551735406144,2.0039782663752184,2.1235016263094715
2.044103693425207,1.325100045771901,2023-06-26,2.0999878130683696,1.9786172645279165,2.0965405243905395
2.102106749654145,1.3498052707121067,2023-06-27,2.159645893452084,2.0368822408232297,2.1571854780075443
2.113784116571113,1.3465754008633486,2023-06-28,2.1691379447546923,2.0338202744426583,2.165070320983169
2.1400285255310583,1.3592838141968129,2023-06-29,2.1970942392527792,2.0709790943645627,2.1980773344349034
2.1724312600380156,1.375473228357253,2023-06-30,2.2271928423320526,2.095422112312031,2.230351831725317
2.179070973160296,1.3810675463628184,2023-07-03,2.234487750709992,2.09953551529153,2.2382600970517785
2.1906267572697433,1.3893944384902377,2023-07-04,2.2491403059124964,2.1163008157838443,2.2595896315775583
2.185611614966688,1.3804005475258139,2023-07-05,2.2450664724375873,2.1094385584521254,2.259076586082536
2.185266912537169,1.379198637536686,2023-07-06,2.244570907575215,2.1119304509416876,2.2617379875747434
2.184406397920168,1.3720823949402166,2023-07-07,2.2441615252781513,2.1160851441615387,2.2666147939746777
2.191380934382809,1.3735295987232838,2023-07-10,2.2517396001653704,2.1187193995553635,2.269443099956527
2.2101568208617914,1.3846999948571241,2023-07-11,2.2711719747092,2.1374229349023093,2.2888373482140962
2.1900000755338995,1.3683313267590276,2023-07-12,2.253086878601113,2.1144950582056814,2.2696910425505523
2.2069694464980407,1.382372703598433,2023-07-13,2.267858906796508,2.1281539466805444,2.28356806414006
2.2088942683533883,1.3823278188821877,2023-07-14,2.2713572546676137,2.127968274057352,2.2847168136245193
2.218255822530397,1.3790716055230772,2023-07-17,2.282391719475711,2.1454004690016646,2.3032350690269427
2.2329610254995655,1.3792833748827642,2023-07-18,2.2929634281199336,2.1557854157594596,2.314430013458784
2.239065617777479,1.377131717776908,2023-07-19,2.298450551555107,2.1667361552688718,2.323786137343218
2.222930870934407,1.3619678276375655,2023-07-20,2.283408107740076,2.1568845346316805,2.312174306120711
2.230573637902189,1.357737150057421,2023-07-21,2.2912766881396642,2.1680247634551044,2.321457638426383
2.248379959873032,1.3577871843788296,2023-07-24,2.3087208827767034,2.183203211586496,2.3409861041703035
2.2887142532263463,1.3801244418247887,2023-07-25,2.349516863538816,2.2169266791933158,2.37910205229016
2.325257147584839,1.374404950360787,2023-07-26,2.3928314357239855,2.2375430643867333,2.419219253377883
2.3114050568262576,1.364809212434672,2023-07-27,2.3907195931228435,2.2311751538744815,2.412624254494617
2.3280797420174255,1.375168134064649,2023-07-28,2.402593077515793,2.242956211759039,2.421520185371273
2.33599571685621,1.3866171637582614,2023-07-31,2.413973130477849,2.25662366434336,2.441708669607517
2.329952387935475,1.3826803903861304,2023-08-01,2.3955279939271006,2.2635663127260304,2.4326714708889834
2.323274787899095,1.3806489822613675,2023-08-02,2.384706284715198,2.2622236048229274,2.4252886716300983
2.312184583156313,1.3796544609993515,2023-08-03,2.373138748341082,2.2576974492814483,2.4215976496178513
2.2909580779680874,1.3813443116836133,2023-08-04,2.3504443243112574,2.243365015861194,2.405343859684147
2.2660812346975576,1.3731127208741778,2023-08-07,2.324662518085983,2.219662444781896,2.381108613463397
2.2703657899745813,1.3700698481895217,2023-08-08,2.329035904807064,2.2279786596231115,2.3901777938692073
2.2525824200860796,1.3591930131867516,2023-08-09,2.3189642419758645,2.2042653952942075,2.3740985791998686
2.27365108425291,1.3629345632962027,2023-08-10,2.336870392399542,2.220050234804164,2.390031017847951
2.2518144274879357,1.340248837636385,2023-08-11,2.3186434242716714,2.1872659599439084,2.3662579653122977
2.2537447808753823,1.3450555660076835,2023-08-14,2.3219403453376595,2.197362892030046,2.3873360928060956
2.2598408503854146,1.3361655148481968,2023-08-15,2.3232015271346236,2.2003257623504795,2.3973904611066863
2.2405154327830745,1.323221195602522,2023-08-16,2.3023911546203366,2.1765786650785923,2.372204335152099
2.277762959882462,1.3404257912268098,2023-08-17,2.340651357083316,2.219562787995416,2.4192867934824354
2.2807481783464714,1.3210112083156946,2023-08-18,2.3437177368331574,2.2151531030162803,2.414660903915882
2.276099493287364,1.3123399784889582,2023-08-21,2.338942664623035,2.2149381572012117,2.414959425033914
2.240131096000417,1.3165139165214481,2023-08-22,2.3019963685965776,2.1952700062617434,2.3929920167012777
2.2047324566660835,1.2947315923499871,2023-08-23,2.279194214394299,2.165699259045153,2.3734027049136137
2.1942996929871597,1.2944046756541743,2023-08-24,2.262707653885669,2.159273274114398,2.3615482602874582
2.159670821844907,1.271004093471349,2023-08-25,2.232517157647572,2.119700180166451,2.3200964230702135
2.1893075805773274,1.2820761322509562,2023-08-28,2.261802180116916,2.1545024302959033,2.3600578226716977
2.2866615714940037,1.3269939312222379,2023-08-29,2.3557741420260228,2.2315052589322684,2.441575644498083
2.3253884083294265,1.3362484784708555,2023-08-30,2.3909958915654634,2.259331924171035,2.467623071230434
2.317514924238621,1.3289325309296627,2023-08-31,2.3827048961977786,2.2590611098851,2.4683967817464865
2.3179517849377547,1.3296816458601595,2023-09-01,2.383413840535142,2.258037562697141,2.467136746984733
2.344977741952735,1.3480124537452916,2023-09-04,2.412238159173241,2.2898749926867676,2.501432174015613
2.3438106440720867,1.3418743738610583,2023-09-05,2.4111314409606406,2.292682979771397,2.503714347371842
2.3572563976115335,1.3486593000809113,2023-09-06,2.432352526535868,2.3108609529512196,2.5290214953210546
2.3256400728537687,1.326382190649134,2023-09-07,2.3997214555454027,2.275879729845224,2.4943309384543877
2.3296489740304946,1.329312432798984,2023-09-08,2.401858959671341,2.285163498768618,2.5005890929367633
2.352690023141752,1.34203213815031,2023-09-11,2.417893875068015,2.2934438858678434,2.5159400632493027
2.3541697909909636,1.34082738595235,2023-09-12,2.417704523369391,2.2859504320373687,2.4990895594162077
2.3298342725958645,1.3259313293199364,2023-09-13,2.393597105063809,2.2543642841536973,2.4642615792935922
2.314300929645724,1.315833891082309,2023-09-14,2.3772691244210593,2.2323931283341674,2.438257798176957
2.320563130193558,1.317912664161771,2023-09-15,2.3836960574523145,2.225831587565473,2.4336467457362794
2.3553423521912276,1.326903063393712,2023-09-18,2.4187191801233197,2.264963559786841,2.476030431998466
2.336004290487404,1.3130896788521338,2023-09-19,2.40027734838668,2.231927928075712,2.4372874169966203
2.3248860507667124,1.3031883350741584,2023-09-20,2.3889253420730037,2.2187684217023205,2.4246031452534567
2.3089735126586124,1.2940894670331038,2023-09-21,2.371574403000913,2.205221633640566,2.4122061073142222
2.3436788130281148,1.3189223814074877,2023-09-22,2.404262185022372,2.2511094312497635,2.468096082626584
2.32960362958543,1.3135786424561102,2023-09-25,2.398257256609675,2.2404025602316717,2.4530791647839973
2.3182417721815933,1.3082242138257736,2023-09-26,2.3774618055046557,2.2309341908751774,2.442657412681176
2.3297297047481127,1.314072467779608,2023-09-27,2.3872347321801004,2.239391969212184,2.4499259922804515
2.349980741945237,1.326890501986162,2023-09-28,2.403300745596617,2.2687988455639436,2.4834671731596734
2.3169472299676563,1.3201820830368804,2023-10-09,2.371474069979007,2.241329401289676,2.4534957464015665
2.3076702014956214,1.316784434550999,2023-10-10,2.3613602995928935,2.2354801889481255,2.4465593442538687
2.3120933469722593,1.3201799341872382,2023-10-11,2.3642801380936542,2.2330294541324616,2.443529921533159
2.3285462385232,1.3278689761414044,2023-10-12,2.377710347267409,2.2334557028615416,2.4523687677240447
2.2941933739472415,1.3190945189800287,2023-10-13,2.3473236063251783,2.197862909078913,2.4251704825827693
2.2879061851205487,1.310426493950228,2023-10-16,2.3450195910273557,2.1897008523144206,2.436631208800492
2.2900628519178077,1.3085827172467053,2023-10-17,2.3457360521753863,2.1874682260810308,2.435340312622305
2.2495095781773413,1.2853201445498783,2023-10-18,2.309302247557433,2.1452102007648706,2.3916511795084427
2.2353271589912302,1.273770180049171,2023-10-19,2.2983842034720863,2.1336726289942507,2.37715695642536
2.220006580845746,1.2617988586716378,2023-10-20,2.2846619675860493,2.1247848860119776,2.369204886597124
2.1627135918199385,1.2317130635242926,2023-10-23,2.226200655222292,2.0662213361136264,2.3045672371792443
2.247097856522899,1.2616046453994632,2023-10-24,2.312348201543403,2.1471004651400656,2.3938658654356835
2.2827393752381213,1.2788042355655929,2023-10-25,2.3490326762900358,2.185497401849456,2.4376094543589457
2.2754108089497316,1.2825327741520367,2023-10-26,2.3377583624151557,2.1826444235633344,2.433654541855183
2.3243456822465545,1.3015661492970287,2023-10-27,2.379536041729315,2.2054496453457877,2.459816180783031
2.3361885541333085,1.3181728921202538,2023-10-30,2.400487046073359,2.2251252318584247,2.48551929791564
2.3452113161205945,1.3128327394147794,2023-10-31,2.4078798415893874,2.231513788319948,2.4875932359769823
2.3697109204238322,1.3156004744762309,2023-11-01,2.4292409377330135,2.2561325141094883,2.5147323523074445
2.345453282311414,1.3022214102270948,2023-11-02,2.4065512622112357,2.245112771713654,2.501076424420485
2.363162903220632,1.3183756385191423,2023-11-03,2.4249769091451863,2.2531048252768007,2.5128869128435203
2.39280406647319,1.3450567685844486,2023-11-06,2.455513431250423,2.2735558747628146,2.535481048664175
2.4006641788173786,1.3517515704625425,2023-11-07,2.46367192343996,2.282862682907239,2.5465679436085518
2.400056557266875,1.3545783015015616,2023-11-08,2.463694508599331,2.278425578915135,2.5401494929629065
2.4004736489302347,1.346401751479435,2023-11-09,2.461685096882974,2.2682764818396843,2.5366665595165983
2.402030507983318,1.3440072928944704,2023-11-10,2.4571385582028658,2.2755179304863167,2.5497613120987896
2.4322684055648542,1.3576966070207057,2023-11-13,2.4884024264086584,2.3118886865081842,2.5852819104766396
2.429905552574215,1.3647813661053918,2023-11-14,2.485354915378163,2.3026822360610235,2.5732557523347506
2.440685607815295,1.373145850044443,2023-11-15,2.4965334963849064,2.308211886327059,2.578167136032514
2.4261222472457615,1.363151796863821,2023-11-16,2.477335187932984,2.2951839174392785,2.56353061582713
2.4475049085359233,1.3737162499560527,2023-11-17,2.5004835279068383,2.3147509840515736,2.585706979530648
2.480943778769402,1.3870545893444766,2023-11-20,2.5374148613772,2.3460629034324527,2.619544684260349
2.4749970218350907,1.3799796698895828,2023-11-21,2.533548656635781,2.341538224227419,2.6153183111971074
2.466438115258662,1.3660516955863007,2023-11-22,2.5239731132876506,2.3346967406563737,2.6082428828789848
2.4825704664066155,1.3787500284888579,2023-11-23,2.5334857308866097,2.3503607003954623,2.62181200395646
2.4543553343772606,1.362256394671459,2023-11-24,2.499591495834606,2.326191051554786,2.592340498574886
2.4533704943722863,1.3620755854923616,2023-11-27,2.4919857142440134,2.3291161897048664,2.588630877845083
2.4839833331597014,1.3727753106386626,2023-11-28,2.52511259643311,2.361443379029451,2.627093634941172
2.4739071558111196,1.3648430783699177,2023-11-29,2.5135268886688276,2.3521215729249865,2.6148933582833753
2.4565199041209076,1.3578107640108683,2023-11-30,2.496140568827164,2.33169599943831,2.5934765851138355
2.4563582828458626,1.365931533349264,2023-12-01,2.4962861153226243,2.3393988816422833,2.603705288317896
2.4560550009261535,1.366177316388587,2023-12-04,2.49582423584542,2.3523917106514363,2.619030801133432
2.423626251625165,1.3417009517821226,2023-12-05,2.4626913267090167,2.3274339360656393,2.591620166645412
2.4441581759136337,1.348398397620353,2023-12-06,2.48394475344342,2.3535887879927935,2.619084406330699
2.429885185584708,1.3443352592054911,2023-12-07,2.469172548505008,2.3457831792354042,2.610082469422334
2.3750939973207217,1.3316484581697283,2023-12-08,2.415217239866539,2.285122309510816,2.5361169146806755
2.39246920304146,1.3462198599424275,2023-12-11,2.433575888968911,2.3021737251559014,2.5606853150636315
2.3980941142273955,1.352160179457021,2023-12-12,2.4406178753330763,2.3211290959080717,2.5967348288994194
2.3977488498511517,1.3438727732740523,2023-12-13,2.4391019768063074,2.325664984570968,2.6068193326267006
2.3983596300808667,1.3406016948106687,2023-12-14,2.43887743524468,2.326757406168278,2.6110172683707873
2.395590895717229,1.334774687804364,2023-12-15,2.436396654223437,2.321663509814972,2.605548647816775
2.364354747042485,1.3168058003676375,2023-12-18,2.4046602213333275,2.3048324255027275,2.5858752669905414
2.376275923916597,1.3190125606343526,2023-12-19,2.4162086894221155,2.312918908282317,2.5958007322313126
2.378442422997505,1.3050156930395245,2023-12-20,2.4188854178668295,2.3146348953225506,2.5968448468250536
2.3948001127198224,1.3144808023681211,2023-12-21,2.4333862519536846,2.328094629772148,2.605721076568956
2.3637388896751172,1.2966269905385794,2023-12-22,2.403793018381116,2.2925492676931905,2.579463921076325
2.3383839916974196,1.292483320440559,2023-12-25,2.383234093030204,2.2709259020473804,2.5594782305972683
2.3119512012705945,1.275190532992183,2023-12-26,2.3613117523606375,2.2536203830173256,2.5396519739465195
2.331135878856755,1.2847570469217822,2023-12-27,2.3778902943756477,2.2651082724258957,2.557673008697398
2.396839744874825,1.3095361465164819,2023-12-28,2.4402021536013954,2.304324697744294,2.601009086634772
2.432459938702967,1.3293045279005689,2023-12-29,2.4770625567763327,2.3313062634353066,2.633233456807622
2.465031500932163,1.3313290613537245,2024-01-02,2.510671720459871,2.37410118069754,2.6790171299944663
2.4541073808439218,1.3258336778355548,2024-01-03,2.4997218571175366,2.370776617279414,2.6737350821824397
2.4488280756677008,1.3207691770415397,2024-01-04,2.4955400699380683,2.375933708621097,2.6787256474443737
2.4152898929516304,1.298064246087537,2024-01-05,2.465796513538074,2.343136261348559,2.6524664628291386
2.3704181191566582,1.2732567805102508,2024-01-08,2.422585811838331,2.306790775239339,2.614889318296737
2.394739953490825,1.2807259029857208,2024-01-09,2.4473594301166166,2.334840141390818,2.6454133789539345
2.379934816057192,1.2688866742203384,2024-01-10,2.4297517973796343,2.310813305569237,2.6246172508245627
2.4076648027221945,1.2900770712719831,2024-01-11,2.456828627090191,2.336153675770091,2.6444581392155864
2.396169472167619,1.2803713538162984,2024-01-12,2.4412861471589435,2.3154235825658316,2.6195096771763997
2.3823076064144297,1.277946441065044,2024-01-15,2.427412674825915,2.3053277354699233,2.607498327931201
2.3720095214956998,1.2726058626629717,2024-01-16,2.417069700861124,2.2964724096822193,2.5964631971562793
2.324274556553034,1.2406299072941407,2024-01-17,2.3696896714444056,2.2459961398584056,2.539945719804261
2.280438454859888,1.2321364340766652,2024-01-18,2.3256194846736147,2.195850912578577,2.482621937000572
2.2464593935270836,1.2160943229109427,2024-01-19,2.291954658531648,2.155975542764277,2.4418518754726044
2.099460431442481,1.145424834898587,2024-01-22,2.145887502847593,2.007519374636383,2.270769925670547
2.07543068376597,1.1483188236503818,2024-01-23,2.1153361207340873,1.9693624151582427,2.2314943209239804
2.092651059956933,1.165472488491552,2024-01-24,2.138298224948611,1.9979732578398366,2.2783673517222183
2.1999765009858296,1.2082329412406505,2024-01-25,2.2441691956721264,2.1057392995410225,2.400112098101565
2.18718966399533,1.203548658153599,2024-01-26,2.2271096242849135,2.1111343977982897,2.409368790783277
2.1114175704881464,1.1661973673214863,2024-01-29,2.150380636278175,2.023901616030928,2.3094386246235
2.034438027400356,1.129060279835076,2024-01-30,2.0712301943646043,1.9478425054412891,2.222223716437753
1.9166518907034689,1.0755567836567004,2024-01-31,1.950921630299479,1.8197282283199072,2.07511882823182
1.879118702628057,1.0601457809439752,2024-02-01,1.911316339937623,1.7754565346121978,2.0229558754859136
1.7728504251640538,1.0147896789652404,2024-02-02,1.8071393217948297,1.6632135973877749,1.896109065284206
1.563891973607944,0.9308188583897118,2024-02-05,1.6017038605030456,1.4070551120975552,1.623279993707239
1.5775893232655815,0.9555266133083196,2024-02-06,1.6152478992007,1.3826105705434284,1.6008177126094159
1.500311318295176,0.9428730280860108,2024-02-07,1.539011331899339,1.2636988700928675,1.4815021700140882
1.6716138189938266,1.0088956750480123,2024-02-08,1.7123717417653672,1.4215201598362284,1.6523728631379333
1.7323611599380602,1.0415401557805823,2024-02-19,1.772695311487079,1.5064145922087828,1.745692642079197
1.747524348824204,1.0534763676343961,2024-02-20,1.7879325672270665,1.5358268031697204,1.7805627658715295
1.788904424893382,1.070822063967872,2024-02-21,1.8298902917299427,1.5917493445135873,1.8470012648722687
1.8307016051449292,1.0953752099887344,2024-02-22,1.87327250628573,1.6668648276350406,1.9348791315658955
1.8894728528232174,1.1249057669252902,2024-02-23,1.9332563078230673,1.7598072005093586,2.0436013592175684
1.944186042930004,1.1408876824791168,2024-02-26,1.9921563103785926,1.8384006415874874,2.132097074087939
1.989769549361767,1.1719996538394446,2024-02-27,2.038494581639097,1.8951451334881633,2.2106658744495906
1.8223068367455855,1.100000990983556,2024-02-28,1.8639137597860735,1.7069130016442169,1.9829931280202573
1.8806102760799572,1.1418181784788546,2024-02-29,1.9244035191932278,1.7837518044959595,2.079107514268036
1.9053419542504837,1.1549378682102418,2024-03-01,1.950057669713545,1.8096609557036398,2.1155085697899847
1.8967720089029834,1.1573526980762576,2024-03-04,1.9416730852868391,1.7966550071209129,2.094363389641735
1.8472479435767855,1.13903161653966,2024-03-05,1.890692857840761,1.7492730969367116,2.04021497791647
1.8780717960468611,1.1499304145134346,2024-03-06,1.923303270639996,1.7883854691291032,2.0860851063306862
1.8741978079166408,1.140561533753826,2024-03-07,1.9162829558582484,1.7955957802263434,2.092572923467691
1.8826672070004764,1.1525892275855218,2024-03-08,1.9262390979189885,1.8069450446630415,2.106809119334769
1.9228806693305807,1.1750169390977065,2024-03-11,1.9671669399151255,1.8434531553145772,2.1537389335983406
1.9575571476185627,1.1893412273239146,2024-03-12,2.004404303164977,1.8865159289326003,2.1929892564287057
1.9592871710813724,1.1914696574010806,2024-03-13,2.0045850649416233,1.885655566796033,2.192820499153812
1.950216831353172,1.1846885266363794,2024-03-14,1.9921365230651003,1.8770024511459817,2.179906581745199
1.9830289373743877,1.201182171987399,2024-03-15,2.0232281207473086,1.9216935274683327,2.22895983893403
2.0321102022269435,1.2254536363877866,2024-03-18,2.0731272630075863,1.975388803886595,2.286899423018693
2.025846571050321,1.2218468151494473,2024-03-19,2.066738935640792,1.9811111807622679,2.2935176236364256
2.0549431851789746,1.235973904317627,2024-03-20,2.0964148043306468,2.0231540931215015,2.3409621855955485
2.0517687169532857,1.2372615031513694,2024-03-21,2.0931771388823877,2.030988362213899,2.351266364679926
2.0083304104403226,1.2192697539806543,2024-03-22,2.0488740638067573,1.988474974687882,2.3062186649153094
1.9581792817010264,1.1892546373561352,2024-03-25,1.9998143890053632,1.9345180271143327,2.2433009761738814
1.9659773068441537,1.1893227929824948,2024-03-26,2.0105128540473025,1.94252765642059,2.249390423680313
1.9153887051678438,1.1510228650756424,2024-03-27,1.9556027871230532,1.8904602268138944,2.1871812388185514
1.9547764522944626,1.1775663819292055,2024-03-28,1.9951343494341596,1.944700810691426,2.250344796260145
1.9795636556853118,1.191987162641792,2024-03-29,2.023106655636994,1.984438588930721,2.29120037812986
2.025786224184272,1.218971544267147,2024-04-01,2.0697437034426818,2.0223966528114783,2.333429381835945
2.03717672603557,1.2168416287653643,2024-04-02,2.081689170689741,2.0494957934228983,2.3621874739414506
2.032050297995946,1.2067133111409423,2024-04-03,2.0764316344704046,2.05137533769781,2.3661309763936167
1.9531227444689305,1.177683641037686,2024-04-08,1.9957041079289681,1.9845167891538422,2.2908534952592037
1.9941059158911816,1.1947232935129417,2024-04-09,2.037682352672712,2.026916458264224,2.3394944560594366
1.9568581801276463,1.1694371217299864,2024-04-10,1.9957492283408245,1.9758085443622753,2.283756866772605
1.9604471725293104,1.1717189139539714,2024-04-11,2.0008610776094775,1.9932098243687635,2.2974707059364206
1.9539486440107472,1.1626338874366238,2024-04-12,1.9981984543912161,1.9863483620490354,2.292569961076089
1.8447275603813236,1.123549811095912,2024-04-15,1.882619859377715,1.8657545531583504,2.14632115139953
1.7094651888416605,1.0514473588419377,2024-04-16,1.744974817211179,1.712916063210411,1.9582882088743625
1.827091298544487,1.115111431220596,2024-04-17,1.8632257356733257,1.8657792673358429,2.1256107715698938
1.822343628618097,1.1132339178305264,2024-04-18,1.8581691847406616,1.8567709651620579,2.1161700516318698
1.8043621982947953,1.1067426202558064,2024-04-19,1.8387516089696292,1.8502851917481147,2.1093500847574793
1.8083196912891764,1.0994378896662846,2024-04-22,1.8429589265075452,1.8328691269963717,2.088892508244441
1.842138100691269,1.1066761871312127,2024-04-23,1.8784226257012542,1.8828089204205138,2.1449215180720462
1.8883899820030543,1.1277885405797334,2024-04-24,1.9250792211885837,1.932240984378283,2.196572960438381
1.9098255375135071,1.1326158040194072,2024-04-25,1.9452333828555937,1.9588084139703197,2.2282756474626115
1.930893743607677,1.1494821879640909,2024-04-26,1.9663619109564276,1.973904411245243,2.2363273865524342
1.9987452605780403,1.1821415435371825,2024-04-29,2.0307605325290146,2.0489785021142297,2.310682678067667
1.9995568153934986,1.1745706551350479,2024-04-30,2.0334823533386666,2.0439922789641134,2.2981644443010936
2.0499464516850945,1.2011635975509878,2024-05-06,2.085330358939411,2.0845787735779897,2.3540531771591198
2.0703989630080644,1.2100217794424426,2024-05-07,2.10486780533162,2.09004504448255,2.362974686137727
2.0508047719566855,1.193974150512029,2024-05-08,2.084347557664079,2.0630784832177813,2.335729062340368
2.077897226654495,1.2109387178676487,2024-05-09,2.112152022228337,2.0974333451897746,2.3744777463842834
2.0404853346519274,1.1988914707499119,2024-05-10,2.0769274247049205,2.077630595606966,2.361174878960231
1.9836462446959353,1.1795461448481472,2024-05-13,2.022090648525407,2.0363643923097805,2.3246458581586147
2.002469546824132,1.1892819318529413,2024-05-14,2.0398047936799713,2.0626972912129924,2.3439592688123607
1.994638053005318,1.180507172559467,2024-05-15,2.0295976885374367,2.061770505302405,2.334376130248062
2.0204508912053107,1.1862926417575126,2024-05-16,2.0505946660686245,2.0890663962543505,2.35926683396699
2.0536957395056086,1.2023368504415082,2024-05-17,2.0832978307057206,2.112021671148626,2.386491493936586
2.0539809359155137,1.206723052280391,2024-05-20,2.0809507912470053,2.0964888837222886,2.3684053037030384
2.022024002261764,1.1945873177820527,2024-05-21,2.0497540400088297,2.067928025388161,2.336083737791279
2.0364435109952654,1.200514697138233,2024-05-22,2.0642977138802228,2.0779431986277697,2.348286049402609
1.9949543708301218,1.1748030323496121,2024-05-23,2.0222578000802964,2.022202379016653,2.2856222438183083
1.9768056525097162,1.1628660431592788,2024-05-24,2.0041566265377884,2.0144285289443418,2.2764397165084316
1.9835233001154264,1.1708428817202292,2024-05-27,2.014392240030859,2.0244001938835194,2.289246671507718
1.9603731356187468,1.1590708593113026,2024-05-28,1.9894364975128023,1.9925755144802542,2.2613293227776876
1.969519407210831,1.1624425128217337,2024-05-29,1.9998006987082144,2.0031892651965233,2.2747040896808866
1.9650167934879712,1.15578559958385,2024-05-30,1.9930587049638213,1.9838363335477074,2.249883269145346
1.9860668383377362,1.164235876347464,2024-05-31,2.0131366650407854,1.9986241601242725,2.279881163883026
1.9197051693418128,1.1434695051043717,2024-06-03,1.9453632708667603,1.9728940013925353,2.2510971615167095
1.8703700583601066,1.135260677068959,2024-06-04,1.8960045467268918,1.967140584218119,2.2464594210776
1.833142565847429,1.1139036716204929,2024-06-05,1.8583107282724127,1.9369495741885094,2.2119677713227546
1.7400670870407888,1.0745818731474592,2024-06-06,1.7639850568281261,1.9062504639997802,2.1795259754413254
1.8002850938641688,1.0943880854737256,2024-06-07,1.824890398848681,1.9504082854293054,2.2281192169108714
1.8115728279580896,1.1010988993768223,2024-06-11,1.829671465244181,1.9319217414722776,2.2009457240897623
1.843350117694417,1.1154663760301609,2024-06-12,1.8620654787037447,1.9699104878813694,2.2287455085497943
1.874883128062995,1.1114254495297653,2024-06-13,1.8912659453705198,1.9548552787400824,2.213576222972003
1.8603501957707826,1.112241496239004,2024-06-14,1.8775389577368835,1.9501237729833272,2.206175288845321
1.8473983914953953,1.1070315367717465,2024-06-17,1.86015484620638,1.9263522241147395,2.180995171981582
1.8735704816690582,1.1215145493385823,2024-06-18,1.8865807195395372,1.9568075824290596,2.211977263419827
1.8703017855892479,1.114717891833812,2024-06-19,1.8828130583826919,1.9484327876146166,2.203947282152632
1.8545991891872113,1.0929487194937753,2024-06-20,1.8652391470093876,1.9240535930563123,2.1764689734549165
1.844656758406343,1.0912876219969763,2024-06-21,1.856390180930226,1.9251594246805797,2.179253899527468
1.7664834105920286,1.0516197712236683,2024-06-24,1.7786501571271691,1.8923706141266654,2.143175807813604
1.7823863871779468,1.05174308794171,2024-06-25,1.7948777324763552,1.905095413788921,2.15198532766276
1.8431760977627858,1.0821979192220725,2024-06-26,1.8613444005492028,1.9441488191412064,2.1772476857831147
1.823297923957648,1.0620960372039245,2024-06-27,1.840858021299343,1.9269211177694499,2.160467780103584
1.8198700631649969,1.0670395279264815,2024-06-28,1.830722004143355,1.9325214436544462,2.1774722370507003
1.827213076668103,1.0758807197841203,2024-07-01,1.8339725163829432,1.9555523446409477,2.2086209301608766
1.8355341030047916,1.0756823469303454,2024-07-02,1.841325642046247,1.9930927296946026,2.252709307470229
1.8190777211676445,1.0656233644632038,2024-07-03,1.824165760561879,2.0035446026368993,2.2651835300675667
1.7583306491120905,1.0373217760788491,2024-07-04,1.7615844407184027,1.9573195244536186,2.2144790217121177
1.7841883334867117,1.048465606514885,2024-07-05,1.7879353934719224,1.998736724226766,2.2599109993944384
1.7317250128679018,1.0209061098263397,2024-07-08,1.7347967443125427,1.960445349428473,2.2186695921655897
1.7509704497755776,1.039608582834762,2024-07-09,1.7534825117786441,1.9607497043277426,2.2160937105491616
1.733544489481253,1.0323057904692217,2024-07-10,1.7392542579870973,1.9321116819667146,2.189858350430534
1.7934535669409557,1.0642682954302483,2024-07-11,1.7977093884579316,1.9679568003579537,2.2616508068789005
1.7916697669220543,1.0611259564265458,2024-07-12,1.798317931685371,1.9626912799536627,2.24438183487334
1.7538979911603887,1.0452922084639238,2024-07-15,1.765388482916175,1.9620101464108537,2.238017268845612
1.7442441758915639,1.0463061509234426,2024-07-16,1.7558706521928096,1.9506708102368906,2.2278571595272094
1.7318868891350607,1.0346240861118063,2024-07-17,1.7438100598622934,1.942760879706976,2.2187127237453
1.7266365116658713,1.0343173010423727,2024-07-18,1.7385369181317913,1.9534635273689505,2.231583037389254
1.742257849459596,1.0409056008498432,2024-07-19,1.7553543528456022,1.9501364356438495,2.2278460872430337
1.752137555455683,1.0456150698597928,2024-07-22,1.7666202098479151,1.940303163257258,2.2167164300776623
1.7245028626002974,1.0239403238086282,2024-07-23,1.7432839588721867,1.915684514674351,2.1996523275545647
1.6966611385586492,1.0082191660071083,2024-07-24,1.7133601394001172,1.9095658992900104,2.1937901971079063
1.7147896041087074,1.012875731148512,2024-07-25,1.7360020237777927,1.909441311511132,2.190354791274617
1.741590966288794,1.0296633257332195,2024-07-26,1.761135620474073,1.9265432520482675,2.197011602124967
1.7365181316836436,1.0308699485498902,2024-07-29,1.7565819693755702,1.9390361105508054,2.2127574849689537
1.74599694931844,1.0360165784601407,2024-07-30,1.765221037425403,1.9317618847372684,2.206013152285335
1.7953894544672675,1.0718817977491168,2024-07-31,1.815607311616878,1.975306533277108,2.2552531888868588
1.7946552581331323,1.0723337152731474,2024-08-01,1.8149944064739278,1.9714604243979226,2.2508874054796473
1.7773912240744671,1.0583097363922993,2024-08-02,1.798150926242293,1.9612612358684962,2.2403337473086635
1.7441010680051232,1.0314045291651532,2024-08-05,1.7653905723003012,1.9265495513938047,2.200647756750457
1.7738600690647006,1.0511244819083527,2024-08-06,1.8015137834927937,1.9299330226007254,2.225068509858316
1.7786804665797282,1.0510089531345423,2024-08-07,1.8026654661888712,1.9369775241996112,2.229868512665208
1.7797250984140014,1.04817072707462,2024-08-08,1.8065560908577352,1.9361276386671553,2.2351709109012856
1.7705919897457583,1.0403442321029202,2024-08-09,1.7991324795389647,1.9289125871865052,2.223377427794711
1.7703367384336068,1.0330363532994375,2024-08-12,1.79927108179377,1.933322399100468,2.2251529153510723
1.7799108145872506,1.0401780391037845,2024-08-13,1.809445033028009,1.9409488336550025,2.2336403748310905
1.7753768039349216,1.0345944854393962,2024-08-14,1.8068098711122609,1.9395261410912927,2.2313041128040023
1.7815448321812328,1.0437954527911486,2024-08-15,1.8137002954773283,1.9526762283889012,2.2464765692888444
1.7764038953644852,1.0388204560764893,2024-08-16,1.8043392866818324,1.9402071480732257,2.2320730337202743
1.773596169966988,1.035024068603726,2024-08-19,1.8005606477433287,1.947474459075921,2.2394666963325114
1.738598663528827,1.0171036507276618,2024-08-20,1.7710947815478277,1.9216460558879536,2.204257652456056
1.734873290227133,1.0141819921606656,2024-08-21,1.7682269888177482,1.9133747645335615,2.19520106066126
1.71736203633929,0.9986311522551108,2024-08-22,1.7497003214963742,1.9189648429360269,2.188329540793164
1.7011306461738804,0.9942729667683423,2024-08-23,1.7322627507706234,1.9083896501422992,2.1729608390028665
1.7319121459584486,1.0045952621467005,2024-08-26,1.7621621334945716,1.911571808342948,2.1887831129842663
1.711851381954843,0.9901488188949847,2024-08-27,1.7427732905994837,1.9058984704515223,2.177939817876167
1.7313279111427664,0.9942560031848622,2024-08-28,1.761218308746574,1.9040964369711022,2.1780911981925866
1.7535796049676107,1.0088352088232875,2024-08-29,1.783826142123384,1.8784344622020799,2.150622287023851
1.7742750716849574,1.0286894959144426,2024-08-30,1.8046457812723364,1.8787477621749906,2.1514321022019582
1.7567930037650177,1.0109189254531716,2024-09-02,1.787585915917704,1.880866954523896,2.1526879104048517
1.759807898714157,1.0204679383286088,2024-09-03,1.792126346841673,1.8735188232965525,2.13878175876869
1.7476469292194572,1.0144081126023734,2024-09-04,1.7814841457915345,1.8646094517626146,2.132469831945565
1.7641319994820364,1.0235423311608571,2024-09-05,1.7977405640708735,1.872141516809823,2.1373426845171104
1.7335307448985955,1.0043143932098229,2024-09-06,1.7625802217906485,1.855751594422959,2.119051817398325
1.7307028735845666,1.0020261159161024,2024-09-09,1.7610606699126126,1.840599704684405,2.1001205716374542
1.743465766895333,1.0073685206011642,2024-09-10,1.7710888409886207,1.8384239630552175,2.097879310449267
1.7338391422171404,1.0029217708225007,2024-09-11,1.7615575892745483,1.805798797694008,2.0597533416507643
1.7304264560820055,1.000061803108575,2024-09-12,1.7585272596775836,1.8069249799128397,2.061662888964356
1.7078260093809312,0.9867940950156889,2024-09-13,1.7349116783850724,1.8004229670033802,2.0556544830973538
1.6888805054988636,0.9806991351679181,2024-09-18,1.7152827668017507,1.8037794525304562,2.0598614545157283
1.7327903938690576,1.0029073508965147,2024-09-19,1.7638499546466437,1.8186634500766472,2.0729678610891495
1.7211888827949005,0.9993885964797073,2024-09-20,1.7574700171549946,1.8173062030635814,2.069906806607679
1.7227592407487702,1.001395483936737,2024-09-23,1.7632248356179347,1.8315455341055897,2.083590063511707
1.7802359142140762,1.0372673495938893,2024-09-24,1.82396412252704,1.9000606269278637,2.1590130399114487
1.7959146752916848,1.0496018668569558,2024-09-25,1.8385669081444085,1.9280990761540875,2.189270876296025
1.8495408386222227,1.086300129115639,2024-09-26,1.8920109087211494,1.9772107062508915,2.2423886246953146
1.9325548806742483,1.1407977778479754,2024-09-27,1.9751999254014496,2.0070575936742094,2.2765653803640347
2.1407554454389013,1.2671319673557075,2024-09-30,2.1868502656349356,2.1490490134248685,2.437666598207032
2.3112815224369117,1.3669712368572007,2024-10-08,2.361097175263272,2.2210969594945054,2.5180935131022664
2.1051430732282115,1.2427763556861748,2024-10-09,2.1499432634067146,2.0728443613940604,2.3496720520463343
2.125586458904629,1.2446095213933404,2024-10-10,2.1562159791488957,2.1227102916249883,2.406257272334467
2.0503089541157915,1.1947350278022921,2024-10-11,2.072982217295092,2.062502187831401,2.355426412413982
2.1022806685318236,1.2323165775429705,2024-10-14,2.124179016814098,2.1115215194577392,2.41463179733829
2.074677749898031,1.2126391386518416,2024-10-15,2.092126129121642,2.0755357595626363,2.367852853437803
2.086892440682833,1.2172512954676922,2024-10-16,2.106868144260511,2.090139375995589,2.3984230110544495
2.077840245036975,1.210840084211559,2024-10-17,2.0914696924473217,2.063843259868683,2.364288051372227
2.137672359572655,1.2510187517907274,2024-10-18,2.1521192447792354,2.1017321551279964,2.407365494367431
2.1690403098756406,1.2731460998922006,2024-10-21,2.182800077756535,2.1093960095533992,2.4153255966569622
2.1913657721760003,1.2859710077426847,2024-10-22,2.206126126415064,2.1369018652825393,2.4461960899962234
2.2039715217883105,1.2898624934275875,2024-10-23,2.2160902012347523,2.150201995611565,2.460349345308967
2.2130646537869847,1.2850544855382289,2024-10-24,2.227261146481525,2.1530304288623303,2.4610007836874757
2.268347445580803,1.313162948437152,2024-10-25,2.2781617546349593,2.1785449445464105,2.4953268499223853
2.3392221872182124,1.3445444198349408,2024-10-28,2.345646039142172,2.2260774766143676,2.5571773972118503
2.283703834003366,1.3162248859645085,2024-10-29,2.292385961376545,2.189563989293789,2.5135210241481896
2.280699735636739,1.317007004352126,2024-10-30,2.2877207091534904,2.1799660900247044,2.5093419733136004
2.3302701130835057,1.3363405103451997,2024-10-31,2.3384546596850213,2.188397567068218,2.5239089044396295
2.2656213668971796,1.2942212236120876,2024-11-01,2.2742917482307985,2.1699320251182908,2.507523454117882
2.320844337080308,1.32060221502565,2024-11-04,2.327393611018634,2.1994614925860954,2.540204168571919
2.375239591028026,1.3595725953426914,2024-11-05,2.3810536179212805,2.2277500135304034,2.57241337240494
2.396294885386295,1.3678864477619361,2024-11-06,2.4013361038414027,2.234447854354751,2.573422032034996
2.4575163859030735,1.4005956583436294,2024-11-07,2.4575546718352066,2.2896713967307467,2.6337941303570616
2.4717734114782326,1.4027973254358128,2024-11-08,2.4758784670318934,2.2739565177254915,2.609124049167841
2.549280842767917,1.43458570570886,2024-11-11,2.5503202184892597,2.2807945480726626,2.6191455260193535
2.5224191866761703,1.4199445685929242,2024-11-12,2.519537126867794,2.271823618990394,2.599928019671475
2.5359875221059056,1.4221092791338137,2024-11-13,2.5315749625423307,2.2788765946539273,2.615075016521457
2.469007758970546,1.379764889656473,2024-11-14,2.464610931450272,2.2347638496590605,2.5644780649277754
2.4456424800143726,1.3525265026780569,2024-11-15,2.4394363510563855,2.2187715929012644,2.5482712244559402
2.4040760051579757,1.3212557635360178,2024-11-18,2.3995789532550753,2.2256872369273646,2.556892991414104
2.458178979074663,1.3550428648828767,2024-11-19,2.4556616525976303,2.2485734038055742,2.586359357592624
2.5186416659461934,1.3838519935857623,2024-11-20,2.518391327252756,2.282746938441798,2.6268792112588857
2.5351159201406532,1.3874573764705387,2024-11-21,2.5350445017449315,2.2895081743545873,2.6390353687914145
2.439656970791651,1.336952146184033,2024-11-22,2.43987772455376,2.231735093801761,2.5707693209532225
2.506638787325355,1.3549555480429818,2024-11-25,2.5014149349880848,2.264919010053697,2.612683785048047
2.4931011382702533,1.34232799023833,2024-11-26,2.4871686855838546,2.2754059516574205,2.618351865013061
2.515373222280959,1.3650696855979063,2024-11-27,2.511381875974595,2.2985133844296928,2.64531732066736
2.546184307077227,1.3673874555405159,2024-11-28,2.5381611651269163,2.312356840005769,2.6560407665112473
2.581119923801227,1.3885113302903374,2024-11-29,2.571880107653512,2.3280327821216518,2.6745970208995975
2.6273326658907417,1.4181492578455877,2024-12-02,2.6151020306760087,2.3523317570869464,2.703504685374212
2.6347549424429597,1.4205857922224547,2024-12-03,2.6157682119692462,2.369861690902508,2.7251400574585554
2.5934320886602915,1.4003563281363838,2024-12-04,2.5786884733088695,2.3458123320852673,2.701315189532482
2.6371722855957302,1.4185470937667386,2024-12-05,2.6282533507709758,2.359845554542528,2.702932734189784
2.651881009553911,1.4329673781019006,2024-12-06,2.6472316263821503,2.3963753203202645,2.74043069014772
2.662050796468567,1.430474785020031,2024-12-09,2.655410145544979,2.409352426455372,2.750625319652763
2.6806178275164925,1.4411183983848255,2024-12-10,2.6730548081387533,2.4008803495415294,2.747019030672067
2.7043404679228953,1.4611593538436116,2024-12-11,2.6972065469186775,2.4289184181082835,2.7660237135034973
2.7360394168825883,1.4758463117159186,2024-12-12,2.7348572121690546,2.4666988593220105,2.808362704540151
2.697711895042864,1.4495889365915084,2024-12-13,2.697295331382968,2.4332592920406104,2.7668678055932006
2.6961957991413827,1.4407250062782697,2024-12-16,2.6956136492560954,2.4584705227206007,2.794493284938696
2.5705450020568943,1.3899573252543158,2024-12-17,2.5705335426843767,2.357956575244802,2.6952728731591247
2.5745471394353654,1.3980514137108135,2024-12-18,2.572076163212519,2.3657002221850183,2.6990946858892255
2.5625989905430733,1.3986401839109168,2024-12-19,2.557309828717757,2.362629049390773,2.6795315327358056
2.608655454002582,1.413986882411025,2024-12-20,2.6038471538055155,2.3908589466882746,2.6935205443999353
2.4900668454761266,1.3573763683260809,2024-12-23,2.478703045594866,2.2742170983161545,2.5961102626014636
2.4960408002903787,1.3701550773876165,2024-12-24,2.4835803728448895,2.296799696116001,2.6233357448109005
2.4394095592188867,1.3440672923871089,2024-12-25,2.425922109683239,2.253619675111339,2.589921551866047
2.4760557436070942,1.3605845446216633,2024-12-26,2.460804024085158,2.2810353800204393,2.6134908942865733
2.498285435389034,1.3699603305239616,2024-12-27,2.483182135169587,2.3275366331571714,2.666657501763207
2.4722789243762286,1.3569020638893918,2024-12-30,2.4589321307843512,2.3013128265194354,2.6364531852428166
2.424501339989706,1.3225495393496371,2024-12-31,2.4116459932524554,2.2614676987360114,2.591480040453085
