date,n_limit_up,n_limit_down,broke_rate,max_streak,n_streak2plus,lu_premium,pct_up,turnover_bn,sentiment,sentiment_5d,z_up,z_dn,z_brk,z_stk,z_prem,z_pu,z_to
2019-01-02T00:00:00.000,40,18,0.38461538461538464,1,0,NaN,0.4294962003940332,2261.2977198175,NaN,,,,,,,,
2019-01-03T00:00:00.000,42,25,0.391304347826087,2,15,0.028503701010063283,0.38576252110298254,2518.8415049539003,NaN,,,,,,,,
2019-01-04T00:00:00.000,85,2,0.38405797101449274,3,19,0.049438863875513925,0.9485087225661227,3220.2670397519,NaN,,,,,,,,
2019-01-07T00:00:00.000,94,0,0.29850746268656714,4,26,0.04123076396426282,0.9028989586265128,3470.5984413455,NaN,,,,,,,,
2019-01-09T00:00:00.000,67,2,0.37383177570093457,5,13,0.005528372965081016,0.49296962879640044,3789.7068588002003,NaN,NaN,NaN,NaN,NaN,NaN,NaN,NaN,NaN
2019-01-10T00:00:00.000,53,6,0.345679012345679,6,16,0.008814908598918977,0.3580663293985385,3132.0401116723997,NaN,NaN,NaN,NaN,NaN,NaN,NaN,NaN,NaN
2019-01-11T00:00:00.000,70,8,0.29292929292929293,5,18,0.01841915656706806,0.7339140207923575,2959.5558252171995,NaN,NaN,NaN,NaN,NaN,NaN,NaN,NaN,NaN
2019-01-14T00:00:00.000,46,15,0.352112676056338,4,14,-0.0070079871333408586,0.2857142857142857,2830.2882621187,NaN,NaN,NaN,NaN,NaN,NaN,NaN,NaN,NaN
2019-01-15T00:00:00.000,52,10,0.2876712328767123,5,9,0.011867016851356308,0.7966816647919011,3193.8317434996,NaN,NaN,NaN,NaN,NaN,NaN,NaN,NaN,NaN
2019-01-16T00:00:00.000,35,9,0.43548387096774194,6,9,0.0029559634548513613,0.3670601461495222,3044.4394192932,NaN,NaN,NaN,NaN,NaN,NaN,NaN,NaN,NaN
2019-01-17T00:00:00.000,37,8,0.3728813559322034,4,8,0.014143400187377428,0.20022465599550687,2939.6902352920997,NaN,NaN,NaN,NaN,NaN,NaN,NaN,NaN,NaN
2019-01-18T00:00:00.000,34,12,0.3584905660377358,5,8,-0.0000387722562304385,0.6912053947738128,3264.3133818632,NaN,NaN,NaN,NaN,NaN,NaN,NaN,NaN,NaN
2019-01-21T00:00:00.000,44,8,0.36231884057971014,6,13,0.041466503971129144,0.6083169429615061,3129.6569655337,NaN,NaN,NaN,NaN,NaN,NaN,NaN,NaN,NaN
2019-01-22T00:00:00.000,32,8,0.30434782608695654,7,11,0.012112129283660854,0.18483146067415732,2785.0241750397,NaN,NaN,NaN,NaN,NaN,NaN,NaN,NaN,NaN
2019-01-23T00:00:00.000,44,11,0.2413793103448276,8,14,0.04294488693442574,0.4790671536948581,2438.5543310742,NaN,NaN,NaN,NaN,NaN,NaN,NaN,NaN,NaN
2019-01-24T00:00:00.000,46,11,0.39473684210526316,6,14,0.025778600416573136,0.5856260527793374,3003.7205388459,NaN,NaN,NaN,NaN,NaN,NaN,NaN,NaN,NaN
2019-01-25T00:00:00.000,43,26,0.2711864406779661,7,16,0.020537454864528855,0.2776530039303762,3127.1311898195,NaN,NaN,NaN,NaN,NaN,NaN,NaN,NaN,NaN
2019-01-28T00:00:00.000,23,42,0.6666666666666666,8,9,-0.0049110002864128505,0.29713804713804715,2996.39156659,NaN,NaN,NaN,NaN,NaN,NaN,NaN,NaN,NaN
2019-01-29T00:00:00.000,23,66,0.3235294117647059,4,7,0.011762254891569733,0.17676767676767677,2936.0577014912,NaN,NaN,NaN,NaN,NaN,NaN,NaN,NaN,NaN
2019-01-30T00:00:00.000,23,77,0.3611111111111111,5,3,-0.009463448831027349,0.18693946188340807,2371.0015850167997,NaN,NaN,NaN,NaN,NaN,NaN,NaN,NaN,NaN
2019-01-31T00:00:00.000,18,143,0.4375,4,5,-0.00875262642523236,0.23941687692738997,2855.8501046226,NaN,NaN,NaN,NaN,NaN,NaN,NaN,NaN,NaN
2019-02-01T00:00:00.000,55,10,0.32098765432098764,5,7,0.04256360778974953,0.953195067264574,2615.5130388994,NaN,NaN,NaN,NaN,NaN,NaN,NaN,NaN,NaN
2019-02-11T00:00:00.000,92,5,0.226890756302521,6,15,0.04503667655377099,0.9725490196078431,3196.0433908207,NaN,NaN,NaN,NaN,NaN,NaN,NaN,NaN,NaN
2019-02-12T00:00:00.000,78,1,0.3275862068965517,7,23,0.03710144131553572,0.8571428571428571,3648.9473941443,NaN,NaN,NaN,NaN,NaN,NaN,NaN,NaN,NaN
2019-02-13T00:00:00.000,86,0,0.25217391304347825,8,25,0.02848423200024605,0.9081489778773453,4737.482900813001,NaN,NaN,NaN,NaN,NaN,NaN,NaN,NaN,NaN
2019-02-14T00:00:00.000,55,2,0.4329896907216495,8,26,0.030893268525476605,0.5170772676371781,4170.9837037953,NaN,NaN,NaN,NaN,NaN,NaN,NaN,NaN,NaN
2019-02-15T00:00:00.000,61,1,0.41904761904761906,9,21,0.04063645333427333,0.3583426651735722,4180.3637051605,NaN,NaN,NaN,NaN,NaN,NaN,NaN,NaN,NaN
2019-02-18T00:00:00.000,125,1,0.2088607594936709,10,27,0.06285477326062135,0.9946793615233828,5472.8212587048,NaN,NaN,NaN,NaN,NaN,NaN,NaN,NaN,NaN
2019-02-19T00:00:00.000,84,1,0.45098039215686275,11,30,0.03365156453755209,0.4354522542705125,6054.0313789276,NaN,NaN,NaN,NaN,NaN,NaN,NaN,NaN,NaN
2019-02-20T00:00:00.000,69,0,0.35514018691588783,12,21,0.016429301854767125,0.4753224901850813,4990.1315792828,NaN,NaN,NaN,NaN,NaN,NaN,NaN,NaN,NaN
2019-02-21T00:00:00.000,76,1,0.40625,8,24,0.03149182295223647,0.27527303276393167,6181.5220171485,NaN,NaN,NaN,NaN,NaN,NaN,NaN,NaN,NaN
2019-02-22T00:00:00.000,145,2,0.20765027322404372,9,33,0.05061089196618442,0.9051217464315701,6217.995702507,NaN,NaN,NaN,NaN,NaN,NaN,NaN,NaN,NaN
2019-02-25T00:00:00.000,307,0,0.2827102803738318,10,102,0.08305555523047042,0.9963575231157187,10395.7235921178,NaN,NaN,NaN,NaN,NaN,NaN,NaN,NaN,NaN
2019-02-26T00:00:00.000,111,12,0.5375,8,54,0.008382354134810232,0.4219669375175119,10968.0388458083,NaN,NaN,NaN,NaN,NaN,NaN,NaN,NaN,NaN
2019-02-27T00:00:00.000,85,23,0.4551282051282051,9,24,0.01194627370439594,0.38845291479820626,8905.9141698828,NaN,NaN,NaN,NaN,NaN,NaN,NaN,NaN,NaN
2019-02-28T00:00:00.000,66,23,0.4107142857142857,9,15,-0.011950576294767895,0.6242644998599047,6618.463748488301,NaN,NaN,NaN,NaN,NaN,NaN,NaN,NaN,NaN
2019-03-01T00:00:00.000,73,0,0.26262626262626265,10,17,0.022961403808183123,0.5566750629722922,6640.3072594348,NaN,NaN,NaN,NaN,NaN,NaN,NaN,NaN,NaN
2019-03-04T00:00:00.000,145,0,0.3855932203389831,11,42,0.06457316400996785,0.8628603414497621,10457.6661789679,NaN,NaN,NaN,NaN,NaN,NaN,NaN,NaN,NaN
2019-03-05T00:00:00.000,210,0,0.21348314606741572,12,72,0.06751565498329283,0.8863063567628116,8959.1617536628,NaN,NaN,NaN,NaN,NaN,NaN,NaN,NaN,NaN
2019-03-06T00:00:00.000,223,0,0.2440677966101695,13,83,0.05474917266883274,0.7998317914213625,11055.7997833821,NaN,NaN,NaN,NaN,NaN,NaN,NaN,NaN,NaN
2019-03-07T00:00:00.000,259,1,0.276536312849162,14,123,0.06331096802205338,0.69672360683282,11659.0536672207,NaN,NaN,NaN,NaN,NaN,NaN,NaN,NaN,NaN
2019-03-08T00:00:00.000,75,271,0.6052631578947368,15,42,-0.016537804251458076,0.10436485730274203,11833.5744662949,NaN,NaN,NaN,NaN,NaN,NaN,NaN,NaN,NaN
2019-03-11T00:00:00.000,271,7,0.23229461756373937,16,27,0.03618656092835925,0.9558041958041958,9439.7433272689,NaN,NaN,NaN,NaN,NaN,NaN,NaN,NaN,NaN
2019-03-12T00:00:00.000,170,0,0.38181818181818183,17,64,0.037068746514053924,0.776595744680851,11364.753207065802,NaN,NaN,NaN,NaN,NaN,NaN,NaN,NaN,NaN
2019-03-13T00:00:00.000,70,54,0.5172413793103449,13,31,-0.00617071857514248,0.22100840336134453,10506.2050699953,NaN,NaN,NaN,NaN,NaN,NaN,NaN,NaN,NaN
2019-03-14T00:00:00.000,40,109,0.3548387096774194,9,13,-0.023314258794166955,0.14949608062709965,8120.012366952,NaN,NaN,NaN,NaN,NaN,NaN,NaN,NaN,NaN
2019-03-15T00:00:00.000,92,7,0.43558282208588955,10,11,0.02345923524298411,0.8094571908226077,7500.2199929625,NaN,NaN,NaN,NaN,NaN,NaN,NaN,NaN,NaN
2019-03-18T00:00:00.000,120,3,0.2727272727272727,6,20,0.015706068696216283,0.8946778711484594,8321.4047093637,NaN,NaN,NaN,NaN,NaN,NaN,NaN,NaN,NaN
2019-03-19T00:00:00.000,91,3,0.3357664233576642,7,32,0.027547172970706028,0.47717726127135257,7752.935913784399,NaN,NaN,NaN,NaN,NaN,NaN,NaN,NaN,NaN
2019-03-20T00:00:00.000,92,2,0.226890756302521,8,31,0.029942880890745958,0.41141897565071367,7795.6010655286,NaN,NaN,NaN,NaN,NaN,NaN,NaN,NaN,NaN
2019-03-21T00:00:00.000,119,2,0.4439252336448598,8,44,0.042269907439472114,0.6741321388577828,8854.7377113209,NaN,NaN,NaN,NaN,NaN,NaN,NaN,NaN,NaN
2019-03-22T00:00:00.000,108,3,0.2847682119205298,9,35,0.02459395158902082,0.49411764705882355,8014.3387467805005,NaN,NaN,NaN,NaN,NaN,NaN,NaN,NaN,NaN
2019-03-25T00:00:00.000,103,14,0.3869047619047619,7,36,0.028723674204766618,0.2957351290684624,8189.410092593001,NaN,NaN,NaN,NaN,NaN,NaN,NaN,NaN,NaN
2019-03-26T00:00:00.000,46,41,0.5576923076923077,8,15,-0.02025589236533075,0.14361851332398318,7679.6596594354005,NaN,NaN,NaN,NaN,NaN,NaN,NaN,NaN,NaN
2019-03-27T00:00:00.000,101,20,0.1984126984126984,9,26,0.05786777590462343,0.5705056179775281,6645.0431525658005,NaN,NaN,NaN,NaN,NaN,NaN,NaN,NaN,NaN
2019-03-28T00:00:00.000,54,57,0.38636363636363635,10,20,-0.007856058774999711,0.23161145423919147,6634.366359520801,NaN,NaN,NaN,NaN,NaN,NaN,NaN,NaN,NaN
2019-03-29T00:00:00.000,88,8,0.21428571428571427,11,20,0.037061868454320405,0.9228611500701263,8358.5344655415,NaN,NaN,NaN,NaN,NaN,NaN,NaN,NaN,NaN
2019-04-01T00:00:00.000,190,4,0.23387096774193547,12,35,0.06030515852199412,0.9815074250490333,10431.822999453001,NaN,NaN,NaN,NaN,NaN,NaN,NaN,NaN,NaN
2019-04-02T00:00:00.000,116,6,0.39267015706806285,13,51,0.0335994303607057,0.5058757694459989,10379.4344371176,NaN,NaN,NaN,NaN,NaN,NaN,NaN,NaN,NaN
2019-04-03T00:00:00.000,133,7,0.24858757062146894,14,40,0.030170442625183168,0.6996634885025238,9328.174071024,NaN,NaN,NaN,NaN,NaN,NaN,NaN,NaN,NaN
2019-04-04T00:00:00.000,102,8,0.41040462427745666,15,38,0.029460713817391945,0.46300448430493274,10042.050651707399,0.40261639811995814,NaN,NaN,NaN,NaN,NaN,NaN,NaN,NaN
2019-04-08T00:00:00.000,136,9,0.31313131313131315,9,43,0.03707493626347005,0.3558041958041958,10663.483140853701,0.3659477862630684,NaN,NaN,NaN,NaN,NaN,NaN,NaN,NaN
2019-04-09T00:00:00.000,105,7,0.2708333333333333,10,34,0.00354291494687427,0.5801398601398602,8397.8797932137,0.2489839095604302,NaN,NaN,NaN,NaN,NaN,NaN,NaN,NaN
2019-04-10T00:00:00.000,102,11,0.32450331125827814,11,32,0.02254093846789255,0.4083286752375629,8984.3651323443,0.23100319920838266,NaN,NaN,NaN,NaN,NaN,NaN,NaN,NaN
2019-04-11T00:00:00.000,76,20,0.3391304347826087,12,28,0.009105398224021155,0.18270844991606044,8169.122733403201,-0.07286709145805081,0.2351368403387577,0.20913063290401782,0.2102976649696766,0.18951995412696093,0.8728397154061863,-0.2179388347733744,-0.6021962692982671,0.9843050190361039
2019-04-12T00:00:00.000,74,32,0.36752136752136755,13,22,-0.004821838873474723,0.48058116792400113,6568.7401390351,-0.10360295931472874,0.13389296885182034,0.11346928538585646,0.09062500714613364,0.2708589863091623,0.7414950129755837,-0.5075420563088843,-0.5809144295705473,0.8092589760254378
2019-04-15T00:00:00.000,51,18,0.5096153846153846,7,15,0.0029675401040619464,0.2650837988826816,7753.1044673152,-0.5875367568179047,-0.05680393976437428,-0.16922326386419553,0.04632763833620292,-0.13714538902237305,0.6154852352832582,-0.7892905565233631,-0.6422712448125236,0.6784900022523741
2019-04-16T00:00:00.000,110,10,0.19117647058823528,8,25,0.05072204783918633,0.865046102263202,7906.7466203234,0.7173377502592838,0.036866828375396454,-0.14835325570942334,0.03282061432719409,0.029239913343995207,0.49119775730042897,-0.3756741749004392,-0.41928904640776093,0.6481259906737803
2019-04-17T00:00:00.000,124,5,0.25301204819277107,9,43,0.04044530649742154,0.5877266387726638,8298.071975184599,0.5114160544442063,0.09294939942256117,-0.07022050971386325,0.06411708626473223,0.17283949698415713,0.3687097074663867,-0.21727127834055607,-0.2792308500028107,0.6117021432998822
2019-04-18T00:00:00.000,68,17,0.5,10,32,0.012359622049795934,0.2881025355252159,7530.882641599101,-0.34725275384964427,0.03807226694424248,-0.0979282477241907,0.07834345503371963,-0.15442289417474067,0.24871345011037227,-0.18627557778627046,-0.19665260111470834,0.5747282842655157
2019-04-19T00:00:00.000,84,6,0.17647058823529413,11,25,0.02726658582528941,0.6314468915528296,7200.983571719599,0.506797205968376,0.16015230000086342,-0.06376865868016963,0.2078807878090168,0.23062705188683186,0.13245269078091787,0.09186262568463138,-0.08103738262808903,0.6030489851529048
2019-04-22T00:00:00.000,59,24,0.3854166666666667,6,21,0.019874777994392516,0.2403792526491913,8038.7420603977,-0.3626383090415312,0.20513198955613815,-0.039093843457506924,0.17426218227660878,0.48750718037496876,0.06869294250899453,0.23416580242772184,-0.1006463493013841,0.6110360120635641
2019-04-23T00:00:00.000,48,78,0.4482758620689655,7,18,0.005117532374218657,0.20502092050209206,7326.909788620601,-0.7685566191485601,-0.09204688432543065,-0.252224700798121,-0.1787314221102408,-0.03862949745292869,0.007386012711223267,-0.16264616270476298,-0.5950399805761661,0.5755575606529818
2019-04-24T00:00:00.000,77,22,0.25961538461538464,8,17,0.02460438614230788,0.7064399219403401,6519.988474436599,0.18972025762309216,-0.15638604368965348,-0.4096987402615543,-0.2623583791630931,-0.0544172490527103,-0.05191820202557923,-0.29554710468994877,-0.49747218720953745,0.4767095565748488
2019-04-25T00:00:00.000,25,104,0.6031746031746031,9,9,-0.021171847732298982,0.06621961441743504,7330.394586064701,-1.2899694903316241,-0.34492939098604947,-0.5570741337856456,-0.7081225419648461,-0.253939234997633,-0.10935462072470084,-0.5896280147851481,-0.6586559563333243,0.4622687656889516
2019-04-26T00:00:00.000,53,90,0.35365853658536583,10,13,0.03918746269946019,0.27788649706457924,6237.050377026801,-0.2985816552442489,-0.5060051632285745,-0.6585426800812166,-1.1235076414533594,-0.6047082623405899,-0.16476751277270898,-0.47872480069426065,-0.9133114896554299,0.4015262443975442
2019-04-29T00:00:00.000,30,336,0.5081967213114754,4,9,-0.034106778086144415,0.1586322869955157,6454.2463642889,-2.2057134134196192,-0.874620184104192,-0.753444066297092,-2.6621143150658697,-0.8326027532670265,-0.2882678303846754,-0.9401025536679948,-0.9582194201034238,0.3124096500567375
2019-04-30T00:00:00.000,76,85,0.2692307692307692,4,9,0.016155401658667804,0.7621058558558559,4963.0513093321,-0.2285643425981001,-0.7666217287941001,-0.6466520739718608,-2.577834568241785,-0.4719255114523383,-0.4676885417622299,-0.8287265713034042,-0.528799359153895,0.15527452432681205
2019-05-06T00:00:00.000,27,1147,0.35714285714285715,5,13,-0.009302876212143854,0.03048951048951049,6572.8664752401,-3.721253323814395,-1.5488164450815975,-0.8156176169008248,-6.754243477186928,-0.6588883605693973,-0.6425195557860703,-1.1040655497225802,-1.0242516119300118,0.1578710565246291
2019-05-07T00:00:00.000,106,66,0.208955223880597,6,17,0.06423085694459976,0.7858540676544591,5377.54873005,0.48120216959413425,-1.1945821130964458,-0.5202822316409577,-6.356663184678466,0.12555773974728793,-0.8148467751068773,-0.35459457036332387,-0.47451607158680253,0.03327030195401674
2019-05-08T00:00:00.000,76,58,0.40625,7,21,0.017665953605158834,0.42186189544310876,4885.4207541828,-0.3180916166946565,-1.1984841053865274,-0.4335855571321778,-6.0335139426523705,0.022949351274909824,-0.9858032855457927,-0.5338003110275651,-0.35996359904276776,-0.06567139357992885
2019-05-09T00:00:00.000,46,65,0.3783783783783784,6,14,-0.0036560714179974954,0.28691041027072284,4338.1312796343,-0.6371566560046399,-0.8847727539035315,-0.37417603457851356,-4.504322343442849,0.27367301838791935,-0.8509463950777294,-0.25384857974800995,-0.2576310440865638,-0.2261578987789743
2019-05-10T00:00:00.000,128,22,0.2768361581920904,7,19,0.04869575871370087,0.982421875,6098.9437431821,0.5861097974669821,-0.7218379258905151,-0.18380973798089745,-4.254039201925477,0.2575185306867017,-0.6591403662091182,0.020527357539860302,-0.09354947392535795,-0.1403725894193182
2019-05-13T00:00:00.000,62,49,0.29545454545454547,8,24,0.02085296014227773,0.32532812063669364,4660.4478699367,-0.19003523616129384,-0.015594308359894777,-0.05909023974041185,-0.0781046325649422,0.3743869708472154,-0.47072850069733585,0.27487812635327724,0.12883647567858642,-0.2793383583956535
2019-05-14T00:00:00.000,56,46,0.3,6,14,0.011419018080265601,0.2417643774427694,4553.8037706571995,-0.4017667928302665,-0.19218810084477495,-0.23754315811276613,-0.047935087966147996,0.194915910729368,-0.4681018340945515,-0.17124748403696916,-0.2696494162880196,-0.3457556361443389
2019-05-15T00:00:00.000,114,16,0.19718309859154928,7,17,0.03605833339492259,0.9466927156014513,5126.0276943380995,0.5236104001306054,-0.02384769747972253,-0.09761459473401805,0.015918601779315155,0.6011746862048037,-0.46424374198623025,-0.015259721394216674,0.11629875915144879,-0.32320787137916124
2019-05-16T00:00:00.000,96,12,0.29411764705882354,6,17,0.008934623754217977,0.6572783045175683,5220.3151983172,-0.014731348902136692,0.10063736394077812,0.08300929396430765,0.09592633273872193,0.7580263690467559,-0.4617992090704899,0.08841740037543074,0.38546121846141584,-0.24457985793069614
2019-05-17T00:00:00.000,47,82,0.4470588235294118,7,15,-0.012306294103843209,0.07105043187517414,5734.701265971499,-0.7937361031352349,-0.17533181617966528,-0.21155111743543503,0.0032107919105972328,0.4168124006500717,-0.4581208494410992,-0.42552212825673025,-0.28513734225578263,-0.2670144684292796
2019-05-20T00:00:00.000,54,107,0.34146341463414637,4,19,0.023660329799498576,0.43809258226436143,4625.146322772101,-0.4375906810083433,-0.22484290514907518,-0.24040977958209658,-0.08698976403152761,0.3223630583924217,-0.7031208790356631,-0.39722511502108593,-0.1991578023676886,-0.26936005439788707
2019-05-21T00:00:00.000,78,29,0.3217391304347826,5,21,0.04600699323494069,0.875766016713092,4793.1034161915,0.161109134933696,-0.11226771959628268,-0.15882144029968276,-0.05976706352674173,0.2764447047963784,-0.7589473990609891,-0.10117427269198806,0.26328972166551345,-0.24689828805647
2019-05-22T00:00:00.000,63,25,0.35051546391752575,6,14,0.00943788186816617,0.2795100222717149,4691.5857467082,-0.40741409475289253,-0.2984726185729823,-0.3439651725070284,-0.0721589148987075,-0.02814701182786771,-0.8133150468927521,-0.32443000550905693,-0.22406078455558004,-0.2832313938198843
2019-05-23T00:00:00.000,39,84,0.48,6,15,-0.00010569638168451196,0.10854439187308655,4644.6445156105,-0.8676420126847523,-0.4690547513295054,-0.5516374257503713,-0.18337077499877683,-0.39598567164062715,-0.8051544964676578,-0.39822276649419197,-0.6177204267009497,-0.33129169725396435
2019-05-24T00:00:00.000,51,70,0.34615384615384615,6,13,-0.006269042930011033,0.3557719054242003,3807.5970962183,-0.5917310858206457,-0.4286537478665876,-0.533139459405341,-0.16392640289365681,-0.19382490571515548,-0.8593500357332138,-0.3433934011117865,-0.402372851916817,-0.5045691782901436
2019-05-27T00:00:00.000,106,20,0.24822695035460993,7,15,0.041499184932330575,0.9496942745969983,4525.0405955056,0.44981069647376476,-0.25117347237016596,-0.3348398829855411,-0.026493371706976437,-0.005417380027244079,-0.6627489816271512,-0.1884655158559586,-0.029985373446292086,-0.5102638009419992
2019-05-28T00:00:00.000,86,14,0.381294964028777,8,37,0.04388940022875797,0.408673894912427,4992.289400670999,0.02107726037137794,-0.27917984728262957,-0.3016273299217243,-0.0017142201909866317,-0.12352490032311274,-0.46888334737108045,-0.20368851684241052,-0.366387266493188,-0.4884333498359054
2019-05-29T00:00:00.000,75,20,0.34782608695652173,9,30,0.03196369913143022,0.5213888888888889,4458.014146571099,0.027207406857751897,-0.19225554696050068,-0.2545503422498596,0.007045646002161882,-0.11680839483839253,-0.2759481893772641,-0.01045621175991579,-0.18802093184268037,-0.5070504046575551
2019-05-30T00:00:00.000,60,37,0.3181818181818182,10,26,0.02360227548970971,0.29683157309616454,4534.1575308873,-0.10628978094268422,-0.039985100612087064,-0.17539294133103106,0.0811244423685352,0.20762543473984438,-0.02064710672032013,0.1911379224087018,-0.049960551938832753,-0.5137829038115076
2019-05-31T00:00:00.000,76,16,0.32142857142857145,11,30,0.04809897980191039,0.42539594331758823,4373.3951425987,0.20860918292566769,0.12008295313717561,-0.08103198596261822,0.16668386348704484,0.25561159424763397,0.29671708875641134,0.6531750489927207,-0.000084139686711171,-0.4504907978742529
2019-06-03T00:00:00.000,47,75,0.5392156862745098,12,13,-0.01505374793033618,0.22447844228094577,4790.238691969001,-0.6747690729322763,-0.10483300074403261,-0.30443414188142925,0.07623996903726127,-0.3352205585826874,0.6124997498977612,0.16337886188556766,-0.5237195222618128,-0.4225753633028896
2019-06-04T00:00:00.000,38,68,0.42424242424242425,13,14,0.0014408720409340584,0.18687430478309233,4223.101031165,-0.4286915489472215,-0.19478676260775246,-0.4856411075015181,-0.01183180815826641,-0.4184459150382511,0.925448724309003,-0.19904303687996414,-0.6804417770260409,-0.49355241795923055
2019-06-05T00:00:00.000,68,33,0.28421052631578947,11,13,0.028510411682926826,0.4955506117908788,4076.4358701408,0.12058802548065906,-0.17611063888317108,-0.5082848766483202,-0.03223792751113984,-0.28630908133456356,1.0429320434705613,-0.22634865076849361,-0.6922548347182949,-0.5302711446719474
2019-06-06T00:00:00.000,29,95,0.40816326530612246,12,11,-0.015727163879966095,0.11503195332036677,3865.4571273889,-0.6793730347611106,-0.29072728964685635,-0.6245260653078301,-0.1275850567140211,-0.4649126992761695,1.1589221051396978,-0.5603292720363022,-0.8188611957220251,-0.597798843611345
2019-06-10T00:00:00.000,80,45,0.1836734693877551,5,13,0.04869068595512461,0.7543810848400556,3665.986174174,0.24069548183535883,-0.28431002986491805,-0.6032486587915612,-0.17345326339740286,-0.18150308109090166,0.7654750818763943,-0.5522385324100543,-0.5727817432682316,-0.6724200119726703
2019-06-11T00:00:00.000,142,13,0.22826086956521738,6,32,0.05500796721338339,0.9844271412680756,5651.6591388225,0.723031893068477,-0.004749836664767426,-0.23032088981392823,-0.06960099497054625,0.4496600301598345,0.3751931947004218,0.05063518304905541,-0.016208866388876197,-0.5926065133893338
2019-06-12T00:00:00.000,79,10,0.4015151515151515,7,30,0.02025083810867119,0.2812239221140473,5132.5172055319,-0.26167495313854455,0.028653482496967964,-0.0705893152817981,0.027270695859253513,0.49127810953696194,-0.011261148564170608,0.2102815699445278,0.05422948937520433,-0.500635023391204
2019-06-13T00:00:00.000,117,8,0.26875,8,26,0.010324188619115509,0.6453407510431154,4496.5347545877,0.16835715169276602,0.03820730773938936,0.12021813724383064,0.06944371100105717,0.5173590427007805,-0.20155301746018517,0.05389693278394634,0.16148639071199505,-0.45340004280569984
2019-06-14T00:00:00.000,25,35,0.6710526315789473,5,9,-0.02291004292686233,0.1081456769530164,4487.4890863392,-1.316824259782328,-0.08928293726485415,0.10130880670759082,0.16824599513595023,-0.01620681719572108,-0.6458732148435722,-0.005968788922474921,0.15735604518759788,-0.3838425869233505
2019-06-17T00:00:00.000,49,36,0.379746835443038,6,9,0.03353843097532904,0.5030589543937709,3355.8896093691997,-0.32165320016452537,-0.20175267366483096,-0.02069143621550127,0.1818153844706955,-0.41027548266495667,-0.5778507602085294,-0.13555569616015822,-0.02604784587157828,-0.42366287900378924
2019-06-18T00:00:00.000,50,17,0.32432432432432434,7,13,0.017620566924181753,0.4160644802668149,3216.7232932796996,-0.3248399069002579,-0.411327033658578,-0.37856359714185245,0.17436868696132266,-0.6010611052662241,-0.5100956250687717,-0.45087418694862363,-0.4372349980015386,-0.6758284101443588
2019-06-19T00:00:00.000,89,6,0.35036496350364965,8,23,0.045900917109110956,0.8485690469574881,5038.3428799457,0.35067079830827985,-0.2888578833692131,-0.3360592800226953,0.18079358320048147,-0.49310071104504766,-0.4420215527168354,-0.2295301059260233,-0.02383256724621554,-0.6782545498281567
2019-06-20T00:00:00.000,67,15,0.32323232323232326,7,23,0.017948648437049443,0.8511524576506526,6027.391094711699,0.15655280092323318,-0.29121875352311966,-0.5283384611053864,0.16834620934674435,-0.5994427335790233,-0.5028253179300964,-0.1626722419964306,0.1255764943642892,-0.5391752237619352
2019-06-21T00:00:00.000,183,4,0.35335689045936397,5,31,0.052587776802691714,0.8670183231538034,6214.5593850584,0.5893603265316388,0.09001816373967375,0.09837246910240519,0.22061189817607296,0.04549442728130083,-0.5011468154181988,0.4809389623490453,0.6717838739444766,-0.38592766925738686
2019-06-24T00:00:00.000,82,10,0.3333333333333333,6,41,0.006476725450955998,0.3847434119278779,4948.5804178318,-0.23626322610126355,0.1070961585523261,0.22626958807340097,0.26390692578091435,0.13533507227704172,-0.4986369321228025,0.24801440055258722,0.5807143817901154,-0.20593032648497545
2019-06-25T00:00:00.000,59,20,0.3218390804597701,7,22,0.006194417915586117,0.22080443828016644,5131.3701804619,-0.32303542015723546,0.1074570559009306,0.2592194393161687,0.25716760525060034,0.14015935410262054,-0.4952467700778608,0.14830843967136975,0.4346159017104787,0.007975421333135863
2019-06-26T00:00:00.000,70,24,0.27835051546391754,6,22,0.00949347998215393,0.45020804438280165,3915.6585232069,-0.23098495008554482,-0.008874093777834335,0.18225806568865766,0.22462669106993896,0.28205188874138637,-0.6217391300711645,-0.1620192390126125,0.14242759241759018,-0.10972452527863766
2019-06-27T00:00:00.000,66,9,0.31958762886597936,7,21,0.018395728935199876,0.5968949265317438,4756.0543283202005,-0.039218392387119536,-0.048028332439904876,0.17647473263358132,0.23409939730434098,0.287861682543344,-0.6171175082750617,-0.15713197760491154,-0.04244447190384228,-0.217940181776786
2019-06-28T00:00:00.000,41,12,0.3787878787878788,8,15,-0.00537527179830207,0.17718715393134,4153.1357043481,-0.5599327779945963,-0.2778869533451519,-0.3870156191810015,0.2192353173409823,0.23437927643046338,-0.4167454412255941,-0.6508687448842279,-0.5413235101617151,-0.40286995173497164
2019-07-01T00:00:00.000,120,2,0.21052631578947367,9,25,0.055704031871988545,0.9662049861495845,6137.6429647801,0.8832916035071655,-0.05397598742346608,-0.23287190124640875,0.23258305020263287,0.4794697930433928,-0.21711049518148534,-0.2247584693862576,-0.11575724781882313,-0.29938664157731487
2019-07-02T00:00:00.000,66,8,0.45454545454545453,10,23,-0.0036487006628588715,0.4333979507061756,5384.6052940885,-0.2686254221249165,-0.0430939878170023,-0.20437252814850698,0.2526222235471668,0.21056054704524035,-0.017463539281046138,-0.30718167219749387,0.03875965880647386,-0.27458260449085137
2019-07-03T00:00:00.000,32,18,0.4482758620689655,11,12,-0.001278150177646046,0.21523545706371192,4879.267993179,-0.45078512243652546,-0.08705402228719843,-0.3551078148697928,0.26172046570052254,-0.13009588791155688,0.31296495392123924,-0.3963555468094572,-0.1315323267234377,-0.17097199931790732
2019-07-04T00:00:00.000,35,8,0.4262295081967213,12,8,0.009313069752546258,0.36817299695037425,4383.3463010689,-0.23942663442852563,-0.12709567069547964,-0.47660280060066257,0.262349297564095,-0.34198706604677653,0.6419287573497163,-0.4703190665638612,-0.29579309345865334,-0.20924572311221623
2019-07-05T00:00:00.000,49,6,0.3466666666666667,13,8,0.0018454768456597818,0.5595238095238095,3740.7264227171995,-0.0353590983208404,-0.02218093476072847,-0.44189866719863397,0.27187508335317484,-0.2749061258034917,0.9682404172449524,-0.4036772120804171,-0.015551999403043238,-0.25934803943764145
2019-07-08T00:00:00.000,22,69,0.35294117647058826,6,5,-0.006982098272188195,0.060681629260182876,4678.950723794101,-0.7709721953714761,-0.35303369453645683,-0.8293898472057666,0.14989297287079245,-0.5585372729343596,0.7623832948954959,-0.9371862885290836,-0.6731771649441136,-0.38522155590816365
2019-07-09T00:00:00.000,42,8,0.3114754098360656,7,9,0.035723676703278785,0.5692094313453536,3516.3957443749,-0.09428592313252257,-0.318165794737978,-0.9188053790810038,0.1496969754060404,-0.26703220905707303,0.5574019508171331,-0.5933691021824641,-0.569718334632468,-0.5853344644360118
2019-07-10T00:00:00.000,37,12,0.3620689655172414,8,6,0.002250410089892315,0.2547823676185195,3314.0085969672004,-0.5264570827286507,-0.33330018679640305,-0.8917748666765128,0.1600826888180333,-0.09280778450808394,0.3533064266466911,-0.5591755318570107,-0.5370902422117532,-0.7656419977861862
2019-07-11T00:00:00.000,41,3,0.2545454545454545,9,9,0.01598188298528891,0.45325936199722605,3482.9284273740004,-0.09151994294778858,-0.30371884850025566,-0.8611563364545567,0.16894339623739724,0.25450601226001573,0.15083747980356987,-0.49803259217860363,-0.4714762307293864,-0.8696536684402268
2019-07-12T00:00:00.000,40,12,0.38461538461538464,10,8,0.007539520433932489,0.5702410640066501,3298.5898595719,-0.2563243289379508,-0.3479118946236778,-0.8909273746807063,0.15767671141222053,0.1754022994301337,-0.048579689118193124,-0.44610445857946496,-0.4596619350944112,-0.923188815735324
2019-07-15T00:00:00.000,50,13,0.2537313432835821,11,11,0.027587472410535996,0.7119911381888674,4222.709261633099,0.29345115841680613,-0.13502722386602126,-0.7721284858733616,0.2583926770394869,0.37644175837645427,0.284347912132868,-0.1461535084523434,0.018664474439529854,-0.9647553947247841
2019-07-16T00:00:00.000,46,4,0.2459016393442623,12,15,0.032000232322352946,0.520619983393302,3523.0126841873,0.2162678029109729,-0.07291647865732216,-0.7510928141381485,0.2647349145097166,0.5082295069178787,0.6159236475799766,-0.17549884479234906,-0.016430458690845782,-0.9562813019874848
2019-07-17T00:00:00.000,43,7,0.2833333333333333,8,12,0.017542870981689468,0.3859357696566999,3813.7042472379003,-0.17729388712469582,-0.0030838395365311968,-0.7224028898491189,0.2727737696392778,0.6647670583973893,0.6110415101217916,-0.04354887326838042,0.07764660635571527,-0.881864058152394
2019-07-18T00:00:00.000,23,8,0.39473684210526316,9,10,-0.0007106927899655618,0.11320232493772488,3629.2566079689,-0.6245935292216777,-0.10969855679130902,-0.7910096029984162,0.2624877709369345,0.3739358534996949,0.6067104974337132,-0.18954409451259654,-0.17448043364470073,-0.8559898882537933
2019-07-19T00:00:00.000,25,5,0.4318181818181818,10,9,0.025100156880103055,0.6501522280653197,3498.1658644071003,-0.18530771578596233,-0.09549523416091132,-0.8465713912619057,0.2743554395248356,0.27359454403917427,0.6029382563027214,-0.03644128685770464,-0.11410541304667557,-0.8222367878268255
2019-07-22T00:00:00.000,15,86,0.2857142857142857,6,6,0.023001775882426842,0.09642857142857143,4139.767423132,-0.5458992879427276,-0.26336532343281804,-0.9819687408414858,0.1363236456406936,0.2068979982669507,0.26237836941780107,-0.07552131576698941,-0.5656336330698963,-0.8260335876768016
2019-07-23T00:00:00.000,57,9,0.12307692307692308,7,10,0.06293517635190578,0.8104395604395604,3231.4666800903997,0.5105701158225434,-0.20450486085050396,-0.9301787524401568,0.12691284369531228,0.4597253308458562,-0.0752766984727031,0.19840028759333456,-0.34885637295233274,-0.8622606642228391
2019-07-24T00:00:00.000,56,1,0.2911392405063291,8,17,0.03740665746506564,0.8386476085761407,4001.6895770837,0.24129668305205693,-0.12078674681515342,-0.8707157986935365,0.138193348106946,0.43952978357063843,-0.0749410371628315,0.3699693947764451,-0.014235141226262104,-0.8333077770774743
2019-07-25T00:00:00.000,43,3,0.25862068965517243,9,18,0.015501407506257541,0.49958802526778356,3993.3856669816996,-0.019649129906718965,0.00020213304783832652,-0.7835318013522592,0.1475062345597828,0.7134016697499872,-0.07363132808146187,0.5085996637095136,0.2710139206865446,-0.7819434279372398
2019-07-26T00:00:00.000,40,9,0.1836734693877551,10,9,0.006019784863001294,0.44590884129599123,3517.4815772294,-0.010060550067694638,0.03525156619149187,-0.7178184743009359,0.1398010468895992,1.2140225203479766,-0.07134852168036562,0.3377587163491031,0.11899258083008117,-0.7746469050950162
2019-07-29T00:00:00.000,34,7,0.2765957446808511,10,9,0.009710463349975319,0.38062568605927555,3436.3819071488,-0.1796253470076819,0.10850635437850102,-0.6370433676272025,0.2876391125692993,1.221423619792229,0.20083782701207134,0.21855839958185022,0.327495576089993,-0.8593666867687343
2019-07-30T00:00:00.000,40,5,0.2857142857142857,11,9,0.017843037049506804,0.6309001097694841,3841.1252392223,0.09916868141108581,0.026226067496209492,-0.7024385851375566,0.2940297337268475,0.8756354367595985,0.4725452530512369,-0.17957387171238762,0.19405749103790693,-0.7706729852521803
2019-07-31T00:00:00.000,33,10,0.32653061224489793,12,11,0.014500286106902549,0.25479978058145913,3573.9132306555,-0.18368502365260106,-0.05877027384472211,-0.7918685946113709,0.27573737299431916,0.7976184853362219,0.7434321069368222,-0.3786987355051498,-0.2370944493074644,-0.820518102756434
2019-08-01T00:00:00.000,38,6,0.3333333333333333,13,16,0.058275857120679724,0.31130005485463524,3737.9266601244,0.1986189494624709,-0.015116657970884129,-0.8074661146691684,0.2690114328228151,0.6401458428854798,1.0122761609602509,0.00241745003135736,-0.37497781340208797,-0.8472235644248371
2019-08-02T00:00:00.000,27,10,0.2894736842105263,10,12,0.0261250117618831,0.14830043859649122,4547.1551328153,-0.1463006881806217,-0.042364685593469543,-0.8557147619261375,0.26599135450423217,0.42105667886884834,1.004717228228802,0.17884441191529346,-0.5937126077864627,-0.7177351029588636
2019-08-05T00:00:00.000,43,15,0.2711864406779661,11,11,0.04128764560892377,0.18470813921622362,4158.7094071263,0.054978154054122555,0.004556014618891349,-0.8136422900370184,0.2495036752100376,0.43098928259895397,1.065482716914754,0.4560378551121554,-0.7350645351298102,-0.6214146023368343
2019-08-06T00:00:00.000,26,38,0.23529411764705882,12,12,0.023119281097036138,0.11777595179402903,5233.0821596327005,0.004350335315087994,-0.014407654600308215,-0.8660526900885566,0.18459391767290861,0.5329282751286304,1.1253820926474205,0.4993388689673714,-1.109228382743074,-0.4678156637868591
2019-08-07T00:00:00.000,43,18,0.36764705882352944,8,8,0.013524949710035868,0.35013698630136986,3761.7507910196996,-0.3600868901745705,-0.0496880279047021,-0.8197397179700104,0.16850258195980267,0.44528454283090807,0.8431007486697231,0.4868265610865933,-1.0302885127512564,-0.44150239915867645
2019-08-08T00:00:00.000,45,13,0.3076923076923077,7,12,0.02267706525311554,0.650958904109589,3670.2422754966997,-0.0979900380677581,-0.10900982541074791,-0.7861061858334193,0.15456651126810778,0.49508870960691825,0.4264569680083682,0.1678847640362771,-0.771726263945166,-0.4492332810163225
2019-08-09T00:00:00.000,25,7,0.4318181818181818,5,6,-0.002249319674785455,0.17332968236582694,3805.5537245842997,-0.8275949386098439,-0.24526867549659234,-0.7900662132897821,0.16018540422623903,0.1991110406194339,0.08138407985838433,-0.08629379560680026,-0.7471585398317169,-0.5340427044519058
2019-08-12T00:00:00.000,56,4,0.2911392405063291,5,8,0.02578250101026071,0.8751710922529428,3626.0691455120996,0.013639636177846042,-0.2535363790718476,-0.7319554706111145,0.18137231492736872,0.1576412770940701,-0.3295840305936946,-0.22241512568730326,-0.2311162379785862,-0.598697380653675
2019-08-13T00:00:00.000,36,8,0.28,6,13,0.022471406624569527,0.261500547645126,3395.2120639498,-0.35339376311830495,-0.32508519875852626,-0.6870811948635518,0.23925715584363755,0.06593244883039633,-0.7374700983099186,-0.2265128334202923,-0.12263500883850945,-0.8070868605514467
2019-08-14T00:00:00.000,46,9,0.425,7,8,0.013526614863911166,0.6520547945205479,4021.996212392,-0.2809469287980461,-0.3092572064832214,-0.6710869145098712,0.255970336062401,-0.05395697805026878,-0.8011242096217522,-0.2258449808133928,0.10082179522872503,-0.7695794936783918
2019-08-15T00:00:00.000,41,10,0.3387096774193548,8,10,0.030573174537123632,0.46265389876880986,3937.85506718,-0.11648411034699611,-0.31295602093906894,-0.6841232217520639,0.26085857255837647,-0.11731980743257212,-0.7274117734563045,-0.15295487985055325,-0.03899696982916462,-0.7307440668112021
2019-08-16T00:00:00.000,50,13,0.2857142857142857,9,9,0.01448235645243247,0.5566502463054187,4300.9550121661,0.011467635462521608,-0.14514350612459587,-0.5775373149658939,0.247980120705999,0.18585591082839292,-0.4479363620769933,-0.003124548024245488,0.2452082899022005,-0.6664506392416317
2019-08-19T00:00:00.000,113,4,0.26143790849673204,10,18,0.0447128742461512,0.9591892632155574,5813.6960854688,0.8132465994215429,0.014777886524143514,-0.3375769475617119,0.2472483979056407,0.2476983371544456,-0.10130442071844134,0.16921081788009357,0.30782298956848403,-0.4296539685595072
2019-08-20T00:00:00.000,64,4,0.42342342342342343,11,31,0.03064661446433725,0.4387838948233361,5235.252854204699,0.06621609985937213,0.09869985911967893,-0.22020841658364132,0.2544250272011046,-0.05216957953676724,0.24389238371390753,0.2423425513601234,0.4363752654301698,-0.21375821774714537
2019-08-21T00:00:00.000,46,7,0.38666666666666666,5,14,0.013410667703471678,0.42755409476855655,4542.7836299153005,-0.40269984686826926,0.07434927550563428,-0.21996586291132889,0.25752516365782985,0.026864165868064303,0.10262632607159157,0.2389079400354121,0.26763219520570974,-0.15314499938783968
2019-08-22T00:00:00.000,63,3,0.24096385542168675,6,12,0.02492857909956672,0.5450561490002739,4400.062032940899,0.04957142263933011,0.10756038210289953,-0.1279459398879364,0.2706764621112378,0.23150478644956748,-0.03672566298002511,0.18676026323386677,0.32702735599827604,-0.09837459020469089
2019-08-23T00:00:00.000,53,7,0.35365853658536583,7,15,0.013054635851506778,0.33223774308408655,4694.4855446561,-0.2735231652415623,0.050562221962082765,-0.11569663219551049,0.28166733834705954,0.08843717708474548,-0.17490619117897918,0.17174904782580322,0.1576908986398491,-0.05500608478838942
2019-08-26T00:00:00.000,46,12,0.3698630136986301,6,17,0.0238166585037917,0.252395291541199,4608.9265737922,-0.35343275241244365,-0.18277364840471452,-0.39480380217475497,0.2644780861777622,-0.13870395223754817,-0.4512327259674388,-0.0187169935644148,-0.37015880182040306,-0.17027734924620525
2019-08-27T00:00:00.000,80,3,0.3103448275862069,7,19,0.04581884819894428,0.8951833607006021,5580.4323738453,0.46005047291293194,-0.10400677379400261,-0.32533271276819875,0.26568197371412305,0.09888249547262014,-0.7259236233309442,0.12220486891349444,-0.026887991823723745,-0.13667242673538998
2019-08-28T00:00:00.000,71,5,0.26804123711340205,8,23,0.01778142681208363,0.44243915777960074,4934.680662018,0.07053150630323565,-0.0093605031597016,-0.2190256211977722,0.26883900769976043,0.347842939976693,-0.5134343117328387,0.16080399655296673,-0.015855541419545295,-0.09469399199717606
2019-08-29T00:00:00.000,56,5,0.3707865168539326,9,18,0.014170767487902074,0.36679431072210067,4779.9929332786,-0.15631592028497057,-0.05053797174456174,-0.2479157746937893,0.26391918665886954,0.07307000770193953,-0.3018738213188506,0.060925831270525845,-0.1488239197493676,-0.053067312081260386
2019-08-30T00:00:00.000,42,22,0.43243243243243246,5,12,-0.000836452313475947,0.18169398907103826,5545.4803825889,-0.6613818737730295,-0.12810971345085517,-0.29429083572887355,0.232210918537467,-0.09482620488127051,-0.44143088742808567,-0.06877888797553222,-0.26117513406866033,0.03152303738896818
2019-09-02T00:00:00.000,89,3,0.32575757575757575,5,13,0.0353912965340001,0.9292543021032504,5530.742303729499,0.3136027146365758,0.005297379958948712,-0.1106955688577386,0.2498989155258103,-0.0012639713745854597,-0.5101924055092414,0.038799228964041345,0.24681299317715083,0.12372246778720312
2019-09-03T00:00:00.000,64,7,0.36,6,23,0.036689097493713005,0.5742763517203714,5642.2999742399,0.054141219034652924,-0.0758844708167071,-0.1779597693036546,0.2409425913399998,-0.10628442552169079,-0.5777070069956061,-0.044534336864167544,0.004943784271346108,0.12940786735682278
2019-09-04T00:00:00.000,63,5,0.27586206896551724,5,19,0.025750842075542,0.6757716470909587,6056.3701192544995,0.13968754652384668,-0.06205326277258488,-0.21123726706807883,0.24025220169256345,-0.12073988724693582,-0.7847174504305733,0.029374464319186243,0.1790958869917702,0.23359921233397304
2019-09-05T00:00:00.000,64,5,0.4434782608695652,6,16,0.027129030232430944,0.7209937209937209,7972.0525689144,0.07103241350977228,-0.016583596013636317,-0.176483616656744,0.23957005105332724,-0.27602749697871093,-0.990138450332671,0.14916713470984483,0.4429072762408133,0.49491992986868566
2019-09-06T00:00:00.000,50,8,0.35064935064935066,5,12,0.015513066765543617,0.5473655473655473,6337.9035930036,-0.13989063226009077,0.08771465228895141,-0.14266099051360664,0.26755495860174927,-0.10098569461294478,-0.9840651039889714,0.2989470261777807,0.7141816090934664,0.5610307612651856
2019-09-09T00:00:00.000,99,7,0.21428571428571427,6,20,0.05347727872492888,0.9118690313778991,7158.1465381823,0.7665962657584701,0.17831336251333027,-0.09763680749667585,0.25840428565779,0.13883143877818319,-0.9079902904944863,0.4678580046988351,0.6978854869335143,0.6908414195161507
2019-09-10T00:00:00.000,65,4,0.3434343434343434,7,21,0.020186451396138234,0.4819770617149099,6961.271234557,0.050813762380015004,0.17764787118240266,-0.09319206459184301,0.263839497808189,0.1732542215247147,-0.8326398107205198,0.3120910145878021,0.6249156859474368,0.7952665537210383
2019-09-11T00:00:00.000,46,8,0.3333333333333333,8,15,0.002043699998754941,0.2826324412889132,6425.9514623304,-0.2061721789490325,0.10847592608782683,-0.16696425416350197,0.25671485205886224,0.04963268686237422,-0.6172190295568406,0.0888307953973678,0.3268526925335625,0.8214837394829629
2019-09-12T00:00:00.000,54,6,0.22857142857142856,9,13,0.01212432312992912,0.6750409612233752,5371.5141216446,0.24586829399493565,0.1434431021848595,-0.20991523182254807,0.25383343359162386,0.510167175740911,-0.402796410005754,-0.05181043585547347,0.290992469539994,0.6136307141052623
2019-09-16T00:00:00.000,55,3,0.4270833333333333,10,14,0.023090134905294872,0.50600764609503,5811.567194863001,0.009865416858420184,0.1733943120085617,-0.18800730161010742,0.2635533035070478,0.34294456270075735,-0.04831812919737884,0.019244988212631476,0.2583079776054375,0.5660347828415432
2019-09-17T00:00:00.000,44,10,0.3230769230769231,11,13,0.002737957251616692,0.10450204638472033,5857.614728633001,-0.17477428552928537,-0.014879798248989384,-0.425980451106474,0.25632935993056094,0.10786642692524442,0.3049012091537103,-0.45655098967863583,-0.3508605817689205,0.46013643880158817
2019-09-18T00:00:00.000,45,7,0.4155844155844156,12,14,0.01595273368332716,0.4650655021834061,4870.556179055299,-0.04317311196613497,-0.033677173118219376,-0.5114513866153081,0.24922093208616722,-0.04822308714397996,0.6569231972036577,-0.4938458751359782,-0.3616173501819627,0.2732533579598676
2019-09-19T00:00:00.000,68,4,0.20930232558139536,13,17,0.03431992977888483,0.7468596395412342,4913.6447854183,0.679919745117868,0.1435412116951607,-0.413162832851002,0.2569331489125054,0.21959016949892768,1.0068012006976683,-0.18806371292472998,-0.010410861803760784,0.13310137033651576
2019-09-20T00:00:00.000,51,3,0.37037037037037035,14,16,0.010593821899426653,0.4311050477489768,5466.9424257926,0.1350332453497663,0.12137420196612685,-0.42487847516783095,0.2625454231534749,-0.08655241466359545,1.3526610675702933,-0.20235923447863247,-0.1937359068547906,0.141938954203969
2019-09-23T00:00:00.000,44,9,0.3333333333333333,15,17,0.02280541962605394,0.23914823914823916,5078.944803371801,0.1583872212426749,0.15107856284297777,-0.4717815561570685,0.24896183123261428,0.11532909257255874,1.6918228375025905,-0.20374363791183359,-0.3943536448135462,0.07131501747552868
2019-09-24T00:00:00.000,59,6,0.3917525773195876,12,20,0.03987750542431069,0.457400327689787,5479.577424217099,0.22968894238682155,0.23197120842619917,-0.4041044467386025,0.2566938638131494,-0.0335384515498117,1.7454667105559278,0.14846020346935343,-0.12597774472044226,0.03679832415381978
2019-09-25T00:00:00.000,36,26,0.3684210526315789,13,14,0.008895287063869451,0.14488403819918144,5256.4869803923,-0.18558560133591168,0.20348871055224382,-0.44300727005558665,0.2149897835984343,0.06791907754386248,1.796251438038808,0.07998984402268125,-0.3682589531405821,0.07653705385808941
2019-09-26T00:00:00.000,32,114,0.41818181818181815,14,11,-0.0008166572521743693,0.10728910728910729,5378.9793398176,-0.43973955341809506,-0.02044314915494878,-0.6003132494259644,-0.02289464955921785,-0.38406832065776386,1.843743948667735,-0.2539743596483416,-0.8493538821206217,0.12375846865953233
2019-09-27T00:00:00.000,51,16,0.33766233766233766,15,10,0.012521819148626493,0.7057860262008734,3975.9351667505007,0.24451100652928964,0.0014524030809558886,-0.597707114791992,-0.05021249436034425,-0.3115158048721179,1.8875025106115806,-0.2349309742937507,-0.6375003126703018,-0.045468988056383594
2019-09-30T00:00:00.000,23,30,0.4888888888888889,14,7,-0.001135275043169483,0.21444141689373297,3524.0388742531,-0.5584007368212991,-0.14190518853183892,-0.688771542389605,-0.0949055525763973,-0.6485979090632356,1.7927420818341688,-0.4619745023788379,-0.6522618132327355,-0.2395670819162309
2019-10-08T00:00:00.000,49,21,0.33783783783783783,4,9,0.028884255012012222,0.4869067103109656,3729.2588309748,-0.3291973696164517,-0.2536824509324936,-0.7297465653242854,-0.12636612557485621,-0.5284393347706275,1.241170172187286,-0.5635734219420916,-0.6263186496003448,-0.44250323150253623
2019-10-09T00:00:00.000,39,11,0.3275862068965517,3,10,0.01709683799072142,0.7588652482269503,3657.1134892293,-0.3156105608357503,-0.2796874428324613,-0.7132364348955742,-0.09291532960575534,-0.43693837908941013,0.5587598295722918,-0.48269849612436166,-0.1577495164296409,-0.6330337732547792
2019-10-10T00:00:00.000,62,7,0.225,4,11,0.03576892160983866,0.8101990728115626,4204.0035277796,0.18271314199327873,-0.15519690375018652,-0.5765214978854141,0.13909195478289438,-0.013833467231493568,-0.1186745420303343,-0.130702916245403,0.37492057968798054,-0.7606584373295364
2019-10-11T00:00:00.000,57,5,0.3372093023255814,5,11,0.01313515742935544,0.4870536931043881,4564.4007426332,-0.25676506569978136,-0.2554521181960007,-0.5472233941451448,0.16280232897499702,-0.012726048273806762,-0.7906581599030298,-0.12478165558914696,0.20794685121778253,-0.6835247496536572
2019-10-14T00:00:00.000,76,4,0.2897196261682243,6,19,0.03591483247363671,0.8564032697547684,5349.3782709832,0.3451788909232213,-0.07473619264709666,-0.3083314906242042,0.21894736585387425,0.4216668936967725,-1.320817909133027,0.23058425231378515,0.6924871895266905,-0.4576896501635684
2019-10-15T00:00:00.000,44,42,0.3333333333333333,7,14,0.0009380958921268357,0.23910675381263616,4590.616706844399,-0.4729523283994996,-0.10348718440370623,-0.33020293245020554,0.17182454143009054,0.42932421349134786,-1.1123963556167098,-0.03918311667981182,0.5013645889672445,-0.3451412299678999
2019-10-16T00:00:00.000,34,27,0.34615384615384615,8,7,-0.012344097857646359,0.26715686274509803,4233.017856696701,-0.559673721787242,-0.15229981659400454,-0.3524597106611502,0.13613415552006242,0.38652957886563744,-0.7736306217529414,-0.3229696425945729,0.12670856488056118,-0.2664110404156289
2019-10-17T00:00:00.000,31,12,0.38,9,5,-0.010229140654128235,0.36093707436665756,3610.944833696,-0.5438995330641613,-0.2976223516054926,-0.4907001001265119,0.12497622048094525,0.04558748329957311,-0.43874728310240796,-0.7624572573419126,-0.21392837247231428,-0.3480871519758199
2019-10-18T00:00:00.000,38,10,0.36666666666666664,10,12,0.024781768638392297,0.18649605227334604,4156.6850899418,-0.2475455912191207,-0.2957784567093605,-0.5742917111490733,0.11391198277393741,-0.01948399618661245,-0.10588074646827761,-0.6467551535604398,-0.4407032943066552,-0.3972462780684025
2019-10-21T00:00:00.000,37,36,0.4307692307692308,3,7,-0.01591638490068572,0.3928084990465813,3699.8937505909,-0.9366522088889809,-0.5521446766718009,-0.7471997014669529,0.04292236818639491,-0.32973112943030236,-0.3065661839011843,-1.14073097437064,-0.7896835209888634,-0.5940235947310584
2019-10-22T00:00:00.000,47,11,0.27692307692307694,3,7,0.016753064932980923,0.767764769942826,3569.103209537,-0.2025793830973209,-0.4980700876113652,-0.7303710092583126,0.11139231141621408,-0.20317057400003025,-0.570080753147671,-0.9819037009560221,-0.3849705281530367,-0.7273863591806975
2019-10-23T00:00:00.000,37,9,0.4032258064516129,4,8,0.013644478014141401,0.261295590636908,3682.3725370907996,-0.6657602214977779,-0.5192873875534724,-0.7139042272752615,0.15107032153807903,-0.3284659747649374,-0.8304589866737937,-0.7257479593350987,-0.38800868153700446,-0.7994962048262899
2019-10-24T00:00:00.000,34,17,0.22727272727272727,5,12,0.017344889714464226,0.45034013605442175,3601.9760544709,-0.24008119942033712,-0.4585237208247075,-0.6976586097902584,0.13956969358086155,0.011029348866936229,-1.0893399240348192,-0.457340930953022,-0.31844972661277493,-0.7974758968298762
2019-10-25T00:00:00.000,36,7,0.3076923076923077,6,11,0.03389296866366616,0.6588683351468988,4056.7207377397,-0.02407553731915895,-0.41382971004471514,-0.7040548249126968,0.14611487659376815,0.14126014965495992,-1.347710158331211,-0.3672841680987591,0.04185646668361755,-0.8069903119026851
2019-10-28T00:00:00.000,159,15,0.17616580310880828,6,14,0.04239014729363764,0.8197389885807504,5201.8048205115,0.8132563924138678,-0.06384798978414541,-0.14685276988116486,0.19241513326481322,0.7043702152681509,-1.1391618418972016,0.19431695211418,0.36664916570561534,-0.6186727830634112
2019-10-29T00:00:00.000,49,25,0.5,7,34,0.005074660607381431,0.1687041564792176,5388.7328241812,-0.6249327542591938,-0.14831866401652,-0.13677053248038915,0.1603484363505005,0.20873798724364812,-0.868016648817991,0.08068500624152522,-0.09073837116174581,-0.3924765254911879
2019-10-30T00:00:00.000,34,57,0.38181818181818183,8,16,-0.0033192074428163775,0.2296195652173913,4672.5042702141,-0.5685749372156498,-0.12888160716009436,-0.1492063832813926,0.051548172596630935,0.25585258894839974,-0.6001988552641722,-0.08354216010736218,-0.11468912579061914,-0.2619354872221454
2019-10-31T00:00:00.000,24,62,0.5294117647058824,9,8,-0.0031614404084219457,0.2436175991309071,4510.1517766316,-0.7958962627042682,-0.24004461981688055,-0.19318588780832976,-0.050374488383971724,-0.411414314263639,-0.3340560677227929,-0.280523941775593,-0.2713503600367992,-0.13940727872703856
2019-11-01T00:00:00.000,39,10,0.3157894736842105,10,10,0.03818373421839061,0.7624219386369807,4347.6365689184,0.2744632848020116,-0.18033685539264646,-0.1780535780824388,-0.056359284595900096,-0.4281317105696763,-0.06860651087879444,-0.23779169923290527,-0.1913678354693224,-0.10204736891948814
2019-11-04T00:00:00.000,34,9,0.5211267605633803,5,10,0.02032065033829767,0.47137042062415196,4692.714490314999,-0.5496800182535522,-0.45292413752613053,-0.7447249586009576,-0.042048611045153186,-1.184956893838012,-0.13605816096625659,-0.44888431346839824,-0.4559757262452343,-0.15782029851890172
2019-11-05T00:00:00.000,30,15,0.3181818181818182,6,9,0.022885080925733502,0.47764833378488214,4813.6733382266,-0.17487557723101302,-0.3629127021204943,-0.8275868615829719,-0.01891267435553958,-0.7791322856981,-0.20240414041355445,-0.2752687122225667,-0.21843615570706798,-0.21864808486365991
2019-11-06T00:00:00.000,31,14,0.3673469387755102,6,9,0.01758353414652761,0.23191547006231375,4524.409165525,-0.44074108137314666,-0.3373459309519937,-0.8376699087556563,0.078807271740925,-0.7430812459597913,-0.33438975347474803,-0.0727504582061265,-0.2165909803100689,-0.2357464416984903
2019-11-07T00:00:00.000,40,7,0.2857142857142857,7,7,0.02207624129392954,0.6266233766233766,3988.3933044755995,-0.02697002207496321,-0.18356068282613272,-0.761627237256534,0.203645705530676,-0.2049655802080498,-0.46547068591050395,0.17048327596848284,0.07620812622622126,-0.30319838413322164
2019-11-08T00:00:00.000,38,6,0.36666666666666664,8,9,0.018068941971228762,0.34522844011895104,4493.0751757016,-0.24485639225544034,-0.2874246182376231,-0.7630976613731744,0.2123415933342161,-0.31491359713062617,-0.595813243578423,-0.023972678108925637,-0.24222277792798314,-0.2842939628784459
2019-11-11T00:00:00.000,26,26,0.43478260869565216,9,7,0.0063306040965723,0.08511213185625506,4228.7867900206,-0.622864086323038,-0.3020614318515203,-0.7965429368186776,0.1726723975477107,-0.12502890538676997,-0.32698569272306244,-0.1601171200846516,-0.5373877230413519,-0.34104004245383923
2019-11-12T00:00:00.000,37,10,0.3508771929824561,10,10,0.04048852342341179,0.5600864164191196,3654.3765527209,0.06097487476909554,-0.2548913414514985,-0.7615382568188716,0.18374140240196785,-0.19550583675118044,-0.058827977142488865,0.012512866028702985,-0.47181496178285365,-0.49280662609576636
2019-11-13T00:00:00.000,36,15,0.3076923076923077,11,11,0.03043147269070555,0.30619421152285636,3592.6749807196998,-0.050933069768149805,-0.17692973913049917,-0.7358834554191978,0.180924417848836,-0.0641872427877532,0.27544306253133916,0.13747421379703945,-0.4130827457654128,-0.6191964241183452
2019-11-14T00:00:00.000,54,7,0.20588235294117646,12,13,0.037113935368074294,0.5917319643339638,3877.3175981823997,0.4623315960966697,-0.07906941549617258,-0.669128201207518,0.1806240595206578,0.11257412173519946,0.608886550389664,0.2838266571746707,-0.43749915752625973,-0.6327699385596226
2019-11-15T00:00:00.000,34,24,0.38181818181818183,13,9,0.0019319344893609955,0.17796381312449366,4010.0213485742997,-0.3211403670622076,-0.09432621045752604,-0.6850220843372121,0.1385069792510237,0.07867913720663855,0.9408570835901637,0.12452523129148171,-0.5643230529184105,-0.6935067672863677
2019-11-18T00:00:00.000,53,9,0.22058823529411764,14,10,0.02247038464894862,0.6831175836030206,3641.4234470382003,0.4489015871687115,0.12002692424082387,-0.5592444056721511,0.17752337678652633,0.5478118244645492,1.2700418310395691,0.28115176109381906,-0.10288841214824854,-0.7742075058782978
2019-11-19T00:00:00.000,74,0,0.20430107526881722,15,19,0.037789201583964704,0.9152953871054761,4182.2214592857,0.8914171706522629,0.28611538341745735,-0.38791003089443177,0.20052067252588496,0.8663329580040049,1.5945259928501474,0.2544112280632903,0.17084653001684175,-0.695919666643537
2019-11-20T00:00:00.000,52,4,0.2972972972972973,16,21,0.01886733050077998,0.24008632317237658,4258.746856947299,0.21126980208515203,0.3385559577881177,-0.313745209402287,0.22566348174743373,0.8846551365459208,1.9118930181633864,0.14032833588757374,0.11954768720742744,-0.5984507456326317
2019-11-21T00:00:00.000,42,4,0.3333333333333333,14,15,0.014403564799240157,0.43692722371967657,3609.8460892184,0.033892706962442856,0.2528681799612723,-0.3681276442020104,0.23218349461056062,0.6003401524117905,2.024640959779641,-0.0826052435658956,0.00034332843438896756,-0.6366977877395691
2019-11-22T00:00:00.000,34,13,0.45161290322580644,15,15,0.0272686606657263,0.2629310344827586,4709.4163187406,-0.04683332521994722,0.3077295883297244,-0.36776829332362315,0.25705500129257636,0.4443325263227,2.1328365090908363,0.16601633584576997,0.06588869742817724,-0.5442536583483666
2019-11-25T00:00:00.000,52,33,0.2571428571428571,11,17,0.03600041334540278,0.48506056527590846,4198.3804209651,0.23542105158357085,0.2650334812126963,-0.3712543889050808,0.19979308940451038,0.3616502415116584,1.9153991353570348,0.29900622252208875,-0.08646803599567515,-0.46289189540566245
2019-11-26T00:00:00.000,40,15,0.25925925925925924,8,14,0.0047080303282962645,0.38438761776581426,3933.4129962527004,-0.2181283079909475,0.0431243854840542,-0.5266117504758344,0.16415481592786887,0.23961482995106617,1.4429693523926155,-0.0280272546238133,-0.49415204225796117,-0.49607725252556245
2019-11-27T00:00:00.000,28,11,0.46153846153846156,9,12,0.025736931881373624,0.3807215939687668,3554.3262540707,-0.41569306252445226,-0.08226818743786665,-0.6359713533937146,0.1474456386816772,-0.12125836264117096,0.9752699606788667,0.03990671268191136,-0.3848108434018821,-0.5964590646707545
2019-11-28T00:00:00.000,37,14,0.27450980392156865,8,12,0.028013690834871312,0.3230064655172414,3178.1238498551,-0.203135636425036,-0.12967385611536242,-0.6569703746696518,0.12366884517993107,0.008071172842391339,0.581504187191592,0.1741470604546354,-0.47139564789275734,-0.6667422359136779
2019-11-29T00:00:00.000,38,9,0.2549019607843137,9,13,0.02179562757907061,0.5176407217883113,3413.278052124,-0.02131120415326528,-0.12456943190202603,-0.6363136097814387,0.13299870310063794,0.43932679853837175,0.1914524684471357,0.11948484289172104,-0.2736175432338329,-0.8453176832767774
2019-12-02T00:00:00.000,38,13,0.3333333333333333,10,12,0.02536870831806055,0.4653732147669092,3423.7026394232003,-0.10684313165508688,-0.1930222685497576,-0.6989309090735684,0.17989615673493775,0.27038576968811373,0.12752951887609404,0.01431586469253992,-0.2876584974203055,-0.956693783346115
2019-12-03T00:00:00.000,51,4,0.2714285714285714,11,12,0.022549686004820855,0.6571582346609257,3469.5056200489003,0.18741797534190313,-0.11191301188318745,-0.6452423302325554,0.20566809588147725,0.24283527429396204,0.32093613765970674,0.19078853414111108,-0.07519211646697295,-1.0231846784590413
2019-12-04T00:00:00.000,40,5,0.3939393939393939,12,21,0.030397241963309105,0.465016146393972,3555.685735769,-0.03845166666779763,-0.03646473271185653,-0.5874545961023532,0.21951648854488298,0.3896511778735621,0.5142228625052844,0.23705375993696648,-0.0100138537157203,-1.0182289680256187
2019-12-05T00:00:00.000,45,4,0.296875,13,16,0.0309565713765211,0.7951062113471363,4236.864032142,0.4372477811201968,0.09161195079719002,-0.5484116358299829,0.24284407470161423,0.3395009062194928,0.8355021803223597,0.2662058260506501,0.3569256186456241,-0.8512833145294282
2019-12-06T00:00:00.000,57,5,0.25,14,17,0.03544911559305525,0.6283947297660661,4097.2994901708,0.5189982054284056,0.19967383271352418,-0.4580485255684542,0.25182573587414964,0.350031865784629,1.1547265006026577,0.40212228052028987,0.4417662129344467,-0.7447072411530498
2019-12-09T00:00:00.000,38,6,0.36666666666666664,15,17,0.02856279265952774,0.4935483870967742,4607.4517512327,0.23523782729101356,0.26809002450274433,-0.45710641678911895,0.2679080888723937,0.275051286570926,1.4703769570838872,0.4328066267228759,0.4616663920578592,-0.5740727629996132
2019-12-10T00:00:00.000,48,2,0.22580645161290322,11,17,0.05294182688327241,0.5192255982791073,4665.228522172,0.5071543711024289,0.33203730365484946,-0.46974566781281035,0.2721136482852957,0.37560566964511444,1.4614709136162303,0.7369217559547694,0.35259089959058504,-0.40469609369523873
2019-12-11T00:00:00.000,45,8,0.3181818181818182,12,14,0.0168890225087189,0.338527673293928,4664.9606204959,0.02401756134698566,0.34453114925780615,-0.44515111378189215,0.26420023307957086,0.54073232327396,1.4516934184674006,0.5984390764938865,0.2517690453312211,-0.24996493805950465
2019-12-12T00:00:00.000,47,9,0.3472222222222222,8,16,0.01751855946846115,0.3216970998925886,4487.8191086858,-0.22026471717838597,0.2130286495980896,-0.4345979720794949,0.251490445078109,0.4274114680310731,1.122011064612567,0.4610418553959736,-0.11931099202761546,-0.216845321823986
2019-12-13T00:00:00.000,46,4,0.4025974025974026,9,12,0.018629082184570798,0.825596994902066,5654.0944736679,0.12864395914528817,0.13495780034146607,-0.4849568297421459,0.253354627859812,0.08823601915263646,0.7938531665474835,0.29010997153228485,0.03706413246227656,-0.03295648542208536
2019-12-16T00:00:00.000,74,1,0.22916666666666666,9,16,0.04484251893063257,0.8713481640310908,6223.831637429299,0.7563396686039503,0.23917816860405341,-0.3136936867126905,0.26492018332491324,0.3926407461655888,0.4046490394455186,0.4535302718903056,0.33327746459345214,0.13892316152128567
2019-12-17T00:00:00.000,63,1,0.38235294117647056,10,23,0.0373706565265922,0.8273921200750469,7512.725019655501,0.5171629954700812,0.24117989347758387,-0.24199640902298744,0.26680818354818603,0.044630648020696204,0.3397055298051921,0.2951476997469696,0.5729660393664918,0.4109975628785388
2019-12-18T00:00:00.000,70,1,0.2631578947368421,11,21,0.03747909598975671,0.41972661484856605,6677.6891626715005,0.49852204829801205,0.33608079086778914,-0.12314008549546414,0.28319693003872926,0.1669073999385151,0.2755659035844064,0.5014287056686138,0.6343163107802314,0.6142903715594923
2019-12-19T00:00:00.000,79,5,0.25471698113207547,12,25,0.021553744629917788,0.6881028938906752,5781.4212083673,0.5559497118464454,0.4913236766727554,0.028808196667867582,0.2921821867812725,0.3716605766287122,0.5316317700304396,0.5398468033089404,0.918718072856171,0.7564181304358846
2019-12-20T00:00:00.000,70,3,0.32038834951456313,13,27,0.014398076057027358,0.23907799517555614,5703.4791538688005,0.15992970845320542,0.4975808265343389,0.14219458766599424,0.29391351925097203,0.5524279055359582,0.7869754406246879,0.4945607201224306,0.45451902797981497,0.7584745845605141
2019-12-23T00:00:00.000,48,33,0.4074074074074074,14,22,0.0027732918231239325,0.12101740294511379,5370.3914493713,-0.2361953294920611,0.2990738269151366,0.01781158512705816,0.2146673485693153,0.1539738065547456,1.1047865625912419,0.0668792253956596,-0.13565272324674665,0.6710509834146821
2019-12-24T00:00:00.000,100,5,0.23076923076923078,15,27,0.0358774603146124,0.8868378812199037,4421.9005983513,0.9054836451963633,0.376737956860393,0.19469116586834717,0.20451638791734114,0.49066822373240415,1.4194689547463581,0.05235415073874459,-0.08890116635926706,0.36436798137882276
2019-12-25T00:00:00.000,52,15,0.48,16,17,0.008694584624457352,0.44872824631860775,5030.9887270875,-0.021577370075669778,0.2727180731856566,0.10786517775450807,0.169735178737932,0.006195774303535373,1.7292126774756569,-0.23916258512103203,-0.06578524948319267,0.2009655386321887
2019-12-26T00:00:00.000,67,4,0.2717391304347826,17,18,0.0423383456966262,0.7079764453961456,5034.8192575358,0.8112170898104409,0.3237715487784557,0.05037889188368394,0.17200803290099032,-0.03179203901775485,2.0318442079368366,-0.026845389304510282,-0.05033725558768134,0.12114439263762558
2019-12-27T00:00:00.000,52,16,0.4157303370786517,18,22,0.02216916827720079,0.27554842161583737,6318.674673339099,0.2529053945678591,0.3423666860013865,-0.036180740380287665,0.13966502846639983,-0.2435224071355319,2.324941034387588,0.05197273013356195,-0.021102081223273818,0.18079323776124903
2019-12-30T00:00:00.000,54,40,0.325,19,16,0.007986516859583358,0.6106951871657754,6108.1083289448,0.4678597718177016,0.48317770626333906,-0.007814778187092291,0.12153770108985759,-0.059039779351030684,2.6059715813862105,0.10405410560801442,0.3624299521273983,0.2551051611700149
2019-12-31T00:00:00.000,59,15,0.2891566265060241,12,20,0.03348606041830797,0.6019780807270784,5324.5689578496995,0.399700038330057,0.3820209848900778,-0.20425084143467126,0.09668489814078067,-0.18899590590634235,2.390959029906187,0.07998379456556678,0.13843490143266562,0.3613310175263581
2020-01-02T00:00:00.000,100,2,0.24812030075187969,13,25,0.045533358059626154,0.906951871657754,7512.6547209413,1.0732499510034217,0.600986449105896,0.028085143300943048,0.12893390079238684,0.3285340451548029,2.176221723471507,0.45502184038900795,0.49709455738905695,0.5930139332435672
2020-01-03T00:00:00.000,87,5,0.2689075630252101,14,31,0.023649255262411822,0.5477145148356054,6952.1523466448,0.6349888168459711,0.5657407945130022,0.12481805011856417,0.12643978509372547,0.3342320566424176,1.963537466796356,0.2632199995730509,0.3699535909261275,0.7779846124407725
2020-01-06T00:00:00.000,98,4,0.3287671232876712,15,32,0.03722938225479373,0.5500935078813786,8038.7760426146,0.7800025462967891,0.671160224858788,0.34671399560775157,0.15616488976916618,0.5262203753943732,1.7548625901034218,0.4160740880315454,0.5830916092404009,0.9149940258648573
2020-01-07T00:00:00.000,103,3,0.2896551724137931,16,33,0.03029474976506354,0.8012289607266898,7321.135070883401,0.9511498944504462,0.767818249385337,0.5825573188019404,0.2478706911214355,0.603329735528719,1.5522339747685596,0.6419301596259274,0.7306185813069545,1.0161872845438225
2020-01-08T00:00:00.000,68,4,0.33980582524271846,17,27,0.019209674387164057,0.19267771245323356,7790.3056162609,0.3879165791375471,0.7654615575468351,0.6236864545636945,0.2747203582049329,0.4880116291269747,1.8391507245498349,0.493633198847525,0.406754483246591,1.232274054288292
2020-01-09T00:00:00.000,84,5,0.29411764705882354,7,14,0.001490145653246976,0.860502405130946,7064.1623662588,0.29439886097831064,0.6096913395418129,0.5442446926672057,0.26661333708051194,0.38401487022108727,1.4733741217927523,0.04089726810776684,0.36833447282181525,1.1903606141015506
2020-01-10T00:00:00.000,50,13,0.3150684931506849,8,16,0.001682503263177392,0.34411764705882353,6399.895681368401,-0.15914170851330173,0.45086523446995824,0.3625361535808807,0.24586187416403807,0.27988573399826483,1.1078764542522346,-0.18456668937108706,0.20764334196143613,1.1368197727039404
2020-01-13T00:00:00.000,72,14,0.2,9,9,0.018678809591462838,0.7125668449197861,6677.631795286001,0.49166118442056284,0.393196962094713,0.23527272918792114,0.22013501511352468,0.5689931316111622,0.7435804684646349,-0.37352003635891023,0.3339975329198883,1.0239198937247704
2020-01-14T00:00:00.000,62,11,0.38,10,16,0.0204135582324761,0.40315255142933476,7017.1726310409995,0.07158765256983572,0.2172845137185909,0.034871268148154014,0.19955207239498501,0.36394320741321995,0.38057693787978275,-0.4731277677800912,0.0202483387361146,0.9949275392379711
2020-01-15T00:00:00.000,49,12,0.24615384615384617,11,13,0.005887121379104664,0.29869088966069995,6108.9566837643,0.05646609959822072,0.15099441781072562,-0.05896276021085158,0.17893453420133562,0.5717003534569045,0.021679640466513585,-0.6080386711659941,0.1031852885667546,0.8484625393604166
2020-01-16T00:00:00.000,48,12,0.2835820895522388,8,13,0.00895410830377373,0.28712606837606836,6125.9513647304,-0.11944697503858416,0.06822525060734667,-0.23474041189482917,0.16105246426746264,0.5914953918822186,0.07368097280560894,-0.5281802042981418,-0.3461971385556888,0.760465680044796
2020-01-17T00:00:00.000,44,21,0.37142857142857144,9,15,0.02008169588459424,0.3289754535752401,6072.5329210436985,-0.14421110524985561,0.07121137126003592,-0.2634622668099344,0.14083814258746544,0.46174633584201674,0.12602573749336082,-0.33506133943127225,-0.35570226134855976,0.7240952504871744
2020-01-20T00:00:00.000,74,17,0.3333333333333333,10,13,0.032367424679875634,0.6694214876033058,6789.686181447,0.40065507465319455,0.05301014930656224,-0.2526102263184616,0.13350496219518207,0.15820800384041458,0.17923370179358433,-0.19073630543064463,-0.38499138012105666,0.7284622891869172
2020-01-21T00:00:00.000,69,38,0.26595744680851063,8,29,0.044926357249051745,0.21129762856381562,6902.978555920599,0.20460673204535293,0.07961396520166568,-0.2171797484729221,0.06572262390581321,0.41215198310690315,0.05203366703481273,0.06463875665995464,-0.5333032687110674,0.7132337428881652
2020-01-22T00:00:00.000,62,38,0.32608695652173914,9,16,-0.00353288772907447,0.454618046313548,7077.5229855963,-0.08348710468335106,0.05162332434535133,-0.15202988162747572,0.000909453313238645,0.23101050372272786,-0.07362832719250748,-0.0324939845276472,-0.4064250245869217,0.7940205313160444
2020-01-23T00:00:00.000,34,108,0.40350877192982454,7,15,0.0143278716512914,0.0800531914893617,8086.165890575299,-0.5443431983302823,-0.033355920312988306,-0.21986005479986667,-0.24055102678588977,-0.038230654169618704,-0.14096487849561146,0.021393772395125132,-0.5676584780228573,0.9523798776878005
2020-02-03T00:00:00.000,84,3212,0.18446601941747573,8,17,0.016577873268482094,0.043617021276595745,5188.9975284357,-5.754146025601288,-1.1553429043832746,-0.024351987047594614,-8.280467627524725,0.38047326683087995,-0.2069606656760162,-0.01769521400951917,-0.7888769280471559,0.8504788247912078
2020-02-04T00:00:00.000,165,114,0.26339285714285715,9,35,0.05014489747555861,0.39723477798457857,9096.2205273198,0.815382648409691,-1.0723973896319754,0.41899902456113114,-8.370986700293328,0.5345699661927029,-0.2717708124675301,0.1633071576545502,-0.9995042553343072,1.018603892262953
2020-02-05T00:00:00.000,184,3,0.425,10,72,0.0705844892100224,0.8939957492029755,8719.1384523989,1.1406524296503882,-0.8851882501109684,0.9714712082181162,-8.305514038047189,0.1768285739548333,-0.15317282040511077,0.4232142477082762,-0.4593080365848678,1.1501631143791633
2020-02-06T00:00:00.000,255,4,0.21779141104294478,11,109,0.07433207103212142,0.9049136786188579,9130.7520700631,1.7911177113966072,-0.5102672868949767,1.8852667130742837,-8.241301991626298,0.4156076298181162,-0.033685399774215696,1.2149721525393704,-0.10583827155395405,1.2931081592578595
2020-02-07T00:00:00.000,191,6,0.25680933852140075,12,91,0.03913523787319156,0.605416887944769,9292.914173102901,1.112326099743235,-0.17893342728027317,2.6054436632011324,-8.00241239750383,0.7392909279246502,0.27096737746713007,1.460372537863087,0.3082699358965044,1.3655339641894142
2020-02-10T00:00:00.000,187,31,0.2916666666666667,8,40,0.012590765700928456,0.7592248473586408,8854.6834569319,0.7115432828456417,1.1142044344091127,3.0519747891611138,0.03439886173748294,0.4941419470037503,0.2647878326409309,1.4142423322454873,0.8668075231120191,1.6730777549630045
2020-02-11T00:00:00.000,76,39,0.3153153153153153,7,28,-0.00995978721365762,0.3626956752454232,7858.2250247575,-0.17088953712119354,0.9169499973029358,2.59864364069979,0.10419358732974285,0.3764947673333091,0.13538826350831873,0.7952734753454072,0.836021751066089,1.5726344958378935
2020-02-12T00:00:00.000,129,1,0.2085889570552147,8,22,0.029116068173205712,0.8387695571466455,7898.7180400696,0.7838196159677177,0.8455834345664016,2.2970715464356375,0.10616639663386787,0.8560154088787586,0.007171009816501051,0.3635037326980492,0.7873624647023167,1.50179348279968
2020-02-13T00:00:00.000,63,7,0.42201834862385323,8,25,0.012937342200109494,0.22236946726742646,8708.8154084624,-0.18868510466436111,0.449622871354208,1.3723050295411776,0.10345435227998745,0.40043862933395974,-0.18241455929802702,-0.2611657967065263,0.25146876352171105,1.4632736808071736
2020-02-14T00:00:00.000,70,9,0.35185185185185186,9,17,0.029308917025789468,0.4417064122946476,8128.053932325301,0.1920419754505116,0.26556604649566334,0.8087738302754998,0.10062676275759515,0.18544668356000557,-0.37083525984123983,-0.35974828423592553,0.12132639175354823,1.37337220120016
2020-02-17T00:00:00.000,186,0,0.17699115044247787,10,40,0.0660790281693892,0.974569536423841,9369.2750837208,1.5143837195871386,0.4261341338439627,0.7919186818926984,0.12904183579349274,0.4454032215166359,-0.24786905489933356,0.1794460268128602,0.2856499235174729,1.3993483022739122
2020-02-18T00:00:00.000,146,3,0.23958333333333334,11,54,0.03741050619105398,0.7433112582781457,9997.1548012424,1.0081907378233865,0.6619501888328787,1.0946002388103733,0.16172261704480068,0.6121481222481925,-0.0009781839152747107,0.6526811003314433,0.576715492095288,1.5367619352153281
2020-02-19T00:00:00.000,97,17,0.3782051282051282,11,32,0.011600072079858362,0.3230076780513635,10385.4952498568,0.21098981770858938,0.5473842291810531,0.9420362730282218,0.1456935608125007,0.22819029840683386,0.18282766608954898,0.4700715297361824,0.16990425433530626,1.6929660218587776
2020-02-20T00:00:00.000,126,1,0.25,12,31,0.036668943221711055,0.8437913688112259,10681.049096869601,1.0455780868934441,0.794236867492614,1.2125168390716852,0.15013868845542028,0.6075708138184115,0.42907846102854474,0.703588660979986,0.6503027895774608,1.8064618195167903
2020-02-21T00:00:00.000,109,2,0.31875,13,34,0.03296307866000741,0.6068783068783069,11707.415517346,0.8035176391565301,0.9165320002338178,1.3766291135513589,0.15562387199451158,0.6800748431436371,0.6750203247489364,0.7365846271403853,0.7764928062879047,2.015298414769991
2020-02-24T00:00:00.000,171,4,0.2629310344827586,14,47,0.052969670018125845,0.5636075112404126,12217.2766680662,1.2645253702300898,0.8665603303624081,1.2944593229084895,0.15114969080844926,0.4814125714142518,0.9210361281985497,0.6023177772944417,0.4566100222772384,2.1589367996354363
2020-02-25T00:00:00.000,147,3,0.2422680412371134,15,63,0.056957711798912,0.3015075376884422,14148.728345929,1.200693550370732,0.9050608928718772,1.287839344862896,0.15067543189428292,0.4746319736896984,1.1656576643700005,0.7979856790704298,0.11453862885108701,2.3440975273647457
2020-02-26T00:00:00.000,94,101,0.41975308641975306,16,37,0.000581667663458954,0.358011634056055,13123.591406147,0.3125636767252254,0.9253756646752045,1.2678331571558477,0.07298704335786968,0.3795605978484883,1.470324899293233,0.6883684331069804,0.14479950190318716,2.4537560200608244
2020-02-27T00:00:00.000,108,27,0.2847682119205298,17,26,-0.005711920837546476,0.49048122686409307,10503.5587055401,0.5954095274418385,0.8353419527848832,1.1807896263870001,0.04930677467042638,0.2998332976650414,1.7697513043654307,0.2641855310111589,-0.12737209609304243,2.410899231488168
2020-02-28T00:00:00.000,51,298,0.2714285714285714,18,16,-0.026908180363536868,0.06159132963256675,11290.835933151402,-0.06386958644079968,0.6618645076654173,0.9232608559208849,-0.224068703562648,0.40628482220259377,2.0618355786937848,-0.33414495664030347,-0.5543586160669298,2.3542425731105387
2020-03-02T00:00:00.000,215,1,0.32601880877742945,19,21,0.05499976394665016,0.9643046007403491,10290.0639941977,1.6433630633027472,0.7376320462799487,1.1051791518415235,-0.21981039756951753,0.26131535193286604,2.3446270808338183,-0.31475232281255877,-0.2335134402352954,2.220378899968805
2020-03-03T00:00:00.000,118,0,0.4824561403508772,20,51,0.03534096280466254,0.7003438243850834,11756.9637841388,0.8805427246045981,0.6736018811267219,0.9707222995381057,-0.2155661049600038,-0.28663531857501445,2.6163862468099035,-0.5301214992966314,0.08165193604882218,2.0787756083218722
2020-03-04T00:00:00.000,120,3,0.19463087248322147,21,39,0.032881397912640074,0.6611964002117523,9918.285341431,1.2699996646298675,0.8650890787076504,1.0762659151765246,-0.12342150853499571,0.2223608940964525,2.873449463396753,-0.20386103502638253,0.31952772975953503,1.8913020920856656
2020-03-05T00:00:00.000,174,1,0.23348017621145375,22,50,0.04678536743876683,0.7988885948663668,11716.3781391595,1.6438727263927249,1.0747817184978277,1.3525315972128529,-0.09826628327170539,0.3378778112208335,3.1136648336386967,0.32205070926731083,0.5628197796396991,1.932793581777105
2020-03-06T00:00:00.000,117,5,0.2777777777777778,9,42,0.019545438027949474,0.3941238750661726,9572.942188988802,0.3688247253204619,1.1613205808500802,1.6432204020496868,0.17383789397109362,0.3211905374471255,2.5518089335633594,0.7905726295569353,0.8264840095760917,1.8221296597862673
2020-03-09T00:00:00.000,93,96,0.3716216216216216,10,44,0.023801600691068896,0.1384696849351337,10859.317787388602,0.056008948955288594,0.8438497579805881,1.1164294609903078,0.08617062410104372,0.2146579979319594,1.9936139317393646,0.4815987704947126,0.17313911438543256,1.841338406221297
2020-03-10T00:00:00.000,141,23,0.25396825396825395,11,26,0.0009140361635329367,0.8313922710428798,10812.2853386633,0.711091308277321,0.8099594747151329,1.22855872688224,0.06519527124699444,0.7326017876846896,1.441863803324266,0.13901370131122195,0.2782302666134096,1.7842527659431078
2020-03-11T00:00:00.000,86,12,0.49707602339181284,12,43,0.021145725931436953,0.2733050847457627,9726.5188936461,-0.029731435057481357,0.550013254777663,1.0878012678271898,0.05713912704644155,0.03818213258196486,0.90149865231045,0.023855921765391308,-0.024457083224616684,1.7660727651368204
2020-03-12T00:00:00.000,68,25,0.2608695652173913,13,30,0.01347721223647783,0.14958962139263965,8373.7300076273,0.14719887407529758,0.25067848431417766,0.6366907526040035,0.03528616588399757,-0.025670139597056062,0.3764422908338287,-0.307241382950166,-0.5327124375913675,1.5719541410160032
2020-03-13T00:00:00.000,80,27,0.2920353982300885,14,21,0.013806522925392766,0.22339862361037585,9663.888176218,0.2766799188606205,0.23224952302220933,0.4720543918165883,0.015367816474125096,-0.06074961342512954,0.6539448296299641,-0.3653298317187374,-0.6627747475447803,1.5732338159234351
2020-03-16T00:00:00.000,52,184,0.559322033898305,6,21,0.0019164445269094373,0.08551760656605772,9630.3208045811,-0.8339320991968165,0.0542613133917883,0.29049429590260456,-0.06532094921982695,-0.4897807164533209,0.42893962980719386,-0.5868357936050301,-0.6978308691057732,1.500163596416671
2020-03-17T00:00:00.000,77,32,0.23,5,18,0.010249255842753591,0.39369870267407997,8178.2010687174,0.0219663391026251,-0.08356368044315086,0.013036658444754406,-0.07271370629612825,-0.4351011093448389,0.09410323312653138,-0.49010037212909385,-1.0355867765859474,1.3414163096826668
2020-03-18T00:00:00.000,55,18,0.5736434108527132,6,20,0.016446625082466956,0.17341805665872387,8367.7606055849,-0.6188009685250134,-0.20137758713665727,-0.1202729673394343,-0.0772316644276942,-0.5970656103536185,-0.23844990581794584,-0.5305108326415069,-1.1059604261481593,1.2598482967717581
2020-03-19T00:00:00.000,79,25,0.21,5,20,0.022036794458768463,0.5974609891563079,8221.768692155601,0.27903041623113317,-0.1750112787054902,-0.05795891264631379,-0.077157485062448,-0.48129307083097983,-0.6806931212119309,-0.4365816460066478,-0.7470276492368562,1.2556329340567456
2020-03-20T00:00:00.000,112,6,0.19424460431654678,6,18,0.022273583411645502,0.78852762357917,7167.9479474687,0.5382030419601883,-0.12270665408557661,0.12276539110877951,-0.057706945526160694,-0.25833811973824133,-1.1204183092598707,-0.3442165487405465,-0.29486193017825946,1.0938298837352634
2020-03-23T00:00:00.000,49,159,0.30985915492957744,6,19,0.0021990406299694618,0.08557844690966719,6871.9343749278005,-0.5417652802339522,-0.06427329029300373,0.10853500075418039,-0.034863264228995175,0.3107579878298688,-1.112267763562429,-0.34166405679435957,-0.29296847143101407,0.9125575353817224
2020-03-24T00:00:00.000,88,19,0.3282442748091603,5,10,-0.011046431628457193,0.861558784676354,7123.178714918501,-0.022022071826466063,-0.07307097247882195,0.17727511794364853,-0.023186289315269303,0.08458313250940838,-1.104869915931717,-0.5673116583010485,0.0786638682012006,0.8433489375420236
2020-03-25T00:00:00.000,118,4,0.2670807453416149,6,24,0.03315386722911942,0.9170190274841438,7511.3708596414,0.6219455395906129,0.17507832914430332,0.49978904360527193,-0.011005038045693305,0.7719845110242534,-1.0973582357218754,-0.3918532822344273,0.6638922141528807,0.7900990912297131
2020-03-26T00:00:00.000,57,18,0.40625,7,17,0.003198281017135275,0.25904409823078955,6423.290853721799,-0.4587712517777592,0.027517995542524865,0.3941200004856201,-0.004411242967184553,0.3215172580083886,-0.9781552866838273,-0.5916764055475532,0.3962904963475,0.6549411491547301
2020-03-27T00:00:00.000,53,17,0.4536082474226804,8,9,-0.008038255658726417,0.38575197889182056,6337.596791886199,-0.5248114142718776,-0.18508489570388834,0.09617397900501443,-0.014461770553256656,-0.2703147337791783,-0.8607778466985632,-0.9127558665554709,0.07699146914253793,0.589550499511698
2020-03-30T00:00:00.000,41,50,0.24074074074074073,8,9,0.012354843045198396,0.18474531538664554,6329.645807061,-0.20193794892667297,-0.11711942944243248,0.056096105693835094,0.08641771505424944,-0.11489160138801671,-0.7447862243901144,-0.8050305892302123,0.15641391010458916,0.5459446780586421
2020-03-31T00:00:00.000,74,17,0.26,4,9,0.02382620145708404,0.3953549749274215,5616.1856205623,-0.09254295773201608,-0.1312236066235425,-0.013799680965587363,0.08821231265206413,0.04036801189605701,-0.7987849435673849,-0.4349549168232582,-0.21148104808773516,0.41187501853104697
2020-04-01T00:00:00.000,40,24,0.4805194805194805,3,11,0.00719147651156879,0.33500395673964656,5847.3312831646,-0.759048745888257,-0.4074224637193165,-0.4096513146245832,0.07006964189096342,-0.4450650818175852,-0.9644335325450342,-0.706783292522061,-0.6674089099693006,0.2713152435523852
2020-04-02T00:00:00.000,100,9,0.12280701754385964,4,15,0.04505417168246327,0.8765497230282248,5976.1006729011,0.695179684170182,-0.17663227652972824,-0.18374635305462553,0.07880686574694332,0.19888219755726338,-1.1282236494597968,-0.25963709293405723,-0.17630252285549028,0.2337946192916654
2020-04-03T00:00:00.000,72,8,0.28,5,20,0.025764536646780467,0.3043248945147679,5722.2016035388,-0.1088582473047569,-0.0934416431363041,-0.08225994803497924,0.08746920229492872,0.5906450772913308,-1.2906806578637156,0.10113808781437532,-0.23923423258582055,0.17883096912975188
2020-04-07T00:00:00.000,152,5,0.21243523316062177,6,36,0.05980996182482517,0.974927421483241,7318.4871806902,1.07220983746856,0.1613879141427425,0.49076530547689734,0.12921137712361533,0.6501478351587491,-1.3962972213661806,0.6043800530763181,0.3836427247357287,0.2678653247940696
2020-04-08T00:00:00.000,94,10,0.27692307692307694,7,30,0.02198969337521243,0.566904196357878,6738.819469104499,0.23782437325281425,0.22746138033970859,0.5935493074129278,0.13561512368559298,0.6071877763962638,-1.22095353960819,0.5838864570159843,0.5161000912404994,0.37684444623488184
2020-04-09T00:00:00.000,109,9,0.30128205128205127,8,28,0.019485593787754975,0.606963861777895,6530.5887377842,0.280858610749074,0.4354428516671748,0.9454506666123595,0.14917888636270552,1.0100892436836921,-0.9359789894487307,0.7104160456778029,0.7257994117324408,0.4431446970499528
2020-04-10T00:00:00.000,40,43,0.5061728395061729,9,12,-0.02594730146771923,0.13924050632911392,6719.393539859,-0.8812311714627618,0.12016068054058597,0.6357353185457073,0.117400807234274,0.13639037166766793,-0.6544516376734415,-0.04847598720172632,0.1410793683639766,0.513446522847644
2020-04-13T00:00:00.000,56,42,0.30864197530864196,5,10,0.007181461182613746,0.3057240833553152,4989.200618847,-0.42805324092638797,0.05632168181625978,0.5531764859289701,0.0857855005589582,0.07271388183582606,-0.6501802754111456,-0.24462757997153656,0.1420729113765433,0.4353108483962032
2020-04-14T00:00:00.000,85,4,0.24778761061946902,4,15,0.03160439178445841,0.877373417721519,5891.9988203864,0.34622861328943044,-0.08887456301956613,0.2116360119117296,0.08676263778715469,-0.0058551432114076095,-0.7556708260184575,-0.5400339178279829,0.0682013288596122,0.3128379673623886
2020-04-15T00:00:00.000,62,9,0.3541666666666667,5,17,0.016150898251581145,0.27064099182273804,6409.3311719165,-0.2961630483314095,-0.1956720473364109,0.05162644306636664,0.08778465133627951,-0.17937697742171024,-0.8597573837786033,-0.5979406988976718,-0.16194014765659476,0.2898997819970579
2020-04-16T00:00:00.000,88,14,0.21428571428571427,6,21,0.0313062966107335,0.5114564129575981,5948.6954207824,0.2859375930519218,-0.19465625087584132,-0.04703585695765462,0.08344169292823718,0.01980086381146524,-0.9628382086865805,-0.46600114114515134,-0.23234010438713154,0.2423789983059265
2020-04-17T00:00:00.000,56,8,0.4563106796116505,7,13,0.0018062204977079453,0.41210526315789475,7401.4814646568,-0.3664150865553816,-0.0916930338943653,0.03944929196875259,0.11606589957528697,0.13545168088515075,-1.0656201531000458,-0.16332617463845578,-0.014558075409355964,0.3106862934581104
2020-04-20T00:00:00.000,83,6,0.25892857142857145,5,19,0.04142438139605707,0.6842243876744799,6171.6147260611015,0.3556209943833893,0.06504181316759015,0.1859936757685106,0.14947385994999643,0.24673137988642074,-1.0577646136097598,0.20329482977497274,0.28465206791733405,0.4429114924856566
2020-04-21T00:00:00.000,62,13,0.3404255319148936,6,18,0.028243589395977695,0.3022643496577146,6491.7924003761,-0.11226229039173466,-0.026656367568642862,0.07017278912659441,0.1411550633293581,0.03689748420239938,-0.9399115466085183,0.16740217808650676,-0.16976377229966635,0.5074532311828261
2020-04-22T00:00:00.000,101,13,0.23484848484848486,7,19,0.03770538207227386,0.6567596002104156,6058.1943994001,0.48585333480325665,0.12974690905829037,0.27955575705069374,0.13744081513105952,0.3053374033906151,-0.8232695974649893,0.3958677384818875,0.13363516237286127,0.4796610844459047
2020-04-23T00:00:00.000,76,18,0.2830188679245283,6,22,0.01880771894370784,0.3463055482513805,6704.026389065901,-0.004871147435553074,0.0715851609607954,0.21921118350734572,0.13365203196867642,0.14755757291817215,-0.817437555554636,0.259678598547242,0.0019881440154570383,0.5564461513233107
2020-04-24T00:00:00.000,43,56,0.44155844155844154,5,12,-0.016591936855804863,0.18963703314045238,6250.6866794098,-0.8396895657444209,-0.02306973487701247,0.15110830018198435,0.0891951053366926,0.17832308168808092,-0.9223389637582862,0.05896033163427612,-0.17470673423624222,0.4579707350144074
2020-04-27T00:00:00.000,58,72,0.4020618556701031,5,12,0.010598734308543743,0.352709100473435,5565.414154305699,-0.47381646344625683,-0.1889572264429417,0.02009093488155033,0.02827426067949254,-0.14664194926530172,-0.9165782340961132,-0.27053085972407115,-0.43571937980872466,0.3984046422325763
2020-04-28T00:00:00.000,38,97,0.42424242424242425,3,11,0.005641129568210928,0.21955719557195572,6737.1956037776,-0.7045641826796347,-0.3074176049005217,-0.10549591292791793,-0.04901030695438328,-0.3364426466691724,-1.0756612189828434,-0.5103706937744129,-0.49976254789883223,0.42482009290391076
2020-04-29T00:00:00.000,60,63,0.29411764705882354,4,10,0.016269389334585133,0.4575957727873184,5326.374149969999,-0.23323972457414183,-0.45123621677600145,-0.31996988788806185,-0.09455883454984347,-0.46909119623662027,-1.2333199079783552,-0.7364010638484495,-0.6543001643972668,0.3489875374665879
2020-04-30T00:00:00.000,97,43,0.291970802919708,5,20,0.03578105048714471,0.837708830548926,6788.5447493999,0.4357505545037593,-0.3631118763881389,-0.20482776195971777,-0.1167310017103363,-0.48558069848839097,-1.2803817781078508,-0.5513837946642598,-0.26371243531806876,0.3608343355316526
2020-05-06T00:00:00.000,112,64,0.17037037037037037,5,31,0.050305760011742286,0.8075302790942601,7209.2258604163,0.7947139610718368,-0.036231171024887376,0.16352335300269188,-0.12312726867269556,0.13595200804498725,-1.2723441321587852,0.16578121008179608,0.224291071314671,0.4523055612131236
2020-05-07T00:00:00.000,70,45,0.35185185185185186,4,24,0.016644159017875696,0.33070452155625657,6670.7834281883,-0.2500222499622701,0.008527671671909964,0.22735577199378723,-0.09741038683265942,0.24760856343168994,-1.3188023536244595,0.22971416055679322,0.20507913649640633,0.5661488096818126
2020-05-08T00:00:00.000,80,31,0.22330097087378642,5,15,0.01878757287609145,0.7517078297425118,6872.9789248478,0.3145534746516758,0.21235120313817207,0.4492601449088225,-0.03582455356718119,0.7032100895785216,-1.2014675705155589,0.3684545146567741,0.6223926216110771,0.5804331752947496
2020-05-11T00:00:00.000,69,41,0.33653846153846156,6,18,0.02461459948043373,0.3987391646966115,6845.614098435801,-0.041526988166036186,0.25069375041979314,0.4943231718393363,-0.015456964690936867,0.6010787125437531,-1.0867265708118432,0.4540413880127544,0.5717107237573527,0.7358857922881364
2020-05-12T00:00:00.000,62,42,0.2619047619047619,7,22,0.03194557426032532,0.3540845810349356,5989.2568624501,0.06644358324995882,0.1768323561690331,0.3050855851212658,-0.014880787649313712,0.6662273182359315,-0.9738741026865588,0.4106633162930181,0.18504041368254484,0.6595647501863442
2020-05-13T00:00:00.000,92,25,0.226890756302521,8,25,0.03380891379536186,0.5215223097112861,5810.3309037599,0.3808570072697141,0.09406096540860856,0.19597730186222367,0.019700311329736826,0.5345404747481985,-0.8085261886342625,0.23315960235805533,-0.043632751680034915,0.5272080078763433
2020-05-14T00:00:00.000,66,21,0.36538461538461536,9,29,0.02723697977703822,0.23426023084994754,6098.5310831122,-0.10332562514143909,0.12340029037277478,0.17242578521155233,0.04026967110762346,0.495803709080854,-0.536831419530819,0.3429802505485059,-0.12265701964999912,0.4718110558417063
2020-05-15T00:00:00.000,69,19,0.2736842105263158,10,23,0.02672901072308568,0.4670862837660635,6266.7473587375,0.23692543995952095,0.10787468343434381,0.11095110408353537,0.046359807357483664,0.37709442729584686,-0.26753026350227826,0.4229299057503823,-0.3497781076812204,0.41509591073665747
2020-05-18T00:00:00.000,83,60,0.25892857142857145,11,25,0.027827167181413745,0.39401888772298005,7314.472050525901,0.36247511122946724,0.18867510331344448,0.1842443223959225,0.021549321511443738,0.5571391895287089,0.00008843472012205477,0.4569042598385146,-0.35434427655271794,0.45514447175211786
2020-05-19T00:00:00.000,91,31,0.2222222222222222,11,26,0.03452549003306365,0.6877459984256101,6413.0266140873,0.6353204089650356,0.30245046845645984,0.3374646965161755,0.026303816029668498,0.6485363808050243,0.21205496241701138,0.4852985061447102,-0.08813870976078313,0.4956336270434127
2020-05-20T00:00:00.000,78,54,0.25,12,27,0.02230807597931816,0.2745869394177813,6865.3389251243,0.2534285023763867,0.27696476747779436,0.2617860780251057,-0.006315962169856001,0.5916342672917436,0.42442138598574586,0.3571752162758284,-0.28540477577079243,0.5954571627067861
2020-05-21T00:00:00.000,85,43,0.24778761061946902,13,26,0.015401286310591185,0.2823807026743576,6259.692829590701,0.24072027107925778,0.34577394672193373,0.363410157368225,-0.03150661647419126,0.865019955730929,0.6368635318690598,0.22571226656891746,-0.247969701073301,0.6088880330638975
2020-05-22T00:00:00.000,62,37,0.31868131868131866,14,26,0.005777266236825794,0.18496201205134924,5925.198221218599,-0.08187089498292084,0.2820146797334454,0.32622912803993864,-0.04937396786074695,0.7565981461137631,0.8486222086397603,-0.006075389669613363,-0.472879169999232,0.5709818028702485
2020-05-25T00:00:00.000,79,41,0.30701754385964913,15,20,0.010419432268251977,0.44537594969871624,4904.0577344622,0.1406466987661816,0.23764899724078825,0.30451147701639375,-0.030792156028464614,0.6400238764008682,1.0587054888551053,-0.20019140139605357,-0.4305445134822879,0.32183020931995704
2020-05-26T00:00:00.000,134,11,0.23863636363636365,16,35,0.042559845957527535,0.8849882106366256,5297.3866805961,1.0715007581087461,0.32488506706953035,0.5366692145362586,-0.011137394043711977,0.6004843129441613,1.320425603674964,-0.10841205102555071,-0.26591089724240513,0.20207668064299664
2020-05-27T00:00:00.000,94,11,0.32857142857142857,17,35,0.027744061396633993,0.37155602204145893,5729.8112204175,0.4187291732846896,0.3579452012511909,0.6226911498393569,0.031212846939721574,0.41599335259898373,1.5783275969104569,-0.04654249771547393,-0.18558229843516866,0.08951625862046035
2020-05-28T00:00:00.000,63,23,0.3883495145631068,18,27,0.020345790204917717,0.3647089669638175,5780.794025075701,0.16237658755812961,0.34227646454696525,0.503219166214197,0.05059331880540104,0.08454180497060437,1.8308654061288394,0.006943349899973627,-0.11965748972084005,0.03942969553058196
2020-05-29T00:00:00.000,100,10,0.29577464788732394,19,24,0.03734047621509486,0.5777602937319696,5715.448891929101,0.7562248028122838,0.5098956041060061,0.7049266469017128,0.07654279396534522,0.13859499737119513,2.077445319873811,0.3582546209958562,0.1972737555580215,0.016231094076101522
2020-06-01T00:00:00.000,159,5,0.208955223880597,20,40,0.0485854379117112,0.9493704092339978,7613.5288648459,1.5947051142509767,0.8007072872029652,1.1298373673078408,0.11128416296340056,0.369417840111926,2.3163151176002548,0.7845454162034902,0.6082204741359403,0.2853306320979045
2020-06-02T00:00:00.000,109,17,0.3312883435582822,21,44,0.02414885607018182,0.6106890227927692,7718.985831424199,0.8236554597452346,0.7511382275302629,0.9870595537527695,0.10463630679844296,0.1486738340719337,2.5455745727245445,0.5747407729480571,0.3833935453088967,0.5138890071071962
2020-06-03T00:00:00.000,108,8,0.3684210526315789,22,37,0.02673444049071107,0.3745416448402305,7773.4539753896,0.6723961207639976,0.8018716170261244,1.0537063786255378,0.10656480661436314,0.05072490128920224,2.763608796687777,0.5598950449191266,0.38156312554900185,0.6970382654978634
2020-06-04T00:00:00.000,108,11,0.32075471698113206,23,44,0.02977151839746857,0.5117862755369303,6504.4228961512,0.7988873238978076,0.9291737642940602,1.285447243183568,0.1173576170735231,0.20784742580322915,2.969109742519124,0.6623444158527264,0.49813648210635614,0.7639734235198942
2020-06-05T00:00:00.000,80,29,0.3333333333333333,24,35,0.012669608196109364,0.4362398533647552,6313.414594807,0.4886151665598614,0.8756518370435756,1.1723720407468312,0.0980149877777495,0.11714768947289463,3.1595787613905677,0.3814949924036713,0.38165116671732874,0.8193032207959868
2020-06-08T00:00:00.000,65,32,0.4090909090909091,25,19,0.003133072733097114,0.40701020141250327,6840.182776013299,0.2629734093253552,0.6093054960584513,0.6664217761182114,0.07095469453171399,-0.35776432260255203,3.3341464527403843,-0.13344527572151527,-0.06264008751421463,0.7474652348571319
2020-06-09T00:00:00.000,83,20,0.3025210084033613,11,31,0.03553628252345602,0.5582549634273772,6201.4335576441,0.3483150683308932,0.5142374177755831,0.5267000212303607,0.06757671169934945,-0.2902747496097443,2.7959083041735053,-0.0035784274777420633,-0.10434529131218069,0.6076753557255338
2020-06-10T00:00:00.000,53,17,0.43010752688172044,9,17,0.008916943268283977,0.36007316435850534,6149.5119510234,-0.3808845221012603,0.30358128920253147,0.23568067917748348,0.0585041314013313,-0.43523274020155095,2.1263268288247676,-0.20338269147446128,-0.11613729845296476,0.4593101151431157
2020-06-11T00:00:00.000,62,13,0.43119266055045874,10,13,0.03390611222293632,0.31102979613173026,7207.6063286810995,-0.06717541762669495,0.13036874089763095,-0.0059604266497680965,0.056548972643962005,-0.6938017112359256,1.4683200915735537,-0.15147607640047106,-0.2792701182182344,0.5182204545703011
2020-06-12T00:00:00.000,79,13,0.2403846153846154,11,27,0.04944156488788539,0.3867258949568853,6990.6215534038,0.5073973250322787,0.13412517259211443,-0.011175799593090485,0.0720548596224984,-0.4727612560912064,0.8254640496896221,0.26948629906647187,-0.32057401994429374,0.5763820753948004
2020-06-15T00:00:00.000,83,27,0.3712121212121212,12,21,0.028677912148856916,0.3657963446475196,7592.968830213101,0.17285885366255713,0.11610226145955482,0.0826351688690308,0.07648815171927423,-0.3850010845902016,0.20134024336120654,0.5576588634060184,-0.3559320371381077,0.635526524589664
2020-06-16T00:00:00.000,86,13,0.3008130081300813,7,22,0.023069518782079277,0.8495436766623208,7122.5299929962,0.35738277026559223,0.11791580184649461,0.0970164096048538,0.08281510808638314,-0.3816522874760845,0.016211262962893547,0.41350946873614375,-0.11750797462208613,0.7150186256333597
2020-06-17T00:00:00.000,83,13,0.3025210084033613,8,24,0.03491415334122148,0.48473780328724236,7386.723445616099,0.27082882185741214,0.2482584706382291,0.25280555642452446,0.08594553659367235,-0.08152626231279898,-0.028438749716429557,0.7056904532227806,-0.01810070090558169,0.8214334611614375
2020-06-18T00:00:00.000,66,30,0.40540540540540543,6,14,-0.0028784724891469915,0.4408237747653806,7583.478272985601,-0.3733264397146619,0.1870282662206357,0.27102458431807364,0.0683293798140446,-0.026141750100253124,-0.2137522068835298,0.2777180893048274,0.08592061755254779,0.8460991495387402
2020-06-19T00:00:00.000,70,18,0.3069306930693069,7,15,0.017461377714032836,0.5341323606044815,7786.022083303001,0.09149852970728127,0.1038485071556362,0.2228880682497393,0.06280398419163352,-0.1833037631842693,-0.39932996660779096,-0.08921942098118132,0.20735499776630367,0.9057456506550192
2020-06-22T00:00:00.000,60,27,0.3548387096774194,5,15,0.016274617503094953,0.45492443981240227,8284.1401363354,-0.13328284787519568,0.04262016684808565,0.1015264016095637,0.062432023205008944,-0.14329740410618022,-0.7249807952339735,-0.2300368786547843,0.28018405217689707,0.9525137689400687
2020-06-23T00:00:00.000,66,19,0.31958762886597936,5,15,0.02382005916310175,0.345321866041178,7581.896396024299,-0.08465305027552575,-0.045786997260137935,-0.0022414993960645224,0.05627023308033531,-0.18621772305210055,-0.8169689793868425,-0.2196964420529727,-0.13556674799891724,0.9839121779855973
2020-06-24T00:00:00.000,65,21,0.3010752688172043,6,16,0.018650837132110475,0.36470281543274247,7285.873699761699,-0.07912177602260873,-0.11577711683614211,-0.09540852824799735,0.048400532328238835,-0.18115987357491775,-0.9099158982633047,-0.4066571270758882,-0.2342432871651754,0.9685443641460504
2020-06-29T00:00:00.000,65,34,0.3434343434343434,7,21,0.015283518086545076,0.3265625,7161.6462871287,-0.19012781220621028,-0.07913739133445177,-0.09918550906214688,0.04452434784440115,-0.03719462660375104,-0.8625244488153958,-0.19717587071916057,-0.3289947724981893,0.9265891405130807
2020-06-30T00:00:00.000,100,19,0.24812030075187969,8,24,0.038098037276671624,0.8172099087353325,7465.024088726799,0.6595090520917225,0.034464713142436466,0.061281812913475765,0.04359412505690617,0.10703993573062243,-0.8152299607497312,0.04333990912858847,-0.09259569148135935,0.8938228613985535
2020-07-01T00:00:00.000,80,30,0.3103448275862069,9,26,0.03072737178507488,0.5439417576703068,9070.756296321299,0.3569666742154053,0.13251461756055666,0.1673852183660707,0.04071947640513886,0.2108568118794989,-0.6283211716048849,0.21136752014753651,-0.01759957048772994,0.9431940382182671
2020-07-02T00:00:00.000,104,20,0.30201342281879195,10,27,0.03851776032505327,0.7702702702702703,10797.389313336,0.7796333181105696,0.30537189123777575,0.3684687942462536,0.03979308099554026,0.24972090710249967,-0.3963157764148102,0.3833576690355483,0.3393502983563033,1.1532282653430956
2020-07-03T00:00:00.000,103,25,0.2847222222222222,11,38,0.04544539738559984,0.7233766233766233,11712.5308945711,0.9033731767518456,0.5018708817926666,0.575315102220398,0.036046976310077375,0.2882399565730817,-0.1650639855975209,0.7015771509401916,0.6427944301354742,1.4341865419669646
2020-07-06T00:00:00.000,218,18,0.2781456953642384,12,59,0.07278932770045506,0.9402597402597402,15654.1270306472,1.8766069476292326,0.9152178337597551,1.40636841104068,0.05205651605337029,0.44919386663074745,0.06554363427512207,1.379272062244933,1.158336873935844,1.8957534721375897
2020-07-07T00:00:00.000,139,16,0.43724696356275305,13,51,0.030279386405139847,0.5693866943866944,17392.5270360467,0.7582607898746401,0.9349681813163387,1.6062270498695674,0.0552275006988676,-0.0251445581901232,0.29547017487841815,1.2816204699636011,0.949362494045239,2.3820141379488007
2020-07-08T00:00:00.000,179,7,0.28112449799196787,14,40,0.04269228320743803,0.8344577062791905,15420.998864038302,1.421964276420315,1.1479677017573207,2.118679781473299,0.07795355702233327,0.04732745682448501,0.5243977660040142,1.413563968887611,1.189642141670916,2.664209240418586
2020-07-09T00:00:00.000,227,6,0.267741935483871,15,72,0.05783006986022161,0.8838174273858921,17256.5934157335,1.836685498990266,1.3593781379332601,2.7387196203765924,0.09177567603551029,0.1319369444974351,0.7523696408426563,1.6281922005734333,1.2778291418827992,2.8948237413243927
2020-07-10T00:00:00.000,157,7,0.33755274261603374,16,64,0.02609907249791955,0.3050803525142561,16119.896458404502,0.8257609916595763,1.343855700914806,2.9820590382432757,0.1094383100688685,-0.000472800713878907,0.9792607983473097,1.3880322260554097,0.9205903696645542,3.0280819647381034
2020-07-13T00:00:00.000,256,7,0.24926686217008798,17,54,0.04274830107490331,0.9272020725388601,16719.2660574512,1.8823244775084882,1.344999206890657,3.0893309736337358,0.12018821020570063,0.0723154327807809,1.204255975317584,1.0229745226780127,0.9043330885398261,3.0015962450789604
2020-07-14T00:00:00.000,150,28,0.29245283018867924,18,64,0.024443761319563613,0.3498964803312629,17040.5219712406,0.930411888671282,1.3794294266499856,3.0958890763819,0.10835765704678453,0.43276948439784324,1.4265099400917336,0.9494017741220061,0.718499453491829,2.924578601017803
2020-07-15T00:00:00.000,107,100,0.3850574712643678,19,46,0.003814472867354705,0.18353611183018378,15710.55235644,0.28174700668528974,1.1513859727029805,2.6891659140873267,0.01706117045118568,0.16882788384594088,1.6452982557396603,0.4895200967893505,0.1722665077497739,2.8775619802576253
2020-07-16T00:00:00.000,38,251,0.5824175824175825,11,18,-0.03641935441132259,0.0574385510996119,15057.034480910597,-1.1096462654334616,0.562119619818235,1.718219399101176,-0.22308112751851353,-0.6260187113930412,1.4508230969859708,-0.6144923038067699,-0.5166063200047872,2.7459933053636107
2020-07-17T00:00:00.000,75,59,0.34210526315789475,12,15,0.009706300153644756,0.47971051951408633,11157.9375338619,0.14223158184698434,0.4254137378557166,1.3001699078619633,-0.27270462024578473,-0.6373670461447424,1.257587292670419,-0.8027248146106857,-0.36903552152466884,2.5019709669835164
2020-07-20T00:00:00.000,177,10,0.30039525691699603,13,26,0.04208393331421077,0.9128973895063324,11926.733805035601,1.1712313937186252,0.28319512109774403,0.8782106401780567,-0.27438757787150053,-0.7670011313587923,1.0649677100534887,-0.8150998258482607,-0.3847947188435602,2.2804707513747773
2020-07-21T00:00:00.000,109,17,0.310126582278481,14,24,0.017009594721529905,0.49509297520661155,11027.4344093333,0.4600104545438692,0.18911483427226145,0.673523776331838,-0.2622953537358481,-0.8113858364398825,0.8737334969707196,-0.901149603140335,-0.26482802802840283,2.0162053879477417
2020-07-22T00:00:00.000,98,6,0.35526315789473684,15,31,0.03175891258628403,0.45616297060340383,11980.9834502117,0.5078407029545708,0.2343335735261177,0.623783816533662,-0.16874750508829658,-0.7336325348611966,0.684652438336372,-0.575132814429975,-0.03863055391432424,1.8480421681065828
2020-07-23T00:00:00.000,96,3,0.21311475409836064,16,35,0.03756584110504473,0.327319587628866,12457.905711175501,0.7685421467061399,0.609971255954038,0.892225089013043,0.07562306756928387,0.19435646579520016,0.9074085458374265,0.287374210775935,0.18438678417598825,1.7284246285113896
2020-07-24T00:00:00.000,52,97,0.47474747474747475,17,25,0.007963709247499047,0.07264296754250386,13345.673565304,-0.24886724186272,0.5317514912120972,0.7768420094503404,0.038362338344483306,-0.13403612238818444,1.1274316196780234,0.262579075430011,-0.15467931017679548,1.8057608281468016
2020-07-27T00:00:00.000,99,32,0.2773722627737226,18,20,0.00962031712322661,0.451081359423275,9269.9481906147,0.4355244544686286,0.3846101033620978,0.39883231456132384,0.017143761238640694,-0.07708350096698627,1.3453238836350219,-0.11349155125864571,-0.537023662669876,1.6585694789952061
2020-07-28T00:00:00.000,102,13,0.3013698630136986,19,24,0.01110547408106342,0.723152201905743,8978.0073112677,0.6064277720492639,0.4138935668631767,0.36162603070923466,0.021494458819045607,-0.05445964643091823,1.5603400771773626,-0.1823287958029615,-0.3469545268554227,1.537537370425897
2020-07-29T00:00:00.000,139,3,0.17261904761904762,20,30,0.0361937371983374,0.9220277920741122,10465.152003780398,1.36899264995967,0.5861239562641966,0.5506961232108016,0.024868429325318166,0.396251772796275,1.7707442962898632,-0.13149087096949735,0.03818290215387563,1.4536150410427395
2020-07-30T00:00:00.000,117,9,0.31976744186046513,14,38,0.0377213001287978,0.36718950887117513,10935.347372985601,0.5355065281416902,0.5395168325513067,0.6440521544386917,0.019394609128134264,0.1315350208163062,1.66754414862394,-0.1305593973155676,0.0713399414883448,1.3733113506792975
2020-07-31T00:00:00.000,136,5,0.24022346368715083,15,41,0.040178790017739066,0.6902927580893683,11457.6614581434,0.9956809026297808,0.7884264614498068,1.0334104732111669,0.1099730544690261,0.7079976759718326,1.5641940929871305,0.2405339634805283,0.5803267923974179,1.2825491776315456
2020-08-03T00:00:00.000,255,0,0.1774193548387097,16,64,0.0591438675030138,0.9198767334360555,13336.596508115601,1.879925829795573,1.0773067365151956,1.7594302228425587,0.14113176801716193,0.94931179323897,1.4606614064000198,0.8081412959072868,0.9621517987880329,1.4603188704123404
2020-08-04T00:00:00.000,130,23,0.4036697247706422,17,58,0.012910166395598575,0.3332477535301669,13725.5952628093,0.35183478854120576,1.0263881398135841,1.8718035109161277,0.1310046924551977,0.6946350131622344,1.3572778678225867,0.8262821742633036,0.6361992661274265,1.6675144539482118
2020-08-05T00:00:00.000,161,4,0.28125,18,47,0.028532876420219486,0.6195484864032837,11965.143348963702,0.9547279688124195,0.9435352035841339,1.949748802273844,0.12975791479477267,0.4260414306111745,1.2553264344374664,0.7365225429634061,0.3855254898691789,1.7218238101390948
2020-08-06T00:00:00.000,136,11,0.2648648648648649,19,63,0.03457251619529521,0.36759805178159444,12912.8426034583,0.8500389755223061,1.006441693060257,2.0166059697675767,0.1275548752819089,0.5613262987937867,1.4633177045812562,0.6994683816131142,0.38531678759162336,1.791501833792534
2020-08-07T00:00:00.000,94,24,0.3691275167785235,11,39,0.021155916484637632,0.22968469623173546,12619.702896778499,0.06889555642123216,0.8210846238185473,1.804181804600368,0.10869100966599558,0.2466087986873049,1.2792291000903226,0.47902851364705634,0.005611737994759292,1.824241402044025
2020-08-10T00:00:00.000,125,39,0.3131868131868132,12,38,0.028118307548369043,0.6651305683563749,11574.3637927853,0.5674600392206371,0.5585914657035602,1.172732564826386,0.07061661502274558,-0.08201562281245148,1.0958496557160315,0.12170716660042835,-0.20307029759242096,1.7343201781642026
2020-08-11T00:00:00.000,63,35,0.5263157894736842,13,26,0.003444274404982884,0.16798975672215108,11343.989995828799,-0.48071281646836533,0.3920819447016459,0.8606045154689979,0.05915977665862164,-0.3824630186621449,0.9136838790380185,0.010258311513804585,-0.3369898540447306,1.6203200029389553
2020-08-12T00:00:00.000,72,34,0.29411764705882354,14,19,0.006467729306627208,0.35840368380660015,10834.2461238345,0.10917067772958577,0.22297048648507922,0.4496638653185158,0.03008152848335189,-0.41038585523737775,0.733413475255011,-0.24639057976807077,-0.5512799292023999,1.5556909005465247
2020-08-13T00:00:00.000,97,14,0.35333333333333333,13,24,0.0315049177040431,0.591304347826087,8813.2257156307,0.3370874046066297,0.12038017230194394,0.26837162893869554,0.027561123360962635,-0.6236939553195056,0.46974679861394425,-0.2804909280886948,-0.3664388095738313,1.3476053481820371
2020-08-14T00:00:00.000,66,32,0.37142857142857144,10,21,0.002351353491687108,0.6814114037330606,8496.175625895501,-0.10409798999552174,0.08578146301859316,0.13684664796165028,0.02014793317253625,-0.6244194487714605,0.42545414031709006,-0.496953499681405,0.004813531372050317,1.1345809367596913
2020-08-17T00:00:00.000,124,9,0.28735632183908044,11,25,0.04240160085916049,0.8694763729246487,11536.3186053342,0.8316428477232236,0.13861802471911044,0.12925851343277003,0.04996375094103954,-0.5582065458236384,0.38143139719335795,-0.3272453840583854,0.17107677101833488,1.1240476703302953
2020-08-18T00:00:00.000,111,10,0.3148148148148148,8,29,0.03033812271620946,0.5564063297600816,10897.217010437,0.33823461371806995,0.30240751075639755,0.34216779098401984,0.07463359138682539,-0.03215792275019735,0.1655072370223689,-0.01305975750269488,0.4851466727298394,1.094614963424622
2020-08-19T00:00:00.000,70,17,0.4214876033057851,9,18,0.0016136372872423066,0.21638173003317174,10881.0099374822,-0.39740885280995497,0.20109160464848935,0.3275595282076308,0.09133594629385773,-0.3422149599270621,-0.05024272972362894,-0.06750750336683373,0.36057689001195053,1.088134061043512
2020-08-20T00:00:00.000,50,30,0.4117647058823529,10,17,-0.0023756916749616487,0.26466088730239673,8716.1662336533,-0.5073459664099762,0.032204930445168166,0.10900757414805051,0.07561294719141916,-0.48193875787613855,-0.17997412310555544,-0.4577741033586492,0.086696842992143,1.0738041331249082
2020-08-21T00:00:00.000,68,9,0.37037037037037035,11,15,0.024473312303415616,0.612031608462911,8440.406290511899,0.08048814813106617,0.06912215807048575,0.11343150917553364,0.09817507581179666,-0.4775684401921959,-0.13770239107133095,-0.20030652585483505,0.02611322580560892,1.0617126528188234
2020-08-24T00:00:00.000,72,21,0.2,5,22,0.04212640567394731,0.567766497461929,8966.6147912614,0.33750617569682007,-0.02970517633479497,-0.12695994905183755,0.08639835521695083,-0.2627103351095596,-0.3995966259269057,-0.20532938284348642,-0.22389327498897185,0.9241549783602462
2020-08-25T00:00:00.000,52,24,0.2777777777777778,6,17,0.02234804983117567,0.4027390311945219,9417.6688554821,-0.08046085555404373,-0.1134442701892177,-0.3988375726557479,0.07282773643079847,-0.1723994664765981,-0.4888288039066245,-0.2982916429523656,-0.3510219392426315,0.8424417974786456
2020-08-26T00:00:00.000,36,37,0.3684210526315789,6,10,0.0157258443187366,0.17393509127789047,9779.087967708101,-0.47741044217141126,-0.12944458806150896,-0.5565052212313055,0.053468194836180184,-0.04278784217062581,-0.6207952619767625,-0.13502773353577086,-0.38603424411559273,0.7815699917633153
2020-08-27T00:00:00.000,57,16,0.20833333333333334,7,10,0.02337222180560764,0.7114604462474645,8375.3061139743,0.2404115578930513,0.02010691679909654,-0.5264782133051178,0.06751223569764561,0.45152398705736,-0.7516547083168418,0.16115380602951407,-0.01528420017261869,0.7539755106037351
2020-08-28T00:00:00.000,55,11,0.34523809523809523,8,10,0.007711531280515878,0.6932624113475178,9473.8428152082,-0.06542124558792026,-0.009074961944700744,-0.5871026074624943,0.06580205662928403,0.5112897541579329,-0.8811632666651109,-0.032768942963517844,0.05323679444526412,0.8071814782457374
2020-08-31T00:00:00.000,67,14,0.3853211009174312,9,12,0.020428967772780752,0.4212658227848101,10340.0293747019,-0.08854299027053972,-0.0942847951381727,-0.6098242263067057,0.07291752509290063,0.05793474813686439,-0.7061809459577584,-0.28218102377444076,-0.06741926210899513,0.8747596189509267
2020-09-01T00:00:00.000,56,9,0.2222222222222222,10,18,0.023436997018305584,0.5411080192259043,8510.931954121,0.2160688955697371,-0.03497884491341654,-0.5907790619457792,0.0878603901791801,0.19183710516010638,-0.5313968286018598,-0.2675935774055361,0.04989702040045099,0.8153230378195226
2020-09-02T00:00:00.000,54,6,0.28,11,11,0.03417515899961186,0.48597422289613346,9687.4312549058,0.24242992739101435,0.10898922899906857,-0.5078071936866813,0.11842971856718158,0.4053851159753587,-0.3145987314520492,-0.052957969201783195,0.3104685848084595,0.8040050779829946
2020-09-03T00:00:00.000,43,10,0.4027777777777778,12,16,0.028337033728296792,0.27796011108305985,9419.3441255898,-0.162371221633247,0.028432673093808924,-0.5711433807167207,0.12440847956283511,-0.06950107405340974,-0.09909218880206669,0.005180914568892236,-0.04946210476934536,0.8586380658664783
2020-09-04T00:00:00.000,53,13,0.208955223880597,13,13,0.01948787620259197,0.47397675593734206,8383.718123819599,0.23471817964974465,0.0884605581413419,-0.5791322135036507,0.12254818091509705,0.2611999669748436,0.11533441148819515,0.14121904061694526,-0.23012077546751142,0.788175295965475
2020-09-07T00:00:00.000,55,23,0.32926829268292684,14,22,0.051859817021117506,0.25442142496210207,10212.372571579102,0.2628668411657284,0.15874252442859552,-0.6340625236076203,0.113804276084572,0.3947518793899967,0.3285783695068997,0.5028187063288959,-0.37001987922859486,0.7753268425260202
2020-09-08T00:00:00.000,65,18,0.23529411764705882,7,21,0.05397148361016422,0.660524987380111,9240.334259003399,0.46623161610037794,0.2087750685347237,-0.5923414351115188,0.10509989889521665,0.35980236169203855,0.1931150122569947,0.8525925843473464,-0.2684847224281488,0.8116417800911379
2020-09-09T00:00:00.000,41,31,0.4305555555555556,5,15,0.0005258712061664445,0.17361637604245642,10359.4081289933,-0.7099080586070171,0.01830747133511741,-0.6508226613681006,0.08075918357308302,-0.005636522105315312,-0.07122830909934297,0.4636579060335939,-0.5286441328208665,0.8400668351327711
2020-09-10T00:00:00.000,27,119,0.47058823529411764,6,9,-0.06382418942450414,0.12591471107746657,8729.6000976415,-1.4686303874461994,-0.2429443618274731,-0.7226714352188006,-0.02581612120998337,-0.16809804289170432,-0.3334523199795587,-0.5901689635144001,-0.6540812929607582,0.7936776429828942
2020-09-11T00:00:00.000,51,12,0.25,7,5,0.006562184280185706,0.7455874936964195,6843.5474901255,-0.04543153254872354,-0.29897430426716676,-0.7304721060785905,-0.024225579263789182,-0.27026009781571503,-0.5952683829751093,-0.7276626612879616,-0.4264632448846163,0.6815319424356157
2020-09-14T00:00:00.000,74,11,0.2815533980582524,8,16,0.04640587125698054,0.6686853393893515,7692.963244869399,0.31662521380706216,-0.2882226297389,-0.641623509016348,-0.011824042849551875,-0.1554157780414014,-0.856646862279268,-0.802350013370855,-0.07774945301565044,0.5280512504007756
2020-09-15T00:00:00.000,54,12,0.3333333333333333,9,13,0.004445019216890204,0.46510456034265557,7253.7129312439,-0.2794059983424923,-0.437350152627474,-0.6903936562225018,-0.005365154260064014,-0.3934562208461259,-0.7698366998428264,-1.3585146285827818,-0.24085316052411518,0.39696845188609775
2020-09-16T00:00:00.000,37,8,0.28846153846153844,4,10,0.014501336372473835,0.28014095142209916,6840.742727676899,-0.46375476134013127,-0.3881194931740969,-0.7068117281002158,0.017729366151500676,-0.05027226130234271,-0.8152644868223717,-1.1887779490582102,-0.15001296307605166,0.17657356998901386
2020-09-17T00:00:00.000,48,7,0.2835820895522388,5,11,0.027788223690594447,0.5025138260432378,7533.801113750701,-0.11369986657120378,-0.11713338899909775,-0.6088822543294853,0.12795794943246427,0.3987466130051063,-0.8608754431380554,-0.14127508549061454,0.1666262868302989,0.09776821069660241
2020-09-18T00:00:00.000,58,5,0.24675324675324675,5,12,0.018899151826161364,0.7864491844416562,8354.1376772765,0.12191161285573256,-0.08366475991820652,-0.5754893641898706,0.13490411889705478,0.4040316151666958,-0.9494581126343847,-0.004528807697015741,0.20452144905784983,0.20036578197222585
2020-09-21T00:00:00.000,33,14,0.35294117647058826,6,7,0.005317772517347108,0.36051179126944305,7548.9486384464,-0.5143314712011533,-0.2498560969198496,-0.7606763116897383,0.1320085826599239,0.23007202292343817,-1.0369827607877777,-0.4513984626062135,-0.0511619271860652,0.18914617824748634
2020-09-22T00:00:00.000,27,13,0.37209302325581395,7,12,0.034029090214569124,0.1499749624436655,7021.537176534199,-0.4624654431994651,-0.28646798589124417,-0.8807397841859117,0.13109645299523515,0.13504844269875158,-1.1237346292198302,-0.12573714317591517,-0.3124722677000128,0.1712630273489748
2020-09-23T00:00:00.000,50,8,0.23076923076923078,8,18,0.06929441614492976,0.587778612572001,6606.2935753786,0.4055097690111037,-0.1126150798209972,-0.8185731280301045,0.13115630197214073,0.27334453514133494,-0.9480481415346353,0.4736798286628453,-0.05221391472113853,0.15234895976257812
2020-09-24T00:00:00.000,25,28,0.2857142857142857,9,14,-0.000022340986174276267,0.07930948211158369,6791.4849045815,-0.5878628349237581,-0.20744767349150806,-0.9204286779363862,0.11063576298837803,0.26841965168777404,-0.7732145470457035,0.17067909593934263,-0.40494767211464505,0.0967226720406847
2020-09-25T00:00:00.000,33,33,0.35294117647058826,10,10,0.014893222994681116,0.34099425430926805,5692.1702849879,-0.4427507979548621,-0.32038015565362693,-1.0305390299774697,0.08335863385372301,0.01136401527869697,-0.5548302443634695,0.1271996717776222,-0.7741163932677873,-0.10509774287670384
2020-09-28T00:00:00.000,21,49,0.5116279069767442,11,6,-0.0002790142409847103,0.21118322516225663,5400.7913212197,-0.9508963103839626,-0.4076931234901888,-1.0814932684416778,0.04931928611990769,-0.3735910023071245,-0.3367617357606053,0.06654944274062288,-0.8968289166079408,-0.2810456701745032
2020-09-29T00:00:00.000,36,25,0.32075471698113206,12,7,0.018361629369849013,0.6600199401794616,5448.8128609439,-0.10731122559915143,-0.3366622799701261,-1.0376043910072896,0.03794323774442698,-0.24929244113953705,-0.11888460516815857,-0.10653149548370844,-0.46753009016699754,-0.4147361745696177
2020-09-30T00:00:00.000,29,10,0.30952380952380953,13,10,0.024672194895125524,0.36039850560398506,5398.5387233548,-0.20047068270145654,-0.4578583703126381,-1.1292671442132436,0.03643083604757632,-0.43852996890583656,0.09892501819468577,-0.5954173918778602,-0.6555390761981,-0.521610865235688
2020-10-09T00:00:00.000,101,4,0.24060150375939848,14,17,0.06487403139483658,0.9407665505226481,7110.249637726399,0.9430411521361827,-0.15167757290065,-0.7836659267420238,0.060415051556978835,-0.32946499782743444,0.31679081301720846,0.10571711020853916,0.06677416579989752,-0.49830922631771524
2020-10-12T00:00:00.000,88,3,0.2413793103448276,15,24,0.050933543763369615,0.9519541946726413,9710.6437587531,0.9393137929660513,0.1247353452835327,-0.5347238818719181,0.09016020009289218,-0.05956779386105517,0.5348366178150517,0.48936603672613116,0.5728477118654898,-0.21977147378186204
2020-10-13T00:00:00.000,49,2,0.2222222222222222,16,15,0.02269966464606339,0.426156141223272,8347.2026722184,0.29081725368064804,0.3730780580964549,-0.40779109417014575,0.13646158014966636,0.6388413469789682,0.7518706604814056,0.7357929690685071,0.7507682832141594,0.005602660952623306
2020-10-14T00:00:00.000,46,11,0.3783783783783784,17,11,0.016087955723305965,0.27437810945273633,8273.0442601696,-0.10984674360437936,0.3725709544954092,-0.3633246848642971,0.15016484563101323,0.4971540575936225,0.967585266117012,0.7092842062879104,0.42603021166092675,0.22110277904167724
2020-10-15T00:00:00.000,37,18,0.421875,18,12,0.012356769225214148,0.2904027846842367,7638.019126548698,-0.24060234150228846,0.36454462273524285,-0.3292404387871459,0.14182680046681675,0.2219951774500823,1.1815814186702218,0.5733980879797389,0.36320175975378943,0.399049553613197
2020-10-16T00:00:00.000,35,6,0.39655172413793105,19,12,0.03138246172864636,0.47514910536779326,7084.150509454801,0.06236912009756588,0.18841021632751948,-0.6278077465088966,0.13935093241862054,-0.15652645320760353,1.3933714335305074,0.20805582230953576,-0.02957153380802869,0.39199905955850206
2020-10-19T00:00:00.000,34,6,0.30612244897959184,20,13,0.033238593487652464,0.30866650111745714,7389.4260006348995,0.17040369085998366,0.03462819590630595,-0.8719666527832874,0.13581980633505525,-0.31563438681624134,1.6013885725359729,0.01660440716430458,-0.5670294490608896,0.2432150739692281
2020-10-20T00:00:00.000,44,0,0.30158730158730157,21,10,0.030083142882450647,0.6963753723932473,6671.968739506201,0.4088751193873,0.058239769047636336,-0.8948062755864872,0.13714170485364824,-0.5087083482950997,1.8051555126139405,0.09275380038314285,-0.34302006417713826,0.11916205354144874
2020-10-21T00:00:00.000,26,11,0.3157894736842105,22,8,0.010585462465430644,0.21692727724000993,7060.907074359499,-0.06858462028032002,0.0664921937124482,-0.9849715878819639,0.13655363857800878,-0.3593308242528945,2.0042014287891603,0.030622949413357126,-0.39123208169079116,0.029601833032261667
2020-10-22T00:00:00.000,23,9,0.3611111111111111,13,5,0.024087254687508934,0.34837589883461445,6635.5642055991,-0.27025434759186073,0.06056179249453375,-1.0463976270673212,0.14520036645570844,-0.21348608208438868,1.7758047320928383,0.15486742049078958,-0.3402099403109658,-0.05184632211492344
2020-10-23T00:00:00.000,31,11,0.42592592592592593,14,7,0.04619120083904015,0.1970260223048327,6874.764248905601,-0.23555924072678497,0.0009761203296635823,-1.0621614382443434,0.140132661326335,-0.28658039384266043,1.547091625130252,0.31222254211329786,-0.56963803264845,-0.0742341215267848
2020-10-26T00:00:00.000,35,10,0.375,15,10,0.026902957042690804,0.4556491575817641,6334.0118728479,-0.12703364222767527,-0.05851134628786821,-1.0538027312945284,0.13616832377769897,-0.4509655267841657,1.3195157942395617,0.24371699330547414,-0.4417858126424502,-0.16242646461666702
2020-10-27T00:00:00.000,32,12,0.3333333333333333,16,7,0.01581587698342174,0.44612335892989846,6310.9222504156,-0.13040947884343465,-0.16636826593401516,-1.1040479599701247,0.12429661790900562,-0.5250177211229017,1.0945612626118406,0.08940132382864685,-0.6461059714243119,-0.1976654133702597
2020-10-28T00:00:00.000,36,13,0.3793103448275862,5,7,0.0261602981241793,0.4566617137196632,7329.617477509,-0.38878485737674007,-0.23040831335329912,-1.0551747053729634,0.12221069221487221,-0.6755168404232654,0.3660704132791716,0.25422100795201696,-0.4432214460234786,-0.18144731509944628
2020-10-29T00:00:00.000,32,16,0.43859649122807015,6,6,0.005584958000592626,0.36878555528073215,7800.9663220287,-0.664984432379501,-0.3093543303108272,-1.0121214201327353,0.11521238328614622,-0.8601394322943712,0.06662278431012494,0.04855191103895207,-0.42571476423100546,-0.09789177415290078
2020-10-30T00:00:00.000,16,29,0.6981132075471698,4,2,-0.0037534513629498972,0.13822947576656774,8706.051916039401,-1.3966595464961205,-0.5415743914646943,-1.077385279939585,0.09744094479644073,-1.510152806343142,-0.35686800015169184,-0.4934612339557125,-0.4773307391290575,0.026736374469889124
2020-11-02T00:00:00.000,47,62,0.3188405797101449,2,2,0.0467387762305202,0.46834817012858554,8121.8863026973995,-0.16607811143835785,-0.5493832853068309,-1.0227352835064845,0.04629117270535031,-1.3712541736790995,-0.9061295486502985,-0.2801926395336541,-0.4681745299813854,0.15651200549775707
2020-11-03T00:00:00.000,61,4,0.35106382978723405,2,8,0.029156578643357564,0.8365479723046488,7845.2877080824,-0.06451951647596353,-0.5362052928333366,-0.8926191489526977,0.05427266146324512,-1.4076646409471756,-1.4955641119221055,-0.14014784097458452,-0.14014985921521542,0.26843589071517854
2020-11-04T00:00:00.000,40,5,0.36507936507936506,2,6,0.011370169372820189,0.34684796044499383,7295.4551196612,-0.6188151232294913,-0.5822113460038868,-0.8746524444459343,0.06229346364485146,-1.3662122607067055,-1.61759817760371,-0.3039089956203433,-0.23311503257635807,0.25771402528099296
2020-11-05T00:00:00.000,69,6,0.24175824175824176,3,10,0.03218606348877338,0.853297110397629,8595.1348875417,0.2397693249771851,-0.4012605945325496,-0.7094041483956385,0.07222256273638264,-0.8937535743704682,-1.7394354507388872,-0.016377610582149947,0.17225659773718907,0.30566746188572613
2020-11-06T00:00:00.000,36,8,0.4,4,13,0.017854491710390528,0.2740740740740741,8782.984189185201,-0.5493543862296832,-0.2317995624792622,-0.6211411621869303,0.09290495012415538,-0.16776152027349173,-1.7351790340169448,0.2156413219953496,0.2875160517957445,0.30542245520728295
2020-11-09T00:00:00.000,70,4,0.3069306930693069,5,11,0.04178893513541206,0.8764792899408284,10832.8171930403,0.3819438482437684,-0.12219517054283693,-0.5179157462298776,0.14984982996347387,-0.137294935789567,-1.603836550602583,0.1609174113059968,0.6292826349624278,0.4636311625902714
2020-11-10T00:00:00.000,33,17,0.5147058823529411,4,8,-0.007311845796475055,0.2689179196450579,9809.5225522296,-0.914361492548063,-0.2921635657572568,-0.6438001271116006,0.13692646596932706,-0.5228209771546726,-1.5139120773895898,-0.2367355216208869,0.15103956740347774,0.5841577096031485
2020-11-11T00:00:00.000,46,17,0.46511627906976744,5,9,0.016836404475149086,0.2857846760285785,8693.0280205376,-0.6081262347452558,-0.2900257880604097,-0.616993410326516,0.12484650770300405,-0.7541803085348866,-1.382464954175256,-0.17736586940481405,0.09944150651225939,0.6765360118033422
2020-11-12T00:00:00.000,72,7,0.2087912087912088,6,20,0.030793954007705376,0.4586410635155096,7077.7884172435,0.065620529378851,-0.32485554718007653,-0.603002120777673,0.12341842769175637,-0.6750621793203633,-1.252208177750555,-0.19326367861023536,-0.23231053676981173,0.5584394352763471
2020-11-13T00:00:00.000,38,19,0.3870967741935484,3,10,-0.008622569564292288,0.45257452574525747,7269.9608730608,-0.7392217315112015,-0.3628290162363802,-0.5948146943531751,0.11218252843364376,-0.6461184330072645,-1.287415343541784,-0.48370298984217647,-0.08337796018214205,0.44344377883823827
2020-11-16T00:00:00.000,61,8,0.39,4,11,0.03539606252977805,0.6724137931034483,8007.3005179033,-0.11980740445898173,-0.4631792667769302,-0.6370158044786313,0.10787411701980024,-0.845229735497567,-1.3229553856004705,-0.5543099456518368,-0.2551771922736664,0.26455907904386133
2020-11-17T00:00:00.000,34,15,0.46875,5,9,0.010679547777993025,0.3205317577548006,8532.4149153552,-0.6918296519370533,-0.41867289865472834,-0.6352852508653023,0.10950125214414894,-0.7387623627554101,-1.2759969860073808,-0.35769672244097883,-0.21233324128473957,0.1798630206265653
2020-11-18T00:00:00.000,45,8,0.3918918918918919,6,11,0.04635090110674064,0.5762420068863748,8213.9209326543,-0.0787707327085708,-0.3128017982473913,-0.6423865183035026,0.11814905719288009,-0.5702772435598987,-1.2306614905291882,-0.03712968282532962,0.03042499497883764,0.14226829531446333
2020-11-19T00:00:00.000,47,10,0.36486486486486486,7,10,0.015680432836244144,0.5134071340713408,7740.1338460496,-0.2996674679445901,-0.3858593977120795,-0.7570099709004136,0.11521692993510842,-0.9358229120376962,-1.1866260042059276,-0.20092446860043345,0.07654560028347608,0.1876050415413306
2020-11-20T00:00:00.000,66,12,0.27472527472527475,4,15,0.026462591573593732,0.5353013530135301,7507.1984636586,-0.0940439381030697,-0.25682383903045314,-0.6318607211396027,0.12211262067806745,-0.6716081525550293,-1.1425930351988576,0.18201045621712703,0.14461010944368505,0.19956184934143859
2020-11-23T00:00:00.000,62,9,0.44144144144144143,5,21,0.03628456462540581,0.5081160846040335,9536.463791463999,-0.1975378487434131,-0.27236992788733944,-0.6293992972201209,0.12107320782611439,-0.790557929463814,-1.0981412489728413,0.1891652125973302,0.004228811434583518,0.297041748587373
2020-11-24T00:00:00.000,51,9,0.3625,3,9,0.012576409104894654,0.3884378843788438,8299.8374907582,-0.47254616893033735,-0.22851323128599624,-0.5547104048068411,0.12691767145622998,-0.5381120356621778,-1.1752411958256246,0.208585355387818,0.058299128166091875,0.2746688622825307
2020-11-25T00:00:00.000,47,23,0.3188405797101449,4,18,0.01672126871639743,0.1919291338582677,8630.4554288092,-0.46179332346911967,-0.305117749438106,-0.5482830639273896,0.11215464883509618,-0.3660165669794878,-1.2503957344483847,-0.11333851715693824,-0.26765768830443887,0.29771267591480177
2020-11-26T00:00:00.000,39,22,0.36065573770491804,3,9,-0.0016199767367748661,0.3666748586876382,7329.658967885701,-0.6900724599948699,-0.38319874784816194,-0.5869704071494168,0.10039074931786707,-0.3554843750293296,-1.4047446019604695,-0.2999272066945364,-0.39195205075497286,0.25629665733372503
2020-11-27T00:00:00.000,39,14,0.390625,4,9,0.010570808221470612,0.4595723765052839,7253.317073864399,-0.5601950667315093,-0.47642897357384995,-0.7115967443846303,0.09840309063796657,-0.6267150530339568,-1.3937950166025965,-0.47075845690070206,-0.45655129243965514,0.22601065770662543
2020-11-30T00:00:00.000,35,16,0.5394736842105263,4,9,0.023042915714013543,0.374231620358987,9500.1212237892,-0.6582515162876719,-0.5685717070827017,-0.8349457152902147,0.09159066262096653,-0.8540227189382366,-1.4230567948561446,-0.6115556915201705,-0.568359643060851,0.22034795146573977
2020-12-01T00:00:00.000,56,8,0.2727272727272727,5,12,0.03904077271860722,0.805111821086262,8645.36829672,0.2402725941335981,-0.4260079544699146,-0.8113004557674725,0.09268620711733201,-0.6382467163638752,-1.330416044827178,-0.322036779968548,-0.2115714039864593,0.2388295125067999
2020-12-02T00:00:00.000,61,10,0.22784810126582278,6,25,0.04139178807289987,0.4863602850823298,8805.8108568234,0.1889294795509004,-0.29586339386591054,-0.7464313313126555,0.1055811308233412,-0.42084590706709524,-1.2393240431620405,-0.05388821992498769,0.03841158815160038,0.24545302543046416
2020-12-03T00:00:00.000,61,14,0.29069767441860467,7,21,0.02487992599667157,0.4066797642436149,8260.661705885701,-0.0968586056362611,-0.17722062299418878,-0.6457818357772499,0.11353654360857912,-0.25400566939563113,-1.068944955273432,0.23243421249790316,0.07132898799974967,0.3108883553807604
2020-12-04T00:00:00.000,54,20,0.325,6,13,0.0068248394833402524,0.4728701203044439,7485.755357489201,-0.35502475812127493,-0.13618656127214193,-0.5774619831821216,0.10778324533505931,-0.09778121030434701,-0.9802954516104254,0.19153371857883245,0.08246275958107847,0.3204529926969312
2020-12-07T00:00:00.000,55,15,0.32926829268292684,5,12,0.016458455294316277,0.3119783996072656,7687.1005933246,-0.3942558200595978,-0.08338742202652712,-0.48687550128335966,0.10881937104955605,0.39798790709123016,-0.9327068381318837,0.12045819215944724,0.02815829719187246,0.1804466177374485
2020-12-08T00:00:00.000,53,21,0.345679012345679,5,12,0.00088194285946605,0.3579308654081883,7015.010875883301,-0.5677351545931402,-0.2449889717718748,-0.5021936706550134,0.09607105899706625,0.22625053165677592,-0.9263943248490125,-0.29346144414762865,-0.35451381272062205,0.039318859315312094
2020-12-09T00:00:00.000,41,30,0.4057971014492754,5,11,0.010013072968978473,0.1402304486393724,7913.4699103493,-0.7208216908843353,-0.426939205858922,-0.5956085598046632,0.07648552598413647,-0.19257795814906245,-0.9606542579401985,-0.6315061121924146,-0.6490885386272215,-0.03562454028302851
2020-12-10T00:00:00.000,41,26,0.4225352112676056,4,8,0.013395185491006784,0.44607843137254904,7090.6964131946,-0.6138018175655441,-0.5303278482447785,-0.688723259232815,0.06477969219379007,-0.5015937511408538,-1.0749251665684085,-0.752510955144093,-0.6150147773984262,-0.14430672042264242
2020-12-11T00:00:00.000,31,35,0.38,5,10,0.021204578836168806,0.18515797207935342,8346.9904523101,-0.5713530903608695,-0.5735935146926974,-0.7951271975403401,0.0501960534255985,-0.6276433253598264,-1.1094250897258942,-0.5941956029608318,-0.8574945256176674,-0.0814649150699196
2020-12-14T00:00:00.000,63,34,0.29213483146067415,6,10,0.02502184483271095,0.6189427312775331,7095.7197032715,-0.07822946372371378,-0.5103882434255207,-0.7596462081868629,0.031829618552099065,-0.5378284995774459,-1.0644868971509869,-0.4999585509508594,-0.5949711714746266,-0.14765599518996067
2020-12-15T00:00:00.000,47,61,0.3472222222222222,6,14,0.018097704810667664,0.42699926632428464,7094.258340542099,-0.4121854475097395,-0.4792783020088405,-0.7880298832640854,-0.007004467135494097,-0.5392114037428785,-1.0193979483275455,-0.31132921163126837,-0.5338738451060954,-0.1561013548545151
2020-12-16T00:00:00.000,42,77,0.43243243243243246,7,11,0.009846189655019617,0.24651844612753482,7008.2761122722995,-0.7343777003869648,-0.48198950390936635,-0.7839811814649076,-0.05252172330802838,-0.5983994449567127,-0.9349540796601767,-0.31119248606359506,-0.4401146885126921,-0.2527629233994511
2020-12-17T00:00:00.000,66,28,0.2413793103448276,8,16,0.026786837468040843,0.6835288367546432,7915.770237961,0.18507750141863588,-0.32221364011253034,-0.6700264284049411,-0.05370494770931544,-0.17044922682549019,-0.7714965812187303,-0.16516292012545988,-0.23589358341701921,-0.18876179308675553
2020-12-18T00:00:00.000,59,12,0.3655913978494624,9,16,0.022760563646803615,0.336996336996337,7710.156384521499,-0.2607993766080429,-0.26010289736196507,-0.5424677279207151,-0.030359325387120457,-0.13501581442970081,-0.608884887816399,-0.1465346348288549,-0.10406993588852995,-0.2533879552624343
2020-12-21T00:00:00.000,80,14,0.3333333333333333,10,21,0.037054527962835246,0.6482792287039297,8641.4885860665,0.24553652278087737,-0.19534970006104685,-0.4656741195028616,-0.010016758252136618,-0.2306193403024523,-0.4466879887275398,-0.015024607962848591,-0.07681903618554439,-0.12260604949394364
2020-12-22T00:00:00.000,53,36,0.3977272727272727,11,21,0.011664601207804643,0.1513671875,9573.6485068682,-0.3796990532892692,-0.18885242121695278,-0.43983139613594213,0.01515522238391571,-0.34740183617522274,-0.2459789562686799,-0.08206054967505885,-0.30747463524617746,0.08562520259849692
2020-12-23T00:00:00.000,72,22,0.3739130434782609,8,18,0.03389097050931209,0.5079287631129544,9288.498431271199,0.018710281900524824,-0.038234824759454854,-0.30402533187302017,0.06962622517203745,-0.20681290747138767,-0.20373407366285293,0.1796247411657593,-0.08433545129368668,0.2820130246469677
2020-12-24T00:00:00.000,61,57,0.34408602150537637,9,20,0.017643640654020402,0.1960497439648866,8258.8898431638,-0.34151843507473434,-0.1435540120581289,-0.3289750408314956,0.041518694828683186,-0.4453553575323223,-0.16236527977604295,0.08187461420411948,-0.4956426561252111,0.304066940825368
2020-12-25T00:00:00.000,101,18,0.30344827586206896,10,27,0.036678723121628815,0.6508284600389863,7936.015827933001,0.31253420725765535,-0.028887295284989244,-0.13834710702770803,0.036079120654477034,-0.29837271835420565,-0.12180484731469958,0.23265040194650743,-0.22852553681704882,0.3161096199177539
2020-12-28T00:00:00.000,85,31,0.34108527131782945,7,30,0.034305384375666395,0.2661309958607256,8808.619805164099,-0.09054140219006926,-0.09610288027917857,-0.11734533381235004,0.019898012676972904,-0.3145367939587079,-0.23984033207625927,0.20421448178538384,-0.5493019856048252,0.32419178903553675
2020-12-29T00:00:00.000,76,63,0.2761904761904762,7,24,0.009319591206309357,0.5054704595185996,8595.368174141202,-0.09387215132769298,-0.038937499886863326,-0.013764293936570882,-0.006022223393780729,-0.028272463851897058,-0.3968438961916622,0.1787554244204275,-0.24558644511936234,0.23917139886480349
2020-12-30T00:00:00.000,79,17,0.3008849557522124,8,18,0.016972662664926218,0.4874848116646416,8468.1273495572,-0.024142826766816176,-0.04750812162033153,0.016580716743777146,-0.0004303755143826776,0.14323950095363214,-0.3957751540108878,-0.0031073528540147,-0.2588964735923379,0.16583228693189417
2020-12-31T00:00:00.000,71,10,0.37719298245614036,9,23,0.028156216175206066,0.7631770706825358,9615.1810528005,0.1773731011907516,0.05627018563276566,0.061162701839933956,0.04633424641480782,0.06524442150053344,-0.39412803136513164,0.11247252192048562,0.2261134506580133,0.2766919884607181
2021-01-04T00:00:00.000,136,15,0.28421052631578947,10,28,0.04559089693127227,0.683009708737864,11640.330876841299,0.759445548360733,0.14565245385338116,0.22088468194490715,0.04978155828537152,0.11216809973053617,-0.3919155884250454,0.2105885160228113,0.25584431806838637,0.5622155913467022
2021-01-05T00:00:00.000,101,40,0.30344827586206896,11,32,0.027283938303426365,0.3962630429507401,12660.8451108053,0.3468347448254972,0.23312768325649444,0.292020959250822,0.04132206233933569,0.2003626371192965,-0.23133461932836136,0.1337477169278157,0.36412303056943357,0.8316519959171202
2021-01-06T00:00:00.000,61,36,0.37755102040816324,12,14,0.005576685153371121,0.2604899345137036,11669.3077578927,-0.17239661824733984,0.21742278987256508,0.22155840630143012,0.06817995283916416,-0.0381034870725107,-0.031168409249860217,0.09249137260721159,0.15266022518960207,1.0563414684929198
2021-01-07T00:00:00.000,55,70,0.3956043956043956,13,13,0.013913337082216221,0.18992248062015504,12161.746300335,-0.17547343416712208,0.18715666839250392,0.10971571734279395,0.016432360884367753,-0.263250419882071,0.1693137705892632,0.05765956193236364,-0.10265887452635605,1.322884562407167
2021-01-08T00:00:00.000,73,27,0.24742268041237114,14,15,0.011190575951835865,0.49043351901186727,11319.5138390441,0.3193939623316387,0.21556084062068132,0.11737833535928588,0.0001991094658202519,0.044424820910137594,0.37049686050173253,-0.12684497856473273,-0.33414963461915825,1.4374213712916852
2021-01-11T00:00:00.000,56,83,0.4105263157894737,5,13,0.007934280280363358,0.18787878787878787,12114.6925656445,-0.4837272261373878,-0.033073714278942824,-0.25186559781794343,-0.06603230776431805,-0.2569056876712469,0.17443964134256498,-0.5341621103484455,-0.7552974372934571,1.4583074996002476
2021-01-12T00:00:00.000,88,19,0.3125,6,16,0.025957120609327963,0.609791565681047,10898.6399697026,0.20124059552163448,-0.06219254413971537,-0.31179931148700907,-0.0447503572601612,-0.2779574182086585,-0.020271726670957845,-0.5462631831896516,-0.5682824854404457,1.3339766732788778
2021-01-13T00:00:00.000,59,49,0.41,7,19,0.02138099082630307,0.2623546511627907,12341.560700933702,-0.23103021699042228,-0.07391926388833185,-0.3219870188840669,-0.056929007090418815,-0.35587839371228114,-0.21405834086557177,-0.3730001628179312,-0.5628401296135461,1.3672582057654943
2021-01-14T00:00:00.000,91,46,0.3208955223880597,8,20,0.023453136646177358,0.6050909090909091,11210.6188964101,0.23138415016585417,0.007452252978263396,-0.15688074115708658,-0.03272314117709703,-0.17607819150232518,-0.40729376400278916,-0.26666535881210873,-0.20255144257836316,1.2943584100776149
2021-01-15T00:00:00.000,106,16,0.24285714285714285,9,23,0.021445347630406824,0.7156720038816109,10362.5018446503,0.47142735945636866,0.03785893240320939,-0.005795078365410688,-0.021362669296205984,-0.16386328177825965,-0.6003108367761361,-0.15369729163628776,-0.006583487112985687,1.216625171787753
2021-01-18T00:00:00.000,132,13,0.3125,10,30,0.033308157140375765,0.7173333333333334,9979.3451556941,0.5408755698879467,0.2427794916082763,0.34271553927265686,0.04786073759877607,0.07142144814046346,-0.39507102244336323,0.12372405183172655,0.4495877474645768,1.0592179393930987
2021-01-19T00:00:00.000,104,8,0.2972972972972973,11,38,0.02591667027104541,0.5638169048195689,10409.1306457594,0.3785095318670087,0.2782332788773511,0.41531386596370956,0.05909935113967395,0.10910847865661148,-0.19001612515942032,0.1253756034896754,0.41235626801625225,1.0163955100349569
2021-01-20T00:00:00.000,102,7,0.203125,12,32,0.014938821566409528,0.4306127391620247,9153.731402187901,0.32235705433396694,0.38891073314222896,0.6116444192409084,0.10073580517073273,0.6009326936500934,0.015469319655748737,0.056548613526041146,0.5562016321996327,0.7808426485524468
2021-01-21T00:00:00.000,104,10,0.30666666666666664,13,35,0.02847971878651251,0.5358180058083253,10854.060241331501,0.44151510589121823,0.4309369242873018,0.6691620755261836,0.13631245326478394,0.6331166159161548,0.219629368558181,0.11107061651631005,0.4968566992990596,0.7504106409304405
2021-01-22T00:00:00.000,72,25,0.3142857142857143,14,23,0.0067418183828659205,0.27314479091128835,11134.495500731402,0.020551368879736822,0.3407617261719754,0.5106392106375612,0.12758547970442083,0.461333732933135,0.42239407588062505,-0.05124419706029633,0.11498993447064901,0.7996338466377341
2021-01-25T00:00:00.000,74,41,0.421875,6,25,0.02845915361478626,0.23670212765957446,12079.201028221401,-0.2052820215601203,0.19153020788236202,0.24221333570735198,0.10021985108935114,0.2018455001899285,0.26068456426050385,-0.10548331115665391,-0.2974642756868167,0.9386957907728701
2021-01-26T00:00:00.000,83,48,0.23853211009174313,7,21,0.008417118989056364,0.3559690671822136,10137.9607350911,-0.019593292381318857,0.1119096430326965,0.14392368511513076,0.06116263767474892,0.34103288866216275,0.09889723869070988,-0.29824644981612114,-0.47486519380075903,0.9114626947030043
2021-01-27T00:00:00.000,98,30,0.3,6,27,0.028166357539890396,0.47827136648961854,9228.7822746629,0.0868711232323246,0.06481245681236804,0.1235730384700886,0.03890446082769598,0.11167545792827831,-0.14392655206311267,-0.15582296348702834,-0.4311525698096104,0.9104363258202659
2021-01-28T00:00:00.000,64,51,0.42857142857142855,7,18,0.0024401471048166863,0.2536162005785921,9153.497637057499,-0.5740215503816055,-0.1382948744421967,-0.062247839151124584,-0.0009466242939084255,-0.17539147652985015,-0.3856838155639569,-0.44225421691405675,-0.6748198230414502,0.7732796743989713
2021-01-29T00:00:00.000,48,64,0.35135135135135137,8,13,-0.014220450750993928,0.2556626506024096,9519.750263717,-0.5823376490393489,-0.2588726780260139,-0.1746520880599672,-0.03870826679850819,-0.2608487857979634,-0.6263692292314785,-0.6703726677106312,-0.6883587290657314,0.6472010204821841
2021-02-01T00:00:00.000,109,106,0.2733333333333333,9,16,0.0360013785337647,0.5615217914760414,8564.4759507091,0.2726034365044875,-0.1632955864130923,-0.01593142215772352,-0.10183275991848824,0.09217340602562549,-0.5030493638322626,-0.5877906057339668,-0.4058696395320017,0.37923128025717273
2021-02-02T00:00:00.000,104,39,0.21804511278195488,10,30,0.022418675108873257,0.4817043813192104,9005.8183131682,0.29687440748161886,-0.10000204644050474,0.07812135231283625,-0.0922249589219721,0.14095530747579715,-0.38083015434280143,-0.43270762531520274,-0.29759728160485666,0.28426903531266745
2021-02-03T00:00:00.000,68,35,0.40350877192982454,11,20,0.006571898199583291,0.22912154031287604,9533.9953342915,-0.3531138718274018,-0.18799904545245005,-0.06159214302025201,-0.09648647568256519,-0.10319803624703375,-0.17907528300957473,-0.6667386410610029,-0.5137478312808627,0.3048450921341423
2021-02-04T00:00:00.000,65,55,0.32989690721649484,12,18,0.01612536658246986,0.20909528392685275,9422.312094538202,-0.17122167363000954,-0.10743907010213086,-0.059134264829774005,-0.10012373205645293,0.1302656077993169,0.021591843917193376,-0.5143692973131443,-0.5534631881301892,0.3231595398981355
2021-02-05T00:00:00.000,67,70,0.4017857142857143,13,13,-0.015732498360019182,0.3012512030798845,8908.7001618053,-0.6509482521966039,-0.12116119073358185,0.02675548660389925,-0.33096716503604456,0.011284570886510114,0.22123971310066168,-0.5280338215773399,-0.5165163205767411,0.2681092014639828
2021-02-08T00:00:00.000,80,40,0.3220338983050847,7,12,-0.004828390364279682,0.48364598364598366,8059.2986700986985,-0.37245183616944694,-0.25017224526836873,-0.1062076018816023,-0.3459164302322578,-0.10198837045643531,0.1386517122726003,-0.9675596424047918,-0.5858359261265624,0.2176505419504693
2021-02-09T00:00:00.000,91,12,0.272,8,20,0.03413456508619951,0.8096038415366147,8370.4942476296,0.4296970827654937,-0.22360771021159373,-0.16213343409739583,-0.2592944532335656,-0.2281739244317497,0.056764031148969704,-0.8341388942561366,-0.29711574650251993,0.15883844989124302
2021-02-10T00:00:00.000,70,20,0.29292929292929293,4,22,0.01578838785806765,0.6077162712676731,8750.3121673852,-0.06689721823107884,-0.16636437949232918,-0.1491488169941591,-0.2240238954569973,0.035270886611770746,-0.22516388623666703,-0.7269034351122158,0.03386263066521533,0.0915558600767501
2021-02-18T00:00:00.000,139,8,0.32195121951219513,5,28,0.042103261219874226,0.8649232245681382,10848.378401561698,0.6984957461452302,0.007579104462718788,0.21882058917180086,-0.09694818701515673,0.05667427248968704,-0.5047782250215047,-0.4305592643992866,0.610125396510187,0.19971914950330563
2021-02-19T00:00:00.000,147,12,0.18333333333333332,6,46,0.0462348891049893,0.8720038350910834,10421.796855973902,0.9896072694026253,0.3356902087825646,0.6207187580871224,0.24552053986167519,0.5775726922950772,-0.7831749690366643,0.2562649204292318,1.1123947841844584,0.3205347356570531
2021-02-22T00:00:00.000,125,13,0.5192307692307693,7,53,0.046456286960944046,0.62607861936721,12926.260866792398,0.3250102784999336,0.4751826317164407,0.8494665688180565,0.40649653526453344,0.10933937973268604,-0.7796511840996823,0.8211266479417695,1.2364534163573337,0.6830470580003898
2021-02-23T00:00:00.000,92,14,0.2396694214876033,7,36,0.013054587424399064,0.30129434324065196,10210.3971061715,0.07968669339990851,0.40518055384332374,0.8622901687364344,0.39430777514215853,0.18720332437119985,-0.8166272635470531,0.5874921293435407,0.789016678261725,0.8325810645952616
2021-02-24T00:00:00.000,75,23,0.27184466019417475,8,30,0.012144588490041242,0.49604790419161676,10633.731490484099,0.09091555495310034,0.43674310848015957,0.8874447266081175,0.3760558419996588,0.23660957021083756,-0.6534568941697839,0.5435910145145828,0.6888834319158407,0.9780740682818646
2021-02-25T00:00:00.000,75,8,0.3644067796610169,9,23,0.01994653870457338,0.3065134099616858,9337.225838331302,-0.1008563264455287,0.27687269396200775,0.5720443350362283,0.3757699255865531,0.13605305161345194,-0.4920960546719881,0.29347592680970747,0.19547082207370517,0.8573908512863977
2021-02-26T00:00:00.000,64,17,0.36,10,19,0.011644773589064262,0.4254249461335887,9064.0374517328,-0.14549579893498063,0.04985208029448655,0.16001542069126481,0.3464456338600675,-0.28340325623853374,-0.3314325567642111,-0.09215063404825286,-0.19639384340677474,0.7458837979678471
2021-03-01T00:00:00.000,112,10,0.2631578947368421,9,22,0.03280662766838238,0.8621349928195309,8729.1563985046,0.6225077976255197,0.10935158411960377,0.10241111058859294,0.36595386498976834,0.3267798348130083,-0.25070867410346126,-0.23977193637367508,0.01937890628434884,0.44141798263864535
2021-03-02T00:00:00.000,63,20,0.32978723404255317,10,23,0.009014534117311552,0.29887532902608277,9172.4126110576,-0.20384926383670116,0.05264439267228184,-0.03929293819954992,0.33112029673241583,0.11395023408194385,-0.12995816434092508,-0.28338681776201846,0.017168389101860426,0.3589097490922473
2021-03-03T00:00:00.000,115,2,0.22297297297297297,11,23,0.03607811453075699,0.7638755980861244,8629.096005039399,0.7525622884081802,0.1849737393632978,0.16648078678362876,0.45794361879913764,0.23292269925654302,-0.009078546786020224,-0.011686298263723338,0.25846902339517835,0.19976489235834158
2021-03-04T00:00:00.000,80,21,0.3220338983050847,12,34,0.025866042958254228,0.2971291866028708,9717.743991810601,0.09314520402759498,0.22377404545792254,0.19590470924251072,0.3812471386797038,0.3343773780361835,0.11202369444291453,0.057825742030122675,0.2519304155015277,0.233109240272496
2021-03-05T00:00:00.000,103,13,0.176,6,30,0.01953008655319017,0.6926572590289405,8762.1283447485,0.4336328804617428,0.3395997813372672,0.39748036853536506,0.40636828452653956,0.7708367156416832,-0.04650361938830516,0.1486599487101148,0.48995624050669145,0.210400530828783
2021-03-08T00:00:00.000,73,41,0.416,7,23,0.008685988276765911,0.24671288548888357,9789.3663959352,-0.47823165742626345,0.11945189032691059,0.20439352763866347,0.22181674858490386,0.4080963704007251,-0.12395882693457527,-0.12119743641383085,-0.05685415904749709,0.3038670080599862
2021-03-09T00:00:00.000,46,75,0.3783783783783784,8,20,-0.002007608368203198,0.14818355640535372,9864.288958479001,-0.776200990670913,0.00498154496006824,0.12021379562891399,-0.11071031172764005,0.29318314525921646,-0.2003424888761808,-0.24551203066628596,-0.18831504491538759,0.36635375001784265
2021-03-10T00:00:00.000,57,24,0.3804347826086957,9,10,-0.012691950635127574,0.24396654719235364,7495.5440828039,-0.665806607766042,-0.2786922342747762,-0.16940377537424545,-0.2418289995805646,-0.08006242352737336,-0.27550846575230237,-0.7975577591513773,-0.6473230107522999,0.26083879421473066
2021-03-11T00:00:00.000,84,6,0.3,5,11,0.018839408593965302,0.8793309438470729,8037.2844484976,0.23736741162825262,-0.24984779275464467,-0.14448393087690653,-0.13740541187593394,-0.026293964694705806,-0.5517822902044068,-0.8755698266672723,-0.13222094589337172,0.11882182093008571
2021-03-12T00:00:00.000,66,12,0.4358974358974359,5,19,0.02458321629190998,0.45532728141423795,8167.5214388597,-0.2951695016507411,-0.3956082691771414,-0.32955484328214885,-0.12335341047710735,-0.6401165753685711,-0.5872461747966043,-0.8154892647675365,-0.3423333039034758,0.06883568835545473
2021-03-15T00:00:00.000,67,12,0.37962962962962965,6,16,0.017109746493189956,0.42966324337234296,8068.1971424598,-0.24944824936487506,-0.34985158756486373,-0.35642668540813355,0.05860202525138806,-0.5535048897375938,-0.6219043872844912,-0.7196464513612819,-0.17861533569188884,-0.07746538872204434
2021-03-16T00:00:00.000,95,9,0.23387096774193547,7,20,0.030186733442854614,0.7347815707806159,7353.0120605322,0.402420241904411,-0.11412734104979896,-0.09680652944454796,0.46998896560329106,-0.20780664532774057,-0.6554003289672748,-0.34861165412127415,0.3433600077487199,-0.30361520283976534
2021-03-17T00:00:00.000,80,7,0.26605504587155965,7,23,0.022573514037154463,0.5551312649164678,7105.7198765238,0.10889986530194727,0.04081395356379889,0.027972281310802937,0.5862494799872424,0.06531889605436922,-0.7292120531496863,0.057326578168634935,0.6194241040631918,-0.341381611487962
2021-03-18T00:00:00.000,83,6,0.30833333333333335,8,19,0.019819910960314168,0.42008587786259544,7365.1649452446,-0.003950228735902165,-0.007449574509032071,0.03156347639814142,0.5877664386469681,0.04695098194227597,-0.5998431276558505,0.07186002569690278,0.21513195018778886,-0.40557676677945037
2021-03-19T00:00:00.000,66,11,0.36538461538461536,9,22,0.016365863622107374,0.4146981627296588,7718.2707902291995,-0.16786504600798444,0.01801131661951925,0.03529661126435899,0.5946451394816952,0.21324639346241003,-0.4293918291265709,-0.021706060426525044,0.1790267219298731,-0.44503776024860553
2021-03-22T00:00:00.000,117,7,0.23026315789473684,10,27,0.04458316603407092,0.8169483456319924,7596.847080673,0.7959443827196505,0.22708984303642438,0.3089107801318823,0.6292418415345529,0.5702721590436493,-0.25874228847091885,0.2999553972622514,0.527528482433129,-0.48753747067957437
2021-03-23T00:00:00.000,82,37,0.37404580152671757,11,30,0.013214998723711716,0.27861051629788247,7883.9412210826,-0.2963757339492697,0.08733064786568824,0.24449043778551385,0.4279628479550146,0.23406141396072577,-0.08818856917362386,0.10153867760927233,0.11896215244716994,-0.42751242552425406
2021-03-24T00:00:00.000,85,37,0.2796610169491525,12,30,0.023740855972533136,0.31517602283539486,7621.8167175901,-0.0008737414295487689,0.06537592651938902,0.27314048569556804,0.21260327422075517,0.20144024158495935,0.12366897247094197,0.11337193079342131,-0.09836018861071391,-0.3682332305192079
2021-03-25T00:00:00.000,72,38,0.35714285714285715,13,24,-0.001449657204309514,0.39410506299025433,6758.1738849595995,-0.3851714211977014,-0.010868311972970834,0.21488592316202287,-0.01672565691639305,0.08379897676826872,0.33573418241772524,-0.1365765204004254,-0.1244561091458464,-0.43273897969614694
2021-03-26T00:00:00.000,93,9,0.2677165354330709,14,20,0.020742741921492405,0.7553444180522565,7477.7714970192,0.5034083698071038,0.1233863711900468,0.36002918214116386,0.001395503634632944,0.31679655521915834,0.5463766427824717,-0.08763353811104391,0.18072887509270325,-0.45398862242875754
2021-03-29T00:00:00.000,86,17,0.3484848484848485,15,27,0.0306324973373662,0.44233507356430946,7576.261089790801,0.20741874107102526,0.005681242860321756,0.19103040590503606,-0.07049300922882593,0.031051802277511052,0.7552572982879551,-0.2529654715555824,-0.16114031625142386,-0.45297200941241667
2021-03-30T00:00:00.000,75,37,0.35344827586206895,16,30,0.029495574114633577,0.3096988380365189,7491.6790350732,-0.02938083741221014,0.05908022216773366,0.15153545984136896,-0.08069663808518357,0.07525824165423634,0.9619058244976934,-0.06474742271745389,-0.13907855681120124,-0.49061535320532335
2021-03-31T00:00:00.000,93,14,0.3007518796992481,17,26,0.02131202541222971,0.5425860023724792,6872.521899818501,0.3228564405684103,0.12382625856732547,0.19316886199020403,0.08461099870598685,0.024793226572798987,1.16567994381808,-0.09484327030315413,0.06292792137406494,-0.5695538721867015
2021-04-01T00:00:00.000,99,17,0.2826086956521739,18,26,0.011643307307388297,0.48649289099526066,6574.875455849199,0.2505318245630252,0.25096690771947083,0.33767915988255087,0.2341391070374581,0.20684920988514405,1.365648299719001,0.05654690348836142,0.1446670880564474,-0.588761414032666
2021-04-02T00:00:00.000,93,11,0.225,19,30,0.01687204791751666,0.5260663507109005,7165.5593643499,0.5068671850050163,0.2516586707590533,0.3362594951245477,0.22018972955966687,0.31833245091728896,1.562540287140115,0.009468766281147557,-0.06408182515377106,-0.6210982085556208
2021-04-06T00:00:00.000,104,8,0.2827586206896552,20,34,0.02610139196389051,0.6749467707594038,6600.4738944035,0.6170386700342544,0.3335826565516991,0.43204234781071554,0.2919640596439229,0.4799910797227839,1.7557050290812248,-0.045631406712934475,0.15000419418397387,-0.7289967078677918
2021-04-07T00:00:00.000,108,10,0.29411764705882354,11,31,0.02943707338053461,0.6189349112426036,7397.789605964401,0.39103571139577253,0.41766596631329567,0.6097634057995284,0.5004780586249852,0.6289978113997517,1.5338565056019788,-0.04719294693491908,0.43551827625391343,-0.737759346552168
2021-04-08T00:00:00.000,56,24,0.5087719298245614,12,25,0.0013355804784047289,0.2918637653736991,7670.7917034987,-0.6808220579035111,0.21693026661891138,0.4088152192271083,0.4198818984992916,0.10808027752129412,1.3128463907664991,-0.28531731005100536,0.2048375978096141,-0.6506322074404212
2021-04-09T00:00:00.000,76,13,0.2621359223300971,13,26,0.03589225761311159,0.46242911153119093,6944.617247184499,0.2760657307181613,0.22203704784993858,0.28280264926201515,0.45084278781893933,0.15649086158239306,1.0934259825027737,-0.003538234266397966,0.18243590947986937,-0.6082006214300215
2021-04-12T00:00:00.000,83,34,0.336,14,31,0.03298680734638177,0.2535410764872521,7755.046461183501,-0.02444949640550536,0.11577371156783427,0.22723787262097997,0.26378605847546643,-0.12238588948407605,0.8762910916058345,0.18235473688895598,-0.06992107202414635,-0.5469468171081738
2021-04-13T00:00:00.000,66,49,0.30526315789473685,15,23,0.007726868933412829,0.31092238735550837,6712.7351890187,-0.3506233125900961,-0.07775868495703583,0.020424670183061065,-0.06778326692567116,-0.1780002951386306,0.661984747855194,-0.037268786560836833,-0.4065959325149996,-0.5370719315973667
2021-04-14T00:00:00.000,93,12,0.27906976744186046,16,25,0.027277969948403553,0.7441641122376798,6538.2134181707,0.4777723796814093,-0.06041135129990849,-0.06296365067835538,-0.08386705049832646,-0.14108741355099863,0.8620930465688323,-0.06565910602038202,-0.29168547820458535,-0.6397098067155427
2021-04-15T00:00:00.000,57,41,0.41237113402061853,7,19,-0.002280204632461341,0.41816037735849054,6604.678184079299,-0.7938947178957562,-0.0830258832983575,-0.05946528928498444,-0.22049462087093724,0.09758611580187523,0.6495329151154385,-0.11102245738565442,-0.1744201672496351,-0.7628976792146039
2021-04-16T00:00:00.000,98,11,0.2631578947368421,8,25,0.03399035400811397,0.8004241281809613,6918.383622362099,0.42680777887110416,-0.052877473667768925,0.05858031212994038,-0.2030516774569162,0.10048594017724133,0.4373030454233094,-0.13318728198762678,0.14010944892183133,-0.7703821028821609
2021-04-19T00:00:00.000,99,9,0.2773722627737226,9,32,0.03178625124646618,0.7168079096045198,8612.1678318054,0.5023752518457085,0.05248747598247385,0.14705466435741235,0.0015191839461265566,0.25166581200382826,0.2257792954632513,-0.14354080379357642,0.5739775381313941,-0.6890433582311181
2021-04-20T00:00:00.000,57,18,0.46226415094339623,10,21,0.0074154444559394305,0.3196894848270995,8452.5197641261,-0.5051987105090497,0.021572396398683115,0.09840326952139351,0.25404486855366465,-0.14514039581951482,0.015493270552958993,-0.1456819165023891,0.5810930868630421,-0.5072054083783726
2021-04-21T00:00:00.000,53,21,0.3375,11,13,-0.0040031433812444586,0.35125616341864285,7433.1271276846,-0.4286463936549975,-0.15971135826859822,-0.11657450781896281,0.18313121868115084,-0.2869778871311649,-0.19338646427023182,-0.5135221158603889,0.21700464696696858,-0.4076543984475577
2021-04-22T00:00:00.000,68,10,0.38738738738738737,12,18,0.02109238508591592,0.4994130077482977,7406.8512942883,-0.06233533676269681,-0.013399482041986367,-0.05518663568536042,0.4342300809915155,-0.22259446594064464,0.010925217198961557,-0.23509924351733127,0.2927917987781995,-0.3188631261192437
2021-04-23T00:00:00.000,58,20,0.2839506172839506,6,22,0.016239418598232223,0.2782874617737003,7784.056932737499,-0.3125247788192043,-0.16126599358004806,-0.2711240903267596,0.3604431990217577,-0.27337876890168084,-0.0745431863870111,-0.44635895177002444,-0.19582056949177712,-0.2280795872048401
2021-04-26T00:00:00.000,68,33,0.3761467889908257,7,18,0.025026171600903178,0.36856941508104296,9081.8473903372,-0.25981327503508,-0.31370369895620576,-0.43926374454594985,0.16555659888718993,-0.5243446599991259,-0.1600324651840713,-0.5273200669548037,-0.5219675446371285,-0.18855401025954993
2021-04-27T00:00:00.000,52,57,0.35,8,14,0.005107338115900074,0.3455016486104569,7644.504031445899,-0.6724841421784872,-0.34716078529009325,-0.46581518001101807,-0.15034824762236346,-0.23750094620048623,-0.24545527476892887,-0.5581151910541049,-0.49784235513887093,-0.27504830223487897
2021-04-28T00:00:00.000,76,53,0.3153153153153153,9,16,0.030968797352489884,0.5205447288095797,7879.3584096046,-0.10062753342537488,-0.2815570132441687,-0.3395643151245353,-0.40785496703166546,-0.17978415538648246,-0.3307239371394509,-0.1413454562159181,-0.33799090110396135,-0.2336353607071663
2021-04-29T00:00:00.000,62,48,0.29545454545454547,10,21,0.011522376284631666,0.42954759660697456,8220.3512371749,-0.2658384299064914,-0.32225763187292766,-0.37182816578077804,-0.7114541749490726,0.05748255244898746,-0.41575088612426486,-0.25729407846374436,-0.40256046347804036,-0.15439820676357935
2021-04-30T00:00:00.000,61,65,0.32967032967032966,11,13,0.010192093556408778,0.33828733191790517,8665.300478128398,-0.4414295264616262,-0.34803858140141203,-0.35410570584605977,-1.0687336192409709,-0.058442767855742914,-0.21089785388290094,-0.3289954613884539,-0.34410298520224575,-0.07099167639350866
2021-05-06T00:00:00.000,90,57,0.3617021276595745,12,21,0.03521948043597779,0.577121425222691,8752.2073988254,0.07337809702385112,-0.28140030698962576,-0.23316982995995952,-1.253987665574652,-0.02192105425213455,-0.005934652943723062,-0.20408505556414122,-0.14587724610065916,-0.10482664453210992
2021-05-07T00:00:00.000,88,39,0.3230769230769231,13,34,0.04191936529230951,0.41688159437280187,8835.6673561211,0.22600582362735033,-0.10170231382845829,-0.03527053059998579,-1.099461283644501,0.0486471314850827,0.19897752147443235,0.24238516346363842,-0.07708018684050909,0.009885987862635387
2021-05-10T00:00:00.000,132,33,0.24571428571428572,14,47,0.054338166343768195,0.5175808720112518,8546.4910258816,0.7584704120823468,0.07011727527308602,0.27091302856980815,-0.9307403379663717,0.2300570881570383,0.4034556316174724,0.5239635517533741,-0.07925864358600214,0.0724306083662842
2021-05-11T00:00:00.000,89,30,0.3308270676691729,15,33,0.019334671916772284,0.5973295853829936,8429.417655660001,0.21619436790958796,0.1665238348363019,0.4168472532842874,-0.781016345296882,0.13866369920764884,0.6071917211772666,0.6159954134013066,0.08005038337908707,0.0879347187014002
2021-05-12T00:00:00.000,122,11,0.17006802721088435,16,38,0.039577680572780924,0.6683040935672515,7652.4251823948,0.9432286389170873,0.44345546791204454,0.7470812453991255,-0.3439439817167136,0.5530073814800346,0.8103113249001221,0.9673546197369796,0.3917630211859916,-0.021385335601226397
2021-05-13T00:00:00.000,85,12,0.3656716417910448,17,38,0.020980547637578707,0.33839327417094817,8013.6930763929,0.09391261738328086,0.4475623719839305,0.7151639388665366,0.016678658249750743,0.5388986405728784,1.0126016844624242,0.788909488038105,0.16058042976979287,-0.0998962360719728
2021-05-14T00:00:00.000,117,10,0.2865853658536585,10,33,0.02643883304933157,0.7462616822429906,9014.2855740133,0.5601698525223203,0.5143951777629245,0.8678329096840848,0.24648484959807723,0.6291375566727122,0.8787488218639112,0.5951296599571063,0.47088109491001473,-0.0874486483454334
2021-05-17T00:00:00.000,44,141,0.4358974358974359,11,23,-0.002760612785246082,0.3072612654681298,9298.3045417969,-1.2769808912896512,0.10730491708852496,0.3821028849431094,-0.6539674748963397,0.13163408797574996,0.7453093086997444,-0.09967762066493249,0.26687317282647494,-0.021139939264130613
2021-05-18T00:00:00.000,98,41,0.234375,12,23,0.04909970040723774,0.5720962841785464,7519.2297099772995,0.43773250901109534,0.15161254530882645,0.42898242507050843,-0.7451003524273292,0.3825396963597646,0.6125395436082274,0.2619312648745775,0.24352225061753802,-0.12312701094150061
2021-05-19T00:00:00.000,86,17,0.23893805309734514,10,29,0.016734415637413815,0.36355140186915885,7913.1321818522,0.06118876991575379,-0.024795428491440265,0.2305956382417836,-0.7977826965555348,0.20193436721603114,0.354090313197467,-0.014681575002134784,-0.04781174208225292,-0.0999123044554399
2021-05-20T00:00:00.000,66,42,0.35294117647058826,9,26,0.013535803717995678,0.3579413134606428,8642.758369814599,-0.3779542464298107,-0.11916880125405857,0.12692624390361865,-1.0401597684089074,0.23712964122188582,0.012374572861401445,-0.10314531046824298,-0.026875433148141427,-0.04043155474002279
2021-05-21T00:00:00.000,80,21,0.2079207920792079,10,22,0.017728872676009214,0.4752037252619325,8078.196638975601,0.1700727985069692,-0.1971882120571288,-0.07446049454309982,-1.1311554528492196,0.44337979567961516,0.007647089060388082,-0.20626621502821818,-0.2824908071754417,-0.13697139954392437
2021-05-24T00:00:00.000,85,25,0.27350427350427353,7,28,0.025913670124824262,0.6072676450034941,8419.7939529472,0.13852482606898966,0.08591293141459937,0.1490861414988045,-0.1729885267963961,0.865025478286922,-0.16590513608145344,0.14324842367772497,0.0076400619967358805,-0.22471592268014118
2021-05-25T00:00:00.000,76,9,0.2830188679245283,8,21,0.012489663265421624,0.6536403814840661,10062.667659144501,0.23249253383515803,0.04486493637941191,0.028425926598332873,0.07976088714335536,0.7372114173083791,-0.33793775583585106,-0.3001335898939948,0.08640228507999445,0.020325384255668478
2021-05-26T00:00:00.000,82,7,0.3050847457627119,6,25,0.023623698437557766,0.6022304832713755,9666.3862320373,0.19923955191034684,0.07247509277833053,0.006157235893695562,0.1576485731490913,0.5650444523783916,-0.5090122346184413,-0.2145804695595072,0.3154097436503722,0.18665834855471247
2021-05-27T00:00:00.000,90,7,0.28,7,24,0.015717632282659037,0.6010218300046447,9393.6196588662,0.21959234221322185,0.19198441050693704,0.13608379348199207,0.4338452573174223,0.7539082730999217,-0.5936080340694109,-0.18583425975921047,0.5468727224595772,0.25262312101826845
2021-05-28T00:00:00.000,77,2,0.37398373983739835,8,23,0.02158381043056773,0.3126015316778835,10159.0665645744,-0.0470454232765665,0.1485607661502299,0.11887197833868479,0.5818795217999579,0.3224215158654483,-0.6768942113086547,-0.1368397971483395,0.3865132339590815,0.44397312154543195
2021-05-31T00:00:00.000,120,12,0.25,9,36,0.04591762161386814,0.6520528879610299,10091.9905306999,0.7651309274811287,0.2738819864326577,0.3092453965820815,0.6817361286677202,0.386393031245179,-0.5896422941103421,0.10744386071660879,0.4278902647485273,0.5941075171788301
2021-06-01T00:00:00.000,104,11,0.2727272727272727,10,40,0.028407900909793383,0.634508348794063,10466.7189344511,0.551651093364821,0.3377136983385903,0.46003983877961885,0.6613896565536388,0.4150057628073876,-0.5022784101270006,0.30035401687410507,0.40672276729810025,0.622762256184283
2021-06-02T00:00:00.000,85,27,0.37037037037037035,11,32,0.01452028799677918,0.32004634994206255,10127.0695097599,-0.12413187910095712,0.2730394121363295,0.4747789857230176,0.4972738275151126,0.24747966448910091,-0.28761352970590925,0.1903263373599236,0.13179008928035524,0.6572405102927068
2021-06-03T00:00:00.000,109,14,0.3433734939759036,9,30,0.018894048188827187,0.42774432607688745,9553.8852972865,0.1066046318761721,0.25044187006891955,0.5759947319070475,0.43690853281716285,0.08545908113973039,-0.200333763796126,0.22775163446525423,-0.03808893419915992,0.6654018081485288
2021-06-04T00:00:00.000,78,17,0.3389830508474576,10,24,0.0098333969056986,0.4174577448483445,9371.3166508771,-0.09093024280491065,0.2416649061632507,0.5792626791969359,0.3133218374004442,0.17900560174877178,-0.11281977305951443,0.08400615204370916,0.06081850885027035,0.5880593369621391
2021-06-07T00:00:00.000,113,14,0.2893081761006289,11,29,0.03424879669059365,0.5890252373234545,9489.3810633562,0.5270381712579982,0.19404635491862463,0.5398801624987083,0.2944540895477415,0.07919523723600581,-0.024595829200112045,-0.05799490116920236,-0.00015638518666685197,0.5275421107038991
2021-06-08T00:00:00.000,96,32,0.2835820895522388,12,39,0.02295208030456827,0.45107564191533656,9851.4840289907,0.22843251690012176,0.1294026396256848,0.49579421127543377,0.12526241692237655,0.05308170418126901,0.06472602660360514,-0.12381462331365851,-0.1782091188657692,0.46897786057653795
2021-06-09T00:00:00.000,95,13,0.3356643356643357,13,27,0.01943053013381186,0.48820536540240517,8808.218020771801,0.18788948410789835,0.1918069122674559,0.5491563186010177,0.23627682478341386,0.14401947148047972,0.15561919423887235,-0.0645227905652698,-0.015632013914751313,0.33773138124843
2021-06-10T00:00:00.000,91,36,0.28346456692913385,14,25,0.012856634560428301,0.49872832369942194,10020.171163866398,0.20585248913448942,0.21165648371911935,0.45116091168583017,0.0606825104296839,0.3008947994009571,0.3755978247241297,-0.1361148000191123,0.05429411618470661,0.3750800236276413
2021-06-11T00:00:00.000,88,25,0.3282442748091603,15,28,0.03192163209777361,0.3403371045947818,11209.664247395898,0.3374299744156856,0.29732852716323854,0.5077348664988619,-0.0014475421965296734,0.32964884895680824,0.5981009423774397,0.1350099090341654,-0.020184441476847594,0.5324371069487733
2021-06-15T00:00:00.000,67,34,0.29473684210526313,12,17,0.00137091736498706,0.31215341959334564,10002.9625483682,-0.18493976495002373,0.1549329399216342,0.2576707414598889,-0.15931887323839072,0.3155293801123488,0.6483010642778314,-0.2618422357906183,-0.29009144074125875,0.5742819433716392
2021-06-16T00:00:00.000,59,39,0.358695652173913,13,15,0.0027370974901220826,0.2882882882882883,9319.8570287951,-0.3805387590494855,0.03313868473171274,0.05751417812862738,-0.21286826345789636,0.11817878025934717,0.7020450582494165,-0.5033040195049543,-0.4477746928096982,0.5181797522571482
2021-06-17T00:00:00.000,77,9,0.3125,5,16,0.020455864118599537,0.528380249192432,8917.7330213386,-0.01171449244803715,-0.006782110579474353,-0.03634516339642261,-0.17772157034322122,0.17971451364665764,0.35353211957828246,-0.48617809790630073,-0.40382439303755335,0.5233478174022385
2021-06-18T00:00:00.000,77,10,0.32456140350877194,4,18,0.028243715252980455,0.6140715109573242,10098.690350233199,0.13390146082762258,-0.02117231624084772,-0.10852628440842538,0.032084398743997176,0.07245593896703913,-0.08659337791631257,-0.2965511639471363,-0.28652359914889,0.525447874023795
2021-06-21T00:00:00.000,107,5,0.2671232876712329,5,19,0.027599448508869737,0.6298776264142231,10140.8111285479,0.4253537722783164,-0.003587556668321568,-0.0013959399855328237,0.19229391713809804,0.23176354966775997,-0.5273721154446547,-0.3487214682141259,-0.00030223282143830853,0.4286213929816439
2021-06-22T00:00:00.000,102,6,0.3013698630136986,6,35,0.027288202319042706,0.57640009218714,10111.7518018667,0.32605459698155836,0.09861131571799485,0.19237204379347145,0.41548925044468216,0.21255475375347235,-0.7907724089304409,-0.03267430194467251,0.259699419568492,0.4336104533409606
2021-06-23T00:00:00.000,93,5,0.3357142857142857,6,34,0.022784192963023527,0.4705069124423963,10730.4658202509,0.15439870397607244,0.20559880832310645,0.3787359415223184,0.685322554568152,0.27039717588961976,-1.100709047786453,0.20934570051133033,0.43793799292738794,0.5581613406293906
2021-06-24T00:00:00.000,106,14,0.2535211267605634,7,33,0.01765558302789911,0.34722542021644026,10127.5057573637,0.17156947414399842,0.24225560164151355,0.535820261925724,0.6426476950418616,0.42299787709925063,-1.0049598042177845,0.17364153168087976,0.2566966688282743,0.6689449811323902
2021-06-25T00:00:00.000,93,11,0.27906976744186046,5,33,0.017560608572011586,0.5064397424103035,10543.7442578474,0.16096405926848215,0.24766812132968546,0.6206137932589019,0.6325840774548592,0.5400984662833774,-0.9551164711992121,0.04426792133269687,0.14832143961776972,0.7029076225594062
2021-06-28T00:00:00.000,79,36,0.368,6,17,0.007923368692990596,0.5229779411764706,10172.523645770601,-0.2683045993427169,0.10893644700547882,0.46323151235686133,0.3839970554125227,0.2704138323041239,-0.9020981500361346,-0.1935697093893653,0.041055718117771096,0.6995248702725736
2021-06-29T00:00:00.000,76,10,0.2549019607843137,7,19,0.014104462903207764,0.2610192837465565,9972.2655106332,-0.02762726846802745,0.03820007391556164,0.3177673787364449,0.3515275160285464,0.39146536184146774,-0.8507840716195851,-0.35164422382458693,-0.2712362368866981,0.6803047931333437
2021-06-30T00:00:00.000,69,25,0.3669724770642202,5,21,0.02052799406811805,0.5734281780633318,9423.2215174282,-0.17895608241944225,-0.028470883363541293,0.1845901499012444,0.19219324542262042,0.30715843399957354,-0.8931327956714696,-0.37475237548634605,-0.16836287787227616,0.5530100361618654
2021-07-01T00:00:00.000,68,27,0.31313131313131315,5,11,-0.002041253528482015,0.25229357798165136,10196.7595564496,-0.466359624161222,-0.15605670302458538,-0.02500371475452179,0.08877466942066936,0.1483506470402723,-0.9828513158555612,-0.6143487304715443,-0.2614645126084499,0.5541460360570388
2021-07-02T00:00:00.000,56,16,0.3707865168539326,6,14,0.01681427410516592,0.36290692342961944,10026.418756802901,-0.2927731256948469,-0.2468041400172512,-0.22826700794051966,0.049204835735289706,-0.09564885323027077,-0.932894827539546,-0.621371368638039,-0.400728345379575,0.5020765868719035
2021-07-05T00:00:00.000,124,13,0.2392638036809816,7,22,0.04146343892582805,0.694775435380385,10055.9841707488,0.7232719473997479,-0.04848883066875824,0.01932564482736616,0.23251067327068733,0.24516872494278488,-0.8851850070923775,-0.20971028551483487,-0.22824424466158882,0.4867126795466562
2021-07-06T00:00:00.000,73,12,0.34234234234234234,8,31,0.016560938733898595,0.5136186770428015,11198.393678568702,0.0900260309166265,-0.02495817079182745,0.0018744675763658792,0.21604720852298848,0.012261448426696625,-0.8383997075199032,-0.17968157283867775,0.022259501203105863,0.5909314590866328
2021-07-07T00:00:00.000,98,9,0.27941176470588236,9,26,0.024245274040754675,0.5285779606767261,10500.775424708,0.3893104400105955,0.0886951336941801,0.159519442530938,0.34247104189321603,0.24295905737642637,-0.6526847639145177,-0.13530878377150607,-0.023322404322909152,0.6872323460676143
2021-07-08T00:00:00.000,84,11,0.27586206896551724,10,31,0.020094926077274967,0.3213796253997259,11968.4290046375,0.26514170580727353,0.23499539968787922,0.24529536932150608,0.4682343317674761,0.3402882477116094,-0.4211405243580294,0.13631352209212064,0.044107111042800295,0.8318697402376725
2021-07-09T00:00:00.000,100,10,0.2537313432835821,9,21,0.024452169584887617,0.6010504681434118,11273.733121538198,0.5376631328586848,0.40108265139858557,0.4850251870379673,0.5138795087666653,0.6491157095940694,-0.2837624487942303,0.22933238576528509,0.2789799814460509,0.9350082359742922
2021-07-12T00:00:00.000,111,17,0.3105590062111801,8,30,0.032455618935534405,0.6499200730760447,13176.0427199269,0.6067378137276108,0.37777582466415816,0.4107829265757081,0.4798052808929175,0.4588690348486953,-0.23913589552645692,0.11914841153533776,0.23442011980395053,1.180540894518956
2021-07-13T00:00:00.000,91,17,0.3106060606060606,9,25,0.024447467378961994,0.5669938370235106,12198.611385677901,0.38116943510132245,0.4360045055010974,0.5081852037326102,0.43789968911864774,0.542140269947706,-0.19342463107113522,0.21658725750275246,0.28851374176408695,1.2521300075130142
2021-07-14T00:00:00.000,79,35,0.26851851851851855,10,18,0.009308928488748522,0.2817994976021923,12147.2628888431,0.008161569215040076,0.35977473134198623,0.403387724176573,0.22943777604718418,0.5701919383999179,-0.1468270293271408,0.035331454529852604,0.045608471759742295,1.3812927838077758
2021-07-15T00:00:00.000,77,26,0.24509803921568626,11,16,0.004913090263146673,0.33181091573418586,11713.9399878344,0.1069558823303807,0.32813756664660765,0.3679964895585043,0.10963715935320303,0.6512567041539109,-0.09942095978630935,-0.14970087010440664,0.05873779269961858,1.3584566506517342
2021-07-16T00:00:00.000,55,11,0.5258620689655172,12,16,0.0172841051684086,0.3965320556696327,11813.017786569502,-0.22508193037398125,0.1755885540000745,0.12097611457454324,0.10148715184072594,-0.0701424422482722,0.04212547611045312,-0.2324398911396462,-0.14029622447841322,1.4074096933411318
2021-07-19T00:00:00.000,74,34,0.32727272727272727,6,14,0.01442541692417942,0.40894568690095845,11214.9440262375,-0.1479140907371695,0.02465817310711843,-0.0753083200758313,-0.0327659204091306,-0.1133946799335204,-0.04975488794793712,-0.4481445279454654,-0.3735629420099145,1.2655384900716293
2021-07-20T00:00:00.000,70,12,0.1566265060240964,7,19,0.02719855835067319,0.4862029646522235,9664.7659134859,0.38949365477667536,0.026323017042189013,-0.18288468453721288,0.008597198260076678,0.2896876615964018,-0.1404020382360312,-0.40284509511300415,-0.44540002315265736,1.057508100477751
2021-07-21T00:00:00.000,110,6,0.26174496644295303,8,19,0.03645239158704031,0.6484945255474452,12089.6106388982,0.7973255000007178,0.18415580319932454,0.019579152286198265,0.2408729537437213,0.3033444634147341,-0.2298144515780845,-0.0552648682912219,-0.06955231284458212,1.0799256856645076
2021-07-22T00:00:00.000,75,13,0.35344827586206895,9,26,0.03293884962932471,0.5191343963553531,13006.2760878609,0.40586149882693967,0.24393692649863635,0.020860160411581275,0.3455632507084025,0.01830313714278512,-0.3177538301788298,0.3031537472316036,0.1248758915216813,1.2125561286532314
2021-07-23T00:00:00.000,64,22,0.36633663366336633,10,16,0.021726641736538557,0.27345173041894355,13785.1999370613,0.07996309910556373,0.3049459323945453,0.07574870511403398,0.2589973756601914,0.4440689860577492,-0.4037319511041869,0.3621943069116169,-0.00046527201587547306,1.397809376138289
2021-07-26T00:00:00.000,52,63,0.4090909090909091,11,17,0.0285467620012948,0.2454504094631483,14185.839239391802,-0.19369633515748103,0.295789483510483,-0.05740993880286588,0.020839657158714296,0.23148102965225084,-0.15963399588992044,0.5419726499153524,-0.16937530924994476,1.662652291789796
2021-07-27T00:00:00.000,40,81,0.6363636363636364,12,13,0.006617489851585949,0.21901296338412554,15337.406048948298,-0.9996405395004093,0.017962644655066074,-0.2489046958985969,-0.6485157342113389,-1.0340793153830325,0.08430569078358867,0.27074297559028854,-0.4481249998121243,2.150314591516679
2021-07-28T00:00:00.000,52,93,0.22388059701492538,13,12,0.00878132907028506,0.2094978413996819,12695.8542797851,-0.34199874175972766,-0.209902203697023,-0.6049962837529469,-1.47650071895353,-0.9372272137363084,0.3281159304826926,-0.0892845074279099,-0.8996410015916396,2.210218369100482
2021-07-29T00:00:00.000,140,9,0.21348314606741572,14,20,0.060816945439765936,0.831705655235067,12492.0602825107,1.6573039716162004,0.04038629086082914,-0.16337887649504249,-1.4271836592708436,-0.5784173177714507,0.5715269240220527,0.2778316442912079,-0.5706102394039059,2.172935560653787
2021-07-30T00:00:00.000,103,28,0.24817518248175183,5,33,0.03764180727049682,0.5978211529732184,13394.6803115282,0.6281669364691755,0.15002705833355148,0.09864404029130586,-1.4879223052397672,-0.27713801961462875,0.33289488859661603,0.47916511609449997,-0.23421470906497155,2.138760397271807
2021-08-02T00:00:00.000,121,18,0.3202247191011236,6,21,0.031602265056360684,0.7957794417971409,15125.7546467674,0.8625227779221151,0.36127088094947074,0.5574862849614579,-1.1182455001718226,-0.048972617845488835,0.0941270862061254,0.5159778915841026,0.3360928449253605,2.192430176986561
2021-08-03T00:00:00.000,72,45,0.32075471698113206,7,14,0.013441683978919027,0.46200952596960765,14158.964453717299,0.014098681529013961,0.5640187251553553,0.7698621105549333,-0.7510883571079564,0.7856653357545442,-0.14308051804708416,0.6060035229624852,0.5887735497125031,2.0919954322580634
2021-08-04T00:00:00.000,106,7,0.19696969696969696,8,15,0.01882145254113563,0.589127972819932,12887.7081870049,0.771443561588991,0.7867071858250991,1.126736084541884,0.09283267498226096,0.8519126584194998,-0.37857127515720357,0.7367075070205885,0.979751823155417,2.0975808278132475
2021-08-05T00:00:00.000,64,11,0.28888888888888886,9,19,0.022786119993224527,0.3070830504639059,12906.5594648862,0.23582649889848575,0.5024116912815562,0.6169525023118436,0.07475782135057643,0.6563256081511282,-0.6118153017443313,0.2351051644520305,0.42707216720767593,2.11848387724197
2021-08-06T00:00:00.000,81,7,0.2894736842105263,5,14,0.019323083727203504,0.4141596923772902,12247.218190886399,0.21165760308566742,0.4191098246048545,0.4702320761301893,0.2778163034186532,0.5493645301216679,-0.6085765493093952,-0.0032086421264075236,0.23359317930817564,2.0145478746910994
2021-08-09T00:00:00.000,106,9,0.2535211267605634,5,15,0.02343785130022336,0.7042986425339367,12487.8317191663,0.6565718974682824,0.377919648514088,0.3733289124284279,0.36502849333433146,0.7207850503537737,-0.6547530399194239,-0.10865209709039272,0.14262011075477746,1.807080109737123
2021-08-10T00:00:00.000,93,5,0.29545454545454547,5,21,0.03411228714426808,0.6774412296564195,13438.3472716629,0.6751692414214044,0.5101337604925661,0.5158779103015145,0.7496839263402784,0.783805568679222,-0.7488706447046478,0.1600657373755728,0.36876978888343104,1.7416040365725927
2021-08-11T00:00:00.000,111,10,0.17164179104477612,6,22,0.02489541299849929,0.5122061482820977,12824.0852126271,0.7497046975138553,0.505785987677539,0.557528708486585,0.7192887694807978,0.8499761072440766,-0.8409475379225414,0.239904153548017,0.2912576733473998,1.7234940395584384
2021-08-12T00:00:00.000,86,9,0.328125,7,22,0.020968577165370893,0.4643179765130985,13045.9401053727,0.33621335945681746,0.5258633597892053,0.7192544966139398,0.7396792262484657,0.750698357522922,-0.9316286528792814,0.21943965530755744,0.45860952670526317,1.7249909090055708
2021-08-13T00:00:00.000,84,4,0.3,8,21,0.02852950159544525,0.41574554477780284,12969.39280093,0.4803957750308279,0.5796109941782374,0.7548081671643974,0.7693670938491737,0.7246937409531488,-0.7737928685027067,0.3439525418964026,0.4610398612985273,1.7772084225887195
2021-08-16T00:00:00.000,103,19,0.32679738562091504,8,24,0.015050806845207498,0.5147688838782413,12568.508925520298,0.35759110447785275,0.5198148355801515,0.7679057850322675,0.6711375011557116,0.535597637751293,-0.6149687788626437,0.2360785776037635,0.262931373567232,1.7800217528134374
2021-08-17T00:00:00.000,42,31,0.5578947368421052,7,21,-0.00647067344854769,0.135196034249662,13080.218741159499,-0.9790076480764179,0.18897945768058705,0.40843238835339746,0.4161146109871254,-0.14031509696006203,-0.5083397586262176,-0.29541288349371136,-0.3094725865311636,1.7518495300347419
2021-08-18T00:00:00.000,102,10,0.20930232558139536,5,15,0.03984405587637837,0.668769716088328,11969.4709534377,0.8408116660957887,0.20720085139697372,0.3809252249525417,0.4166895849000471,-0.23936256669336525,-0.5566979314889382,-0.09469006787282601,-0.14104352363856418,1.6845852396199217
2021-08-19T00:00:00.000,63,20,0.3,5,18,0.0009825052150812302,0.3758162575996397,12147.023322406201,-0.18141943692259382,0.10367429212109144,0.21690859133666543,0.30747943103309405,-0.16735361799303633,-0.6551150021915896,-0.3552591659297702,-0.23485919545928136,1.613919004051559
2021-08-20T00:00:00.000,61,22,0.27380952380952384,6,10,0.005972017686886425,0.342034203420342,12522.221444560899,-0.08073314276616858,-0.008551491438307851,0.050352530546232586,0.1296270920563834,-0.10145503671028852,-0.7519687750864154,-0.6496116541732103,-0.3138362631719963,1.5770316664711406
2021-08-23T00:00:00.000,152,8,0.2727272727272727,7,26,0.0560698936493737,0.8217821782178217,13223.242390598902,1.4219445497519627,0.20431919761651413,0.4291220387997871,0.23630545910733028,0.035736003247843415,-0.7969034692758392,-0.10965629990682987,0.012307590706657212,1.6233230606366509
2021-08-24T00:00:00.000,93,7,0.3586206896551724,8,26,0.024589190796889898,0.5373201438848921,14080.322961644099,0.5132696075166957,0.5027746487351369,0.8143314372647332,0.470029405161332,0.5480384768479476,-0.73817351445093,0.30004989261085513,0.438448503094805,1.686698340617216
2021-08-25T00:00:00.000,110,5,0.2361111111111111,5,22,0.02240266803398197,0.5995052844614347,13142.124038463198,0.7040717007113125,0.4754266556582417,0.8699755494595187,0.515746060615893,0.47724704183458433,-0.7322501454580925,0.06769627298226046,0.363818164099277,1.765753646074251
2021-08-26T00:00:00.000,82,14,0.3543307086614173,6,19,0.013535548050585235,0.3472690492245448,13740.4911458002,0.07009782183793413,0.5257301074103472,1.0117123949455857,0.5721878991270491,0.3353892120028446,-0.6744092370042241,0.23137720601798933,0.33240696736257147,1.8714463094206149
2021-08-27T00:00:00.000,104,14,0.2972972972972973,7,22,0.025560338631916594,0.40224719101123596,13440.142958152901,0.46911792157530524,0.635700320278642,1.3353404833251534,0.6490565614915405,0.27381161642323304,-0.6176189364665765,0.4873088114871361,0.3980682398675373,1.9239354658224705
2021-08-30T00:00:00.000,110,24,0.32515337423312884,8,32,0.037253648682570514,0.4350561797752809,15778.2669743,0.6547305374597211,0.4822575178201937,1.010418655535968,0.4903411297110078,0.1374737162262581,-0.5617706517471175,0.23918410662355863,-0.013335868600828171,2.0734915369925098
2021-08-31T00:00:00.000,109,32,0.2967741935483871,8,29,0.033237757114261045,0.46909417846707124,14816.9323049308,0.5815037909703517,0.49590435451092485,1.1280586543192548,0.2433222945688604,0.29326612219237763,-0.5587033773962773,0.35080960082625623,-0.0844053236201054,2.0989825106861084
2021-09-01T00:00:00.000,89,63,0.3776223776223776,8,22,0.00836949412964816,0.4995505617977528,17107.432592737998,-0.011512229734288797,0.3527875684218046,0.9682948773699536,-0.3259930369574399,-0.0717896946130677,-0.39910491696920525,0.16495416182860687,-0.1888307980492706,2.321982386343056
2021-09-02T00:00:00.000,136,0,0.2648648648648649,9,14,0.024875820954274794,0.5935251798561151,14337.128098808402,1.0313311211477618,0.5450342282837701,1.3668525027820162,-0.18771319656619817,0.15711184948990492,-0.24175133883094363,0.3122756235262038,0.075918274863268,2.3325458827221404
2021-09-03T00:00:00.000,69,31,0.5460526315789473,10,21,0.013450661206750073,0.5508093525179856,15727.672747902197,-0.10861346309557542,0.429487951349594,1.0970326805661472,-0.3526500773111052,-0.48354714462869275,-0.08543360456994017,0.15125714676835283,0.23400200696874132,2.4457546516536555
2021-09-06T00:00:00.000,101,28,0.1984126984126984,4,19,0.024826666465586993,0.6932584269662921,14258.572943056,0.6419566219137361,0.42693316824039707,1.0199694314546566,-0.3903461100947719,-0.16051452332037708,-0.2954888789416223,-0.012199377995980065,0.5107911690846175,2.316320467496257
2021-09-07T00:00:00.000,122,5,0.22784810126582278,4,18,0.01963638351223831,0.654243376740009,14019.649885554902,0.766821470037723,0.46399670405387133,1.106788906453917,-0.12488882749255388,0.0158017175946223,-0.504607057396953,-0.18966819384002734,0.7097451330719109,2.234805249986184
2021-09-08T00:00:00.000,105,3,0.2905405405405405,5,24,0.026186702759920924,0.6144524236983842,14743.6049064072,0.6713975456658766,0.6005786591339044,1.2159297570826229,0.4633967854239683,0.2399224045449297,-0.6607968736809067,0.04540781937691668,0.832526314248291,2.0676644069415095
2021-09-09T00:00:00.000,95,6,0.26356589147286824,5,19,0.01002105746284081,0.4373458865725174,14317.9257042927,0.33411089201159044,0.4611346133066701,0.9001116108286233,0.40285291645394794,0.23977833940409127,-0.867100663295628,-0.15112389224420114,0.6610472383746696,2.042376743625188
2021-09-10T00:00:00.000,69,4,0.3893805309734513,6,20,0.005808506553639434,0.32765575974899147,15436.045084084903,-0.058826765130588994,0.4710919528996674,0.8937986722835385,0.6645595164854854,0.6455442319563175,-1.0718314316386046,-0.2518033614753653,0.4181924240841034,1.9991836186021974
2021-09-13T00:00:00.000,108,17,0.23404255319148937,6,21,0.03593815826626979,0.5543867502238138,14628.2468967583,0.7607056824994187,0.49484176501680394,0.9376942859170772,0.7710626117757045,0.5542083559474549,-0.9614994293549678,-0.10457724868234397,0.26844827989379044,1.9985554996209132
2021-09-14T00:00:00.000,81,11,0.352,7,23,0.01946340692629939,0.2580500894454383,15128.2855212323,0.11497113640728543,0.3644716982907164,0.6271592383430717,0.7117871344519553,0.2375969383897683,-0.7996458587120268,-0.10594904020722433,-0.16125536117782763,2.041608836947299
2021-09-15T00:00:00.000,108,9,0.18796992481203006,8,15,0.017172451710050905,0.565742397137746,13543.3852506675,0.7529511557389765,0.3807824203053364,0.6436581209325731,0.6527555127739166,0.49883666033342405,-0.6384956280401486,-0.22298024118622467,-0.21429924787611404,1.9460017651999286
2021-09-16T00:00:00.000,59,41,0.5203252032520326,9,14,0.0013426740037123395,0.23770125223613595,14780.2296933312,-0.6441288402684625,0.18513447384932577,0.3732564096197736,0.31254079434473325,-0.14955863630837835,-0.4255525990844056,-0.33492945452419887,-0.4309128935196102,1.9510976964173676
2021-09-17T00:00:00.000,65,20,0.3434343434343434,10,17,0.011216470235185216,0.3968253968253968,13428.004244593501,0.05071360731823939,0.20704254833909147,0.33933498587995714,0.15763109735643283,-0.03033006809142481,-0.2141465919813593,-0.2596954391590436,-0.35506820280878637,1.8115720571778653
2021-09-22T00:00:00.000,128,8,0.21951219512195122,11,29,0.04633291598686455,0.48277404921700223,11522.811335947403,1.0301698760314237,0.26093538704549246,0.48220455957389746,0.24484324680600653,0.004424936199172347,0.04728018647370498,-0.11404239129104594,-0.4331632704296903,1.5950004419864026
2021-09-23T00:00:00.000,92,36,0.3698630136986301,12,24,0.02283442468642921,0.6541387024608502,13210.811305915,0.3879472186956906,0.3155306035031735,0.5572856604812988,-0.008063779524969329,-0.04071155937499251,0.3069291641350932,-0.06974834036031868,-0.003189229124663706,1.4662123082907672
2021-09-24T00:00:00.000,53,72,0.345679012345679,13,10,-0.010360531261363815,0.22053231939163498,12830.3328257577,-0.6933396891546106,0.026272434524456066,0.14606922802604277,-0.6437522970830579,-0.44150119257223064,0.5646076755620218,-0.4689491239613058,-0.3819291515658016,1.409361903265524
2021-09-27T00:00:00.000,48,213,0.4146341463414634,3,9,-0.004334668871825427,0.1926605504587156,13652.9486616899,-2.137276511985827,-0.27235709981901685,0.0609742818377252,-2.3711807189875476,-0.1731128694796243,0.24848205035197984,-0.5697844139658782,-0.4326482379220842,1.3307702094323115
2021-09-28T00:00:00.000,91,25,0.18018018018018017,4,10,0.00014655883942679923,0.5524256651017214,10435.2454999654,0.0693406702790848,-0.26863168722684777,0.24790881716442845,-2.411646629211673,0.23636299706520178,-0.06486179100646365,-0.7380893188893503,-0.2625607783839885,1.1124648926739114
2021-09-29T00:00:00.000,29,87,0.275,4,5,-0.030921726616309035,0.1060741402411791,10775.0000242397,-1.451801520231082,-0.765025966479349,-0.48666918688187905,-3.099929588866106,0.09573689881461311,-0.42933567507056314,-1.8099917505148846,-0.6732557199519478,1.0482632571153254
2021-09-30T00:00:00.000,93,2,0.2677165354330709,5,3,0.007246253610628366,0.8417410714285715,9502.2518268602,0.34504735494275096,-0.7736059392299368,-0.4809596636582,-2.776323577806802,0.35324211484885704,-0.7927800148297255,-2.0180875996256242,-0.4676349689288514,0.767302135390789
2021-10-08T00:00:00.000,100,24,0.3333333333333333,3,17,0.014301664427922408,0.7659526996876395,10603.4409076675,0.13189651521316106,-0.6085586983563825,-0.13652803267420147,-2.2757844958610844,0.38500587973054723,-1.310330723947477,-1.6549717255312018,0.12964104445759203,0.6030571653311484
2021-10-11T00:00:00.000,95,36,0.18803418803418803,3,37,0.030001542011803457,0.4539370956948472,9918.9853229538,0.16386663790281583,-0.14833006837865392,0.20560446398639431,-0.4738158856672772,0.9531372304862502,-1.3054535333650474,-1.167242951125777,0.415903540435003,0.33355665659987704
2021-10-12T00:00:00.000,54,20,0.3076923076923077,4,23,0.01427582453501149,0.17543468568880963,9962.5374990979,-0.5026994202839007,-0.262738086491251,-0.07380351773204497,-0.42698870138422274,0.6291013085936934,-1.3016406930110396,-0.9604779282685938,0.004085822231062286,0.2905571041323887
2021-10-13T00:00:00.000,79,61,0.21,5,11,-0.0011675240513819584,0.573211499888567,8894.1120398317,-0.32005638620569765,-0.03638905968617414,0.29043173087191365,-0.19542832533359372,0.7899234971669615,-1.2451920837648607,-0.5341559215829942,0.5132090615100913,0.12648862332926392
2021-10-14T00:00:00.000,87,15,0.20909090909090908,6,13,0.016374263137546877,0.5294117647058824,8606.4632895923,0.15923857528416802,-0.07355081561789073,0.24096330920292205,-0.3033710083341219,0.9331516556310329,-1.1886937316390318,-0.4066852498402206,0.17108923825178537,0.03869007740239955
2021-10-15T00:00:00.000,45,39,0.4155844155844156,7,4,-0.007242819576908671,0.28819599109131405,9888.0199047279,-0.8851422665957183,-0.2769585719796666,-0.17564191249230263,-0.4279329732940342,0.7262312231651771,-0.9770628160072612,-0.7088361323230894,-0.35122820105025315,-0.024239191855902197
2021-10-18T00:00:00.000,92,16,0.19298245614035087,8,10,0.025556375910274928,0.6064516129032258,10019.7978453809,0.5210912372292678,-0.2055136521143762,-0.2010177254349589,-0.25728764939741267,0.7091379587455002,-0.7153416054237872,-0.7648534821309212,-0.18790351983776113,-0.02132954132129227
2021-10-19T00:00:00.000,85,10,0.22018348623853212,9,14,0.02587642816865513,0.5094507449410718,9730.8775558827,0.41317694373978486,-0.02233837930963911,0.02447677179556278,-0.17261903895538783,0.9228140620606409,-0.45510176411531394,-0.6010147109907206,0.1730050940067809,-0.0479290689690355
2021-10-20T00:00:00.000,61,21,0.34408602150537637,10,13,0.014736358373895314,0.3554123138475217,10197.585589459399,-0.17253736344328227,0.007165425242843965,-0.11996093650589794,0.1663568284068066,0.5833843870961439,-0.1955022890474534,-0.3772305263402422,-0.06723460348656511,0.06034511657711635
2021-10-21T00:00:00.000,51,7,0.39285714285714285,11,13,0.017130523973471635,0.2975793915167666,9927.5318909555,-0.2269376920968405,-0.07006982823335775,-0.39804761907059605,0.23357074360660263,0.12338969775055823,0.06429008723473166,-0.3646547933448945,-0.3216292704065601,0.1725923565966542
2021-10-22T00:00:00.000,51,18,0.37037037037037035,5,6,0.00369223015146791,0.30350799289520425,10149.9814979484,-0.5897079493410902,-0.010982964782432126,-0.35793338065142477,0.41102813160418156,0.23450414853966137,-0.03578242012124759,-0.2123096698978025,-0.30553283531573,0.18914527236533768
2021-10-25T00:00:00.000,82,9,0.3050847457627119,6,11,0.030255010342701012,0.558392539964476,10145.5767838867,0.2666428131633917,-0.06187264959560733,-0.43425065038699245,0.47156703084862495,-0.04373843890286915,-0.13451994517697546,-0.13741163445302296,-0.34979818324506384,0.1950432741470483
2021-10-26T00:00:00.000,44,18,0.4567901234567901,7,9,0.015980941465446975,0.35500332815620145,10821.4214547255,-0.49946898541037826,-0.24440183542563995,-0.7481922063411099,0.4053337190922912,-0.6299802699505632,-0.23165425914364252,-0.2725518623787456,-0.5176174108629086,0.2838494416051997
2021-10-27T00:00:00.000,54,30,0.19402985074626866,8,12,0.024052214748235882,0.19986705074230002,10765.7664730463,-0.05792987275884751,-0.221480337288753,-0.8013699790832076,0.33030702988050165,-0.2537290986004694,-0.32656420518819285,-0.13588940759110743,-0.6910534451805045,0.32793674474171
2021-10-28T00:00:00.000,56,63,0.30864197530864196,9,9,0.011712249761575937,0.22859039610533305,11072.842714683798,-0.49732461118983295,-0.2755577211073515,-0.7650619170815018,-0.14310524738046354,-0.044280020076100116,-0.41822206993501415,-0.2117424937660747,-0.7668388040303573,0.42034650451805183
2021-10-29T00:00:00.000,89,15,0.22608695652173913,10,11,0.01066170096231081,0.7743362831858407,11381.616230184898,0.6050838751440727,-0.036599356210318935,-0.4765214980811242,-0.11462018694763368,0.3123569356357617,-0.1442101559537751,-0.10941476366584083,-0.2403293900573919,0.5165435655977724
2021-11-01T00:00:00.000,107,20,0.3515151515151515,5,18,0.025554930884142527,0.688122096881221,12228.828567856699,0.3841453274543763,-0.01309885335212202,-0.2861304921794031,-0.20476374088205485,0.19424876897517698,-0.19931294839413316,-0.17507433022597216,-0.09699324740656712,0.6763340166481002
2021-11-02T00:00:00.000,54,32,0.25,6,13,0.009597531744607224,0.245579133510168,12578.463746415102,-0.26622436825972634,0.033550070078008365,-0.21825685963874664,-0.3198569895952986,0.7056383307240326,-0.2516803782171032,-0.26557157066754866,-0.2190695068494609,0.803647464790185
2021-11-03T00:00:00.000,63,12,0.25882352941176473,7,7,0.00935325852821862,0.6538461538461539,10000.1625385745,0.10527411934459992,0.06619086849869785,-0.1581593328390462,-0.16290331408323,0.5399852564496131,-0.2991666268847809,-0.4743624349314854,0.28784616065015445,0.7300963711296609
2021-11-04T00:00:00.000,126,2,0.23170731707317074,8,20,0.03987874658663838,0.7317127071823204,10784.6824566252,1.0347820962469974,0.3726122099860639,0.38403856947819004,0.35820522782928566,0.726886706870862,-0.34289895987691144,-0.06265450475871352,0.8452714119916355,0.6994370183681
2021-11-05T00:00:00.000,72,31,0.28,9,27,0.010201395786193918,0.39624309392265195,11507.656809575601,-0.025075869259213106,0.2465802611054068,0.24285726168227373,0.22420669314506667,0.5884728704737784,-0.3842300872768032,-0.06712739519090763,0.4188737457197818,0.7030087391846582
2021-11-08T00:00:00.000,100,7,0.23076923076923078,10,22,0.029175485193471795,0.572470172337605,10386.4291231898,0.6765136095925296,0.30505391753303746,0.18419427511849537,0.33589098749466667,0.8819698991483053,-0.08825698297887855,-0.013131804784599277,0.28517232463687836,0.5495387240963949
2021-11-09T00:00:00.000,96,3,0.2440944881889764,6,33,0.03169113905637216,0.6850950906678461,10106.6640731521,0.5777862783207314,0.47385604684912896,0.5067877749256919,0.5824971788365131,0.8899205172153024,-0.08655083130502743,0.3077016077350082,0.7701248184523631,0.3465112620840519
2021-11-10T00:00:00.000,66,3,0.3592233009708738,6,20,0.02203622207617396,0.6026519337016575,10799.27638301,0.07597571495977995,0.467996365972165,0.5188123869025416,0.6580915476189795,0.6352812200575122,-0.1439456313601434,0.4904089082153683,0.7075924071389968,0.4097337232319004
2021-11-11T00:00:00.000,91,8,0.24793388429752067,7,18,0.026812517991920675,0.6662245800176835,11228.822991090201,0.5527306987519323,0.37158608647315194,0.23502242205458396,0.6054579429483533,0.594386577642305,-0.20209194635220745,0.29764705183645956,0.6293546366509137,0.4413259205316562
2021-11-12T00:00:00.000,97,6,0.27611940298507465,6,12,0.020532337172973522,0.5983660852285273,10988.4512158684,0.36760702094856956,0.4501226645147085,0.4287354441531159,0.8146382450498351,0.6006759381351252,-0.38185242210020204,0.4451818526721481,0.8488692973465042,0.39461029634643346
2021-11-15T00:00:00.000,90,28,0.3076923076923077,7,18,0.02430019772457082,0.666960935775767,11578.5551869451,0.305227564832596,0.3758654555627218,0.34320542354265665,0.6333726419086643,0.4039470445955541,-0.5645315917610987,0.3742414432730464,0.9515101179932607,0.4893131093869695
2021-11-16T00:00:00.000,78,10,0.27102803738317754,4,15,0.0062122844188600475,0.27128363475959416,11134.529134571201,-0.2530226014097149,0.2097036796166325,0.19122209875391383,0.5721108389159946,0.3358293428759088,-0.6926674573739682,0.0018383714959612884,0.4868239728367862,0.5727685898118318
2021-11-17T00:00:00.000,114,6,0.16176470588235295,4,15,0.019866632225089588,0.7237045203969129,10369.109471366499,0.6436996430463805,0.3232484652339527,0.5766923070263879,0.5457248012856976,0.8360578401170461,-0.8215160809885482,-0.028541745543213714,0.6243539459393492,0.5299681888009503
2021-11-18T00:00:00.000,66,8,0.3333333333333333,5,18,0.014865929661753645,0.2812155912794539,11241.2035655575,-0.28257658682890696,0.1561870081177848,0.3648469560290711,0.5456339530667533,0.6114519388305022,-0.9482709223237815,-0.20018713072901803,0.19383589019394326,0.5259983717570238
2021-11-19T00:00:00.000,90,4,0.23728813559322035,6,14,0.01817349107538392,0.7252916574950473,11128.923148393998,0.4908936146246214,0.18084432685299517,0.30282759826079547,0.5640496164614491,0.7075145209329248,-0.9527844501531298,-0.23207486363783153,0.34285006120629696,0.5335278049004616
2021-11-22T00:00:00.000,101,17,0.18548387096774194,7,19,0.031004972498478025,0.5316761988561373,12544.580268647302,0.6694149482286972,0.2536818035322154,0.38898204027485994,0.6579192414205264,1.0197047347020298,-0.955633914942772,-0.1311159926935434,0.19216986035621172,0.603746655608196
2021-11-23T00:00:00.000,77,7,0.3125,8,16,0.020123773955617943,0.5269408401143612,12281.705746900301,0.2565428360056208,0.3555948910152825,0.37395973349384437,0.6830725806050723,0.9051078765244235,-0.7145511093034288,0.07317451171651973,0.4783212547266208,0.6900793893439264
2021-11-24T00:00:00.000,90,10,0.24369747899159663,9,14,0.01823092693588328,0.5068191816981962,12021.489380050698,0.43662592721188337,0.3141801478483831,0.1716566155301436,0.6485920587866438,0.6886301197007807,-0.41223183727602103,0.04869531730381871,0.23221711737349815,0.8217016435198182
2021-11-25T00:00:00.000,75,11,0.3119266055045872,10,17,0.009417065687661123,0.4345722454365516,11128.7218561341,0.048431937494414753,0.3803818527130475,0.23948275114230927,0.6223398580570496,0.7378544703914101,-0.11053209853103967,-0.0361392247662037,0.4027649113537334,0.8069023013440738
2021-11-26T00:00:00.000,72,7,0.30097087378640774,5,16,0.015819000660092765,0.3397097625329815,11013.879272677797,-0.16063018236860843,0.25007709331440153,0.08399235203486352,0.5959598834590641,0.5679938991737794,-0.17850320063121639,-0.07361952242262063,-0.036147796754661954,0.7908640383416027
2021-11-29T00:00:00.000,98,4,0.25190839694656486,6,16,0.02402448561997656,0.3550230819960431,11773.0238128153,0.2913784122477367,0.17446978611820946,0.05619802109620281,0.7056178259966659,0.39219763911595396,-0.24494095676493816,-0.1769409703226074,-0.23683324027717392,0.7259901839833632
2021-11-30T00:00:00.000,99,5,0.3076923076923077,6,27,0.03658026962106635,0.6338461538461538,12203.802119294702,0.5702570997183235,0.23721263886074997,0.23647151877716732,0.721712788148664,0.40047443866640764,-0.37171871662830025,0.073327979968061,-0.11405984159177754,0.7142803046850281
2021-12-01T00:00:00.000,121,5,0.16551724137931034,7,29,0.030285055848958065,0.7075368050977807,11461.4132517367,0.962202118151595,0.3423278770486923,0.4945312141224688,0.7629980129850007,0.6032457320247969,-0.4971520935525152,0.25419364135893285,0.11436977646007622,0.664108855942086
2021-12-02T00:00:00.000,81,8,0.37209302325581395,5,27,0.015299301304875383,0.24094003953437293,11530.363556500899,-0.31481852037637087,0.26967778547453514,0.537539574035221,0.7873990030044558,0.43950635085912637,-0.8071499851198581,0.34283449277617695,-0.10332755069550115,0.6909426134621255
2021-12-03T00:00:00.000,80,9,0.3162393162393162,6,24,0.007643195739767309,0.5802767406105864,11349.8895021575,0.0020957806960326198,0.30222297808746335,0.5970840457313908,0.7692177563548022,0.39376133871462665,-0.7464732612071605,0.2198004671330028,0.16918968515661964,0.7129808147289625
2021-12-06T00:00:00.000,69,15,0.43902439024390244,7,19,0.012353027124318676,0.21017990346643264,12032.619008015101,-0.4990517640445416,0.1441369428290077,0.3444861726090293,0.675232111170262,-0.10461628082694863,-0.6867790612246081,0.04563383881592462,0.00754100306727854,0.7274608161921164
2021-12-07T00:00:00.000,97,20,0.224,8,28,0.021571366367989876,0.37609649122807015,11995.243149437201,0.31906822793023715,0.09389916847139045,0.32247096961582683,0.5473653486767839,0.11331124578056281,-0.5659262336440694,-0.180803306094857,-0.28486741107839,0.705743566043876
2021-12-08T00:00:00.000,90,24,0.34782608695652173,9,15,0.0030834653244994083,0.7101512826134619,11013.0363610358,0.07131059859472445,-0.08427913543998365,0.053427675184006304,0.38587079747436265,-0.37039991794429494,-0.4457858079933986,-0.5916941374450031,-0.284101062696818,0.6627285053412605
2021-12-09T00:00:00.000,79,21,0.3305084745762712,7,16,0.014221831073203135,0.5831689677843525,12638.217583018399,0.07126883630426148,-0.007061664103857182,0.02976705739513281,0.27584506718560914,-0.2630406621586041,-0.3279314986600165,-0.6073861381576076,0.10032816817392298,0.7429863574945632
2021-12-10T00:00:00.000,89,5,0.27049180327868855,8,18,0.027316527618924974,0.48992553657468246,12352.081660124699,0.43569983572435966,0.07965914690180823,0.10062849139983951,0.3098923043551454,-0.14427793642341316,-0.20984901984990945,-0.31021788857013244,-0.004370155980028623,0.8158082333811565
2021-12-13T00:00:00.000,87,21,0.3203125,9,21,0.022918363378452343,0.496933858957512,12705.123168893799,0.252750858554364,0.23001967142158936,0.24755685733069557,0.2591972411235971,0.16592920268319913,-0.08998775083935082,-0.15011368385968588,0.3173158701513336,0.860239963361337
2021-12-14T00:00:00.000,108,8,0.2653061224489796,10,33,0.04084540370614387,0.5446780551905388,11409.106901152603,0.7748372724597287,0.32117348032748766,0.3397830941630811,0.3615128716937842,0.05682863736739659,0.03126021372665257,0.14543025574064247,0.5064768485104318,0.8069224410904251
2021-12-15T00:00:00.000,96,11,0.37662337662337664,11,26,0.016228830410302042,0.45872564046419967,11359.272559748,0.16974431676537421,0.3408602239616176,0.3865342362210617,0.4720635769091537,-0.02437176080040031,0.15386665639313657,0.346290650111965,0.22224203403255358,0.8293961748638534
2021-12-16T00:00:00.000,99,8,0.23255813953488372,12,33,0.033969840874022175,0.6515648938498577,11133.5942657241,0.8589383832177787,0.49839413334432103,0.55487185844819,0.5818904717711153,0.2355998380935777,0.46525408891097014,0.6467498806070718,0.3001295064225239,0.7042632891567989
2021-12-17T00:00:00.000,97,8,0.26515151515151514,13,33,0.02644588006231003,0.2956883344276647,11590.922038669,0.4817073950834904,0.5075956452161472,0.6189748127584445,0.5558286680367788,0.24987086242042045,0.7762565352990929,0.6331950865159766,0.08034230860877285,0.6387012428735449
2021-12-20T00:00:00.000,113,31,0.2802547770700637,14,44,0.0344557767776707,0.3090551181102362,11580.211717187001,0.5525011388896061,0.5675457012831956,0.8415589634380918,0.4705449410489633,0.35615506861361024,1.0857367057441907,0.8059272681045424,-0.1332992742944156,0.5461962363273866
2021-12-21T00:00:00.000,161,13,0.17857142857142858,15,58,0.04110160822529693,0.7928243272806825,10001.692843118899,1.5611286454556932,0.7248039758823885,1.3047231638808223,0.4268113283070701,0.5850740648900732,1.3923677514608308,0.8032597644993116,0.14562665471583833,0.41576510342277356
2021-12-22T00:00:00.000,99,13,0.41420118343195267,13,32,-0.0004699879447738288,0.5097267759562841,10622.8016842404,-0.02252738478595854,0.6863496355721219,1.3192489345956058,0.4082588888255227,0.4798153654490225,1.5067166134155245,0.5443874132609471,0.19959396073319577,0.3464262727250356
2021-12-23T00:00:00.000,76,36,0.30275229357798167,5,16,-0.006636911599459338,0.32867743343518113,10771.3270367499,-0.6572346557244867,0.3831150277836689,1.104822995880523,0.16990527117869364,0.2865974938970804,1.0549290067632022,-0.07348483331121942,-0.17042467609830475,0.30945993617570755
2021-12-24T00:00:00.000,59,46,0.33707865168539325,6,7,-0.006618058033130495,0.22464558342420937,11316.2553622835,-0.8916708114506074,0.1084393864768493,0.7586052422225754,-0.15240149003577239,0.09041564547246392,0.6047800160796775,-0.5704732757172668,-0.2537144752888293,0.281864042605097
2021-12-27T00:00:00.000,78,34,0.30357142857142855,4,13,0.0071650300658990355,0.5941997383340601,9745.8077644932,-0.3819067427043944,-0.07844218984195077,0.43950417045071133,-0.17952265976232779,0.02463905160208931,-0.03150773601892896,-0.9792795602432343,0.06615227711925775,0.11091912795877742
2021-12-28T00:00:00.000,70,21,0.2708333333333333,5,14,0.011476154759576848,0.5996949226410982,10024.795652398101,-0.18086828192559698,-0.4268415753182088,-0.3763154036119114,-0.24982328947035465,-0.22560938825888002,-0.6632083603939293,-1.4231741051818052,-0.15541067332701405,0.105650193016433
2021-12-29T00:00:00.000,77,20,0.2376237623762376,6,23,0.029142451084646446,0.41241830065359475,9971.4331347325,0.011051760444274004,-0.42012574627216226,-0.5744599561924375,-0.31133573585290064,0.24631426794125666,-1.101540993845751,-0.972255807543829,-0.2658434366072172,0.03824143819574276
2021-12-30T00:00:00.000,103,5,0.2589928057553957,7,33,0.04192047557816267,0.6369773519163763,10177.351340432999,0.6012208046414835,-0.16843465419896825,-0.3371171452148259,-0.04949902941035307,0.36136846221708624,-0.9726135295602422,-0.24263902956292238,0.08413771150752143,-0.022680019369042147
2021-12-31T00:00:00.000,74,16,0.3728813559322034,8,26,0.017851313650769494,0.5944238727945981,10600.428582544198,-0.08673153266091403,-0.007446798441029576,-0.20919611127119345,0.20219109642285274,0.2616223895317972,-0.8439620746632844,0.12522711005351303,0.5023811279324535,-0.09039112709334556
2022-01-04T00:00:00.000,125,25,0.2857142857142857,9,34,0.05009937832916138,0.7184233449477352,12660.881472984302,0.9598644309904502,0.26090743629793933,0.20774507835932052,0.27585159256969655,0.30615022474592757,-0.527082583571129,0.7604574421744865,0.6421289020423948,0.16110139776487836
2022-01-05T00:00:00.000,72,41,0.424,10,36,0.015882077015458268,0.24167210973220118,13048.7916703814,-0.42997896696067134,0.21108529929092446,0.22133495720219987,0.10409357327136977,-0.10842710684037851,-0.21251407522732918,0.8252662655218659,0.23301989402563977,0.4148235870831035
2022-01-06T00:00:00.000,99,9,0.3219178082191781,6,19,0.016890466179831247,0.6454842219804134,11364.743115867203,0.1965428748231008,0.24818352216668985,0.4132350519429161,0.1972941049831979,-0.3371044605823614,-0.21062065866375496,0.6423224989500269,0.49449122483976504,0.5376668936970391
2022-01-07T00:00:00.000,53,28,0.4854368932038835,7,18,-0.0023289451805605134,0.2133536320139191,12070.191037919001,-0.9918429521611849,-0.07042922919384387,-0.0373827296282558,-0.0011688463925605575,-0.9444119316379945,-0.2085751155762145,-0.010904651089285577,0.00982102662516784,0.6996176433422361
2022-01-10T00:00:00.000,91,17,0.17272727272727273,6,23,0.028559552162449604,0.666304111376985,10511.91802957,0.46655041887887844,0.04022716111411463,0.11244539243941698,-0.011092405513935876,-0.410927515906896,-0.33159008130494694,0.14843324285952372,0.0889506212328122,0.6853708739928284
2022-01-11T00:00:00.000,71,14,0.3364485981308411,7,19,0.014786505569321923,0.36695652173913046,10555.4317425,-0.2949684244251551,-0.21073940996900645,-0.3723209641681916,0.08112604842770495,-0.545066723044151,-0.4550569396565015,-0.3716195080178348,-0.3129049399213397,0.5006671565972689
2022-01-12T00:00:00.000,105,5,0.2391304347826087,8,24,0.029741739675960794,0.7290308561495003,10609.78424894,0.6576053266089977,0.006777448744927428,-0.07799392018682309,0.38735224622573083,-0.05012365834357415,-0.5781457402184574,-0.1659355039601424,0.2401338341565536,0.29215488354120456
2022-01-13T00:00:00.000,65,18,0.3925233644859813,8,31,0.03302195180963658,0.269389528568325,10933.65632668,-0.2835168900186283,-0.0892345042234184,-0.3809684706167367,0.3081562563276802,-0.23570653027236746,-0.4519088750737077,0.07280530429322714,-0.1870032077798301,0.24998399355780582
2022-01-14T00:00:00.000,85,23,0.32,9,24,0.038209516428943324,0.33195741907451665,11068.22718326,0.11317896348194902,0.1317698789052084,-0.09290548019065795,0.3491496958910987,0.20819313123978037,-0.32641831744031713,0.6714350199965624,-0.049230017585731665,0.1621651204257239
2022-01-17T00:00:00.000,114,32,0.20833333333333334,10,29,0.039141515386673896,0.7156820156385751,11194.73895185,0.82600596157795,0.20366098744502273,0.11548312648087636,0.21789392919073985,0.1108063202505341,-0.07613612935026001,0.8262027818532864,0.008230680796796275,0.22314620289318596
2022-01-18T00:00:00.000,56,64,0.4954954954954955,11,19,-0.0031978177858685655,0.2907986111111111,11957.89071427,-0.9821619143787538,0.066222289454303,-0.019608482757521008,-0.2139281399321847,-0.3072135606850951,0.17457959029289818,0.5605865072790367,-0.0770650619493461,0.3462051739323328
2022-01-19T00:00:00.000,70,22,0.3137254901960784,12,18,0.014271805596066082,0.5096592142392012,10651.51151674,0.03145957960836174,-0.05900685994582422,-0.33198527806551653,-0.36129729502286445,-0.5041357649019477,0.42624624883869994,0.3331598538351092,-0.3258067342246174,0.3507709499203674
2022-01-20T00:00:00.000,50,31,0.375,13,21,0.020777314849455438,0.1616753472222222,11288.58854709,-0.3933978572699505,-0.08098305339608868,-0.4666802493813115,-0.4744147165378009,-0.4545995856524712,0.7415166679215035,0.1525201740918428,-0.4489969090779642,0.3837732448635808
2022-01-21T00:00:00.000,61,54,0.34408602150537637,14,13,-0.010473934375338723,0.29832935560859186,9842.51518351,-0.6806412410783708,-0.23974709430815264,-0.6824565359829998,-0.748606950841919,-0.5173122878673715,1.0544597625061336,-0.5639464398481527,-0.489481167743258,0.26911395962049955
2022-01-24T00:00:00.000,66,50,0.27472527472527475,15,16,0.00937100597905584,0.38638334778837813,8640.24221752,-0.25949159515435216,-0.45684660565461305,-1.1128389040539757,-0.9076011398168919,-0.6923851369741253,1.3636441081493125,-0.9989866763695817,-0.8638116171994665,0.014053126682437234
2022-01-25T00:00:00.000,33,92,0.37735849056603776,16,12,-0.00668201451859734,0.058109280138768434,9365.98921089,-1.2579357754020173,-0.5120013778592657,-1.3166908442764282,-1.1567406630580928,-0.3818925981383807,1.666996722913315,-1.0419087222739445,-1.1286438951524405,-0.22512964502888821
2022-01-26T00:00:00.000,62,52,0.3404255319148936,4,10,-0.003166930783363955,0.669412529807067,7940.42650623,-0.857183020016363,-0.6897298977842107,-1.3824772109362027,-1.4134617341685174,-0.451758106280611,1.1657663701916499,-1.2875969554881812,-0.9459003519511875,-0.5126812958564251
2022-01-27T00:00:00.000,18,116,0.5909090909090909,2,6,-0.027068662088609106,0.057371725481706,8228.10137104,-2.7829664416714732,-1.1676436146645153,-1.6565142048782306,-2.138199548003703,-1.0159601088352987,0.4811358544122989,-1.9664951157150532,-1.0565793737149718,-0.8208928059166478
2022-01-28T00:00:00.000,65,43,0.3867924528301887,3,5,0.021449028479810013,0.7123702422145328,8186.13323385,-0.5742889062096281,-1.1463731476907666,-1.6086978190993348,-2.0257663694174695,-1.1189190782501164,-0.198035529447871,-1.491606740228381,-0.5840909882608841,-0.9974955091313097
2022-02-07T00:00:00.000,111,53,0.2838709677419355,4,14,0.020516610046980764,0.745674740484429,8229.20114731,-0.08966480048756775,-1.1124077887574098,-1.2024665491140873,-2.0322372427114463,-1.1403881222920509,-0.8723031415618745,-1.3231671533552152,-0.17741537255486417,-1.03887693971233
2022-02-08T00:00:00.000,99,20,0.27205882352941174,5,35,0.038732554813904196,0.7852044127190136,8785.66061135,0.3565462472748013,-0.7895113842220461,-0.6064931086836715,-1.397020713785014,-0.8615406136840946,-1.541108172737062,-0.6682351618678909,0.6444377426293096,-1.0966196614258998
2022-02-09T00:00:00.000,115,7,0.22818791946308725,6,35,0.037384578071180063,0.7567567567567568,9315.44106005,0.6603661944066114,-0.4860015413374512,-0.13362357750177423,-1.007863239478913,-0.5686255903188954,-1.4067906426485586,-0.08841513758698043,0.7367554036429127,-0.9334480054699495
2022-02-10T00:00:00.000,69,8,0.34285714285714286,7,25,0.019981616800460927,0.36732929991356955,9361.33675567,-0.27890560464065933,0.014810626068711474,0.32266146379688754,-0.08181796590712306,0.08469465800540668,-1.091226542413687,0.5848365990113569,1.0863134235811773,-0.8017872535930373
2022-02-11T00:00:00.000,60,23,0.34782608695652173,8,18,0.017002547090953012,0.12899740708729474,9913.24294683,-0.5686759225722736,0.015933222796182388,0.2796619391655201,0.08565767460382274,0.18318719849271353,-0.7812014542512411,0.5207504173699352,0.4328949310933942,-0.6094181469008675
2022-02-14T00:00:00.000,96,23,0.30935251798561153,6,17,0.011099727946809954,0.4707280190105854,8622.3331177,-0.24660507538718837,-0.015454832183741735,0.14686244135578264,0.33416261540396625,0.11843136221095027,-0.6562008499920028,0.3864060112221397,0.12234759776946365,-0.5601930032564915
2022-02-15T00:00:00.000,68,21,0.3761467889908257,7,17,0.0065427464591685984,0.5141438134312244,8273.3273192,-0.526851449526878,-0.1921343715440776,-0.12399790677335343,0.3234952885310213,-0.14781874531207131,-0.5332503119384715,-0.06583088257311884,-0.18170636787819397,-0.615831674864355
2022-02-16T00:00:00.000,81,4,0.3467741935483871,8,19,0.031743705877796964,0.7601985754370818,8068.79730526,0.178008432440606,-0.28860592393727863,-0.42217320929656577,0.34522789393144543,-0.4512043555228257,-0.41165644833556725,-0.14541796649230715,-0.18156960390645072,-0.7534477779386791
2022-02-17T00:00:00.000,62,17,0.4608695652173913,4,13,0.0016617519409737093,0.3410317289013598,9086.61515808,-0.953792518247929,-0.42358330665873256,-0.4841299628262464,0.265997912993147,-0.7542686292023315,-0.5937003386216206,-0.40621508513813354,-0.2131010414077365,-0.779666002408206
2022-02-18T00:00:00.000,71,1,0.2828282828282828,5,21,0.021914760767809554,0.660267471958585,8073.63112936,-0.05377490702812837,-0.32060310354990357,-0.3873723766990437,0.44755257328152753,-0.5862138787108022,-0.7733976688718689,-0.3375843598509273,0.37120493887446726,-0.9784109528726768
2022-02-21T00:00:00.000,116,6,0.2214765100671141,6,35,0.052690748557613215,0.7310181190681622,9002.10255608,0.7951349813634199,-0.11225509219978189,-0.20974107298434425,0.5856518748442184,-0.36012865020336005,-0.7701232258632545,0.24912486210424048,0.6533599162218765,-0.9339293495178493
2022-02-22T00:00:00.000,61,14,0.3645833333333333,7,31,0.026226152014279053,0.19128747034720725,9780.36891513,-0.4538634754768573,-0.09765749738977778,-0.27168307927708557,0.6378692519658266,-0.3303549263715973,-0.7659823594547817,0.521102910230352,0.29400806026437337,-0.7685623390855313
2022-02-23T00:00:00.000,104,4,0.2571428571428571,7,27,0.035043865940395304,0.7639068564036222,10406.92420004,0.6508652499083677,-0.0030861338962254294,-0.07070666018272653,0.6341794632375374,-0.10050650207056526,-0.8212857148189998,0.5634826677763561,0.2925038904940823,-0.5192700817092616
2022-02-24T00:00:00.000,48,44,0.5826086956521739,8,20,-0.0018814447654638988,0.1405475317956456,13624.04480317,-1.172705366947882,-0.04686870363621602,-0.19251822289178808,0.3936040351584576,-0.41042587086564464,-0.5730449695392891,0.5092667693782046,0.07033956233209855,-0.1253022290255504
2022-02-25T00:00:00.000,75,7,0.32432432432432434,9,20,0.02698662618091898,0.7191205001077818,10184.82481811,0.2809978202808501,0.020085841825579664,-0.1573832804162266,0.3375116975031215,-0.5148846822463768,-0.3270741930803661,0.574956296716628,0.1284985310899225,0.09897652321235598
2022-02-28T00:00:00.000,59,20,0.313953488372093,10,17,0.008658335447302712,0.425,9488.04709844,-0.29937006486267576,-0.19881516741963945,-0.6563141887463911,0.2132035175450196,-0.7501934961161343,-0.08261812394832395,-0.053741166967342616,-0.20868387110345082,0.14664115739914785
2022-03-01T00:00:00.000,70,7,0.29292929292929293,11,16,0.029149412967263904,0.6821805645335057,9687.25560812,0.3521754876261971,-0.03760737479902857,-0.5757524951467987,0.27064213192617326,-0.5661753542108755,0.16000660997724464,-0.014045106618897352,0.32880181325915026,0.13327077722080416
2022-03-02T00:00:00.000,74,2,0.27450980392156865,12,20,0.03350812193976605,0.559051724137931,8977.90007615,0.38157743122158777,-0.09146493853638457,-0.8350004858183316,0.28650168933487474,-0.6107092556596008,0.4610439929078261,-0.03389651239377674,0.10585716142925343,-0.014051159554936122
2022-03-03T00:00:00.000,91,11,0.2540983606557377,13,33,0.04649188385882157,0.39870689655172414,10100.02531533,0.6055941566948214,0.26419496619215616,-0.4511767972630505,0.5710826116269164,0.22920283224438803,0.7594747107263534,0.6565238515159523,0.39176007069422375,-0.3075025161996899
2022-03-04T00:00:00.000,62,26,0.3111111111111111,14,22,-0.011134870379859448,0.21956474897651368,10060.66855714,-0.46533405653819415,0.11492859082834728,-0.5629432293654768,0.4063887106583278,0.26077642815521707,1.0558517321554266,0.11466584304284524,-0.15161162819557084,-0.31862772065233796
2022-03-07T00:00:00.000,66,28,0.31958762886597936,7,22,0.030961791817991306,0.1790176647996553,10243.4129232,-0.3577270666302327,0.1032571904748359,-0.4990761093039783,0.337336830832749,0.2451519266663004,0.8673823876512579,0.43407175950215543,-0.4198016992320749,-0.24226476279255782
2022-03-08T00:00:00.000,25,84,0.6153846153846154,6,9,-0.030308960410500185,0.09590517241379311,11096.88848758,-2.171185533595044,-0.40141501376941235,-0.8973925962570337,-0.3266605123310961,-0.57489972777575,0.5595071831341741,-0.40614549552786716,-1.0568637708873054,-0.10745017674100761
2022-03-09T00:00:00.000,54,28,0.35714285714285715,4,13,0.05742699536216238,0.23216210390170294,11614.5167858,-0.22665852884215973,-0.5230622057821619,-1.0674442818509675,-0.5477139709225562,-0.7780180126300407,0.07289422294124263,-0.07742752799294621,-1.4087002349203717,0.1449743649005071
2022-03-10T00:00:00.000,101,5,0.31756756756756754,5,22,0.029218874413782084,0.7687998276233571,10785.16274251,0.40789527250734825,-0.5626019826196564,-0.9754122023240924,-0.49445136097887604,-0.9357965610880162,-0.4104627332260907,-0.3301997059426638,-1.0004712641499407,0.20857994937208502
2022-03-11T00:00:00.000,79,11,0.2403846153846154,6,18,0.020117339637067057,0.6233850129198967,10499.77939564,0.19360027355671214,-0.4308151166006752,-0.8185506107050216,-0.3630790496137551,-0.7565372326018072,-0.8908053921638434,0.1171488438089838,-0.5519549407322798,0.2480725658029972
2022-03-14T00:00:00.000,51,45,0.42696629213483145,4,15,0.0036942820449845466,0.09270810927081093,9696.32732774,-1.2363767220487976,-0.6065450476843882,-0.9468862898279575,-0.5043379768403056,-1.0185502273467595,-1.064894595716812,-0.26243509452549973,-0.6401799259407865,0.19146877640740426
2022-03-15T00:00:00.000,36,162,0.42857142857142855,5,13,-0.004671025076324693,0.052869116698903935,11237.92321894,-2.0008683629830806,-0.5724816135619955,-0.8394628020540719,-1.1561591394381174,-0.5302371908725967,-1.1171891008319137,0.11411898343644959,-0.6790857269511644,0.20064368177744646
2022-03-16T00:00:00.000,139,9,0.23204419889502761,6,19,0.06303048042374308,0.9142672969488612,11916.92864883,1.3318211461719616,-0.26078567855917123,-0.08905942963615665,-0.9962673421389694,-0.2195437647913135,-0.9889735864693543,0.18252318038947415,0.0629674035736616,0.22285378915846005
2022-03-17T00:00:00.000,117,3,0.43478260869565216,6,28,0.027431406621331523,0.7927405498281787,12751.76834959,0.47046932646400513,-0.24827086776783985,0.049585029388625655,-0.9849094855227861,-0.505204039173849,-0.92301447398482,0.15663727496879282,0.08536217201626059,0.3836474479328974
2022-03-18T00:00:00.000,130,3,0.1503267973856209,6,29,0.029285942883394638,0.7466723915843709,9902.14362637,0.8506174373779104,-0.11686743500360022,0.4912145264763691,-0.9235234016570253,-0.28139557452459085,-0.9179006034331596,0.27856669877622064,0.21245755216745382,0.3225087571695314
2022-03-21T00:00:00.000,140,3,0.24324324324324326,7,46,0.0477890188135104,0.6851255634256278,10149.66621725,0.9309220643298437,0.316592322272128,1.2629065101131562,-0.5737974332124108,0.17239531393209273,-0.7343350427636308,0.8726223151674958,0.852384330807714,0.3639702618604796
2022-03-22T00:00:00.000,97,13,0.30714285714285716,8,39,0.012504863745685896,0.41843515541264736,9626.47843903,-0.047703755321679475,0.7072252438044083,1.7907064127107606,0.6882238282112972,0.469995281593806,-0.5527279365921455,1.1022529748692513,1.2441454154884029,0.20798073034948583
2022-03-23T00:00:00.000,86,16,0.37681159420289856,9,24,0.012419837079371015,0.48671808054841476,9426.79851241,-0.17410173999101033,0.406040666571814,1.3167815650011696,0.6287063840723719,0.1122744038003756,-0.37354526582720626,0.40704942884010864,0.7775460627428094,-0.02652791262693076
2022-03-24T00:00:00.000,76,20,0.32142857142857145,10,25,0.00945334172918617,0.20184272551960575,9199.54656079,-0.38548575661846246,0.2348496499553204,0.9539052174514415,0.4896473867660019,0.3879178473593511,-0.13555588136966573,0.16100186202330213,0.13821825830351422,-0.35118714084670166
2022-03-25T00:00:00.000,86,25,0.37681159420289856,11,21,0.022466305096981488,0.37390186415256055,9181.10786864,-0.1519102322707296,0.034344116025592404,0.5665219044206181,0.3120363865016539,-0.17413859519379413,0.16093517659170045,0.06642457281357957,-0.2616703034908521,-0.42970032946375863
2022-03-28T00:00:00.000,73,39,0.35398230088495575,9,21,-0.0009977141289919474,0.3816663097022917,8701.83802922,-0.6133178266500741,-0.27450386217039113,-0.013705886751407603,0.023734040691671177,-0.44660531029036854,0.2768866378793495,-0.5902317437660758,-0.5843161134200071,-0.5872886595358991
2022-03-29T00:00:00.000,70,25,0.35185185185185186,10,18,0.012213212589867174,0.24165239726027396,8637.52344467,-0.48955162896306476,-0.36287343689866824,-0.24515208776436054,-0.0702458707454552,-0.5553252363018066,0.3921352299846502,-0.5905885091632325,-0.7701559199901186,-0.7007816643103537
2022-03-30T00:00:00.000,91,9,0.3053435114503817,5,18,0.016666277248203062,0.8097581853199229,9580.70577292,0.15288899688127658,-0.2974752895242109,-0.20243331156669186,-0.01135360483468224,-0.37887863367599567,0.1496088649002017,-0.5301278251861704,-0.41930178567527987,-0.6898407306308567
2022-03-31T00:00:00.000,61,23,0.5234375,6,17,0.018466791550236852,0.44185050331976866,10087.72507552,-0.6810945940485497,-0.35659705701022826,-0.3308940441017049,-0.033051741956759695,-0.8744122377646096,-0.09075478791165423,-0.40638842584032614,-0.15757408280339674,-0.6031040786931459
2022-04-01T00:00:00.000,90,23,0.1743119266055046,6,21,0.021368582495835134,0.4193617476975798,9352.59817045,0.0680972308064751,-0.3125955643947873,-0.29453446220788504,-0.014407008460015858,-0.3752006063776345,-0.3889030507327591,-0.41760670897262253,-0.10578186395173694,-0.5917352500608567
2022-04-06T00:00:00.000,106,19,0.3161290322580645,7,33,0.035771042354392074,0.6906598114824336,9657.08060504,0.352942233587809,-0.1193435523472107,-0.010615063945383429,0.1477816504310689,-0.28032315704031885,-0.5058937629667483,0.07966925148881554,0.22784502568545634,-0.4938688100833648
2022-04-07T00:00:00.000,51,37,0.46875,7,23,-0.0033740727384465917,0.12379524523452559,9226.91187589,-1.1982524819879816,-0.26108372295219406,-0.17258816405036712,0.05122109947033211,-0.560895772667115,-0.681100386649087,-0.1293711190870799,0.09992012431133009,-0.4347718419933713
2022-04-08T00:00:00.000,82,24,0.3050847457627119,6,22,0.01862283457160373,0.332762312633833,9261.43652546,-0.31742897744610005,-0.3551473178176694,-0.24861922140399742,-0.06987493284786478,-0.5588492294825952,-0.6160218225223707,-0.10282134692650882,-0.41272246363995146,-0.4771222079003971
2022-04-11T00:00:00.000,63,74,0.496,6,18,-0.005421093193827672,0.11948608137044968,9634.15894737,-1.4119224573392892,-0.5013128904758173,-0.22898779133486497,-0.48061026000069385,-0.47897059665141517,-0.6106550825939163,-0.4230361979132075,-0.7560200959088473,-0.5309102089277755
2022-04-12T00:00:00.000,111,27,0.3105590062111801,5,23,0.02960606845656207,0.8027807486631016,9160.79377491,0.25039285767713604,-0.46485376510168513,-0.04975806769340183,-0.5113432375466657,-0.8092087948280074,-0.6657013333961886,-0.31204899022486454,-0.34528672698448803,-0.5606292050381795
2022-04-13T00:00:00.000,60,67,0.4782608695652174,6,21,0.005293990402401449,0.17952553964522333,8731.06390573,-1.2741093390878964,-0.7902640796368262,-0.4419890173646685,-0.8938255875289538,-1.1932533650406087,-0.7195020202541089,-0.7194728344711556,-0.8898600757514317,-0.6739456570468556
2022-04-14T00:00:00.000,85,23,0.2543859649122807,5,18,0.018480950059704522,0.6747863247863248,8697.47601464,-0.03395307497107177,-0.5574041982334443,-0.14964645182875996,-0.7775925003588793,-0.672995936021479,-0.8353932808472756,-0.4227309888847365,-0.2975701830133448,-0.7459000466796344
2022-04-15T00:00:00.000,46,69,0.47126436781609193,5,12,-0.002880208263809978,0.21573658327988027,9108.08406339,-1.414798948071091,-0.7768781923584425,-0.45338184619671296,-1.1313754479271314,-1.0638494622784305,-0.8926863636055321,-0.7071326897275215,-0.41653599894160287,-0.7731855378321651
2022-04-18T00:00:00.000,92,61,0.2396694214876033,6,17,0.031249293903149098,0.6033376123234917,7780.6149016,-0.15457185362420106,-0.5254080716154248,-0.2041661385561453,-1.0158735408848054,-0.4457170078967474,-0.887763830088255,-0.21294687801082707,0.10041116214939454,-1.0118002680205873
2022-04-19T00:00:00.000,74,44,0.3333333333333333,4,21,0.015226246177271942,0.5737179487179487,7791.40473477,-0.5933134969496284,-0.6941493425407776,-0.5160924351166003,-1.144349138756768,-0.49646908451201155,-0.9562218180189861,-0.40348954842282386,-0.1444785628910481,-1.1979448100672054
2022-04-20T00:00:00.000,67,44,0.32323232323232326,5,22,0.016001619313556124,0.27631859918855434,8203.69124928,-0.7436596921149506,-0.5880594131461885,-0.4515787441881499,-0.9516409222877845,-0.12241839806807142,-1.018236542693082,-0.2581011597609931,-0.037581122374287367,-1.2768590026509512
2022-04-21T00:00:00.000,42,127,0.4166666666666667,5,16,-0.00603366764816037,0.07103242320819113,8560.87622627,-1.8517975057777678,-0.9516282993075278,-0.8130584956927706,-1.764004320595926,-0.5074751380310504,-1.0176119187830641,-0.5843484298989484,-0.6713363737576046,-1.3035634183933298
2022-04-22T00:00:00.000,86,109,0.23893805309734514,5,16,0.02348802837474823,0.34448944787891705,7530.60455866,-0.7758160576412126,-0.8238317212215522,-0.4700064753055383,-2.0457304381179275,0.04484309729628759,-1.015458937999341,-0.2296855348895233,-0.5308812782243357,-1.5199024813104862
2022-04-25T00:00:00.000,33,769,0.47619047619047616,5,12,-0.024548256183687358,0.03132992327365729,8964.84357345,-5.561810298397625,-1.905279410176237,-0.9653745193599969,-7.312355651638941,-0.5157617281153275,-1.0755782648246697,-0.9692560625481029,-1.1261473611389714,-1.3724822836076496
2022-04-26T00:00:00.000,46,305,0.5208333333333334,3,7,-0.004432518873955103,0.15863539445629,8385.16031783,-2.1722608777027497,-2.2210688863268615,-1.195935039356519,-8.182379445108278,-0.9559670075969644,-1.1368763548777345,-1.2215671539186095,-1.5539421911474856,-1.3008150122824358
2022-04-27T00:00:00.000,144,86,0.323943661971831,4,13,0.033768118150446565,0.8382415706359369,9173.89260872,0.31389106979714615,-2.0095587339444423,-0.5489479093872813,-8.228234163051098,-0.9547356482280375,-1.1981695751094437,-0.9837678176542086,-0.9656022297034055,-1.1874537944776171
2022-04-28T00:00:00.000,92,92,0.3284671532846715,5,21,0.028718845586477477,0.25902970720239366,8402.7966866,-0.51998012433202,-1.7431952576552923,-0.12611708709618963,-7.642426012712346,-0.7407674651033982,-1.1915545925072453,-0.5189176413225707,-0.7596571573836524,-1.2229268474616446
2022-04-29T00:00:00.000,255,32,0.21296296296296297,6,38,0.052193360784402246,0.9427228040179526,9647.0839936,1.6676397120117428,-1.2545041037247013,1.2670414226052489,-7.00964848552358,-0.6803994829993124,-1.1175211893830388,-0.14196417522359717,-0.13933770467159237,-0.9596991108770352
2022-05-05T00:00:00.000,178,32,0.23275862068965517,7,56,0.035017354031715076,0.7505404236921747,9004.62480181,0.8147021700444146,0.020798389963706577,2.399755719299853,-1.458786833359317,-0.10402599250274114,-0.976172076746934,0.6459113483532201,0.6071347854595234,-0.9682282207576556
2022-05-06T00:00:00.000,107,61,0.27702702702702703,6,45,0.025803444378044486,0.2690409783308303,7594.7584075,-0.3461482730211211,0.38602091090003227,2.876966568166316,-0.5426731951926246,0.46813292834905607,-0.7678510066891038,1.038582161475712,0.724782927801187,-1.0957940076103156
2022-05-09T00:00:00.000,167,31,0.2643171806167401,7,31,0.032448816787205,0.7824034334763948,6712.04374945,0.44632912760167015,0.41250852246093705,2.9760562872297585,-0.3460103472685205,0.6038322438569252,-0.5589614931092172,1.0154789737015233,0.6601199535204076,-1.4629559607043154
2022-05-10T00:00:00.000,126,29,0.27586206896551724,8,46,0.035838799118651524,0.7949817713918078,8465.702944,0.4893552611742,0.6143755995621811,3.2014325484635178,-0.12194576715588956,0.7228988355747665,-0.3503428417367037,1.1031100389470037,1.20330083771876,-1.4578244548761854
2022-05-11T00:00:00.000,106,35,0.5246636771300448,9,38,0.02688367229100588,0.4494960325970405,10777.53276029,-0.13563834423075827,0.25371998831368087,1.934921396607341,-0.13097334136281596,-0.0099188745856992,-0.14299104019065548,0.765527480702284,0.6911540264789797,-1.331679729453667
2022-05-12T00:00:00.000,88,34,0.35294117647058826,10,19,0.008950384594688339,0.6678816466552315,8210.50876346,-0.12357035827277574,0.06606548265024283,1.2446236332082272,-0.13678408259639735,-0.29160280368610847,0.06339688142525544,0.4225521254269113,0.5995923346394164,-1.439319709865603
2022-05-13T00:00:00.000,120,31,0.21568627450980393,11,27,0.02072796694901727,0.5818688384054865,7568.85447897,0.30179549206009604,0.19565423566648626,1.3276405550602863,-0.03078631402960284,-0.15104781692850694,0.404058322857961,0.3533048434372623,0.9119531662774302,-1.4455431070094247
2022-05-16T00:00:00.000,113,24,0.27564102564102566,9,37,0.023859688937004873,0.45809217577706324,7859.34472967,0.05592719111818366,0.11757384836978894,0.9169154555442136,-0.0063867958971675545,-0.17939267491031624,0.5389691143217388,0.2399630339264156,0.5778063314880659,-1.2648575258844257
2022-05-17T00:00:00.000,88,34,0.26666666666666666,6,20,-0.004082469100944479,0.41568459395757446,7897.25369945,-0.5163296551927566,-0.08356313490360237,0.6345484662475955,-0.02476138740929366,-0.15919983536819465,0.4011359223999591,-0.280635782594021,0.19084817911805246,-1.3468775067193128
2022-05-18T00:00:00.000,119,11,0.3081395348837209,6,26,0.01881299804147086,0.6000857265323618,7700.77963023,-0.041096467868023456,-0.06465475963105541,0.7230674667449263,0.05820308682914732,0.3465762840628124,0.19687903013416527,-0.3850182953314773,0.3401653556396702,-1.7324562454966306
2022-05-19T00:00:00.000,100,8,0.3288590604026846,7,38,0.022442291090611466,0.58426243567753,8063.68098519,-0.05599846526657307,-0.05114038102981487,0.8042297404266888,0.14754742607715118,0.40021367568720534,-0.005416066498629602,-0.2086637877076826,0.2537771449576135,-1.749670800151049
2022-05-20T00:00:00.000,109,5,0.3588235294117647,8,25,0.024922836923782433,0.7483401156564575,9202.83095829,0.2476652338701444,-0.06196643266780518,0.7189302149874168,0.23677961995823898,0.06738774802372889,-0.20501008440897195,-0.15142469894077387,0.41981390975896604,-1.5202417380532398
2022-05-23T00:00:00.000,115,15,0.30303030303030304,7,31,0.02691496177192096,0.7425021422450728,8593.21583164,0.257264231126322,-0.021699024666177524,0.7310244129128547,0.26616997653210117,0.004064751152812113,-0.3353682861597419,-0.1069217749798899,0.7029056463143666,-1.4137678984357436
2022-05-24T00:00:00.000,48,78,0.5555555555555556,8,22,-0.009904941017910871,0.05997001499250375,9901.21084414,-1.3323693250247992,-0.18490695863258605,0.4399105213048061,0.10944147296342996,-0.662721517735889,-0.19035454213409997,-0.18349561121164956,0.34507238786823785,-1.152201421482936
2022-05-25T00:00:00.000,119,10,0.2608695652173913,9,26,0.04281737298648191,0.8553391825379841,7619.14516417,0.5956849029988004,-0.05755068445922127,0.4403711113592886,0.11209230880500128,-0.550948573822305,0.02762621695058747,0.1367747961209856,0.5969787284162357,-1.1657493790443412
2022-05-26T00:00:00.000,77,13,0.3888888888888889,10,23,0.00995690873539575,0.5819619576832656,8226.20041913,-0.22385503220687414,-0.09112199784728148,0.2752373518698617,0.09426667175794917,-0.6843726573531363,0.25367164993960645,-0.022357866012577034,0.5908425243615772,-1.1451416594942503
2022-05-27T00:00:00.000,93,21,0.30597014925373134,11,26,0.03117142166521846,0.3999572466866182,8154.17970441,0.09150570771593129,-0.1223539030781241,0.16211528462225014,0.03831923350472828,-0.5583964908968994,0.482781530574627,0.06267905578871068,0.24111444851665387,-1.285090383656938
2022-05-30T00:00:00.000,108,18,0.3374233128834356,12,30,0.030386976936493722,0.6336252937406537,8106.57989342,0.3280357548347991,-0.1081995983364287,0.11178461628262504,0.027085381662772995,-0.6352952391173661,0.8525298908731285,0.10760826987736208,0.13025072400040089,-1.3513608319339228
2022-05-31T00:00:00.000,109,17,0.2733333333333333,13,29,0.024167851420665923,0.7079155109878387,9348.60696409,0.603683599695315,0.27901098660759416,0.5536596145013107,0.2406433034513996,0.018689437979943123,1.2235292004880844,0.5576451074657673,0.7763030844004508,-1.4173928420337956
2022-06-01T00:00:00.000,92,15,0.34285714285714286,8,20,0.011694214768890408,0.5868174061433447,8848.85219985,-0.1057791672419472,0.13871817255944463,0.3564864215335989,0.22148660320275124,-0.16892985948916767,1.153883601292625,0.1476352857270155,0.5058383427098532,-1.2453731870605622
2022-06-02T00:00:00.000,98,21,0.2898550724637681,8,27,0.015284061604601353,0.6222269624573379,8911.40172079,0.06026567091668089,0.19554231318415566,0.506264975362621,0.191287180076929,0.058562948343515484,1.0069608666108372,0.21647352959451896,0.5435912249234665,-1.154344532622797
2022-06-06T00:00:00.000,98,21,0.3333333333333333,5,24,0.018438115502372825,0.7860484900042535,11122.03815556,0.15988436315066662,0.2092180442711027,0.5389725361338161,0.189117187520841,-0.0035446431974708926,0.5692045956550482,0.0492914699054954,0.921655569662558,-0.8001704057825677
2022-06-07T00:00:00.000,76,20,0.3274336283185841,6,22,0.010720116154724332,0.328656462585034,10386.52009327,-0.3414191276740833,0.07532706776932624,0.3044285488818531,0.1812790886985029,0.021640500335315747,0.13192552718082712,-0.20756505674996806,0.6166938654875389,-0.5211129994487848
2022-06-08T00:00:00.000,84,12,0.3684210526315789,7,21,0.01929995247024833,0.3576890399320306,11009.50345893,-0.14452281865396918,-0.0743142159005306,0.12097948998384807,0.1986878167822958,-0.19516064700289185,-0.3051785234144523,-0.27136277206049325,0.26833631161757887,-0.33650118720959815
2022-06-09T00:00:00.000,51,21,0.33766233766233766,8,17,-0.003638552479340716,0.15296367112810708,9766.07770677,-0.6934069356488336,-0.1918397695819079,-0.17750280444141936,0.17726431893151423,-0.1811781000759241,-0.30343267549020164,-0.47234815523491547,-0.1590780223411136,-0.22660294842129397
2022-06-10T00:00:00.000,108,5,0.31210191082802546,9,17,0.03248683903626104,0.8376485568760611,10501.78577604,0.6178654972388443,-0.08031980431747518,-0.10549665560624237,0.23426272861769198,-0.22942995643606096,-0.22961800164173854,-0.24471263456063613,0.053497164473208694,-0.040741275068547744
2022-06-13T00:00:00.000,91,9,0.3680555555555556,10,23,0.026973129175987466,0.5078456318914334,10906.17771392,0.22514698909802044,-0.06726727912800441,-0.1565407224840158,0.27715679347026556,-0.3080411134751707,0.13422479742963542,-0.131756688334699,-0.2203772480301966,-0.06553677247184844
2022-06-14T00:00:00.000,77,9,0.33620689655172414,11,24,0.02940075347669931,0.4270258803563852,10991.31555003,0.23240198605036763,0.047496943616885764,-0.1482038170184536,0.3165245053467345,-0.32626823817499473,0.4965910844605698,0.11600469120726961,-0.12066893944459318,-0.0015006810583307385
2022-06-15T00:00:00.000,66,18,0.484375,7,16,0.013084352619461668,0.43469041560644617,12983.91854483,-0.30801478103366753,0.014798551140946092,-0.27660632160829735,0.29555709026218197,-0.5918433240570451,0.49524524490050714,0.035795070867796305,-0.04252525772891709,0.1879673553503982
2022-06-16T00:00:00.000,76,8,0.371900826446281,8,14,0.007987497633292451,0.6260611205432938,10804.32357764,-0.05853581839475701,0.14177277459176144,-0.09310655521369607,0.34159934564394506,-0.6674437645980247,0.49524524490050725,0.19044319737307489,0.4229435452551328,0.3027284087813923
2022-06-17T00:00:00.000,76,4,0.2621359223300971,9,13,0.007481209345488242,0.4941601189212147,10929.50428479,0.09627410773099,0.037454496690190534,-0.32196838628260993,0.34487663839929017,-0.5505984683912153,0.4958658165168516,-0.13684452504899908,0.08442641521817158,0.3464239864198463
2022-06-20T00:00:00.000,108,15,0.3609467455621302,10,29,0.03862360542036725,0.6775631500742942,11640.62505409,0.5958019593883895,0.11158549074826436,-0.19569424908583816,0.32314584727925816,-0.5312119557344664,0.49734672896495835,0.01840307618773198,0.25033011472665184,0.4187788728995562
2022-06-21T00:00:00.000,63,14,0.42727272727272725,11,17,0.009746054787684302,0.3596435391470401,10797.93411489,-0.2458087259810107,0.01594334834198869,-0.29462419139568186,0.3050141398094365,-0.7374929599085632,0.5001590240322014,-0.2395241105775446,0.18345034549822362,0.3946211909358507
2022-06-22T00:00:00.000,81,8,0.3076923076923077,9,24,0.030958209943611113,0.19770651943087705,9961.56023468,-0.024627327746380285,0.07262083899944614,-0.18344030150315985,0.3397141957704075,-0.3273447477354713,0.6481698218405862,-0.0035337418114379736,-0.049306978508976626,0.0840876249441764
2022-06-23T00:00:00.000,117,3,0.2777777777777778,10,22,0.028719366985859335,0.8367996604414262,10755.9644363,0.7636676558906184,0.23706153385652123,0.11552096088084798,0.3567631095356165,-0.11065782158416708,0.7979741080138094,0.26932938663634054,0.15476519787437665,0.07573579563882593
2022-06-24T00:00:00.000,118,5,0.2670807453416149,11,32,0.026061307774130103,0.6346072186836518,11599.38014131,0.7298370131002747,0.36377411493037815,0.41951157640577036,0.35218613059683734,-0.12147581816142028,0.9519582851667838,0.5124206537847716,0.2899091018848037,0.14190887483510184
2022-06-27T00:00:00.000,117,4,0.31976744186046513,7,32,0.031333008367240844,0.5653004884264174,12283.75116658,0.47626867145265617,0.3398674573432315,0.48328143443843674,0.38994324557702675,-0.026054848041242234,0.7363892457426648,0.41550448571011883,0.17784454302506442,0.20216409495055238
2022-06-28T00:00:00.000,138,0,0.21142857142857144,8,46,0.04178105720201479,0.7471850435521563,12208.60712323,1.0403233352700236,0.5970938695934384,1.0215959628738456,0.437820887197646,0.4679196942920075,0.5242614699975903,0.834033930126498,0.5519687714844667,0.34205637118201576
2022-06-29T00:00:00.000,73,53,0.32407407407407407,9,30,-0.009974449906399415,0.16170845728856778,13157.3408263,-0.3879967688492635,0.5244199813728617,0.959915414810888,0.27704170320636584,0.4285902732819641,0.5354384194940225,0.2928077577310985,0.5159387605171237,0.6612075405685708
2022-06-30T00:00:00.000,96,20,0.37254901960784315,6,20,0.007533724446173243,0.5876354365838113,11593.33954956,-0.07564049504152282,0.3565583511864334,0.8019914173065272,0.21578092873963794,0.21100697780938588,0.24104933393859995,0.013797776808095751,0.2687361720614704,0.7435458516413186
2022-07-01T00:00:00.000,79,33,0.3008849557522124,7,14,-0.007555263527486493,0.4025891341256367,10510.37128701,-0.3726250935074537,0.1360659298648878,0.5161383437167542,0.11634136792530085,0.13257269382132053,-0.054910503980836814,-0.42453300701278696,0.04248457840609118,0.6243680361783729
2022-07-04T00:00:00.000,102,19,0.2765957446808511,5,19,0.02444181703082411,0.535699107522312,11302.21674083,0.16090379748366487,0.07299295507108952,0.40422901231268443,0.06351330650505635,0.23055546918533293,-0.20856401950417572,-0.5149362388407456,0.01331097579661431,0.5228421800428614
2022-07-05T00:00:00.000,48,12,0.4666666666666667,6,13,0.015434770544281422,0.2632696390658174,11807.04576905,-0.5856026111635895,-0.2521922342156331,-0.24299878806654823,0.0219338041135258,-0.35145454817711425,-0.36193353649262683,-0.857499160665237,-0.45304716844452075,0.4796537582230912
2022-07-06T00:00:00.000,60,19,0.29411764705882354,7,14,0.023050230218736895,0.2755621552821383,10863.50611842,-0.19404530165226266,-0.21340194077623295,-0.3337172465838756,0.1434332581886244,-0.28179550724622665,-0.5167547677074237,-0.42045250822551916,-0.33855148627229603,0.2540246724130878
2022-07-07T00:00:00.000,91,5,0.3157894736842105,8,21,0.03814094165671138,0.5414634146341464,10527.70785206,0.31566002589718956,-0.13514183658849047,-0.36671085090852246,0.1973567903662466,-0.15056569441077244,-0.3648760641539123,-0.02058705532457843,-0.38086261088734885,0.14025262919945622
2022-07-08T00:00:00.000,74,13,0.3333333333333333,9,23,0.008391291667330087,0.5337007206443408,10291.0521367,-0.06450596235839993,-0.0735180103586797,-0.3986975156779219,0.268668400409438,-0.22223845399455316,-0.21270139900313892,0.18886119984279792,-0.2529136572855379,0.11439535319815963
2022-07-11T00:00:00.000,68,21,0.31313131313131315,6,18,0.016007780673174397,0.30146279414882343,10085.01482697,-0.3538156703939439,-0.17646190393420147,-0.6385099452616225,0.2615551748830571,-0.3040629388170544,-0.1376272517742389,0.07906304546997663,-0.4767406641632889,-0.018910747876237498
2022-07-12T00:00:00.000,57,18,0.3804347826086957,7,22,0.016907712694050586,0.2109838846480068,9765.06323651,-0.536173423471629,-0.16657606639580938,-0.5700530143600497,0.24028101285204445,-0.1054279740938433,-0.06260860895108038,0.09711150268341794,-0.5256113813153191,-0.23972400158583387
2022-07-13T00:00:00.000,108,10,0.23943661971830985,6,28,0.03459008104891613,0.7094995759117897,9420.7473728,0.39192712336557756,-0.04938158139224134,-0.22632626926030114,0.2717915515085471,0.01973525958266593,-0.14175399444960088,0.2445144940701646,-0.10820828890064496,-0.4054238222965182
2022-07-14T00:00:00.000,80,21,0.3220338983050847,7,17,-0.0035144120750649735,0.5453389830508475,10275.2810058,-0.2526246225310639,-0.16303851107789202,-0.3049274977593745,0.214652299979412,0.005598880063524289,-0.22101533208323762,-0.29683960027968326,-0.10532667009575473,-0.43341165737012854
2022-07-15T00:00:00.000,64,58,0.35353535353535354,5,15,0.01534465880002588,0.21210838272650295,10876.45096626,-0.5959449548348122,-0.2693263095731745,-0.3771965992991314,0.055249509490074344,-0.04095561110296433,-0.5305129629800461,-0.20784013935235762,-0.41466327390008484,-0.36936508986770955
2022-07-18T00:00:00.000,133,2,0.2222222222222222,6,28,0.04811805141654832,0.8580194667795176,10210.91563017,0.8610777432907358,-0.026347626836238546,0.08685581632210915,0.1228503472409502,0.16585292091559478,-0.5309687992046863,0.20748653548680068,0.11882243830310765,-0.35533264691754396
2022-07-19T00:00:00.000,101,7,0.2887323943661972,7,31,0.015404371497715485,0.6929100529100529,9965.35297166,0.19305746317216285,0.11949855049251985,0.39825705825371593,0.1618740206922439,0.37268356285075754,-0.5310205390744747,0.18741986610398403,0.5789396781571297,-0.33166379353571557
2022-07-20T00:00:00.000,106,8,0.24822695035460993,4,33,0.026284421722471384,0.6476190476190476,9522.234173,0.14831409176974525,0.07077594417335338,0.38197750857011414,0.16917374107712138,0.3514126404216009,-0.683458561952471,0.0791434620240713,0.5157457392993579,-0.3185629202263191
2022-07-21T00:00:00.000,85,2,0.3795620437956204,5,27,0.020385323902677256,0.33396825396825397,10179.51194062,-0.31123736750610825,0.059053395178344514,0.41611892962966157,0.23671151396129506,0.22063145781765986,-0.8333220537043257,0.3887122687549141,0.3126687079287703,-0.3281470581395617
2022-07-22T00:00:00.000,75,9,0.23469387755102042,6,23,0.0035673896268927285,0.39369579014173894,9411.33815838,-0.2659615351922107,0.1250500791068648,0.494419758551423,0.41003786456103325,0.49051428653166107,-0.7507784468389622,0.23785060190212387,0.4871046936838539,-0.493798204643077
2022-07-25T00:00:00.000,66,21,0.3465346534653465,7,22,0.008215989151446865,0.3075132275132275,8619.06138709,-0.5532575596346067,-0.15781698147820367,0.0159486933739287,0.3424891624774801,0.2080096829605,-0.6688448214243938,-0.2763477288069635,-0.03933731037308177,-0.6866365485548938
2022-07-26T00:00:00.000,95,8,0.2748091603053435,8,29,0.025698073302360458,0.7339818143370691,8339.11010934,0.22269179419340482,-0.1518901152739553,-0.02522805071188875,0.33868534273769496,0.23989154661794965,-0.5872273994475149,-0.141746098915102,0.0002186095153586365,-0.8878247567141827
2022-07-27T00:00:00.000,99,10,0.29285714285714287,8,30,0.02547731036464568,0.580338266384778,8678.12111265,0.13550173917232805,-0.1544525857934387,-0.07386420834007203,0.33098972077701916,0.13929928557072824,-0.2749898805877834,-0.15081831277581995,-0.06373485514785901,-0.9880498500502822
2022-07-28T00:00:00.000,103,3,0.23703703703703705,9,35,0.042765925541702055,0.6091735362502643,10070.22623285,0.6194478185072674,0.03168445140923641,0.05492030753238286,0.3266122314089338,0.4628627098825069,0.03624305647077246,0.1370477030756127,0.19752145247848593,-0.9934163009840382
2022-07-29T00:00:00.000,68,15,0.38181818181818183,10,23,0.00864809965303314,0.2892457215296852,10143.18410938,-0.29353697645527,0.026169363156624558,0.004319394969724044,0.3046257458073283,0.12624501303037103,0.3483882480582591,0.20187787630272114,0.09714066724666652,-0.8994114033186967
2022-08-01T00:00:00.000,102,11,0.24444444444444444,11,27,0.038055620469186195,0.5277719112988385,9934.94440937,0.5807882781141798,0.2529785307063818,0.2584986414821562,0.3389328244781836,0.357071384861225,0.6591444684198476,0.5813426901617568,0.30401925467034074,-0.7281595491288356
2022-08-02T00:00:00.000,55,92,0.21428571428571427,12,29,0.017392632382656453,0.08419497784342689,11804.70386961,-0.1050785532632229,0.1874244612150563,-0.028795810077664317,0.04171768969157945,0.49645238609593373,0.9675632062265376,0.4716091619665327,-0.31431982667712693,-0.3222555787203967
2022-08-03T00:00:00.000,49,30,0.6397058823529411,13,15,0.004605355418929357,0.3561181434599156,11146.07182432,-0.5979921483815968,0.04072568370427134,-0.3848044664886125,-0.028230200780451103,-0.2976346829080983,1.3486510056484622,0.20317963911502876,-0.5251344850034305,-0.030947023652998007
2022-08-04T00:00:00.000,95,12,0.22131147540983606,14,15,0.007793017025648211,0.786753849398861,8990.2823188,0.5563153021502544,0.028099180432868742,-0.4415474876867146,-0.05905333694575595,-0.26435484835434847,1.7230683289749138,-0.24401812744592263,-0.35702091344963227,-0.16037935206245738
2022-08-05T00:00:00.000,71,19,0.330188679245283,9,14,0.0013248544435601967,0.7180189673340358,9951.32140734,-0.05169023930729611,0.07646852786246353,-0.4191577948798996,-0.07220715343204683,-0.14366441379365127,1.6362669205137272,-0.33430280175395655,0.04803643041929808,-0.17969149203622492
2022-08-08T00:00:00.000,118,6,0.18055555555555555,10,22,0.03315097948569114,0.7279427247841651,9522.61645179,0.7709114491800673,0.11449316207564102,-0.3056905925100749,-0.05402267865938441,-0.00399247580793678,1.5499469480832262,-0.3934599591808309,0.2342951220836008,-0.22562422947911162
2022-08-09T00:00:00.000,90,1,0.29133858267716534,11,27,0.01843871248896551,0.45242105263157895,9526.39667131,0.1963411716653107,0.17477710706134775,-0.05831895772589024,0.26643677796994264,-0.18503120707037732,1.4658366342446751,-0.3769724925109975,0.5799615121079358,-0.4684725175858532
2022-08-10T00:00:00.000,88,6,0.2845528455284553,10,20,0.025416864222487658,0.4629473684210526,9659.07778718,0.21256214360471143,0.33688796545860933,0.21454649623965732,0.34832642300649164,0.6242964992872946,1.2342262443580594,-0.10977870196592265,0.6744602897784959,-0.6278614924938093
2022-08-11T00:00:00.000,82,10,0.29310344827586204,11,23,0.018964718928508654,0.7545263157894737,10662.27674998,0.4411533279295795,0.3138555706144744,0.11881277534467598,0.3524641731888928,0.46082751579786124,1.0113447979868586,0.03490794721484279,0.6408501489273422,-0.42221836415915137
2022-08-12T00:00:00.000,67,9,0.34951456310679613,12,18,0.002785668148656881,0.40858405217757204,9992.19962508,-0.10918860171843729,0.30235589813224617,0.0864701632300198,0.3846426113405541,0.41256358663044185,1.2451964471191659,0.052608301965444325,0.3463822152450941,-0.41137203860499527
2022-08-15T00:00:00.000,92,8,0.264,6,17,0.012981577930587388,0.47253209850557776,9760.17251921,-0.04641017182322887,0.13889157393158694,-0.09711951707009416,0.3750457000010082,0.22752490183273336,0.9407801969581758,-0.20299805076445163,0.1061289587641163,-0.3771211722003777
2022-08-16T00:00:00.000,97,1,0.3356164383561644,7,25,0.027689674578038347,0.5858734496531427,10199.63958264,0.18496648749518937,0.13661663709756267,-0.044275372840248906,0.37295961577960307,0.1279131475313353,0.6360324422173794,-0.07953883106681472,0.23359563485062065,-0.2903701767889345
2022-08-17T00:00:00.000,86,5,0.312,8,25,0.018718794795120702,0.5149222362337117,10741.99308095,0.12655009806197817,0.11941422798901602,-0.05526511985455422,0.3754064610732121,0.06742814441299505,0.4820867761149696,-0.16104114229184055,0.28494205801376815,-0.1576575815454364
2022-08-18T00:00:00.000,86,11,0.2833333333333333,9,17,0.016576163003002648,0.4092339979013641,10538.34286005,0.10520431422001661,0.05222442524710345,-0.02529585689668972,0.3707557181851476,0.09172658278807247,0.324729062789575,-0.1897081832133811,-0.042043989480425537,-0.16459235744257292
2022-08-19T00:00:00.000,65,16,0.29347826086956524,10,19,-0.002242628441596138,0.2510486577181208,11197.87883581,-0.20682140576541794,0.03269786443770732,-0.03995358352683094,0.3452505154035445,0.22138076706865667,0.1682850029194084,-0.2530750665261546,-0.19130925170131977,-0.02169333257335141
2022-08-22T00:00:00.000,89,11,0.288,11,22,0.023659236635730715,0.600251677852349,10260.47389549,0.3964554184679267,0.12127098249593841,-0.06146046826677361,0.33411022813743474,0.1679734539368865,0.5487974838871075,-0.11386713357963237,-0.069216317716386,0.042559631072933826
2022-08-23T00:00:00.000,84,6,0.328,12,21,0.020567568964278214,0.4925560914237786,10019.17531492,0.24999218232044101,0.13427612146098875,-0.15453284747648452,0.3165289054747089,0.18700712145263482,0.9267809730735186,-0.2043563810274618,-0.1563971179682933,0.024902196698300138
2022-08-24T00:00:00.000,41,41,0.47435897435897434,13,19,0.008355010478212336,0.08743971482491088,11255.58712423,-0.5342080949835881,0.0021244828518754977,-0.4791757283824464,0.18952321856367713,-0.18628263041437898,1.3007160350236384,-0.3358186881859897,-0.561076552319966,0.08698572567859542
2022-08-25T00:00:00.000,71,33,0.297029702970297,14,15,0.01749028701350718,0.42928975487115023,9860.77453417,0.1895252678890555,0.018988673585683274,-0.5840134297553881,0.1124917171348387,-0.21472154331142052,1.6682619572222106,-0.32107647474157963,-0.5381739744872552,0.010152463038378723
2022-08-26T00:00:00.000,48,35,0.52,15,14,-0.0053121095088297906,0.35518324607329843,9288.55847221,-0.5625158900042402,-0.05215022326208117,-0.7020203684302977,0.04638831772697033,-0.7318666869152972,2.027846765960986,-0.357079368129927,-0.4351041495779121,-0.21321607346908883
2022-08-29T00:00:00.000,69,11,0.30303030303030304,16,12,0.02970327720620049,0.6252354048964218,8455.35607051,0.4339027773158275,-0.04466075149250102,-0.8416263492931678,0.04753559384839099,-0.7623794147427139,2.3759527984727207,-0.27647313904100707,-0.40992818046117757,-0.44570656923055096
2022-08-30T00:00:00.000,47,18,0.38961038961038963,8,10,-0.00610419091999347,0.45490688428541537,8382.02125303,-0.7177628406499744,-0.2382117560865841,-1.1051034002478328,0.005915518999806707,-0.9023774478211187,2.058914313459067,-0.6203049446018284,-0.44540116601305024,-0.6591251663811306
2022-08-31T00:00:00.000,37,69,0.421875,9,8,0.0014324927646197237,0.14148380355276907,10019.25493796,-0.8792394157373108,-0.30721802023732864,-1.12729184013834,-0.09209704044343042,-0.7785876951387138,1.7407680233153688,-0.7066200098047493,-0.39259747353605506,-0.7941001059153795
2022-09-01T00:00:00.000,48,22,0.38461538461538464,4,9,-0.0004051691750698125,0.36316119590215346,7944.76470173,-0.9682776470361149,-0.5387786032223627,-1.2875647854523602,-0.05210853438475861,-0.9780703822399351,0.9890670209895568,-0.9353884881951053,-0.45465557801553214,-1.052729475258403
2022-09-02T00:00:00.000,70,12,0.36936936936936937,5,13,0.021624260227266125,0.7395572263993316,7464.22477132,-0.3472884848709632,-0.4957331221957074,-1.1246774359213696,0.029831330925820944,-0.6292647388539447,0.24352361733857997,-0.585615396672213,-0.09151138473756193,-1.3124178474492616
2022-09-05T00:00:00.000,63,12,0.37,4,11,0.007160353809623196,0.5199415326790562,7693.82954621,-0.6850279620628059,-0.7195192700714339,-1.164296047169543,0.02682385438863062,-0.7806582950944024,-0.6367147910773184,-0.8748823345594012,-0.1905617989966572,-1.4163454779913454
2022-09-06T00:00:00.000,68,3,0.30612244897959184,5,17,0.03526598793243859,0.7495822890559732,8688.2714576,0.04790714330847618,-0.5663852732797439,-1.0069194525790084,0.08067836849684215,-0.5833405766002192,-0.8520343532245013,-0.3333113585898831,0.09028132130600364,-1.3600508617674398
2022-09-07T00:00:00.000,66,13,0.30526315789473685,5,11,0.01543265294762544,0.47263993316624897,8716.40244885,-0.35350100743595025,-0.46123759161947175,-0.7934639740501006,0.2792446635412146,-0.31014074173397355,-1.1388489259002867,-0.15064903896344656,0.40499278089688595,-1.5197979051265942
2022-09-08T00:00:00.000,51,9,0.3013698630136986,6,13,0.002311317038202838,0.23434891485809684,7879.7432167,-0.7333083344481477,-0.41424372910187834,-0.7686494566350754,0.32521486346702416,-0.11603444195046178,-0.9901587292691932,-0.1148771320678054,0.28248802777984106,-1.5176892350374764
2022-09-09T00:00:00.000,50,9,0.32432432432432434,7,11,-0.0035045015101857952,0.48863873254117157,7793.31014096,-0.6120207911544349,-0.46719019035857273,-0.9070074439423301,0.33581759054000876,-0.011074606650252138,-0.8429950161418173,-0.4375079712113516,0.04555858766756482,-1.45312247277183
2022-09-13T00:00:00.000,66,11,0.27472527472527475,4,16,0.01668192117638995,0.5265791119449656,7710.64710549,-0.4003018537774601,-0.4102449687015035,-0.8789809652055253,0.3390755701107603,0.20888088452229128,-0.8394887653807019,-0.30983671382097167,0.05113131075962206,-1.4424961018959979
2022-09-14T00:00:00.000,43,10,0.29508196721311475,4,16,0.02433398572860172,0.23905794080867027,7223.77453828,-0.726501433396594,-0.5651266840425176,-1.0522941001185155,0.31370975236542065,0.23442186026050918,-0.9078673095223957,-0.44903542632067567,-0.4317998664404052,-1.663021698521559
2022-09-15T00:00:00.000,38,47,0.3333333333333333,5,11,0.00014295946083643586,0.13990825688073394,9187.59953386,-0.929651912121189,-0.6803568649795654,-1.2455081813276183,0.19236212159265614,0.16826443396268442,-0.9029835217952489,-0.6445216813508428,-0.7437358227486159,-1.5863754031899706
2022-09-16T00:00:00.000,27,51,0.3076923076923077,4,6,-0.01672095711837654,0.11903272878882636,7988.7452456,-1.2939778512963422,-0.7924907683492043,-1.4077992132934827,0.043435596637119545,0.15340569001988358,-1.0400667850300773,-0.8862885084849845,-0.8464575411775861,-1.5636646171153008
2022-09-19T00:00:00.000,37,51,0.3620689655172414,4,7,0.017957986478008486,0.22907122032486463,6651.31135474,-1.1009130417231352,-0.8902692184629444,-1.4894502372099905,-0.10510483655434837,0.06229453394877649,-1.246992405834434,-0.6028234288172081,-1.0841684916929268,-1.7656396630804772
2022-09-20T00:00:00.000,68,3,0.3523809523809524,5,10,0.03427996127823754,0.7801831806827644,6507.27557929,-0.2505617049881168,-0.8603211887050757,-1.465152646662436,-0.07665219662054329,-0.11930282686332432,-1.1681455126192628,-0.37334816267723,-0.8431451631042364,-1.976501812388495
2022-09-21T00:00:00.000,47,14,0.21666666666666667,4,10,0.014511169294181272,0.5983367983367983,6357.77368075,-0.5250200821190191,-0.8200249184495607,-1.42470422797147,-0.0902631931282028,0.06695349363054233,-1.1630419619412842,-0.49881673435635643,-0.5008087116064658,-2.1294930937736867
2022-09-22T00:00:00.000,41,8,0.36923076923076925,5,6,0.005455842874449786,0.3231441048034934,6382.55165761,-1.0004899735335233,-0.8341925307320276,-1.3914478893109696,0.04877942191718676,-0.01748676854279425,-1.159544315989214,-0.42462643809916856,-0.32203966870778256,-2.572982056391449
2022-09-23T00:00:00.000,27,30,0.49056603773584906,5,6,-0.013747316085952603,0.1193099147786323,6671.27368801,-1.5925452065636716,-0.8939060017854933,-1.3778138401938873,0.12368694031906927,-0.4458606480084705,-1.0863513369716076,-0.37930584442681353,-0.31523310735618887,-2.7764641758605535
2022-09-26T00:00:00.000,43,44,0.29508196721311475,5,3,0.005671954609615588,0.18982346832814123,6672.15137047,-0.9860371590781395,-0.8709308252564943,-1.3233844056040955,0.1492234156844263,-0.28524141793563856,-1.0149053779421746,-0.5343236354471076,-0.34694838811093115,-2.740935967439937
2022-09-27T00:00:00.000,82,7,0.20388349514563106,6,13,0.026628265512128074,0.8957857587710193,6658.669417,0.16645004703028704,-0.7875284748528134,-1.2164490572687707,0.13605578331037704,0.06535997579948978,-0.9431263566624144,-0.6309134082001214,-0.241637892747131,-2.6819883682011216
2022-09-28T00:00:00.000,43,32,0.24561403508771928,4,17,0.010348082708388863,0.08672199170124481,6469.72715837,-0.9673012844096045,-0.8759847153109306,-1.2345228628524638,0.07341835200463522,-0.004266233020326027,-0.9408671696759765,-0.6807166774086698,-0.710833162497941,-2.63410525372577
2022-09-29T00:00:00.000,29,31,0.4727272727272727,5,10,-0.004918630444906266,0.3358224434764572,6243.37979248,-1.360219699748036,-0.947930660553833,-1.3076399547559296,-0.006709530663731725,-0.2440235201694775,-0.937760041321343,-0.809021290646544,-0.6945344411149923,-2.635825845204812
2022-09-30T00:00:00.000,43,29,0.18867924528301888,5,12,0.014860058925544704,0.2598506843633347,5606.20617324,-0.7686916288484421,-0.7831599450107872,-1.184351752073988,-0.0023059406443875566,0.4653431681137761,-0.9332957175589375,-0.4392050384569687,-0.5596436379421006,-2.8286606965129026
2022-10-10T00:00:00.000,35,65,0.4852941176470588,4,8,0.009335104868141493,0.1711917098445596,6276.9523639,-1.4414851082089437,-0.8742495348369481,-1.2313463628350452,-0.07583755941399926,0.018607146068340442,-0.9982887935807294,-0.39080147886495475,-0.5718212872579529,-2.870258407974293
2022-10-11T00:00:00.000,56,17,0.3,2,6,0.02394494669496531,0.6087857438872772,5636.23097387,-0.6691976927137091,-1.0413790827857472,-1.4057402535178758,-0.11009327449324764,-0.2066337796780829,-1.273341292420096,-0.4227068578483385,-0.8368868470792311,-3.034251274463357
2022-10-12T00:00:00.000,91,2,0.24166666666666667,3,20,0.05962322488052047,0.9233637116818558,7099.21013191,0.428394666459667,-0.762239892611893,-1.0635504902564947,-0.0033704782778233634,-0.19711097573531355,-1.3331327455740092,0.20975721039141676,-0.07235932239841683,-2.875912446432608
2022-10-13T00:00:00.000,78,10,0.25,4,25,0.03478809698568775,0.6512735556015739,7281.26102415,-0.005834807718357744,-0.49136291420595735,-0.7169645788860239,0.07032660951596928,0.32162910650405685,-1.3930006122412046,0.7131213435613806,0.2118948332467175,-2.646547101142595
2022-10-14T00:00:00.000,112,3,0.2328767123287671,5,20,0.034079420351397986,0.9126474849927552,8605.23452575,0.560624123788793,-0.22549976367851027,-0.23506741026541317,0.16085497179822097,0.21383646349089305,-1.3844684599170247,0.9534969253035402,0.8005473917659811,-2.0876982279257676
2022-10-17T00:00:00.000,98,4,0.2283464566929134,6,25,0.03653669274996858,0.8011599005799502,8071.0828987,0.4390590293816055,0.15060906383959954,0.2027342978234335,0.3744218108043248,0.8140596741425388,-1.236880686425818,1.2939124776647168,1.3648646313598978,-1.7588487584918948
2022-10-18T00:00:00.000,77,4,0.3888888888888889,7,22,0.01901367160169444,0.43643892339544516,7935.90683211,-0.2950093088413443,0.22544674061407255,0.34466084847656064,0.4166736498532087,0.6038592816787958,-0.8805470854581943,1.2200967432922247,1.201301828717782,-1.327918082261868
2022-10-19T00:00:00.000,56,8,0.40425531914893614,8,15,0.011010202826450563,0.21236559139784947,7581.98370399,-0.6397508911588767,0.01181762909036379,0.09695659930468079,0.39183481394562936,0.22388774288785657,-0.5280041862246959,0.5856342386831742,0.5515392788353582,-1.2391250837994554
2022-10-20T00:00:00.000,57,19,0.41836734693877553,9,13,0.00330769628924157,0.36538461538461536,7960.03086488,-0.5630786806157647,-0.09963114548911761,-0.05134109780692988,0.3561687859331851,-0.16725451037167796,-0.17785868805658878,0.17489501329826546,0.29175134398251157,-1.123778865402587
2022-10-21T00:00:00.000,56,20,0.391304347826087,10,12,0.004373270708615917,0.44573082489146165,7121.48001285,-0.5031222688750197,-0.31238042402188015,-0.4408402352080466,0.2928919632630689,-0.532185265219095,0.17292350216482347,-0.20989722991297236,-0.12984819011486132,-1.3397075131260767
2022-10-24T00:00:00.000,37,44,0.5131578947368421,6,8,-0.005320267430624068,0.20673971469919372,8806.20649517,-1.131270776179105,-0.6264463851340223,-0.8647416326253305,0.1468404962966863,-1.1914688779416198,0.1652352781112538,-0.7486735594571761,-0.6648781320970969,-1.227438268224871
2022-10-25T00:00:00.000,59,35,0.2891566265060241,4,14,0.024662661559475524,0.3830095080611823,8025.99162561,-0.4120905120462844,-0.6498626257750103,-0.985605821098549,0.03408536098148655,-0.9520862882695968,-0.056477472287173126,-0.6742127882410456,-0.7092599340321761,-1.2054814374780163
2022-10-26T00:00:00.000,84,8,0.39568345323741005,4,5,0.006584330311341976,0.8190082644628099,9139.31494059,-0.168726886267683,-0.5556578247967716,-0.7861056705302241,0.0336788173451832,-0.9242752545557418,-0.3472289200566411,-0.7290268393896453,-0.15845715214702083,-0.9781897542433095
2022-10-27T00:00:00.000,52,21,0.36585365853658536,4,15,0.020757260132191507,0.4552778351580252,9236.65094811,-0.40854544705447404,-0.5247511780845134,-0.8184259662889586,0.025810997041516247,-0.7957389611609054,-0.7063418638863803,-0.5022833852169528,-0.07796629148919068,-0.7983127755907206
2022-10-28T00:00:00.000,27,87,0.4489795918367347,3,5,-0.0222038120368583,0.07886044591246903,9093.35808984,-1.540590848322724,-0.7322448939740542,-1.0170392739876668,-0.21676930157534696,-0.924532696616739,-1.2050824343639497,-0.8468220791606555,-0.408817819483626,-0.5066506526303943
2022-10-31T00:00:00.000,80,41,0.3277310924369748,4,9,0.035363126524681876,0.6648090815273477,8826.80494717,-0.015862015182521425,-0.5091631417747375,-0.7136474166687091,-0.2050668899214328,-0.4858422940981691,-1.341391726542066,-0.32197848261708445,0.00605082071850056,-0.5022660032942003
2022-11-01T00:00:00.000,90,2,0.3333333333333333,5,13,0.02624516472117467,0.8968646864686468,9772.33180983,0.3249949329738783,-0.36174605277070504,-0.4970447533972079,-0.0846325108825717,-0.5840252024286869,-1.2608346786558509,-0.3022204815701202,0.4659873712296828,-0.26945211369017874
2022-11-02T00:00:00.000,93,5,0.3841059602649007,6,21,0.037994070967659936,0.7361254384155147,10518.52706635,0.36099651991739756,-0.2558013715336889,-0.4348653043556128,-0.07302937477565317,-0.5550327982042467,-1.109258975579402,0.10021353557252152,0.38454381846152635,-0.10318050185495424
2022-11-03T00:00:00.000,52,5,0.43478260869565216,4,14,0.007169808398307114,0.5206270627062707,8863.6165145,-0.5913421483757932,-0.29236071179795275,-0.4341207691263033,-0.014173841594954472,-0.7129188124455531,-1.1015732381495162,-0.0738517988821021,0.4401770192575552,-0.1500635416447936
2022-11-04T00:00:00.000,80,2,0.2857142857142857,5,14,0.0306458458526185,0.8424742268041238,10803.49186397,0.43993756580450327,0.1037449710274927,-0.0666070117048722,0.29400496466005466,-0.32978595032711433,-0.9527348465352979,0.608045231022615,1.1202964156007016,0.05299599447636415
2022-11-07T00:00:00.000,79,0,0.26851851851851855,6,24,0.03807771234183861,0.6212651967854935,10059.57068178,0.38334558554688763,0.1835864911733745,-0.07650955940855417,0.44158081967714724,-0.19258417084117382,-0.8064853824210418,0.63848662885316,1.0734783323942918,0.2071387699597945
2022-11-08T00:00:00.000,54,1,0.35714285714285715,7,19,0.024214698860794335,0.39674361088211046,8355.84075433,-0.2650730546469143,0.065572893649216,-0.3292324718012958,0.4440800094882227,-0.2485924228019191,-0.6618380418248893,0.6096212251811151,0.6201655151632842,0.02480644213999581
2022-11-09T00:00:00.000,59,4,0.37894736842105264,8,20,0.023998503986807602,0.41067381001442405,7784.98550385,-0.28613969388587196,-0.06385434911143792,-0.5669128522457513,0.4458178504069726,-0.23622091466762846,-0.518274025417089,0.4281622863817224,0.32558803664205016,-0.3251408248803398
2022-11-10T00:00:00.000,68,6,0.24444444444444444,9,22,0.03315271395505884,0.36009882643607166,8426.48181931,0.1497241281162301,0.08435890618696676,-0.4562509906260107,0.44037898830002487,0.21090392288360027,-0.16110923142132144,0.756500149178949,0.18022542484898763,-0.3801359198554607
2022-11-11T00:00:00.000,66,7,0.5384615384615384,10,17,0.006165191716154465,0.5636962337929615,12228.22693762,-0.10669569296785568,-0.024967745567505036,-0.5532395174630267,0.4203657201917155,-0.3804873359703057,0.19391940882692738,0.44254786131101687,-0.0684416252361398,-0.22943873063272102
2022-11-14T00:00:00.000,77,13,0.36363636363636365,6,17,0.03842687727564585,0.40448744339234255,10670.17632073,0.09948343948517092,-0.08174017477984838,-0.5662442438271874,0.371419802856273,-0.5975990455918636,0.19320165641994794,0.4435580271242868,-0.2616924437914126,-0.15482497664898084
2022-11-15T00:00:00.000,100,4,0.2753623188405797,7,25,0.03426349299237779,0.8587896253602305,10583.41807013,0.6791136525668708,0.10709716666290862,-0.2452451145615989,0.35898656403992185,-0.4026265174169059,0.1923067607975444,0.5670675867858976,0.152625045217761,0.12656584177774233
2022-11-16T00:00:00.000,56,7,0.30864197530864196,8,20,0.0032029535917017416,0.4005348693684427,9424.57715462,-0.2214972751030874,0.12002565041946556,-0.26523559270398295,0.3474499093854144,-0.23377997837036224,0.19121098386602844,0.3018991466189653,0.14508868646170134,0.3535463976784964
2022-11-17T00:00:00.000,74,1,0.27450980392156865,9,17,0.02250061877777296,0.5619341563786008,9127.44050511,0.24253786018214968,0.13858839683264945,-0.22237227942558024,0.36454330786126876,-0.3020989800186061,0.1897822872268394,0.16558309403976318,0.32549128524848403,0.44919006289637914
2022-11-18T00:00:00.000,53,6,0.4421052631578947,5,14,0.004007824717749813,0.26244343891402716,9784.49413835,-0.6537104049948966,0.029185454427241252,-0.31255041159616503,0.36735471212263937,-0.07001389416584777,-0.1643012090930532,0.13830477517086837,0.056068450818186746,0.18943575773406232
2022-11-21T00:00:00.000,65,14,0.21686746987951808,5,17,0.02420594969334114,0.5020559210526315,8491.12212701,-0.01932407367037419,0.005423951796132238,-0.39361661618609767,0.3633961277882095,0.27487166867607477,-0.23364356872194944,-0.04085857438881844,0.14522439497287526,-0.07740576956736636
2022-11-22T00:00:00.000,48,28,0.4606741573033708,6,10,-0.008997932348794058,0.23644207066557107,8843.97711882,-0.9279530261208542,-0.3159893839414128,-0.7528404053702236,0.2767523703310011,-0.15319730363639325,-0.3028953942410552,-0.5848891626938544,-0.409575789679672,-0.28528000229968986
2022-11-23T00:00:00.000,50,37,0.21875,7,16,0.011175096909554648,0.3349763811871021,8302.51452365,-0.29240746527465644,-0.3301714219757265,-0.7902629991835036,0.16874497319550325,0.05747652591738515,-0.37216106538972393,-0.47979013963481887,-0.4645300274732471,-0.4306772212616788
2022-11-24T00:00:00.000,56,12,0.3707865168539326,8,10,-0.0029667439208844494,0.5329501129131595,7478.76662938,-0.48451353837387845,-0.47558170168693226,-0.910646118291017,0.13001456126090258,-0.16316043969474617,-0.44209276367628936,-0.7960911911201883,-0.4860572917226539,-0.6610386685645311
2022-11-25T00:00:00.000,48,20,0.23809523809523808,9,14,0.0059413587313624245,0.3066502463054187,7397.30582566,-0.34496357737174815,-0.4138323361623025,-0.9394375454498334,0.08032880694592213,0.31233826476434096,-0.15875943292189942,-0.7653595062455231,-0.4418211837289398,-0.9841157565001828
2022-11-28T00:00:00.000,62,9,0.27906976744186046,10,19,0.031465117425937425,0.30207264518776933,7581.93867236,-0.016498998029098915,-0.41326732103404745,-0.9550902945326692,0.09918442710754907,0.16694974397795975,0.19381472324017754,-0.6716007920182805,-0.617132847225719,-1.1089962077873476
2022-11-29T00:00:00.000,114,1,0.2549019607843137,11,27,0.04427857035617897,0.8383589743589743,9678.09283945,1.0161600752751117,-0.02444470075485432,-0.49038436974546,0.19717102338867104,0.6466990730193292,0.5447680759035921,0.00110969280384019,-0.0752357633202669,-0.9952406373336835
2022-11-30T00:00:00.000,76,5,0.36666666666666664,12,32,0.015140072528426689,0.38207547169811323,9311.35794853,0.09490624377970895,0.05301804105601878,-0.30613405618529227,0.3127621857217461,0.30484327608924766,0.8935219392096148,0.05109592484311963,-0.032368998088655364,-0.8525939841976469
2022-12-01T00:00:00.000,66,6,0.42105263157894735,7,17,0.006657286630370682,0.6454787779372565,10580.85621036,-0.09917626295200986,0.1300854961403925,-0.23402669193204045,0.33424576959028174,0.1896139537299224,0.8161367826652327,0.17288107282877463,0.06919693354074548,-0.43744934744016695
2022-12-02T00:00:00.000,79,11,0.21,8,18,0.020015039089931217,0.6071355341398401,8642.85172058,0.28023857799582286,0.2551259272139067,-0.01661493203907705,0.36660395759895226,0.26032902813323927,0.738892897372125,0.34828531381334055,0.3373909869729113,-0.24900576135414215
2022-12-05T00:00:00.000,72,7,0.3898305084745763,9,23,0.015743061735296677,0.6802051282051282,10548.19886658,0.18481949365369207,0.2953896255504649,0.05398465857119472,0.37365058779452626,0.007237394442972134,0.6624892925537588,0.15090868673756028,0.6746295099263114,0.144827248826933
2022-12-06T00:00:00.000,54,17,0.3793103448275862,10,17,0.0015307523970261938,0.33682051282051284,9979.4218698,-0.25226696008509275,0.041704218478424,-0.36143341358215925,0.3157493189566834,-0.2780964596794978,0.5871105380801046,-0.38256878454513876,0.2249415703055301,0.18622675981344802
2022-12-07T00:00:00.000,61,8,0.24691358024691357,9,14,0.020316538602804333,0.40717948717948715,9483.94705039,0.14483696526840717,0.051690362776163644,-0.4627697649932644,0.3048928337565744,0.0037601402645237813,0.37242100290364155,-0.31633667619146355,0.24767656738061264,0.2121884363125234
2022-12-08T00:00:00.000,59,17,0.2976190476190476,10,20,0.01818372688830814,0.3372283722837228,8696.35773935,-0.05957994236639318,0.059609626893286985,-0.5087075455052192,0.2652142671309632,0.2924906545196335,0.5830846646901467,-0.17147011959557515,-0.02815548042182663,-0.015189052565111317
2022-12-09T00:00:00.000,48,13,0.4074074074074074,5,11,-0.000775945306529392,0.3854038540385404,10088.81617226,-0.5467126149743565,-0.10578061170074889,-0.7204807512752052,0.25833330792115017,-0.16505380652294505,0.3691813197776907,-0.42926105187631236,-0.22633084467101852,0.17314754474140015
2022-12-12T00:00:00.000,50,25,0.35064935064935066,5,7,0.005380544513840448,0.405693221380299,9095.84866067,-0.48990058758034793,-0.24072462794755692,-0.8682072315912824,0.19385140791338396,-0.0713823723650071,0.08521293220214163,-0.5555589229775786,-0.4703683082507289,0.0013800994361750697
2022-12-13T00:00:00.000,65,15,0.23529411764705882,6,16,0.04274651893160705,0.40241654720458736,8162.40690379,0.09396447588821523,-0.1714783407528953,-0.786514996952165,0.20178585849138106,0.2669637985600274,-0.19807619320534245,-0.039577058588406634,-0.4100319417419846,-0.23489785183377493
2022-12-14T00:00:00.000,59,17,0.23376623376623376,7,15,0.0027559095285028595,0.3842687423187218,8106.83794351,-0.2613276241654094,-0.25271125863965865,-0.7950660273875074,0.17010170786496118,0.2995313914565361,-0.3407845843553448,-0.25510997606285185,-0.4295990310468902,-0.4180522909465113
2022-12-15T00:00:00.000,40,10,0.3939393939393939,5,9,0.00833534670191512,0.55999180999181,7661.19524724,-0.5892806971471283,-0.35865140959580566,-0.9206743215602513,0.19619217302227537,0.07724593334676175,-0.6943480720114743,-0.3745679661054642,-0.2290192425214012,-0.5653883713410836
2022-12-16T00:00:00.000,41,14,0.3492063492063492,6,8,0.011127647553854921,0.266011868221813,7611.68855676,-0.6371598736537832,-0.376740861331691,-0.9628106675673198,0.19316818391111262,0.21216835725427244,-0.6226652908005776,-0.2239889957798269,-0.3357082046871915,-0.8973494116523039
2022-12-19T00:00:00.000,30,37,0.3877551020408163,7,7,0.004256314453672279,0.10976858488634036,7566.32542558,-0.9250167461837453,-0.46376409305237043,-1.0937778011400368,0.15024633868841894,0.1256864932504199,-0.48049823388638807,-0.23607337154971636,-0.6003568691992957,-1.1115752075299927
2022-12-20T00:00:00.000,35,37,0.33962264150943394,3,8,-0.011525074899763833,0.4398935080892894,6396.74755928,-1.0883989412303499,-0.7002367764760835,-1.2924920031744622,0.07116882395659227,-0.11843170258295213,-0.6904434854967908,-0.9087633194619912,-0.565543297526941,-1.397152451046037
2022-12-21T00:00:00.000,34,18,0.3333333333333333,4,5,0.01179127830161659,0.2623488419758147,5745.80051436,-0.9743857945634039,-0.8428484105556825,-1.4545549124771306,0.06793368420513116,-0.3496341127390935,-0.8977076825549251,-0.7942932587965491,-0.6716411992396811,-1.800041392287526
2022-12-22T00:00:00.000,35,21,0.46153846153846156,5,7,0.016965116121450498,0.17004297114794353,6573.07686016,-1.02767961040533,-0.9305281932073228,-1.4766269894115502,0.028708980704382325,-0.5063146657694071,-0.8920579568709555,-0.6849218613260745,-1.016413102462663,-1.9660717573149888
2022-12-23T00:00:00.000,45,27,0.36619718309859156,3,9,0.018747918079960433,0.4147239263803681,5851.02310315,-0.8554636054196632,-0.9741889395604986,-1.4372736074916284,-0.017652023169213268,-0.5421966041306667,-1.0957975697298248,-0.5881018969626425,-0.8776747676568195,-2.2606261077826937
2022-12-26T00:00:00.000,70,12,0.18604651162790697,4,7,0.009389005753707118,0.7466257668711657,6241.4675347,-0.15348541082543404,-0.8198826724888365,-1.1542724225542802,0.07339713675686496,-0.06961278086842837,-1.297997115644636,-0.5212308455141599,-0.3050064239676661,-2.464456255629547
2022-12-27T00:00:00.000,56,13,0.3333333333333333,5,17,0.038982661565628685,0.5991009399264405,6685.00107053,-0.1897416384015967,-0.6401512119230859,-1.0025623063135272,0.160664749552177,-0.053769930183207124,-1.147876329152879,0.10583489675201525,-0.16203153243592358,-2.3813180316802542
2022-12-28T00:00:00.000,39,15,0.3709677419354839,6,14,0.02104309303395371,0.18839395177768697,6506.68021214,-0.7239408230165336,-0.5900622176137118,-0.9600814076230701,0.17205707896722822,-0.1389980801951251,-0.9993853423684695,0.22174274014155904,-0.22443579602676236,-2.20133471619134
2022-12-29T00:00:00.000,49,14,0.234375,7,12,0.018053293381245044,0.3144782519910149,6146.20318063,-0.3833068680022391,-0.4611876691330936,-0.8576187069784451,0.19778838996565848,0.39211083488260373,-0.851028003882158,0.2368622160290982,-0.09358723728100557,-2.252841176667405
2022-12-30T00:00:00.000,53,8,0.2638888888888889,8,12,0.02076989968530142,0.6590445079624336,6038.88199302,-0.11327868163577152,-0.31275068437631526,-0.7967017498750537,0.2665559899125369,0.629927363344637,-0.49176700566822795,0.26415377133098394,0.12242795792289933,-2.18385111760198
2023-01-03T00:00:00.000,116,3,0.1773049645390071,4,21,0.0376385141024568,0.8487446417636252,7886.58106369,0.6414322225336825,-0.15376715770449195,-0.4744463497496761,0.2988974135707008,0.651308658358024,-0.4907150505487305,0.6159909555472927,0.2125015096073164,-1.8899072407163686
2023-01-04T00:00:00.000,63,11,0.29213483146067415,5,22,0.020354056266960942,0.5747806570087737,7835.49991618,-0.11189030261500513,-0.13819689054717363,-0.4213573618351111,0.305811524318249,0.7468446723393447,-0.4873112006232464,0.386490848364178,0.19045451577622824,-1.688311232169856
2023-01-05T00:00:00.000,52,11,0.3157894736842105,5,15,0.004498329404238863,0.5980412160783514,8425.51034076,-0.27253885368837355,-0.04791649668154163,-0.32938040600605856,0.3194962417136581,0.8737939605705213,-0.5550050589472028,0.1800060944254953,0.5512912706947303,-1.3756175792219332
2023-01-06T00:00:00.000,37,14,0.4788732394366197,5,9,0.0025699129766316377,0.3689043052438278,8378.7993198,-0.7901329300916375,-0.12928170909942133,-0.40887967826822963,0.31814504120920073,0.3049211644002531,-0.6937726430354949,-0.015088588369009014,0.5964668799728313,-1.0067641396054987
2023-01-09T00:00:00.000,46,8,0.3698630136986301,5,5,0.014566310201001348,0.5910575745202123,8069.69441651,-0.3304768394070078,-0.17272134065366856,-0.4536187446355381,0.3167420024045438,0.05987830773426994,-0.9058022358749482,-0.09456053939571843,0.5342578659941658,-0.6659460408024527
2023-01-10T00:00:00.000,39,7,0.2777777777777778,5,9,0.015930717403907124,0.35352917176662585,7470.01408946,-0.4087310773015375,-0.3827540006207126,-0.9764460731526302,0.3007848181252944,-0.17519760186823866,-0.8321163664571898,-0.36745933944553977,0.09341788514112988,-0.7222613266878118
2023-01-11T00:00:00.000,31,13,0.42592592592592593,6,10,0.016747244770933402,0.20053039575683396,7415.30609857,-0.7467441616147504,-0.5097247724206616,-1.1885964131814835,0.2920153822732804,-0.48180863888665487,-0.7592796128237719,-0.41336238729007146,-0.2379001257881299,-0.779141611247798
2023-01-12T00:00:00.000,40,11,0.3442622950819672,7,6,0.009591437295262819,0.4523372116758522,6812.36762509,-0.4790693427543947,-0.5510308702338659,-1.2626033049839802,0.2909483800239009,-0.5433983707681909,-0.6136668987087632,-0.34937125383003187,-0.3650427221974023,-1.014081921172591
2023-01-13T00:00:00.000,38,10,0.3968253968253968,4,5,0.012998765232434806,0.5804081632653061,7021.66675621,-0.5883965145309193,-0.5106835871217222,-1.246475759447085,0.3047297446782967,-0.3485798425974841,-0.6855796823480673,-0.21706007329076082,-0.17537703219639583,-1.206442464650557
2023-01-16T00:00:00.000,49,13,0.379746835443038,4,12,0.025681718025552427,0.7710671291573148,9168.82217065,-0.05839262679524605,-0.4562667445993699,-1.2177097937978265,0.28612535893717544,-0.3679062444124283,-0.7550301919230961,-0.07295608371357667,-0.013613175375593834,-1.0527770819102409
2023-01-17T00:00:00.000,38,12,0.36666666666666664,4,10,0.02134088668951411,0.38599714227393345,7069.95901005,-0.5804444633406245,-0.4906094218071873,-1.2156676210732276,0.26731851404901774,-0.5707162099381449,-0.8225602998172409,-0.0011144648001017443,0.016024396227676197,-1.1075502672982875
2023-01-18T00:00:00.000,39,9,0.2909090909090909,5,11,0.014752905344755663,0.6034693877551021,6355.30705014,-0.396026006684811,-0.4204657908211994,-1.1525566361449422,0.2812036764481597,-0.2566419231677973,-0.8898099572081646,-0.02357502959890488,0.37327536371362846,-1.275156029790373
2023-01-19T00:00:00.000,35,18,0.35185185185185186,5,7,-0.010143089234233535,0.6755102040816326,6867.27075852,-0.6549967567601576,-0.455651273622352,-1.1789325491522287,0.25503159086112365,-0.27548729338726285,-1.0290547137216828,-0.2739641470159172,0.5692523266064731,-1.2564041295469666
2023-01-20T00:00:00.000,30,10,0.3877551020408163,5,6,0.009174774522722192,0.7467863701285452,7488.5874036,-0.4214191105524675,-0.4222557928266616,-1.224625147974849,0.254178317960096,-0.2553705800464279,-0.9507901109882292,-0.3202568808526881,0.7148240701551255,-1.1737502180396562
2023-01-30T00:00:00.000,93,10,0.2900763358778626,6,14,0.04390684796939652,0.7514285714285714,10617.68831408,0.6940412115520732,-0.27176902515719775,-0.9243683729522179,0.2643031284627782,-0.04685816397809006,-0.8018411811495314,-0.09021656692171538,0.6935344850768848,-0.9969365046384902
2023-01-31T00:00:00.000,48,29,0.38461538461538464,7,19,0.02457482518029663,0.5744029393753828,8998.89309789,-0.09535300821834933,-0.17475073413274272,-0.8504699283465784,0.20282614282213868,-0.0887019529870382,-0.5823975833161059,-0.0495612805441877,0.857782403833981,-0.7127329403914061
2023-02-01T00:00:00.000,79,13,0.19387755102040816,8,22,0.060088931875219416,0.8726790450928382,10043.66501666,1.061071870884856,0.11666884138119071,-0.5782896391896055,0.1883162753938042,0.14071172406864405,-0.3640408506100809,0.5214894270839208,1.091643557920479,-0.18314860499882446
2023-02-02T00:00:00.000,54,15,0.31645569620253167,5,12,0.012870092406516372,0.46971242096675503,10240.46659675,-0.08629491164327606,0.23040921040456702,-0.44639937679623437,0.1991711191449239,0.22442624557065516,-0.3617822899836668,0.8150344731012256,0.9052326324729092,0.27718166932215854
2023-02-03T00:00:00.000,41,9,0.3050847457627119,6,11,0.008785668849977247,0.3726530612244898,9144.64116408,-0.24790774277026287,0.265111483961008,-0.36889290086064197,0.2025536300755248,0.41853794353564433,-0.2867040157343145,0.811458820231455,0.5712378036889009,0.5075891067904894
2023-02-06T00:00:00.000,41,15,0.3880597014925373,6,11,0.029091482370835822,0.3719649051214038,8745.12463409,-0.25870255149514043,0.07456273135156521,-0.7124185281891267,0.18361255988987982,0.18693292244683873,-0.28308797153488774,0.6229267625276635,0.23407357614328764,0.28989979817730344
2023-02-07T00:00:00.000,48,10,0.3333333333333333,7,14,0.03973092067554573,0.6677544360595554,8455.19815149,0.1873277927468826,0.1310988915446116,-0.7086124142854848,0.25099845698523515,0.3056961214407805,-0.2780210774519558,0.811256797363647,0.3142889837116657,0.22208537304839565
2023-02-08T00:00:00.000,36,6,0.4375,5,10,0.015557404003699529,0.2757495410972874,8046.57352317,-0.6433296290655566,-0.20978140844547094,-0.9915653271040512,0.27466709897485053,-0.26799267698766455,-0.48996690126988385,0.24969308809054294,-0.21548284014141705,-0.027822300680671198
2023-02-09T00:00:00.000,35,11,0.453125,6,8,0.02307974643838724,0.8342845495311862,9008.20468935,-0.11950426083519487,-0.21642327828385471,-1.1134889024289003,0.2869866655462978,-0.5882629526860261,-0.4116061064755742,0.37488042989950093,0.10568994766060955,-0.16916202950288822
2023-02-10T00:00:00.000,28,9,0.46153846153846156,7,6,0.005191611894846344,0.4363154676992052,8927.11554834,-0.5242047984580126,-0.2716826894214046,-1.1945086086036392,0.28459638780014196,-0.9535256677210209,-0.329721373487882,0.3251410765275674,0.15872416282977703,-0.1924848032947746
2023-02-13T00:00:00.000,50,4,0.35064935064935066,8,9,0.035514350432178786,0.6839853300733496,9789.48168983,0.3384984062389279,-0.15224249787459096,-1.1306110146770953,0.32163946893519335,-0.861336114221821,-0.16902701228179398,0.40230983553864325,0.43032198976651725,-0.058994638181778344
2023-02-14T00:00:00.000,30,8,0.4339622641509434,3,7,0.0163257900452841,0.4504889975550122,9138.44512766,-0.5611341965749925,-0.301934895738966,-1.2460352991788257,0.3256036402067084,-1.0930332984927469,-0.4704018886640539,0.10423341807657485,0.23413661011818537,0.031952547761398074
2023-02-15T00:00:00.000,44,2,0.2786885245901639,3,10,0.031436361203197614,0.4302301894479527,9371.53575897,-0.08013170784632657,-0.18929531149512,-1.190222667035178,0.3360349837227311,-0.7162195380202456,-0.6280382873479466,0.29984158886674805,0.3658314447432936,0.2077052946047596
2023-02-16T00:00:00.000,22,6,0.56,4,8,-0.008308160961784517,0.09871768776714838,11927.61499904,-0.9902121005148411,-0.36343687943104924,-1.2735094798036197,0.3500212588336679,-0.9716871894444289,-0.7830232127346385,-0.10557215514334942,-0.29083992985162305,0.5305525521266489
2023-02-17T00:00:00.000,33,7,0.3888888888888889,5,6,0.002234488950273635,0.37362637362637363,9139.37783703,-0.537414394860803,-0.3660787987116073,-1.2364858115638107,0.35304250523974245,-0.8003112991030609,-0.9371414224956099,-0.14904041012402883,-0.3466591278500976,0.5540439749156162
2023-02-20T00:00:00.000,42,20,0.27586206896551724,2,6,0.015002802979026703,0.7882855399633923,9495.91189932,-0.0905810818741242,-0.4518946963342178,-1.2837421139546783,0.2915364820277962,-0.6242623424639275,-1.404141830615688,-0.4086236618653306,-0.24861336269295414,0.514583955225261
2023-02-21T00:00:00.000,20,5,0.4444444444444444,3,6,0.015453513678892767,0.588163514338011,9212.12264147,-0.5254551212379102,-0.44475888126680124,-1.3428511362322406,0.2999372464876811,-0.6482018195205665,-1.401822424148039,-0.4182423113601549,-0.12274842485110593,0.5206167007568193
2023-02-22T00:00:00.000,28,6,0.2631578947368421,4,5,0.02477340541183188,0.4491663277755185,7831.85134029,-0.2654165156883837,-0.48181584283521267,-1.4378245918380785,0.284074503394489,-0.6097325056919288,-1.318945483553429,-0.49942724955743356,-0.10202849497516567,0.3111729223750602
2023-02-23T00:00:00.000,26,5,0.2571428571428571,5,7,0.011308063622608652,0.370551149074639,8070.8784866,-0.35445551861249036,-0.35466452645474256,-1.399521225296052,0.286737656660589,0.10911458149614668,-1.2354140567576308,-0.24454772692967772,0.1420136476172302,-0.14103456197380076
2023-02-24T00:00:00.000,19,6,0.3448275862068966,6,5,0.00037032281363201205,0.3496745321399512,7256.48888037,-0.6790597652338349,-0.38299360052934894,-1.4795906817374322,0.28978662124369337,0.2133811371017237,-1.1526100305457563,-0.2663626410276415,0.1196448618131628,-0.4052044705531904
2023-02-27T00:00:00.000,20,7,0.47368421052631576,6,3,-0.0034380513708893723,0.20992676973148902,7534.68263789,-0.9807497696080025,-0.5610273380761246,-1.6113511805960843,0.33644823725632556,-0.2481393097635018,-0.8365576644378807,-0.5000039600477818,-0.39868277130062024,-0.6689047176433268
2023-02-28T00:00:00.000,35,2,0.2708333333333333,7,7,0.03277959378609811,0.7596095179987797,7565.00442368,0.183771709758856,-0.4191819718767714,-1.4999965291886048,0.346578723414506,0.15755014656535601,-0.5245531828830111,-0.2777165527938864,-0.24371192871432545,-0.8924244795374319
2023-03-01T00:00:00.000,44,2,0.30158730158730157,8,9,0.027466238429805334,0.6863183573897134,9187.22741828,0.2897805776726122,-0.3081425532045722,-1.3853226268734213,0.36015362481346747,0.06529864664522174,-0.21620396473602174,-0.24369532119517273,-0.031508628785767566,-0.7057196023003092
2023-03-02T00:00:00.000,29,10,0.4528301886792453,9,8,0.017488370233199487,0.33529770371875633,9333.32501243,-0.29830787528642727,-0.2969130245393596,-1.3546388886580643,0.3412983499473158,-0.39154293905984827,0.08971684316112072,-0.16463829152047577,-0.06130752337530594,-0.5372787222702573
2023-03-03T00:00:00.000,27,4,0.34146341463414637,10,4,-0.002563650079391736,0.44087769199512394,8693.5483589,-0.22216040063130515,-0.2055331516188536,-1.2919739037351958,0.34822653218627125,-0.3822413923709145,0.3943157592894055,-0.20163289017851307,0.022888454244939405,-0.328314620767966
2023-03-06T00:00:00.000,31,3,0.3541666666666667,11,9,0.00934785186034055,0.4598821856591509,9507.30406077,0.027649204424443515,-0.0038533568123643954,-1.211585433963551,0.36249535023285767,-0.10221088409586128,0.7735129171369517,-0.03611492925658093,0.24764995626730282,-0.060720474007667745
2023-03-07T00:00:00.000,29,1,0.32558139534883723,12,11,0.02370698593062355,0.08753046303818034,9324.22088996,0.0038080257609112234,-0.039846093611953355,-1.241635687926634,0.3657912416385053,-0.2277342407193192,1.149110734116552,-0.1479991689148949,-0.3563917350450096,0.1799362015671287
2023-03-08T00:00:00.000,40,0,0.25925925925925924,7,12,0.03108850899608202,0.7097887896019497,7183.29386039,0.14776305457617442,-0.06824959823124091,-1.2595792463940398,0.3723296850988908,-0.12534370959759164,1.0672796970043263,-0.09691274595819852,-0.33242731626156935,-0.10309355151050215
2023-03-09T00:00:00.000,35,3,0.2857142857142857,8,12,0.03742206656651145,0.4653807106598985,7565.18989098,0.0724597347580632,0.005903923777657183,-1.2129491530577936,0.39690808897877294,0.2651569448202642,0.9858461014474349,0.16236771197018623,-0.2144549064533024,-0.34154732126195986
2023-03-10T00:00:00.000,25,7,0.358974358974359,6,8,0.011434884044329949,0.146163215590743,8093.28234259,-0.6023588561210963,-0.07013576732030105,-1.2178411357519636,0.3848232026628836,0.2209284777628011,0.677927082942026,0.3419410683257921,-0.4795143094789197,-0.41921475770472466
2023-03-13T00:00:00.000,35,9,0.2391304347826087,6,4,0.0008597616018459098,0.4649087221095335,8391.24932651,-0.21671670149464178,-0.1190089485041181,-1.184781677314949,0.3620014812012909,0.4904976340224513,0.2962735030038279,0.23205931262225427,-0.4718947353232995,-0.5572181577404004
2023-03-14T00:00:00.000,24,13,0.38461538461538464,7,8,0.017433217872728907,0.19144189819509227,9322.10649929,-0.40044264044468136,-0.19985908174523664,-1.2088036300625873,0.31751130963370156,0.3484155480723,-0.08084777658332058,0.15115949670363354,-0.3749545506127166,-0.5514939693676647
2023-03-15T00:00:00.000,37,1,0.38333333333333336,8,7,0.029529462169327225,0.7035685320356854,8182.10904713,0.08409012935591666,-0.21259366678928818,-1.2197516270382742,0.31363798321661784,0.05534916575557443,0.003129858219270765,0.13421319575311835,-0.37872291509365125,-0.39601132833767094
2023-03-16T00:00:00.000,22,13,0.2903225806451613,9,7,0.009185399708979518,0.13686131386861314,8448.55104984,-0.3237935562600275,-0.2918443249929063,-1.2931077688933836,0.2768163389043967,0.04627323690234066,0.0926448210708195,-0.22930605271835053,-0.6716423302187036,-0.26458851999746097
2023-03-17T00:00:00.000,36,3,0.32075471698113206,10,6,0.03888768108948775,0.6330089213300892,9728.91295976,0.48134647949812814,-0.07510325786906141,-1.214523263927816,0.2908769610165063,0.138525401493808,0.41080196935903485,0.129738994934446,-0.23304976500083038,-0.04809310295857623
2023-03-20T00:00:00.000,26,18,0.5272727272727272,11,8,0.03454190836033955,0.3757096512570965,10572.89948358,-0.04328119873940798,-0.04041615731801465,-1.2644112840343618,0.2566037233943091,-0.5540766175438402,0.8042774131952104,0.5669612475258502,-0.3156709492597164,0.2234033654964484
2023-03-21T00:00:00.000,42,11,0.17647058823529413,12,10,0.029052932192845694,0.8168186423505572,8928.81485898,0.7979079561934517,0.19925396200961196,-1.1453725939482038,0.26207274341121767,-0.05760209003130057,1.1950436930503079,0.7203950698019836,0.24332015058847922,0.17692076119480155
2023-03-22T00:00:00.000,34,5,0.32,4,3,0.01045528942084268,0.6126874746655857,9576.65165502,-0.16445897759657788,0.14954414061911306,-1.1589830164514243,0.24585075714223423,0.09014572026550263,0.8800378758402211,0.46755017937029775,0.15845213784858042,0.3637553303183818
2023-03-23T00:00:00.000,27,6,0.4489795918367347,2,6,0.025525459660078565,0.40538897893030795,10204.98366742,-0.4609736778664987,0.12210811629781879,-1.1216049416665481,0.26985889382419287,-0.28860377629060635,0.3293708874515944,0.6820578081197343,0.3960981617233265,0.5875797809230401
2023-03-24T00:00:00.000,29,6,0.275,3,4,0.01512512816927316,0.45553980149888595,10745.65759115,-0.12495595100907073,0.00084763019637904,-1.1602087651946202,0.2572186482756044,-0.18124733564896392,-0.21942675982136123,0.36917083317840665,0.23341785109754695,0.7070089394880428
2023-03-27T00:00:00.000,44,11,0.3972602739726027,4,9,0.0420977015102391,0.39218465276371733,11397.90666365,0.04002243190993867,0.01750835632624837,-1.0424111981807482,0.2802518341992609,0.1347798611086655,-0.7661485252129502,0.47394560055819734,0.243794691133646,0.7983462306776694
2023-03-28T00:00:00.000,34,11,0.3584905660377358,2,3,-0.004306876872885471,0.2761133603238866,10040.36744761,-0.6737820312296641,-0.2768296411583748,-1.0871849940414884,0.27799161984570764,-0.3003355550157793,-1.5404135421351544,0.022234266481286548,-0.24770604767440121,0.9376067644312075
2023-03-29T00:00:00.000,24,6,0.5294117647058824,3,6,0.014933909960899957,0.3081124822981995,9808.86683817,-0.746994155034991,-0.3933366766460574,-1.1445509254533963,0.2723625437956243,-0.8002781344047769,-1.6082962141820178,0.08270444326529311,-0.524129708178951,0.9688312586358248
2023-03-30T00:00:00.000,22,11,0.26666666666666666,3,4,0.00886557949623235,0.3848644273573452,9442.45142813,-0.3542980237059901,-0.37200154581395567,-1.170964630892064,0.25208209991901676,-0.36274483937231744,-1.520129024650314,-0.1403375083868081,-0.5419882517609084,0.8800713344457076
2023-03-31T00:00:00.000,36,3,0.29411764705882354,4,2,0.01109496871260293,0.6952650748684743,9530.27873419,-0.02356132513499311,-0.35172262063914017,-1.121369629274303,0.26198711974026134,-0.40433319353151254,-1.4335334165074496,-0.19153478337865582,-0.31595532159361805,0.7426808800712986
2023-04-03T00:00:00.000,47,6,0.29850746268656714,5,2,0.035969826281328963,0.6647784746105604,12527.71626676,0.520374076219586,-0.2556522917772107,-1.093938417766834,0.2805936167437874,-0.16441227306553552,-1.3484995656539671,-0.2631058106668437,-0.06000506670540591,0.859801474674326
2023-04-04T00:00:00.000,27,8,0.4489795918367347,6,6,0.030797091019179056,0.2704122877930477,13244.06825677,-0.04606501774782158,-0.13010888908084223,-1.130661583924424,0.29163975949499854,-0.3785907028140593,-1.0346720407363996,0.21861046322213315,-0.06273377815236078,1.1856456593442188
2023-04-06T00:00:00.000,31,15,0.3404255319148936,7,4,0.017252649481138586,0.4020618556701031,11931.03234951,0.05758068849065131,0.03080607962428624,-1.0791235641170853,0.2581439849023902,0.0773624117668014,-0.7242756876632704,0.25059584026981857,0.02447352542794019,1.4084660467834111
2023-04-07T00:00:00.000,49,5,0.27941176470588236,8,4,0.017717486408222793,0.6783259199353012,10537.79473087,0.4065844018218927,0.1829825647298628,-0.9014812647708123,0.27974039051288585,0.0468502858388973,-0.33888524856259955,0.37088522075106495,0.29420989049359597,1.5295586788460094
2023-04-10T00:00:00.000,22,27,0.5217391304347826,2,6,0.008870187093469612,0.25080710250201776,12253.92249994,-0.7567342224109537,0.03634798527467069,-0.98285138652658,0.1901296110143969,-0.4961820753493786,-0.487145997138349,0.3374244750606119,-0.11889418299215344,1.8119554528541493
2023-04-11T00:00:00.000,35,10,0.2708333333333333,3,5,0.044834740432734874,0.4633851119628808,10830.44546573,0.21870857272641953,-0.0239851154239626,-1.0516060278755117,0.17442243580686406,-0.43110851589945165,-0.6328640817685643,0.4552659006205951,-0.30672476905572366,1.6247192502040562
2023-04-12T00:00:00.000,60,7,0.21052631578947367,4,7,0.029505016428996812,0.6255044390637611,11319.54254829,0.4874581671847445,0.08271952156255061,-0.8366141680336325,0.1773166102027869,0.13595366123623495,-0.7781274477938848,0.43350850551436954,0.020715935119149043,1.4262835546928332
2023-04-13T00:00:00.000,38,9,0.3333333333333333,5,9,0.011219678271720178,0.36897316925559814,11365.92745241,-0.11593048477630785,0.04801728690915878,-0.7866716557214566,0.19858003466592633,0.15007089543368307,-0.9236409765948508,0.3490325233077865,-0.010723264063606398,1.3594734513366316
2023-04-14T00:00:00.000,39,6,0.3275862068965517,5,6,-0.0031146505218631105,0.5358224016145308,11148.20259796,-0.1366763404905613,-0.06063486155333202,-0.8442285961535296,0.19397785339483764,0.03442742938713893,-1.1459361468242601,0.06419210215910565,-0.14236747826343593,1.4154908054268214
2023-04-17T00:00:00.000,42,20,0.3114754098360656,3,4,0.003919523426491338,0.5410530562840428,11205.75527744,-0.16174882233154975,0.058362218462548764,-0.7122879361900504,0.21918267974052102,0.535079967216123,-1.062254999921033,-0.0010467465142431688,0.12660142356322246,1.3032611413433035
2023-04-18T00:00:00.000,25,18,0.375,2,6,0.011965435840442434,0.2907515615555108,10598.08960106,-0.5301515100978496,-0.09140979810230505,-0.7704364840998912,0.18882533964294107,0.28471088460567995,-1.13066059988248,-0.44979658111531773,-0.034463175951547444,1.271952030084482
2023-04-19T00:00:00.000,32,18,0.37254901960784315,2,3,0.021374981818399186,0.31076178960096734,10824.44623743,-0.369029809523131,-0.26270739344388017,-0.9409143661107855,0.14730749643030666,-0.10069791373345152,-1.2726589734760618,-0.5581567695564409,-0.32789977386274033,1.2140685462020142
2023-04-20T00:00:00.000,37,29,0.27450980392156865,3,3,0.01189567384623658,0.316012084592145,11385.04931393,-0.20328115348802997,-0.2801775271862246,-0.9411194989511318,0.07200352812143809,0.04104024528399304,-1.4137046666165531,-0.5482453976147527,-0.3798266537438229,1.2086097532172595
2023-04-21T00:00:00.000,12,46,0.5384615384615384,2,3,0.011070696846355595,0.11200644641418211,12176.54641206,-0.9565098505875708,-0.44414422920562646,-1.104082763421746,-0.07685853143279846,-0.4697462515699695,-1.62746913479616,-0.3549721394106656,-0.7761974106786105,1.3003166268705668
2023-04-24T00:00:00.000,40,53,0.2727272727272727,3,4,0.0438595736820078,0.395447219983884,10831.42913655,0.07801326007839238,-0.396191812723638,-1.109937881410175,-0.20020677555327157,-0.37833481241333883,-1.6150609403299039,0.188387828912631,-0.9118967634425683,1.2537066551711624
2023-04-25T00:00:00.000,35,81,0.2553191489361702,2,7,0.0111871196962825,0.16680096696212732,11337.37381006,-0.47474630511189986,-0.38511077172644814,-1.0394391396542033,-0.433537385255301,-0.09129970884835126,-1.6018365721337458,0.17599807456945757,-1.0266565418934623,1.3209958711304715
2023-04-26T00:00:00.000,59,56,0.23376623376623376,3,8,0.02697610798246181,0.6809927360774818,11220.33150608,0.27573256994057244,-0.2561582958337074,-0.8650863668239557,-0.5741877946639289,0.23967913162052623,-1.516662440604682,0.2495535629844805,-0.6784924741565552,1.3520883108081652
2023-04-27T00:00:00.000,41,61,0.39705882352941174,2,4,0.015295795329756192,0.5153473344103393,10447.22991431,-0.4307466938465332,-0.30165140390540807,-0.834497776354978,-0.6919921675013252,-0.05751894445900767,-1.5794386671130076,0.2946520980630053,-0.4891878214006492,1.2464234514281078
2023-04-28T00:00:00.000,100,30,0.2805755395683453,2,2,0.0241969992690163,0.7831544847135048,11165.4317029,0.43336698351001324,-0.023676037085891267,-0.2806398655518077,-0.632419830140679,0.5634442375771507,-1.5680072000516225,0.4715064384667807,0.14079556097597007,1.1395883991229712
2023-05-04T00:00:00.000,104,30,0.2,3,22,0.051850321211132276,0.5904548235774016,11713.54542301,0.8159864083229562,0.12391859256302151,0.11936018156557464,-0.5468011182697008,0.7367492184847444,-1.558758069648454,0.5771411608109015,0.3222495748378188,1.217489200160268
2023-05-05T00:00:00.000,50,54,0.2647058823529412,4,17,0.02449964818982108,0.280598826623508,10709.70831268,-0.0999868108329132,0.19887049141881885,0.21273674314786276,-0.4491772613843388,0.7098968763344068,-1.4048753749915979,0.7535991582425183,0.42466803397881375,1.1452452646040687
2023-05-08T00:00:00.000,60,58,0.3103448275862069,5,14,0.03440746140913711,0.5716019417475728,11366.6565709,0.243691927540256,0.19246236293875557,0.21921605041852535,-0.4604531807984176,0.5235382968257077,-1.2542999674594681,0.8502150305550403,0.3188479181047255,1.1501723929251777
2023-05-09T00:00:00.000,25,75,0.6212121212121212,3,6,0.0020967916526599645,0.16474397895162923,12215.92092504,-1.3125677891449883,0.016098143879064563,0.11898806817316632,-0.7660383731355219,-0.020603958142400902,-1.1761684828391201,0.6616268591991775,-0.018145114107798666,1.313028008005952
2023-05-10T00:00:00.000,41,52,0.29310344827586204,3,2,0.0122951334894256,0.5885090026299818,10198.30925429,-0.3882093602508377,-0.14821712487310562,-0.24916954505504663,-1.1244452426358857,-0.05464543206318588,-1.0999286784929507,0.4912963795986589,-0.20459639337391727,1.2039690379105905
2023-05-11T00:00:00.000,62,38,0.27906976744186046,3,7,0.031054662532495263,0.6198948645369996,8956.87567656,-0.05473095156631606,-0.3223605968509601,-0.508240266261602,-1.33169559332845,-0.24874618644932428,-1.0973402987796177,0.2045361944687231,-0.1773567264786263,0.9023186988721793
2023-05-12T00:00:00.000,31,38,0.29545454545454547,2,11,-0.007033059366266628,0.22696038803556992,8479.14671798,-0.9660942690454348,-0.4955820884934644,-0.6245593901375001,-1.4592146414927532,-0.32426230014490187,-1.2376416741730798,-0.2315288617930349,-0.23352691494969813,0.6416591632367196
2023-05-15T00:00:00.000,40,44,0.3220338983050847,3,4,0.009896478972361166,0.6895715440582053,9381.12089225,-0.40654384302938545,-0.6256292426073926,-0.752803109498605,-1.6413356258700855,-0.3530505842916748,-1.376228144774463,-0.5655025668325756,-0.11819549392606968,0.4277108269417271
2023-05-16T00:00:00.000,26,66,0.2571428571428571,3,3,0.01817041070670818,0.28608923884514437,8661.46133755,-0.8053713353223035,-0.5241899518428557,-0.7616248936353521,-1.770409198162369,0.5253466505716908,-1.3697465967080382,-0.33913830099844616,-0.0035604347288462844,0.04980311076137277
2023-05-17T00:00:00.000,48,39,0.21311475409836064,4,5,0.036895229620712386,0.7017756255044391,7812.72271697,0.05329253465545785,-0.43588957286159663,-0.7149604691832356,-1.6393039348194076,0.7176356962579216,-1.2912070206094508,0.008603564820919818,0.1093095205344726,-0.2413043670323945
2023-05-18T00:00:00.000,50,22,0.24242424242424243,3,7,0.015879047857394652,0.4935457845905607,8797.90756271,-0.1518247237451281,-0.45530832729735915,-0.7857094128793849,-1.4572333289010946,0.8057481767898386,-1.282522479213126,-0.19636047234853266,-0.008998925688956317,-0.2620818488402554
2023-05-19T00:00:00.000,36,25,0.3076923076923077,4,10,0.00561545176208695,0.4859907276758718,8478.19138799,-0.4438691680195816,-0.3508633070921884,-0.7630215480652254,-1.2999139289688604,0.7774087078677524,-1.1316935840814537,-0.017569265935442967,0.2423796786744198,-0.26363320913650645
2023-05-22T00:00:00.000,52,23,0.1875,5,11,0.02315637999283414,0.5699314792422411,7953.17380769,0.09747904505001152,-0.25005872947630897,-0.6731656849365378,-1.0486096260857138,1.0989105930485192,-0.9831043204137844,0.17060887339575553,0.12977354055939522,-0.4448244819017949
2023-05-23T00:00:00.000,44,13,0.3333333333333333,6,17,0.027116486294290778,0.22925060435132957,7656.66471481,-0.28596881153230963,-0.1461782247183102,-0.5422083784143368,-0.4193697500353033,0.9120266779636103,-0.7650836139562415,0.29701500450434654,0.07481339903658357,-0.5804409121268285
2023-05-24T00:00:00.000,47,29,0.38961038961038963,7,12,0.02956917450838733,0.39528795811518325,8025.34955066,-0.27333121206533806,-0.21150297406246937,-0.543654679727487,-0.3031874010655883,0.48630792034248793,-0.5472969564109709,0.1961067757797033,-0.21718451116639872,-0.5516119661890302
2023-05-25T00:00:00.000,49,38,0.20967741935483872,8,13,0.027822043245141207,0.4091824405960532,8567.11137794,0.06529493584441258,-0.16807904214456126,-0.5441139898298653,-0.49552487867407374,0.5646324299521404,-0.18904696977385207,0.36308050387074325,-0.29565411860776225,-0.5799262719492574
2023-05-26T00:00:00.000,52,29,0.2972972972972973,9,10,0.009563815069844352,0.5689828801611279,8203.05742633,-0.04916950593444607,-0.08913910972753415,-0.42084500965742133,-0.5447030971679808,0.5878341320660633,0.16707273932555544,0.41588671268836686,-0.2136059433091443,-0.6156133020381762
2023-05-29T00:00:00.000,41,47,0.3787878787878788,7,14,0.021815292663581967,0.32715178391453337,9206.34891173,-0.453980449546366,-0.19943100864680968,-0.4968312347027064,-0.829515288350918,0.12842108020302306,0.30943716867547394,0.3945568546913475,-0.4462290349613792,-0.45585660608250655
2023-05-30T00:00:00.000,51,31,0.2714285714285714,7,13,0.04244195991959173,0.5629659480153133,9330.36122652,0.30121358141863136,-0.08199453005662147,-0.43862921662443216,-1.0399221118063289,0.2784503048993345,0.3803988017587482,0.6066732769445583,-0.12039120111374166,-0.24054156445448677
2023-05-31T00:00:00.000,61,21,0.32967032967032966,8,13,0.015830516975563817,0.36555891238670696,9382.91784954,-0.005310992173723407,-0.028390486078298534,-0.32646137042502804,-0.9400912698380794,0.42234941912607243,0.4504343173177552,0.4128870548333518,-0.14730100370788465,-0.0705505498542752
2023-06-01T00:00:00.000,53,26,0.345679012345679,9,17,0.013779129890178446,0.5171163914619412,9864.16348634,0.05839106276846141,-0.02977126069348876,-0.2899085102763818,-0.7923314545355502,0.09535490383192816,0.5193844198452272,0.21600176384721795,-0.03946194591800645,0.08256199835114561
2023-06-02T00:00:00.000,71,14,0.30392156862745096,10,14,0.009801815155526488,0.658816425120773,9404.83547378,0.39715567240279376,0.059493774973959204,-0.13889932195410948,-0.6117521755889119,0.07815854093244178,0.5883266344383018,0.21797196623476056,0.0513151118418206,0.2313356689134128
2023-06-05T00:00:00.000,72,11,0.2087912087912088,11,18,0.01287259283264034,0.5251610305958132,8736.55498774,0.5259778142869793,0.25548542774062827,0.10348956537957152,-0.18209653185136418,0.48736405371392333,0.8692542212599796,0.09283629383981748,0.24576997115427007,0.17178042068820182
2023-06-06T00:00:00.000,54,19,0.2702702702702703,12,21,0.023645887358955578,0.11269873213926343,9373.35099683,0.17185756458343526,0.22961422437358908,0.12997197032649688,-0.041887658231871086,0.4879287726915836,1.2195420683873732,-0.1687350319055232,-0.1948175501680009,0.1752969995150666
2023-06-07T00:00:00.000,79,9,0.2403846153846154,7,16,0.03902062202621824,0.5429663916280942,8143.79442483,0.5453275972005509,0.3397419422484439,0.2746450552654956,0.10005192584444174,0.7002975282287041,1.147297595803475,0.1591721157983928,-0.020405225395043226,0.017134600193643303
2023-06-08T00:00:00.000,39,21,0.390625,8,16,0.012375494354812975,0.34808853118712274,8593.94814178,-0.35126551019865315,0.257810627655021,0.1678218310555649,0.15503094723647298,0.5870469902180088,1.0770646725833752,0.1391156839512931,-0.18506477118348674,-0.1363409602760794
2023-06-09T00:00:00.000,77,11,0.16304347826086957,8,12,0.022831714654529843,0.5392038600723763,9895.14179653,0.695914665205943,0.31756242621565084,0.22366474228805933,0.19105989623107217,0.9247661132665265,0.9392606860374547,0.32405069373709017,-0.2981915710308507,-0.0816735770197946
2023-06-12T00:00:00.000,70,17,0.2631578947368421,6,22,0.031412173383731694,0.5858118971061094,9652.88130511,0.42735940269217354,0.29783874389668974,0.21488750606439438,0.11780528192637163,0.7867869351855663,0.5890826523102459,0.584547813692557,-0.23539503464138406,0.027156052739078403
2023-06-13T00:00:00.000,55,4,0.3373493975903614,5,13,0.022741071185892546,0.5194935691318328,9421.7613503,0.12446516112651294,0.2883602632053052,0.2277031080395012,0.2984944527193146,0.6226261615994619,0.0987501286333993,0.5706591703537156,0.16857063837801234,0.03171818271373354
2023-06-14T00:00:00.000,57,5,0.36666666666666664,6,11,0.013858579672000033,0.4254121431443506,10004.61848481,0.021632535643601188,0.1836212508939153,0.062272687842490335,0.3451644890363913,0.3167317193835645,0.03139877834060493,0.21462783265479551,0.05619735331089544,0.2589558956886668
2023-06-15T00:00:00.000,46,9,0.352112676056338,7,9,-0.0005286033917241101,0.5304400241109102,10722.57063838,-0.015308689224645946,0.2508126150887168,0.12066365711244131,0.48833613732511194,0.4096095168706137,-0.036850329267705,0.03236318969821057,0.2378642925541234,0.5037018413282229
2023-06-16T00:00:00.000,65,3,0.336734693877551,3,7,0.019831495658749285,0.5981909547738693,10674.85129081,0.2166262783181559,0.15495493771115929,0.03154502966322402,0.5825620899281309,-0.010634401605093945,-0.3929594196005656,-0.010801862133070517,0.29698492881203964,0.5879881989134528
2023-06-19T00:00:00.000,56,6,0.3411764705882353,4,15,0.03202557134626463,0.3900823127885967,11065.45029976,0.18391571462250586,0.10626620009722576,-0.07554494380781517,0.7123167048565844,-0.1971576550034733,-0.533229268457881,-0.0038207164901313375,0.10214199464863545,0.7391572849346634
2023-06-20T00:00:00.000,42,15,0.3333333333333333,3,6,0.009039730553255746,0.29540437487457355,10898.65659375,-0.3188856703102318,0.017596033809876822,-0.17625370595350992,0.5766800652414538,-0.18703649040464596,-0.6724678626885476,-0.19684867427502706,-0.12106468408249896,0.9001635888319154
2023-06-21T00:00:00.000,46,21,0.352112676056338,4,7,0.018879098722724776,0.16382594746340484,10218.06634507,-0.37073579661376155,-0.06087763264159572,-0.260604402765029,0.38210943468049097,-0.15213031674846542,-0.80992045557227,-0.12573315179706895,-0.38283027737394637,0.9229657410851206
2023-06-26T00:00:00.000,48,33,0.3924050632911392,5,14,0.02864004958608462,0.17826348506115902,9770.33835969,-0.40256978353480166,-0.13832985150362687,-0.24066905951672152,0.09253677315721301,-0.24851111244923932,-0.9459257112706106,0.28546100336741753,-0.7312173139116093,0.8200164600981641
2023-06-27T00:00:00.000,79,4,0.21,6,17,0.029168685437239245,0.8444578071757868,8408.66287952,0.7494926561748745,-0.031756575932283135,-0.12227339858275328,0.08090122743164137,0.05517986190314339,-0.7244993942435642,0.4163212691404432,-0.48460179465843556,0.5566761974835448
2023-06-28T00:00:00.000,43,14,0.3484848484848485,5,12,0.017005426954746744,0.421021021021021,8881.10676165,-0.21256659231672437,-0.1110530373201292,-0.22280646470888485,-0.01408538895635661,0.03528213123101632,-0.6472132951057894,0.20484372782298682,-0.44959033797753767,0.3161983664536629
2023-06-29T00:00:00.000,66,3,0.2978723404255319,6,11,0.02225636165494176,0.638310648518815,8648.99236277,0.33994627879136097,0.020713352500189353,-0.02494532282675784,0.1323059106174716,0.11848793033794873,-0.42757769560962355,0.38963575789852584,-0.10715680213282672,0.06424368921658936
2023-06-30T00:00:00.000,61,4,0.33695652173913043,6,8,0.008497856893833672,0.7648,9184.6456,0.23654819422465362,0.1421701506678724,0.100553005408811,0.33787321128435865,0.15259985582836347,-0.2800155625469219,0.24198387743609012,0.4902894736104214,-0.048092806346014205
2023-07-03T00:00:00.000,59,13,0.2804878048780488,6,11,0.017779534912390944,0.6138,10244.22034677,0.31867577752155707,0.2864192628791441,0.19269246048481284,0.5788073431909728,0.4176726678475015,-0.2039464320465882,0.08753595189080042,0.9201913985710753,0.011981450215436151
2023-07-04T00:00:00.000,61,5,0.29069767441860467,4,12,0.018751555864004593,0.5774845030993802,9291.29888778,0.18472975799158348,0.17346668324248593,0.050539972931407384,0.5660075803203781,0.22125212696530258,-0.3437847141975709,-0.05881153949552055,0.6517534693709404,0.1273098868024665
2023-07-05T00:00:00.000,34,8,0.4426229508196721,5,11,0.007274028052036154,0.2580967612954818,8676.73865657,-0.6016343677131916,0.09565312816319252,-0.021499446117295307,0.6378809352424706,-0.0059686116284386696,-0.33882504758665205,-0.19497309518793057,0.488507161903147,0.1044500005170484
2023-07-06T00:00:00.000,40,6,0.3103448275862069,5,7,0.022580444543451237,0.3964,8197.0954253,-0.10944552752139555,0.005774766900641187,-0.22975260920519802,0.6009982671321172,-0.03579806995103384,-0.4052154702993217,-0.18659132886428362,0.2495984072335667,0.047184172258643485
2023-07-07T00:00:00.000,28,10,0.36363636363636365,5,6,0.011668584657084865,0.34579252448530884,7997.01582138,-0.4711637581178409,-0.1357676235678577,-0.4999968844085171,0.5289792849545508,-0.09916278732811415,-0.472055280093074,-0.13920379146085585,-0.16348945762110018,-0.10544444901789185
2023-07-10T00:00:00.000,43,11,0.31746031746031744,6,9,0.025718217159780975,0.4903058165100939,7612.47175758,-0.04665746765890625,-0.20883427260395035,-0.6254238862737533,0.5543211305275717,-0.18509771963880012,-0.46645521217384794,-0.021330745075641654,-0.28128846115203604,-0.43656501444114343
2023-07-11T00:00:00.000,47,5,0.3088235294117647,7,10,0.008770985902255128,0.7013194722111156,7734.76825551,0.08594366822752275,-0.22859149055676248,-0.7322898220474849,0.5548889266848475,-0.22545926756004264,-0.2431062902705662,-0.16262620900510183,-0.15307575955158503,-0.6384720121474028
2023-07-12T00:00:00.000,36,11,0.34545454545454546,8,10,0.01647933701489106,0.17486011191047163,9117.78210565,-0.20474228980068893,-0.149213074974262,-0.7126653914861392,0.5175823529979716,0.010423206615593811,-0.020895543621886635,-0.03125948157795888,-0.23489357994322752,-0.5727830878041855
2023-07-13T00:00:00.000,39,14,0.3389830508474576,7,7,0.017896542130713622,0.7545472716370177,9206.64367306,0.18085087987094423,-0.09115379349579404,-0.7163878221365021,0.4185566882473039,-0.05719976260196878,0.126713229114134,-0.09875008293386361,0.1210655627767451,-0.43207436693640516
2023-07-14T00:00:00.000,43,12,0.3484848484848485,3,8,0.03204642937220919,0.4052757793764988,9224.49472783,-0.09951518932663461,-0.016824079737552795,-0.5829470019166613,0.3916150525645655,-0.019288056288417864,-0.018890076835326973,0.19305577860089201,0.1798818001836019,-0.26119605447152094
2023-07-17T00:00:00.000,35,20,0.39655172413793105,3,5,0.0031852555944214818,0.4030357499500699,8024.11736424,-0.7182375396188762,-0.15114009412954676,-0.6482481233438049,0.27871891399356524,-0.21145293373967458,-0.23669590258516165,-0.13495277749732734,0.09127023973029524,-0.19662007546471766
2023-07-18T00:00:00.000,22,3,0.6071428571428571,3,5,0.010676782034831083,0.49750349510685044,7769.86992685,-0.8946216365297689,-0.34725315508100507,-0.8623396541838154,0.30114567826739486,-0.9328424470725893,-0.5266068191809163,-0.10878968577691099,-0.11345241803617485,-0.18788673958402183
2023-07-19T00:00:00.000,23,3,0.46511627906976744,4,1,0.015408211868002479,0.42386749151865893,7023.10958572,-0.6670499871071652,-0.43971469454230033,-0.9708186113352333,0.39720024405368193,-1.2119654087462837,-0.8148842667174154,-0.12362617071210973,0.13347544276995083,-0.48738409110869113
2023-07-20T00:00:00.000,30,4,0.2682926829268293,5,8,0.039063145442161,0.19329742669060443,7854.95744269,-0.06797131337663942,-0.4894791331918171,-1.0430263839631635,0.5178628424152578,-1.0405261128306673,-0.9559384821135188,0.18465753467276025,-0.4236891196703592,-0.6656942108530269
2023-07-21T00:00:00.000,35,20,0.3,6,8,0.00014217200428108998,0.4151206862158388,7107.855952,-0.5045076846958108,-0.5704776322656524,-1.1061381524187914,0.4192373647849716,-0.9219862008558619,-0.7315627420204458,-0.27595085265596203,-0.41408437179861074,-0.962858470894864
2023-07-24T00:00:00.000,27,14,0.4807692307692308,2,5,0.004336313007096122,0.47666533705624253,6587.77504557,-0.987766835930092,-0.6243834915278954,-1.1681172045251451,0.4909012985048373,-1.112021361255302,-0.7985108602478634,-0.25641237235170544,-0.3415624701194742,-1.1849614707006129
2023-07-25T00:00:00.000,62,0,0.3473684210526316,3,10,0.04470364479941789,0.8463225034881403,9478.93553498,0.617028072550691,-0.32205354971180344,-0.8070898688845997,0.5257691048570174,-0.47702712305448014,-0.7925170029827099,0.23581386616404992,0.006411342172012757,-0.9457351662539129
2023-07-26T00:00:00.000,47,3,0.3088235294117647,4,15,0.03139855759582804,0.40816733067729083,7919.76000004,0.013976887818580277,-0.18584817472665438,-0.5889174949235433,0.5230357318566702,-0.104876713621744,-0.7871760465683434,0.4635950332227295,-0.009167855263043413,-0.7974298777893043
2023-07-27T00:00:00.000,26,6,0.5,4,7,0.006804629075231064,0.250796812749004,7798.26455145,-0.8419438809834224,-0.340642688248011,-0.6199577697861427,0.495599418198406,-0.6481647199584105,-0.8552725275004445,-0.004072442390229236,0.046345929600489735,-0.7989767058997435
2023-07-28T00:00:00.000,50,1,0.24242424242424243,3,4,0.007875092999611883,0.6993229788928713,9481.06643035,0.23283507591597483,-0.19317413612565387,-0.48071367905278956,0.7249630870342303,-0.510340890246803,-1.0673071393456683,0.10854114597636659,0.3293963781323576,-0.45675785537726854
2023-07-31T00:00:00.000,56,3,0.40425531914893614,4,15,0.048356380608242856,0.6987256073277579,11049.07983689,0.5818892123888559,0.12075707353813572,-0.21592700124649333,0.8564008204868253,-0.3242780120074514,-0.916182567148325,0.7435226106963079,0.5517716040426561,0.14999205994343234
2023-08-01T00:00:00.000,39,3,0.44285714285714284,5,4,-0.003317577147189441,0.3732828986661358,9565.04368092,-0.4245578391763116,-0.08756010880726481,-0.41617558355172457,0.8172959242587072,-0.5434508536708907,-0.7680804339831235,0.05250928724825523,0.08176899106636262,0.16321190698156224
2023-08-02T00:00:00.000,33,0,0.4406779661016949,2,11,0.02253040389616825,0.4009556042205853,8358.36762063,-0.4136891618899457,-0.17309331874897,-0.5389829643241894,0.8527639388951187,-0.8469502439887135,-0.9087980317651049,-0.07325105013309738,0.07538754198557204,0.22817757808762645
2023-08-03T00:00:00.000,27,7,0.38636363636363635,3,3,-0.01076295293270583,0.3995224830879427,8327.3311409,-0.7131852988363417,-0.14734160231955387,-0.530765748681573,0.8394724429893342,-0.5732260559648639,-0.9761246894077631,-0.3212461437739773,0.22437788065669487,0.30612109794527304
2023-08-04T00:00:00.000,22,3,0.56,3,4,0.014945669380859094,0.4364432066839069,10489.95857558,-0.5173375946348688,-0.2973761364297226,-0.782823518999162,0.8126913195057398,-1.308607113868148,-0.9707053528570565,-0.21795081611737252,-0.03808967623304997,0.4238522035609929
2023-08-07T00:00:00.000,34,12,0.15,3,9,0.05424372338719586,0.286793953858393,8899.27757031,0.3199034893970862,-0.34977328102807653,-0.9779821422984298,0.7006868396637221,-0.7154104784452189,-1.0369127529141882,-0.14190781433170327,-0.4483618831137678,0.1714752642430519
2023-08-08T00:00:00.000,38,7,0.24,3,6,0.006443587602233517,0.38874527739113146,7987.6883696,-0.2565546587009428,-0.3161726449330028,-0.979352779425564,0.6502101772890366,-0.24332738857899053,-1.1730902978864173,0.0013572104910267503,-0.4315014027525065,-0.03750403366760309
2023-08-09T00:00:00.000,30,2,0.3023255813953488,4,8,0.012188850907874587,0.22833863275039745,7364.16118175,-0.4374916960176117,-0.320933151758536,-1.0012008180815628,0.6242792054435798,0.0805818732899316,-1.0214187705682924,-0.1438528790440285,-0.6013733596678152,-0.18354731368156257
2023-08-10T00:00:00.000,34,3,0.3333333333333333,5,9,0.0322326020425095,0.5880015891934843,6940.05840294,-0.007759104494032514,-0.17984791289007412,-0.929110500790428,0.6715686201741704,0.2048211712754644,-0.8710506613071429,0.46808671036562827,-0.41042629905869854,-0.3928244308895108
2023-08-11T00:00:00.000,27,5,0.2894736842105263,4,8,0.010677083858563297,0.10625620655412116,7633.53849082,-0.5305901403242561,-0.18249842202795158,-0.8788213484818463,0.6457981117052013,0.8331861934689284,-0.7927077779889667,0.4092618746223787,-0.736461717799941,-0.7577442897214135
2023-08-14T00:00:00.000,37,7,0.24489795918367346,4,7,0.01779535557586748,0.5758839888756456,7417.46318689,-0.01998537121133053,-0.2504761941496349,-0.8445044946237804,0.7065328495702461,0.6142304419411464,-0.7150013608222852,-0.10601380845206068,-0.4457704878680011,-0.9628064987927081
2023-08-15T00:00:00.000,39,3,0.35,5,11,0.029911438150162006,0.28316123907863383,7063.7167775,-0.21963039211543864,-0.2430913408325341,-0.8291187858807618,0.7560159943095538,0.3600095091182621,-0.5649589378752357,0.22546964839101885,-0.5511991406350265,-1.0978576732555476
2023-08-16T00:00:00.000,34,5,0.38181818181818183,6,9,0.007981138551998921,0.20841603811036125,7040.45386903,-0.5459260677152348,-0.26477821517205874,-0.7857873710516337,0.7180375266049766,0.17392641274562576,-0.41170287414093043,0.16444411008096732,-0.5706874136982226,-1.1416778967451922
2023-08-17T00:00:00.000,45,1,0.25,7,11,0.029086625985862074,0.7725739233974995,7396.00338178,0.5018293993534658,-0.16286051440255905,-0.6744652530820279,0.7431795572628849,0.3693657417464486,-0.2553602424550734,0.11925558653901902,-0.3825790280829601,-1.0594199627462026
2023-08-18T00:00:00.000,38,12,0.3559322033898305,7,8,0.015595987334337274,0.20372941876611783,7445.22947427,-0.35907950976579256,-0.12855838829086635,-0.5641566914879388,0.6531181623398056,0.21546903511357307,-0.027350511327861027,0.18671480762067605,-0.28325044994972304,-1.0804530703445947
2023-08-21T00:00:00.000,38,7,0.3090909090909091,6,12,0.01865134529584478,0.2660186470938306,6781.0550319,-0.28489583086083015,-0.18154048022076624,-0.5500577929356727,0.6510284794636336,0.06964217187061977,0.12583172381230162,0.19685807837398867,-0.5882467878776508,-1.175839234252582
2023-08-22T00:00:00.000,45,15,0.22413793103448276,4,6,0.010333233299399374,0.4962316541055137,8182.03213702,-0.033970921276263985,-0.14440858605293133,-0.48434339346464406,0.49732692816977203,0.3698562378133788,0.05438182609780464,-0.08044623526603356,-0.37007774958780437,-0.9975577161329913
2023-08-23T00:00:00.000,36,21,0.2,4,9,0.019695259526892,0.11635282457879088,7057.78057655,-0.4078513023906985,-0.11679363298802407,-0.4609245078885911,0.29362975192409546,0.7991950825096422,-0.09184274370706239,0.08566843621096991,-0.4567581340177792,-0.9865233159474419
2023-08-24T00:00:00.000,37,16,0.3620689655172414,5,8,0.018408026347370893,0.4390485629335976,7855.68912353,-0.26456299210916095,-0.2700721112805494,-0.5338543920089082,0.10415667827220935,0.5355228960947602,-0.23538362149734646,-0.06477884327397342,-0.7867438258098403,-0.9094236707407454
2023-08-25T00:00:00.000,23,43,0.4523809523809524,3,5,-0.0028118648368214024,0.1702338485929449,7661.2705537,-1.2970607778714043,-0.4576683649016718,-0.6805470149087973,-0.28861725826552503,0.3092053672334055,-0.5343660009695184,-0.32593388807638435,-0.8141597918688716,-0.8692599674560098
2023-08-28T00:00:00.000,41,11,0.7670454545454546,4,9,0.04284076136462439,0.6879334257975035,11263.76372063,-0.19183179932875252,-0.4390555585952563,-0.6431966117761995,-0.33623366065584437,-0.7617372841262953,-0.6809152723919076,0.017132883025534264,-0.39041498549144416,-0.2780239787506355
2023-08-29T00:00:00.000,84,1,0.2631578947368421,3,7,0.025836205178017976,0.9036860879904876,10369.01647917,0.9111615919141707,-0.2500290559571693,-0.2319557951072489,-0.1548420626651943,-0.8596622262710462,-0.7529026946397306,0.2351142672093415,0.014999950509695737,-0.000954830736001
2023-08-30T00:00:00.000,48,3,0.38461538461538464,3,13,0.03934639217437268,0.6075673534072901,9841.88803579,0.3158311038153611,-0.10529257471595739,-0.10293663180846926,0.07648698455428773,-1.2837278727747656,-0.824439298434436,0.5091204837753576,0.5029758797970102,0.38547243187931507
2023-08-31T00:00:00.000,37,10,0.28846153846153844,4,11,0.022216638833938884,0.33438985736925514,8284.89047287,-0.125417938470626,-0.07746356398825041,-0.0982645514558049,0.15409854538858667,-1.110086006071157,-0.8953004113218466,0.5595683528272404,0.3985062737006952,0.449232849014535
2023-09-01T00:00:00.000,41,1,0.3787878787878788,5,8,-0.008879346685097546,0.501188589540412,7450.53244556,-0.38130593567750753,0.10568740445052893,0.09043884921154208,0.688986771926104,-0.9264897075553946,-0.7327226193824666,0.4751716740838455,0.7253163385664647,0.4191105243036096
2023-09-04T00:00:00.000,57,2,0.3132530120481928,6,11,0.024095972431112698,0.7877947295423023,8846.26416157,0.5665725121702797,0.25736826675033536,0.26323883670602666,0.8013871720600279,0.13689256847819653,-0.5681964633028526,0.20652751739655648,0.8177259382142175,0.14400229770017728
2023-09-05T00:00:00.000,23,5,0.4888888888888889,7,6,0.0014583369050570007,0.3110891089108911,8037.15312593,-0.5791246385054337,-0.040688979333585486,-0.3669262850398167,0.7470778732071267,-0.36753413082177194,-0.2444185766672911,-0.13595963906730713,0.2283538958112657,-0.14541599275730216
2023-09-06T00:00:00.000,39,5,0.30357142857142855,8,7,0.04012645525453333,0.5432587606414572,7711.53935803,0.41483105045492163,-0.020888990005673392,-0.4554245762569284,0.7177094509725347,-0.18563464668685659,0.16497384522257535,-0.12859608563497799,0.16291373101679843,-0.42216464867285736
2023-09-07T00:00:00.000,23,6,0.43902439024390244,4,4,-0.007969119092453961,0.09047713324094239,7666.94991533,-0.9697605015065218,-0.18975750261285254,-0.5982546717151009,0.7638426372288571,-0.5236013738773038,0.16470938455661682,-0.5494664724826362,-0.07834932719572651,-0.5071826948046724
2023-09-08T00:00:00.000,45,5,0.3283582089552239,5,9,0.022732969084449613,0.5221694378463975,6816.89721314,-0.0416683460135574,-0.12182998468006252,-0.5512325204403352,0.7085413844050369,-0.41121300294821495,0.1723018033075984,-0.10602182692370676,-0.0590207643507626,-0.6061649658100517
2023-09-11T00:00:00.000,37,6,0.4032258064516129,4,11,0.004649361896641535,0.7203641401147833,8410.23540817,-0.16158148044470627,-0.26746078320305966,-0.7573354222041072,0.6528358302472397,-0.6132606896628298,0.011741808017928523,-0.3785389472936621,-0.12743674768818244,-0.6602313138378029
2023-09-12T00:00:00.000,35,2,0.2857142857142857,3,8,0.0217349167401056,0.3913731697665216,7082.1210424,-0.21720804993654366,-0.19507746548928168,-0.6266521122585301,0.688129198017182,-0.15855014591906094,-0.3196300311834474,-0.09746159475042146,-0.049049776069926734,-0.8023277962607654
2023-09-13T00:00:00.000,27,0,0.4489795918367347,4,7,0.00602997043381986,0.1634349030470914,6980.82149404,-0.7844962366139477,-0.4349429229030556,-0.749185534670845,0.7494048567576159,-0.4859582285659835,-0.6488926543115736,-0.5754241250524641,-0.42164873769082334,-0.9128960367873136
2023-09-14T00:00:00.000,31,2,0.3404255319148936,5,8,0.018887719201941766,0.2318496538081108,6657.5566721,-0.3951063488821673,-0.3200120923781846,-0.6606546471707792,0.7977229511094677,-0.26457413194468976,-0.558395987646797,-0.20215641859286998,-0.2803949084429399,-1.071631503958683
2023-09-15T00:00:00.000,48,2,0.25,6,16,0.03414005114988417,0.5088031651829872,7215.43876285,0.3523773620118155,-0.2412029507731101,-0.6254378699147003,0.8328906772071083,-0.09073500153461492,-0.46674302227978914,-0.045127582536015565,-0.2927418311517477,-1.0005260252020094
2023-09-18T00:00:00.000,53,14,0.2638888888888889,6,11,0.005226985782871947,0.6542037586547972,6984.13057648,0.04482787931829667,-0.19992107882050947,-0.45308709031500294,0.7260647814800238,0.21940267552396628,-0.2879587480564995,-0.03896685160596873,-0.35475933284123007,-1.2101429859288535
2023-09-19T00:00:00.000,33,10,0.37735849056603776,7,12,0.006199593723877082,0.2053412462908012,6347.71942179,-0.5660039305784084,-0.2696802549488824,-0.4695105787758787,0.6195107951137951,0.013331208872605615,0.06669835043492016,-0.2558171918318872,-0.5327867803098056,-1.3291875881459247
2023-09-20T00:00:00.000,39,14,0.3275862068965517,8,11,0.009454736774460333,0.21040142376903304,5731.77049963,-0.45959362604543014,-0.2046997328351789,-0.3388494643175809,0.4364516099478748,0.285313405738765,0.4201210185961598,-0.2073625787246817,-0.4827912653957189,-1.545780855691069
2023-09-21T00:00:00.000,30,1,0.2857142857142857,9,11,0.009420175605865283,0.199288256227758,5789.27486782,-0.2723683822474046,-0.18015213950822634,-0.3458630831983075,0.4490025868745559,0.40676317679921636,0.7722262550783459,-0.34086275002063743,-0.5110448598684249,-1.6912863022223317
2023-09-22T00:00:00.000,35,14,0.39655172413793105,6,8,0.007969305882685008,0.8776438031231468,7653.25082442,-0.03842397294203603,-0.25831240649899667,-0.4783472338529992,0.293348401685021,0.07969154686662343,0.7687381447863548,-0.706404026343563,-0.15091535516253707,-1.6142983234718753
2023-09-25T00:00:00.000,31,33,0.3404255319148936,4,11,0.042293245408593826,0.31541501976284586,7178.29080735,-0.37828655866372246,-0.34293529409540047,-0.705780093583731,0.047564807962246866,-0.08962771848309314,0.5886051377123291,-0.18725575409147152,-0.480887426390184,-1.5731660117938984
2023-09-26T00:00:00.000,36,16,0.25,5,10,0.02403229408178146,0.2938735177865613,6655.51342334,-0.23611137261077178,-0.27695678250187317,-0.6705595090911126,-0.03091967423424355,0.19580012455569357,0.4087142997442582,0.05942957829700428,-0.3937728602576662,-1.5073894365270442
2023-09-27T00:00:00.000,41,11,0.24074074074074073,6,14,0.03551456633213054,0.5632411067193676,7164.54383436,0.2839969202496954,-0.12823867324284804,-0.6473114453399965,0.0061618902056491676,0.38943078215590826,0.22847666832775584,0.42180006892388555,-0.0514852535848596,-1.2447434233882775
2023-09-28T00:00:00.000,47,8,0.27692307692307694,7,9,0.015782157090922008,0.7177307768333663,7170.59017882,0.26772937385513595,-0.020219122022339952,-0.46711951423492837,-0.08705060879549167,0.40795449772829995,0.04806262612725389,0.5064611718957843,0.4491599250877731,-0.9990019519650692
2023-10-09T00:00:00.000,66,22,0.21428571428571427,8,20,0.050778853525664115,0.3251630757066614,7698.37636422,0.5756188935411763,0.10258945127430252,-0.13980586396034722,-0.19744480118684554,0.8113634589261117,0.22231177994379303,1.1055462845245447,-0.09224160569681909,-0.9916030936303187
2023-10-10T00:00:00.000,48,16,0.323943661971831,5,15,0.019464213307909838,0.36270248913472936,7745.72029425,-0.1528907420409707,0.1476686145988529,0.0385832440643698,0.01812629416371552,0.8457069122731836,0.30772517979429903,0.7795057849931336,-0.049144745501192424,-0.9068223675955375
2023-10-11T00:00:00.000,41,11,0.3787878787878788,4,9,0.0004618989896348393,0.4825133372851215,8386.1358813,-0.35184191426013145,0.12452250626898094,0.09013365689262662,0.08156257460174865,0.5566184988687418,0.21655457955314833,0.4451034191487528,0.1327320749583853,-0.6510472601405357
2023-10-12T00:00:00.000,36,12,0.4098360655737705,5,7,0.013770388653462506,0.6341367048597393,8311.82341617,-0.15816382633464846,0.036090356952112164,0.036278647559302525,0.06691898824308243,0.17707706141137944,0.12602567800585232,0.1348112772552697,0.20170397047766583,-0.4901831242877657
2023-10-13T00:00:00.000,43,6,0.31746031746031744,6,11,0.03798520376808648,0.24990122481232716,8083.43764374,0.11108554612507608,0.004761591406100188,-0.006360312815395913,0.09313434368157174,0.08623653223846468,0.03589798415816551,0.44473020568623883,-0.25797076446999456,-0.3623368486363476
2023-10-16T00:00:00.000,64,15,0.2558139534883721,7,15,0.042439277209145365,0.2936993877147936,8128.04810939,0.4259040133263179,-0.025181384636871494,-0.026021270721030932,0.18441180389890083,-0.003596477575983759,-0.053624314551347974,0.32114052251261965,-0.2909047315330461,-0.3076752244882107
2023-10-17T00:00:00.000,32,18,0.4482758620689655,8,9,0.0024600041573117747,0.4217176702862784,7352.7676059,-0.4870237633650182,-0.09200798890168099,-0.1951982731780817,0.15396077303747863,-0.2807936695506835,0.20961148179169226,0.07891868132081128,-0.23579916272268706,-0.3747557530102954
2023-10-18T00:00:00.000,43,27,0.17307692307692307,9,11,0.033043849453198236,0.09616903633491311,7665.42320926,0.11696973745211332,0.001754341440767962,-0.1741213441266562,-0.0659414969539099,0.18009833203772996,0.6471165026453225,0.530997046435423,-0.6222242936297334,-0.4836443563227987
2023-10-19T00:00:00.000,29,33,0.40816326530612246,10,10,0.006427170172832953,0.22404263718910383,8125.21418732,-0.49134473047170485,-0.06488183938664331,-0.2479581801440472,-0.35289680435710935,0.18493948445523084,1.0808412597098993,0.42426530316233163,-1.0269391014138833,-0.5164248371189236
2023-10-20T00:00:00.000,42,21,0.35384615384615387,11,9,0.005478747404361988,0.25261495954213536,7315.88247576,-0.2130103998753872,-0.129701028586736,-0.257853539164945,-0.5604452430852326,0.10361342712790081,1.5088229607456791,-0.03632377753218459,-1.0245094577980136,-0.6412115704003544
2023-10-23T00:00:00.000,38,42,0.3090909090909091,12,8,0.009881875277009958,0.0909629044988161,7210.05037826,-0.4032861763002607,-0.2955390665120517,-0.5336152052800813,-0.9364082137200173,-0.01569039261883285,1.929189903549308,-0.4952103885366796,-1.2253040480262325,-0.791735120951825
2023-10-24T00:00:00.000,70,8,0.3,13,10,0.023619343244403554,0.8888888888888888,8039.52902059,1.048699469983936,0.01160558015773916,-0.1256325209354045,-0.8001931898599782,0.3167010682604393,2.338059556491122,-0.19563983231578302,-0.7551618877873979,-0.6968941327488218
2023-10-25T00:00:00.000,74,4,0.28846153846153844,14,20,0.040854231045031816,0.7575458670349181,8736.578679,1.3380501663362967,0.25582166593457584,0.2099085052507968,-0.4868070176401229,0.05960633568116611,2.730127315412596,-0.07783350410835044,-0.09411941979455522,-0.5501305532594978
2023-10-26T00:00:00.000,49,6,0.40963855421686746,9,19,0.022528867305789072,0.5470507003353718,8423.64667179,0.2621072394764824,0.40651205992421324,0.42777479842214683,-0.11946046124542817,0.055959672515899374,2.609702439458908,0.15260708919604044,0.23069966202714237,-0.5116987809052143
2023-10-27T00:00:00.000,84,4,0.27586206896551724,7,18,0.03047908749803844,0.7579404221739988,9642.22388912,1.0095708884347394,0.6510283175862386,0.8998991979220371,0.1168342452959706,0.2360355676150876,2.242168371942532,0.5102438829734116,0.7400378746838049,-0.18802091732917173
2023-10-30T00:00:00.000,73,10,0.35398230088495575,8,13,0.00940998978153893,0.7006708760852407,10379.67662311,0.5981657961257615,0.851318712071443,1.2901441699031069,0.5602759795482969,0.13700850365099412,1.8757699021054492,0.5046120758429835,1.3485073824655722,0.2429129709837
2023-10-31T00:00:00.000,47,16,0.38961038961038963,9,12,0.002088631628931376,0.38887793334647996,9181.94116291,-0.06970541330859785,0.6276377354129362,1.0472872655569572,0.4506769761776863,-0.064514685151461,1.515432017815707,0.19914948849406625,0.8479646311194925,0.3974684538781074
2023-11-01T00:00:00.000,43,10,0.44155844155844154,10,12,0.016576366240534997,0.5379459885669229,8118.23481501,0.07962650725112043,0.375953003595901,0.7167269340263889,0.3685487071824509,-0.4109335860696522,1.1671438891001154,-0.14639911542357006,0.6296833817313084,0.30690081462426705
2023-11-02T00:00:00.000,38,5,0.3968253968253968,11,12,0.018929600534486106,0.16857255520504733,7666.8638882,-0.06842240192892675,0.3098470753148192,0.597370731844365,0.38188123528626905,-0.3817910270068589,1.3281915109382525,-0.1978502238961307,0.25028491976170486,0.19084238027613445
2023-11-03T00:00:00.000,48,2,0.22580645161290322,8,12,0.002945156068829774,0.7272368939692551,8094.55727802,0.4191579367929443,0.19176448498646015,0.1963875743617986,0.4079319553184179,-0.2690159136071243,1.4064020833296047,-0.5937007691934861,0.21462577916439934,-0.02027931446838723
2023-11-06T00:00:00.000,63,3,0.32978723404255317,9,9,0.03336662602816405,0.8810181531176007,10640.22440691,1.0655083832909509,0.28523300241949806,0.08581868449525858,0.5010811934030055,-0.21603215157338718,1.4824293822178298,-0.2526986385532074,0.3888592407666661,0.007173306180322215
2023-11-07T00:00:00.000,61,0,0.2823529411764706,10,18,0.03909473121996451,0.5371721553934136,9928.53551057,0.9669687644450998,0.49256783797023757,0.24457528950162072,0.7176349827041497,0.02564513569136446,1.5552738815886635,0.2723090826860258,0.5341081939404906,0.09842829967934948
2023-11-08T00:00:00.000,55,7,0.38202247191011235,6,20,0.028239717996246538,0.42519219396806623,10364.83360685,0.29929550114566056,0.5365016367491456,0.3796550950772728,0.7536649889392889,0.15794775610497527,1.2225773119967793,0.4346975266273681,0.41992819518872315,0.3870405833096129
2023-11-09T00:00:00.000,36,26,0.4857142857142857,6,11,-0.009144081643624638,0.2705047318611987,9622.36107685,-0.7819750815000226,0.3937911008349264,0.35623755267772844,0.44500996671271054,-0.049519344898524144,0.8074694100287498,0.02356313357945794,0.5181526105395854,0.6556243772047783
2023-11-10T00:00:00.000,40,18,0.36507936507936506,7,12,0.011576237570240566,0.4087145110410095,8273.11001619,-0.22394140153017128,0.26517123317030333,0.26834796699220387,0.21153159423006804,-0.3679626134087206,0.7198947895531822,0.14507233937394956,0.19951047034143515,0.6798040851100062
2023-11-13T00:00:00.000,49,9,0.33783783783783783,5,13,0.02785273404239368,0.740441466298778,8684.85269486,0.3229852129728553,0.11666659910668423,0.11756499127236841,0.12652711585120965,-0.38651420823093463,0.39151721323909155,0.06501857014623336,0.06559657141553363,0.43695594005328864
2023-11-14T00:00:00.000,45,5,0.2857142857142857,6,15,0.03392737635297123,0.5579424517146235,8933.78724221,0.4327034558344551,0.00981353738455527,-0.05679641337529704,0.05949911537050956,-0.39459856313647323,0.06557711739361952,-0.006509509875694564,0.08948242007079613,0.31204059524442773
2023-11-15T00:00:00.000,61,6,0.29069767441860467,7,16,0.03661571359645365,0.6262566528681254,9899.19222565,0.7647342246624296,0.10290128208790908,0.021467822245640412,0.07607163382336804,-0.18751143321320032,0.14355405648639033,0.11549481644634549,0.29293242442260164,0.25829965440421887
2023-11-16T00:00:00.000,37,8,0.38333333333333336,5,10,-0.00005687160252064927,0.1847397476340694,8505.44354046,-0.5427630932250506,0.15074367974290348,0.03605596863535134,0.3400977621388984,0.046481496075062224,0.060846665046589775,0.25022414684070216,0.2075548781773958,0.11394484128632572
2023-11-17T00:00:00.000,52,11,0.2876712328767123,6,17,0.03884224479614698,0.700374531835206,8265.28481593,0.5168220379940396,0.29889636764774563,0.1813086606668441,0.44498645962177114,0.2220459703130319,-0.020873556581257176,0.6440451500749053,0.5054694054933548,0.11529248394557076
2023-11-20T00:00:00.000,64,8,0.30434782608695654,7,19,0.046802681030917295,0.7286699507389163,9272.45385441,0.8763541412458596,0.40957015330234653,0.3633253199285147,0.4616502565854077,0.296893691477815,0.1397253738962006,0.9150928339485788,0.4949520288553888,0.19535156842452137
2023-11-21T00:00:00.000,57,6,0.40625,8,23,0.027278066951560112,0.2974197360646051,9979.27111131,0.28082999201456554,0.3791954605383686,0.5066265122544353,0.44904848794719393,0.02136865115031781,0.3005831595551697,0.8155746886686364,0.23350238264361028,0.32766434154921825
2023-11-22T00:00:00.000,60,12,0.27710843373493976,9,24,0.022756693240295587,0.18518518518518517,8753.16235665,0.27458943336584524,0.28116650227905177,0.5008402369211312,0.3624236282019565,0.05370767276597208,0.4629189051847131,0.6152846184704666,-0.2084451466421448,0.18143560105126905
2023-11-23T00:00:00.000,48,18,0.37662337662337664,6,15,-0.014204182937223775,0.8120937561552097,8240.5751581,-0.20447313950652277,0.34882449302275736,0.6316263312283317,0.21644972195414583,0.06676269832710839,0.5450730034217537,0.4153651203143653,0.42238885163632345,0.1441057242772745
2023-11-24T00:00:00.000,35,14,0.375,4,14,0.01869073334307616,0.18061847547764429,8131.17429835,-0.5074096842083339,0.14397814858228264,0.43339741155425165,0.17360271527947205,-0.1349779849212385,0.38461526296985454,0.12573967456459706,-0.09962134384731192,0.125091304476355
2023-11-27T00:00:00.000,42,27,0.3114754098360656,5,10,-0.0044898627695402335,0.45540460720614295,8285.62032357,-0.44091889236002973,-0.11947645813889526,0.1796511179436115,-0.10619677080998458,-0.15111310261719088,0.22526395251211687,-0.6040247154982843,-0.3728593186630692,-0.007056369839464849
2023-11-28T00:00:00.000,45,14,0.34782608695652173,4,11,0.017763269682532102,0.7237645205749164,7723.01092995,-0.0364994052406235,-0.18294233758993309,0.045156253850604136,-0.22214944596674302,-0.018352675588865896,-0.09516608405554002,-0.7355241263797911,0.055551494819596356,-0.3101117798087907
2023-11-29T00:00:00.000,35,13,0.4067796610169492,5,11,0.01244549756860465,0.23715803975595356,7747.48914782,-0.5453508491639503,-0.34693039409589216,-0.24556452972578172,-0.23376952371377308,-0.31607590031566807,-0.4144986078637376,-0.8781733348714026,0.11111356189367942,-0.45154442407456036
2023-11-30T00:00:00.000,30,10,0.4,6,8,0.010852408659231101,0.2933070866141732,7729.86438788,-0.46511395092319463,-0.39905855637922655,-0.4557680768720072,-0.11199820610001547,-0.3688580304847113,-0.41088976626822404,-0.5163608943445626,-0.4055638904203357,-0.5239710301647282
2023-12-01T00:00:00.000,53,4,0.28378378378378377,7,11,0.02269421895578454,0.5853178508167683,8339.40605195,0.44372221468156275,-0.20883217660124717,-0.23236260265266856,0.03900489075257281,-0.15544683689398495,-0.16462082402967226,-0.45774113549081896,-0.0012917001410522877,-0.489367027753105
2023-12-04T00:00:00.000,56,8,0.2631578947368421,8,18,0.03682535288945983,0.43818897637795273,8510.06811943,0.5728445520337276,-0.006079487722495757,-0.05784895117726772,0.32131285921383373,-0.0423841612881898,0.08048219337305243,0.12941358878378267,-0.019700575562567324,-0.45383136740011293
2023-12-05T00:00:00.000,40,14,0.3220338983050847,9,16,0.007500268410667187,0.08226727022239716,8223.6249109,-0.2534125280451629,-0.04946211228340362,-0.11519245826473608,0.31911735417359177,0.018132365846584647,0.4861803490723805,-0.019477060111950672,-0.6595540770689485,-0.3754412596307458
2023-12-06T00:00:00.000,40,13,0.48717948717948717,8,11,-0.0018312028702557243,0.6239669421487604,8168.85023326,-0.29226672952752325,0.0011547116438817783,-0.051623020854233516,0.31637215977989464,-0.17090982349550524,0.7277698588523439,-0.22783538719191654,-0.2753294872351115,-0.31036131834829794
2023-12-07T00:00:00.000,42,23,0.3225806451612903,6,15,0.017497361122322336,0.33937007874015745,8199.38304735,-0.22296162924564608,0.04958517597939149,0.0965616841288538,0.11899541572306663,0.010141436971496148,0.7267746408548968,-0.1363471915479503,-0.22933829469998673,-0.23969145957463472
2023-12-08T00:00:00.000,36,18,0.3684210526315789,3,10,-0.0099014651525577,0.2589022230965965,9615.79246854,-0.668340628540529,-0.17282739266502686,-0.10898227783638718,-0.09157307672736523,-0.18481035793329265,0.40180475160740253,-0.6038288592256846,-0.5536730301196745,-0.06872889842018501
2023-12-11T00:00:00.000,40,11,0.3548387096774194,4,7,0.02160589440675159,0.7698209718670077,9112.94153583,0.16615366933020598,-0.25416556920573125,-0.30006989142753965,-0.13596075006881975,-0.3938920655992407,0.07925205018646868,-0.8189591647494767,-0.22213532626539623,0.012606163483887456
2023-12-12T00:00:00.000,52,7,0.2571428571428571,5,11,0.02808039153388109,0.5744638992720834,7873.35171555,0.34098308434844693,-0.13528644672700924,-0.1417005493557059,-0.0293394343733445,-0.23986223139944968,-0.23988401255469594,-0.5223983574210955,0.26766311165002016,-0.041483653634791826
2023-12-13T00:00:00.000,37,10,0.4307692307692308,6,14,0.024594946734031474,0.26745329400196655,7683.86806947,-0.3303034649268472,-0.14289379380687403,-0.17501798896905293,0.017433613562781204,-0.10632111775224881,-0.39361398353907495,-0.14224667971865262,-0.08512434873952682,-0.11536605149234176
2023-12-14T00:00:00.000,44,20,0.35294117647058826,6,13,0.023630316296159207,0.37495084545812035,7368.2914307,-0.2093409709133993,-0.14016966214042464,-0.14128253969347976,0.0642581115496593,-0.17500143163272544,-0.3852001515518775,-0.05278198842207761,-0.047884500356512746,-0.24329513487595741
2023-12-15T00:00:00.000,48,14,0.30434782608695654,5,16,0.017496605731245313,0.2945340149429807,7330.18790673,-0.20705564971233217,-0.04791266637478529,0.01825649344728707,0.12609442454915526,-0.024833872563578673,-0.216113052056128,0.3391253952489801,-0.009592532536348352,-0.5683255207128631
2023-12-18T00:00:00.000,38,42,0.3333333333333333,3,11,-0.006723974600129193,0.12721195438458513,6925.46624963,-1.1814482825485595,-0.3174330567505384,-0.0027690496574828026,-0.33676871443042466,0.024558630442998934,-0.2970602570328358,-0.06894790164046624,-0.6452682668260479,-0.895775838109509
2023-12-19T00:00:00.000,34,24,0.41379310344827586,4,10,-0.004103598901589324,0.5240999409797363,6426.50888236,-0.8481088020453671,-0.5552514340293012,-0.22947882730816324,-0.5872943564570632,-0.34021087450463783,-0.3760325945995907,-0.5279076685161896,-0.691167759564335,-1.1346679572551273
2023-12-20T00:00:00.000,34,17,0.40350877192982454,4,12,0.026712332219459987,0.19366889500589854,6634.9985732188,-0.6438458580555882,-0.6179599126550495,-0.2640870473239234,-0.6886668094062339,-0.2745518280114675,-0.5375167202027835,-0.49760780182897946,-0.7600751978463951,-1.3032139839655617
2023-12-21T00:00:00.000,39,17,0.390625,5,10,0.01572575855221494,0.694651985843492,7323.673629905599,-0.1869881657279438,-0.6134893516179583,-0.3243599475904181,-0.6401380811589515,-0.36178810820197294,-0.6146335494948604,-0.6101988378086642,-0.4429512809200615,-1.3003556561507783
2023-12-22T00:00:00.000,23,67,0.54,4,8,0.002637443308099526,0.18639402280770742,7793.2905178264,-1.61159683195133,-0.8943975880657579,-0.6466564548604744,-1.4248882054208531,-0.9099562087978285,-0.6939158705672186,-0.8213703931952688,-0.5470205667452294,-1.216975416873431
2023-12-25T00:00:00.000,40,37,0.36507936507936506,4,8,0.023498917743797997,0.3556822650412898,6079.8843835821,-0.7090554529890335,-0.7999190221538527,-0.6147715422178576,-1.3322984807013285,-0.9784739847174306,-0.6055392935932575,-0.38662222240166894,-0.31858747614539823,-1.3631401553000262
2023-12-26T00:00:00.000,45,16,0.3076923076923077,5,12,0.030416185762819715,0.13011006289308177,6097.917126974,-0.3691352681450398,-0.7041243153737873,-0.4652945451132178,-1.2083805299710877,-0.7255547829916109,-0.5174925185774053,0.10483153850075326,-0.7040625478688277,-1.4129168215951133
2023-12-27T00:00:00.000,41,24,0.31666666666666665,6,11,0.0005627432289726015,0.7207702888583218,6367.0849164826,-0.2973021455370263,-0.6348155728700748,-0.36962724137142244,-1.3031894203993961,-0.5195254790376727,-0.3461389969940811,-0.26953143724871254,-0.18587203744586994,-1.4498243975933676
2023-12-28T00:00:00.000,66,11,0.32653061224489793,7,14,0.027790109604603916,0.8419189933149823,8842.4459945129,0.7511461623709721,-0.44718870725029164,-0.012575631489306271,-1.2112936353543184,-0.3667280832786234,-0.1753320589445166,-0.09810271062344009,-0.0460958456699045,-1.2201929853919309
2023-12-29T00:00:00.000,72,5,0.16279069767441862,8,25,0.04417675981225466,0.8058557673413245,8224.5895753601,1.2750586819122918,0.13014239552243273,0.6285765529569678,-0.29149257878153856,0.5139475614453796,0.16462704092773645,0.4921368253391559,0.5552396853512741,-1.1520383185819447
2024-01-02T00:00:00.000,62,8,0.27906976744186046,9,19,0.02156861213430605,0.5203379838868147,7875.7342249852,0.5428705290234672,0.38052759192493285,0.9113504396674248,0.1254918481023573,0.7102950298155679,0.5867444456853812,0.4583921744948924,0.7110120265990926,-0.8395928208901846
2024-01-03T00:00:00.000,46,11,0.352112676056338,6,20,0.011641426620121341,0.36660117878192533,7372.421312063199,-0.20748363397261382,0.412857918759418,0.9185341186296124,0.19460116770540456,0.6036329884376243,0.6678125413184074,0.1844609905396268,0.9375900895864268,-0.6166264649011743
2024-01-04T00:00:00.000,45,11,0.3283582089552239,7,14,0.0079685835580724,0.34990176817288804,6732.6361845193005,-0.24717452728411976,0.4228834424099994,0.9648680543959516,0.3775273260184998,0.5723367079885215,0.7483317593096308,0.2858427002444212,0.5696136156138405,-0.5583360667008683
2024-01-05T00:00:00.000,29,20,0.5,8,11,-0.002653909681001765,0.09487330583382439,7361.159334721599,-0.921964679081219,0.08826127411956115,0.4763563729446581,0.2422806460955833,0.16717727798239257,0.8276572130476808,-0.1524141242135693,-0.1604215642121197,-0.7828069028076964
2024-01-08T00:00:00.000,35,25,0.3137254901960784,9,12,0.021017164467271202,0.07228442349243763,6574.346659743901,-0.4184909249624192,-0.250448647255381,-0.008339933844050473,-0.050051542715248434,-0.184428194314963,0.9053163305938667,-0.48466745441562714,-0.8706291115286182,-1.0603406245630258
2024-01-09T00:00:00.000,48,11,0.3333333333333333,10,8,0.002193347088030108,0.6719701433902966,6740.260689171101,0.11935165549528572,-0.33515242196101735,-0.18864957835304855,-0.09435630546410786,-0.30856124251169925,0.9817165808528427,-0.759222644778623,-0.7221917685337644,-1.25480199493872
2024-01-10T00:00:00.000,43,19,0.31746031746031744,11,14,0.004884885009957302,0.2203023758099352,6467.836024724101,-0.24621328809917656,-0.3428983527863299,-0.22535556744518043,-0.21062531055683933,-0.22761354262434338,1.3934742664730757,-0.8513301923438974,-0.8603247308344303,-1.418513392172693
2024-01-11T00:00:00.000,59,8,0.24358974358974358,4,13,0.016935525887050763,0.8511974872398901,7118.765309205501,0.36060361505213895,-0.22134272431907814,-0.039830773974421786,-0.1669666497248613,-0.02839590109742134,1.1364317858935034,-0.718951884117119,-0.37482793142966203,-1.3568577157835635
2024-01-12T00:00:00.000,28,9,0.5882352941176471,4,10,0.0021741022607415657,0.27499508937340406,6765.3005377769,-1.098111860669871,-0.25657216063680854,-0.05081134970240999,-0.006539687928953486,-0.23011900471142485,0.7972720718349333,-0.6453618406176518,-0.19559062692758095,-1.4648546864045704
2024-01-15T00:00:00.000,45,8,0.35714285714285715,5,10,0.02455887838703718,0.38727415553809896,6107.767978848101,-0.26233254070074025,-0.22534048378447274,0.08568310971548715,0.2407135115822668,-0.32628492211937743,0.4581011201970668,-0.5898619095384126,0.11114161916645804,-1.5568759154947966
2024-01-16T00:00:00.000,35,9,0.36363636363636365,6,11,0.01966735363417223,0.27326266195524146,6846.5802045578,-0.34644584995369787,-0.31849998487426945,-0.08359545067512726,0.2699062438928281,-0.39130043961244243,0.12008179094146025,-0.3366479777749522,-0.27110676948646023,-1.536837291405191
2024-01-17T00:00:00.000,39,21,0.2641509433962264,7,12,0.006937369319457359,0.046917942677659995,6373.1454090748,-0.5532568580466598,-0.3799086988637661,-0.13175358531836448,0.2412943827200146,-0.26394443809938045,-0.21528657674734247,-0.30567875153307583,-0.43339553342246795,-1.5505963896457446
2024-01-18T00:00:00.000,41,15,0.24074074074074073,8,13,0.016935813808907414,0.28218210361067503,8645.2592644491,0.15263908388572497,-0.4215016050970489,-0.36142992485097325,0.1405353140743655,-0.2560868782275033,0.11629470882243706,-0.30487031083341976,-0.9737667211157429,-1.3111874235485044
2024-01-19T00:00:00.000,46,28,0.3611111111111111,9,13,0.0026199868871895926,0.16110675039246466,6664.7970578838,-0.5233520074366966,-0.30654963445041405,-0.11868234704703765,-0.13344188392928788,0.2715849198979067,0.5280717090826823,-0.2989031375147527,-1.0752887834977156,-1.319187918144692
2024-01-22T00:00:00.000,24,117,0.42857142857142855,10,9,-0.017461668826895604,0.024529042386185244,7937.8822850831,-1.853234690634434,-0.6247300644371527,-0.40377400725725343,-1.7067304491017492,0.10592529438147072,0.9371801624324272,-0.8977239663227881,-1.4138552240307194,-0.9941322611614559
2024-01-23T00:00:00.000,52,31,0.2777777777777778,11,10,0.04273440522850294,0.5467032967032966,7039.7630861481,0.4929345036598481,-0.45685399371444363,-0.17073237724778184,-1.994892668446004,0.3012533398827951,1.3419445188428518,-0.5723297366982043,-1.1476629822306224,-0.9555580501041382
2024-01-24T00:00:00.000,82,4,0.359375,7,21,0.036916876624285,0.7712379831273298,7664.161816048501,0.8301323136095018,-0.18017615938321127,0.4147782104804973,-1.7551575078635437,0.0797613474041797,1.3343235701512912,-0.1496697254275015,-0.4539749792747469,-0.7312940311526537
2024-01-25T00:00:00.000,108,5,0.17557251908396945,4,35,0.054871726959624716,0.9484111416241663,8908.515369308401,1.6131482402006472,0.11192567187977316,1.3129248364912574,-1.6161220469968973,0.2277317778743277,0.9998422857086997,0.378925892064496,0.17617942271342124,-0.6960024646968904
2024-01-26T00:00:00.000,66,13,0.36538461538461536,5,28,0.026834572578282884,0.41094546881129856,8281.4681059074,0.16544945136812766,0.24968596364073803,1.564010847979276,-1.3942548376916324,0.21624194849497905,0.6652195724585629,0.7180924240061611,0.41458331426531725,-0.4360915240274962
2024-01-29T00:00:00.000,34,85,0.46875,5,13,-0.028295071810602222,0.09295940380466758,8047.813564616001,-1.750672513055194,0.27019839915658606,1.7003116424600382,-0.8268855523214217,0.12313923055172471,0.25003364487593444,0.582743806460152,0.4837171671885473,-0.4216711451188716
2024-01-30T00:00:00.000,24,95,0.45454545454545453,6,6,-0.036089379725820575,0.04471464993135909,6632.4117329813,-2.0830052177126483,-0.24498954511791324,1.3252608649607296,-1.615963094621207,-0.28160998920038927,-0.16231734241165077,-0.496906603945356,0.015480418495646919,-0.4988710691031645
2024-01-31T00:00:00.000,29,196,0.40816326530612246,7,5,-0.019927839635696065,0.06,7579.4709695481,-2.436213081337534,-0.8982586241073204,0.607749062592433,-3.9164880343925774,-0.3912961667001448,-0.16378238079617208,-1.2624250844747686,-0.6459953937551289,-0.5155723712248825
2024-02-01T00:00:00.000,31,108,0.3541666666666667,8,7,-0.019572304818517978,0.21137254901960784,7027.2073998851,-1.3335822151936434,-1.4876047151861784,-0.4237739990290036,-4.952790300758819,-0.800376613002072,0.1601469830679191,-2.263945540660285,-1.3289903317163758,-0.8035032042046113
2024-02-02T00:00:00.000,27,117,0.5714285714285714,4,6,-0.006473447213349021,0.07215686274509804,8052.900408111,-1.8343238984375982,-1.8875593851473238,-0.9291992809590088,-5.931258199409486,-1.2637167807309466,0.07703552100048401,-2.6950311453933655,-1.6332854408677953,-0.8374603696711453
2024-02-05T00:00:00.000,17,1454,0.43333333333333335,4,4,-0.050136843503415914,0.07413218278093744,8769.1903808922,-10.687719106258115,-3.6749687037879077,-1.1483175250634043,-18.101992518609862,-1.1736733612871877,-0.004627562192614154,-2.9286878721954097,-1.634902584744276,-0.7325795024225972
2024-02-06T00:00:00.000,154,161,0.5016181229773463,5,6,0.0318817595419864,0.7031372549019608,9259.8057432032,0.9089490903200421,-3.0765778421813694,0.5663471470497186,-17.398251613932153,-1.2705138766448096,-0.08520699015566383,-2.0102162814020543,-1.0127481393878845,-0.32545514079673754
2024-02-07T00:00:00.000,107,318,0.4484536082474227,5,37,0.06533096867549124,0.41795726328170946,10216.308939477,0.4563070976978674,-2.4980738063742893,1.5146126063342518,-15.869701457355955,-1.3518148815728976,-0.24682194394962279,-0.8999059101333696,-0.6727498938084968,0.03986483586606633
2024-02-08T00:00:00.000,553,8,0.3337349397590361,6,22,0.03798733878493337,0.9151479521849892,10171.189095586102,4.929978119203815,-1.245361739494798,7.59961158269834,-14.92843258472495,-1.2985013365655316,-0.407576338968338,-0.15416232863879595,-0.018830537222694767,0.4903593669583891
2024-02-19T00:00:00.000,276,3,0.23545706371191136,7,86,0.04894919643610201,0.7903194199490495,9570.0617623371,1.7788916722082282,-0.5227186253656324,9.075350380542314,-13.929746131382572,-0.5348550727194992,-0.16137523180003488,0.5497108645495079,0.6424555668684132,0.6994292463824449
2024-02-20T00:00:00.000,156,0,0.19170984455958548,8,78,0.04223907546187765,0.6558886929257299,7891.975537801801,1.0899122107208883,1.832807638030168,9.97465255172508,-0.7936695746924981,0.00698337941592837,0.16494479591432554,1.7305442691728115,1.1748046800245264,0.571393364651003
2024-02-21T00:00:00.000,155,0,0.4015444015444015,9,44,0.029838358318177525,0.7811091514795219,9799.1761810534,0.9577214219021204,1.8425621043465839,9.053056608823182,-0.44612837806969485,0.23293768482751656,0.4886922098428288,1.6942499885296562,1.2370005238565462,0.6381260926160507
2024-02-22T00:00:00.000,96,1,0.29927007299270075,10,36,0.0367307979772022,0.881050362531844,8221.3181827161,0.9322790712929898,1.9377564990656082,8.530433052969059,0.23171284702786915,0.5625316379351338,0.8914154399666548,1.3210443239606295,1.6546136841902481,0.3725445074096636
2024-02-23T00:00:00.000,147,1,0.19230769230769232,11,46,0.07004279039067682,0.8547628381027048,9215.1401921482,1.7036680781339484,1.292494490851635,3.0949870831818993,0.2460232232348054,0.8717540047497675,1.2902752555106756,1.7064571183315818,1.5866462957100589,0.25131845524265745
2024-02-26T00:00:00.000,123,1,0.32044198895027626,12,44,0.03175988148410765,0.6996667320133307,9887.470117138499,1.085571077884882,1.1538303719869656,2.1965004738862337,0.24990163347859612,0.6758110074654203,1.6838867885567583,1.4835626025444717,1.4968509449760914,0.2902991530011887
2024-02-27T00:00:00.000,113,2,0.2152777777777778,13,43,0.038125471412021224,0.9388475107800862,9897.1230083104,1.470027740709787,1.2298534779847456,1.9513390362502743,0.24540831835214788,0.6165575201653056,2.0679784671056254,1.4208858654368002,1.7434134202928817,0.5633917182901838
2024-02-28T00:00:00.000,33,379,0.725,8,14,-0.044458718997817295,0.04645237161897295,13563.081185437,-1.470844266138553,0.7441403403766108,1.3333104904512338,-0.5478410962536586,-0.10336898602472581,1.9715393672196235,0.5214024873810958,1.079792815830795,0.9541473040319126
2024-02-29T00:00:00.000,115,6,0.2013888888888889,8,16,0.050440705655236395,0.9778518228145825,10523.0361843372,1.370883030916973,0.8318611323014075,1.4126014656221613,-0.5564324109719152,0.1025772116899708,1.794845640138125,0.6696742794066,1.150662427092424,1.2490993131324872
2024-03-01T00:00:00.000,80,12,0.34959349593495936,6,32,0.03979364117805598,0.6684303350970018,10549.847457632999,0.6086108172226906,0.612849680119156,1.0709683961585639,-0.5771861719068516,-0.24984881010193827,1.3834650751031938,0.28322615194295087,0.9716044073902979,1.4077187122478754
2024-03-04T00:00:00.000,88,19,0.3333333333333333,5,18,0.01004139939754741,0.4007446600039193,10767.9095127232,0.19437033803677867,0.4346095321495353,0.8915195451769158,-0.6122407241549345,-0.2799023402301878,0.8165786843237214,0.02234501345006782,0.6997541030274149,1.5042124434537496
2024-03-05T00:00:00.000,58,21,0.40816326530612246,6,17,0.010644937360300357,0.17754262198706644,10667.511852416701,-0.11638555922061146,0.11732687216345557,0.619336596085726,-0.6491010945302315,-0.7046588258394135,0.2557412350548124,-0.3067799283479077,0.019377763598900265,1.5873723591223035
2024-03-06T00:00:00.000,104,4,0.2463768115942029,7,18,0.027560371452461232,0.6337972946481082,9315.1721396189,0.6835993922627434,0.5482156038437148,0.9558979654950477,0.1376106087177315,0.3494699124108136,0.17357579228322062,0.5531659941219715,0.538810809988272,1.1289781438889475
2024-03-07T00:00:00.000,70,11,0.4117647058823529,5,19,0.00606198610425376,0.2928837482846501,9814.0861394062,-0.16176490182685935,0.24168601729494837,0.7321861836629451,0.1275817773201086,-0.10544305507003578,-0.06517680673636363,0.03059087046166691,-0.06761198573873148,1.0396751371650492
2024-03-08T00:00:00.000,78,5,0.30357142857142855,4,14,-0.0003881171179130037,0.6910409723583611,8604.374064188401,0.06812025071278179,0.1335879039929666,0.7170372672371705,0.1420537107561362,-0.004887166961007961,-0.22515906822905238,-0.43894851977066607,-0.0467505164320138,0.7917696213501999
2024-03-11T00:00:00.000,100,0,0.3006993006993007,5,25,0.03972352732352843,0.841764705882353,10055.0652503912,0.7679875110697539,0.24831133859956167,0.7686190348882216,0.18102423493547137,0.06509916968214731,-0.22625836432300367,-0.09361443873349713,0.33879872310259407,0.7045110106449983
2024-03-12T00:00:00.000,79,3,0.3779527559055118,6,19,0.02417641291743611,0.7034496275970208,11449.182555609703,0.5199694173178286,0.37558233390724965,0.8633464167958458,0.217824242676125,0.13055400520910956,-0.22594507561573582,0.06289700495593605,0.7981549227655144,0.7822448205639532
2024-03-13T00:00:00.000,62,4,0.3473684210526316,7,17,0.01691481769279147,0.43260188087774293,10544.8291547108,0.26388812251183935,0.29164007995706887,0.6561110449923399,0.2178323835114601,-0.08757277837929518,-0.22438942314949467,-0.0622134145611208,0.6189983339119419,0.9227144133736512
2024-03-14T00:00:00.000,52,5,0.44086021505376344,8,10,0.0029847140366175864,0.29290752351097177,10070.377387829501,-0.10355075382699586,0.3032829095570416,0.5653710703137034,0.23002383976448773,-0.15263990150075774,0.014674200264745396,-0.09864777267474949,0.6172008519629326,0.9469980787689293
2024-03-15T00:00:00.000,84,1,0.2222222222222222,9,22,0.04075635441071283,0.8132471095434058,9442.3938752325,0.9920191144141047,0.48806268229730615,0.5896112787629346,0.23810604552209624,0.023409722674733135,0.41234853943970934,0.3798364875258263,0.7214179378963383,1.0517087642595053
2024-03-18T00:00:00.000,93,5,0.27906976744186046,10,23,0.03169677066747395,0.8712269698157585,11376.1581067342,1.0984606544479925,0.5541573109729538,0.5514401589159821,0.22784959750278225,0.06968967167628784,0.8120940808949083,0.28405684923504293,0.742925705678224,1.19104511290745
2024-03-19T00:00:00.000,69,10,0.33653846153846156,11,15,0.010965010002567954,0.33150470219435735,10777.381052493201,0.42281125764501215,0.5347256790383905,0.4995123723505526,0.21356965295654265,0.15839997433408035,1.215470711209316,0.12871611281856515,0.41486530148517764,1.1125456281145
2024-03-20T00:00:00.000,90,7,0.24369747899159663,12,26,0.0454645260443818,0.7335945151811949,9997.855856934,1.168745320450441,0.7156971186261109,0.6289630301281892,0.20751639812073544,0.3815415765539555,1.6145884789333416,0.4591102437096293,0.6740822967143012,1.0440778062226248
2024-03-21T00:00:00.000,80,10,0.3103448275862069,13,26,0.02288703682523426,0.4258570029382958,10674.2860941763,0.7523688214821875,0.8868810336879476,0.7578752048951202,0.19747212832788025,0.6641916272659566,2.0065670593895524,0.6888546566083964,0.7874131196677043,1.1057934396610236
2024-03-22T00:00:00.000,67,15,0.36792452830188677,6,19,0.006127440570034286,0.17414299706170422,10970.2439443376,-0.0583317873473071,0.6768108533356652,0.6715222500271871,0.16910483107720614,0.3471206970169562,1.765747936746953,0.28449867071218493,0.2258240577116933,1.2738575300574762
2024-03-25T00:00:00.000,46,41,0.46511627906976744,7,14,-0.010136520016689085,0.14005876591576885,10431.6450371127,-0.460183468746232,0.36508202869682027,0.4428261251827359,0.0959676835877934,-0.05441076454043277,1.5209729925330315,-0.2014602539602756,-0.4111621837761774,1.1628406018510675
2024-03-26T00:00:00.000,65,22,0.30851063829787234,5,17,0.021163072816604483,0.48335291813552683,9558.3623424301,0.16349732423987712,0.3132192420157933,0.4200434211732823,0.07193365669543847,0.007685054215172937,1.0385789641481686,-0.08225360958808496,-0.2788745730905862,1.0154217805571624
2024-03-27T00:00:00.000,45,75,0.43037974683544306,6,12,-0.00912050904850014,0.0908379013312451,8886.9436251454,-0.6669524466285169,-0.05392031139999833,0.20199027296503233,-0.06615029589487825,-0.39490287196854484,0.5595692984366164,-0.7136315805084663,-0.8370856231439958,0.8727686203142486
2024-03-28T00:00:00.000,82,10,0.36923076923076925,7,11,0.026945899495281884,0.8614210217263653,9320.6154060806,0.5193943656050044,-0.10051520257543496,0.20873327846293188,-0.06518150369515285,-0.5198851749705475,0.08671357830413151,-0.6656645832337797,-0.4582898186508112,0.7099678057551836
2024-03-29T00:00:00.000,76,12,0.36134453781512604,7,15,0.021767444378426187,0.7413860610806577,8583.9250934613,0.3231185276772734,-0.02422513957051886,0.24882809834363298,-0.058064226786388964,-0.5028024646022871,0.16761398070562744,-0.48188887075556297,0.034377702062020135,0.422359804039327
2024-04-01T00:00:00.000,91,19,0.3208955223880597,8,22,0.03375364028017243,0.8771037181996086,9990.744019492,0.7898255208027329,0.22577665833927413,0.4599946706657433,-0.012320812659942369,-0.19054987322200587,0.25163114968416256,0.029837931641034078,0.6696777508451064,0.37216579142082135
2024-04-02T00:00:00.000,65,11,0.4491525423728814,9,23,0.029682149175558052,0.43513989434552924,9674.526359919098,0.239533706554561,0.24098393480221092,0.45620857053837954,0.010838308666141558,-0.4959962653089125,0.5729214548474024,0.13017678208632605,0.6267334226289009,0.38600527015723884
2024-04-03T00:00:00.000,57,20,0.3870967741935484,7,17,0.005535374393820763,0.3330724070450098,9177.2375843538,-0.1234425837796015,0.349685907371994,0.509556087334883,0.12356249332119126,-0.4011470546844918,0.6551592446868125,0.3004817154174315,0.8365682299188064,0.4236206356093256
2024-04-08T00:00:00.000,62,55,0.3673469387755102,5,10,-0.0036558032977222557,0.1529733959311424,9311.3153754906,-0.41489242418493333,0.16282854941400646,0.4102391172769188,0.0321102867601995,-0.39706998551857364,0.4981447884655513,-0.050706583344460474,0.22326100703030996,0.42382121522810035
2024-04-09T00:00:00.000,63,19,0.37,6,6,-0.007956127264230901,0.7744963817719538,7960.334375804499,-0.08844304053163783,0.08051623577222422,0.344639949197333,0.01842807350915992,-0.4154350858986331,0.41888166216582634,-0.3907429145332163,0.2502118349808794,0.3376301309842209
2024-04-10T00:00:00.000,31,38,0.4745762711864407,7,8,-0.002127796385407878,0.13671034617641306,8297.63062008,-0.6373780891030546,-0.2049244862089333,0.05563586053432801,-0.019591456956935035,-0.7486848012062428,0.33842742393259534,-0.8003644001864222,-0.3841596558096845,0.12426562622982888
2024-04-11T00:00:00.000,52,24,0.36585365853658536,8,8,0.003248461093926997,0.5154477903793508,8126.255658478899,-0.059976086882125156,-0.26482644489627055,-0.008320843606332892,-0.04522957220397571,-0.5644267962882468,0.2547198547823026,-1.1012254714777712,-0.3145832637738265,-0.07471902170604254
2024-04-12T00:00:00.000,68,24,0.30612244897959184,9,13,0.015332681767192761,0.28392647633946033,8100.1398267903005,0.099160598807454,-0.22030580837885944,0.04214319547019914,-0.05243322301198335,-0.3878407449901422,0.4108605053119468,-0.9836459675453391,-0.3557215763460859,-0.21550284754061053
2024-04-15T00:00:00.000,26,333,0.5517241379310345,4,3,-0.03943912418745325,0.23445443879546343,9969.044891854699,-1.472956081626707,-0.4319185398672142,-0.13196837233509778,-0.6180489784141471,-0.7929078444216875,0.3231249201562004,-1.3896631926865937,-0.2840341520716208,-0.12993215929755247
2024-04-16T00:00:00.000,20,788,0.3103448275862069,3,4,-0.007351079125688365,0.05044974579585452,9467.898441143401,-1.6958631838474854,-0.7534025685303837,-0.3386099049191622,-2.1530623661467585,-0.6609145036044222,0.0758131902469091,-1.3717337321174634,-0.9016159234163623,0.07630526024457465
2024-04-17T00:00:00.000,245,34,0.27728613569321536,4,9,0.07585448555484484,0.9579503227068258,9182.3956285413,1.457917310020569,-0.33434348870565894,0.6805631579340052,-2.1347974276392847,-0.22796537284151874,-0.1692694598863061,-0.4879919086493308,-0.1999438922492142,0.19900048239203683
2024-04-18T00:00:00.000,70,40,0.32038834951456313,5,22,0.01675279429970751,0.3902582159624413,9493.9377024791,0.050377677027804935,-0.31227273592367294,0.7586508376818567,-2.1559138457419147,-0.12915124860347527,-0.4124600698693386,-0.33000995164572744,-0.3048850548024917,0.38786018151538043
2024-04-19T00:00:00.000,62,54,0.36082474226804123,6,12,0.0020746283556523446,0.31643835616438354,8600.4681284989,-0.24271927133833968,-0.3806487099528316,0.7235973833430622,-2.202249948433706,-0.2479089673753445,-0.6539709173612352,-0.47259142971053797,-0.27399968303382316,0.4625825929017634
2024-04-22T00:00:00.000,63,65,0.37623762376237624,4,5,-0.011189885344878789,0.35642982971227244,8217.612661271,-0.5083738150138056,-0.18773225663025137,0.8942087348488078,-1.6384604911941048,0.13968999419242953,-0.6509611835276015,-0.13140085207917052,-0.16673452153217627,0.23953252288005591
2024-04-23T00:00:00.000,67,45,0.33,5,12,0.016755533385051563,0.5980814408770556,7750.7108691557005,-0.026878624525301747,0.14606465523418535,1.1108346617535734,-0.14267337375878714,0.09505239925621521,-0.4881023407346302,0.1411500741056214,0.29886875283067094,0.007322413186633914
2024-04-24T00:00:00.000,73,26,0.3177570093457944,6,13,0.022996146012385203,0.7899784693677824,7951.584663643101,0.28182601549916375,-0.08915360367009569,0.2814765670406968,-0.12699679570536404,0.005846238566082185,-0.3268681202779935,-0.4517996671052778,0.15278788189132922,-0.15852133010014233
2024-04-25T00:00:00.000,65,23,0.25287356321839083,7,19,0.02577698900660895,0.5646298472385429,7741.566710309299,0.283219019997499,-0.042585335076156874,0.2560909620121913,-0.09513590270464692,0.15636760309922995,-0.16640519680685145,-0.3495917139166555,0.29918610574231064,-0.3986092029586759
2024-04-26T00:00:00.000,80,22,0.3548387096774194,5,14,0.0067148994842578455,0.7380812242495586,10860.929134412,0.3092615389102609,0.06781082697356325,0.336440565708985,-0.03629642909148108,0.16926760393769325,-0.24928963931320053,-0.29601776924570017,0.6525728994152551,-0.10200144259660866
2024-04-29T00:00:00.000,138,28,0.25806451612903225,6,22,0.042645686884729764,0.8522012578616353,12108.251716748999,1.1470798327381264,0.39890155652394965,0.6777810493167358,0.03132565074637268,0.42876620710564406,-0.0912897716209458,0.29672450553094165,1.0654824631920108,0.38352079139688844
2024-04-30T00:00:00.000,75,42,0.29245283018867924,6,26,0.015966983103241864,0.3570863024544735,10302.0750358872,0.21461141211544876,0.44719956385209975,0.7100291735004884,0.03739390352293885,0.5120167140374271,-0.013609660978119309,0.28678045313061595,0.8599494779444885,0.7378368858068588
2024-05-06T00:00:00.000,105,68,0.2553191489361702,7,23,0.03720974465474061,0.8484193991753387,11020.642969945999,0.911884017302006,0.5732111642126683,0.8512333014588858,-0.037792054909820835,0.6487601241259311,0.0644059966393091,0.44007554643266167,0.902642999317916,1.143152236423795
2024-05-07T00:00:00.000,66,58,0.2978723404255319,6,20,0.02590636620148951,0.5772629098763008,9684.536010060301,0.3034855092412072,0.5772644620614098,0.8501781006136001,-0.1001175465236687,0.5461391958574484,-0.021150324558608404,0.4375965006289748,0.9076857432723326,1.4205195651397902
2024-05-08T00:00:00.000,60,51,0.2857142857142857,6,15,0.015361266521721435,0.17619328226281675,8641.9448794569,-0.10962756184826808,0.4934866419097041,0.7529281795479783,-0.1515097833489293,0.6964615756183802,0.05479379077675215,0.5289828617952336,0.4340174426728761,1.1387324263056375
2024-05-09T00:00:00.000,63,52,0.3076923076923077,7,16,0.01999650152826464,0.8152003142183818,9009.5595206932,0.3744500820705232,0.33896069177618343,0.4031849270466254,-0.19396157060158556,0.5832012548361835,0.13122739574051723,0.27637782619347356,0.39668734575500825,0.7760076634630619
2024-05-10T00:00:00.000,43,74,0.44155844155844154,5,8,-0.005765840490101345,0.2609976433621367,9123.3340054492,-0.5697912703695962,0.18208015527917443,0.2532240741393452,-0.25090087900193503,0.24949021882165784,0.041445610713810345,0.036788070483199584,0.31320752921364214,0.6313064625845012
2024-05-13T00:00:00.000,39,78,0.44285714285714284,3,14,0.014764140802612775,0.21194264388135925,9095.0188813965,-0.5785812054251611,-0.116012889266259,-0.05108384275924567,-0.2683786224617543,-0.16626405114618698,-0.297157990885919,-0.20916277685190474,-0.22082470925109615,0.4007817684922941
2024-05-14T00:00:00.000,82,42,0.28695652173913044,4,13,0.018542462462359768,0.6597958382410679,8243.6929831363,0.124546480604575,-0.15180069499358545,0.020423488348277806,-0.2391665865287031,-0.13931733691559234,-0.46896521053659657,-0.2882519297154418,-0.15379079187288153,0.20646350226583965
2024-05-15T00:00:00.000,66,33,0.31958762886597936,4,25,0.01757939959422842,0.2524043179587831,7608.5405255349,-0.29139453123150577,-0.18815408887023297,0.04599374884312827,-0.20670076664919595,-0.21278174342869355,-0.6412220644434596,-0.26198173216872966,-0.09087195409759782,0.0504858898529178
2024-05-16T00:00:00.000,63,19,0.34375,5,18,0.016237686620458863,0.5424028268551236,8476.0377604324,0.0006839692260648224,-0.26290731143912466,0.045714430404623786,-0.14719655489649625,-0.28960819684845046,-0.8121322810149397,-0.30069498206217415,-0.31664656441475253,-0.019787031241682854
2024-05-17T00:00:00.000,96,19,0.21311475409836064,6,28,0.04843869770074586,0.7720848056537103,8871.6996496432,0.8127260296360209,0.013596148561998778,0.28904980133204494,-0.04808533426336209,0.22339758573395124,-0.7323130423377464,0.2998159535294349,0.10969969681590694,-0.04639162087623797
2024-05-20T00:00:00.000,61,49,0.3711340206185567,7,20,0.006609695835267805,0.5245579567779961,9951.791342336599,0.09576133024900736,0.14846465569683248,0.38963994036393573,0.003939788503124641,0.3843761480345788,-0.4000197711599586,0.21135619146890364,0.3701862247097513,0.07977406795749217
2024-05-21T00:00:00.000,34,48,0.38181818181818183,8,13,0.005891551110384863,0.2163754172393481,7990.518893093301,-0.33823666066400376,0.05590802744311672,0.1701791707429856,-0.007397815181437223,0.17425113903287165,-0.06722096489765375,0.07415468409723962,0.0028401219682791636,0.04454985633953231
2024-05-22T00:00:00.000,55,36,0.4329896907216495,8,15,0.03456502679099999,0.5710639968590498,8310.688488330401,0.1317688347408797,0.14054070063759377,0.12033636586414631,-0.013380511249204577,-0.08256446307205034,0.26572250307705036,0.26290443081835146,0.2669927559310172,0.16377382309384664
2024-05-23T00:00:00.000,37,29,0.38333333333333336,9,13,0.028050469860588345,0.09697683549273656,8474.6861471099,-0.09041065122549138,0.12232177654728257,0.0008758205045144019,-0.032120825050716714,-0.17192446137163162,0.5996848938898763,0.3932402309817174,-0.10372305921211311,0.1702198360893316
2024-05-24T00:00:00.000,57,30,0.3595505617977528,5,9,0.008813192702334143,0.25049077345897136,7637.542754921,-0.38806266340884127,-0.11783596206168986,-0.17856008965435288,-0.05265025040658704,-0.4993666464299604,0.5075753853484708,-0.04481712289924774,-0.5355564287528749,-0.021476581637276414
2024-05-27T00:00:00.000,45,51,0.36619718309859156,3,8,-0.010382817943301615,0.646700706991359,7746.4410367056,-0.4930328630536737,-0.23559480072222608,-0.2522336312598693,-0.05676804388786159,-0.48824176068306613,0.15845252014448247,-0.23311428865547473,-0.4330419937807518,-0.344216406933041
2024-05-28T00:00:00.000,34,52,0.45161290322580644,3,8,0.015826300877518747,0.2056166535742341,7415.6693795113015,-0.7622456878047797,-0.3203966061503813,-0.25289145267773483,-0.06437537117338181,-0.6472769897973756,-0.2746804574685019,-0.1246558749658521,-0.4399336364367601,-0.43896246053306226
2024-05-29T00:00:00.000,33,63,0.5217391304347826,4,5,0.010973710829298256,0.5241555380989787,7082.009965491599,-0.7231946555262078,-0.4913893042037988,-0.3541746628441277,-0.1133850038781383,-0.8430952684805174,-0.6207999949636605,-0.3846124763178073,-0.476892637867114,-0.6467650850752257
2024-05-30T00:00:00.000,43,67,0.31746031746031744,3,7,0.01112887462556629,0.3244304791830322,7230.4484070804,-0.5192961366851946,-0.5771664012957395,-0.3267260988971054,-0.18194421415627732,-0.6875218603950715,-1.1364061468094262,-0.5690276667892915,-0.2854592861722688,-0.8530795358507349
2024-05-31T00:00:00.000,46,38,0.39473684210526316,4,12,0.02149706145639553,0.6205067766647024,7144.9168420351,-0.28818803353949896,-0.557191475321871,-0.37738376067495316,-0.19598651702046144,-0.7608709538051442,-1.2237730486062406,-0.42795313720166445,0.02178320446662596,-0.9361561144112581
2024-06-03T00:00:00.000,24,116,0.42857142857142855,3,10,0.01918123131166338,0.1730504812414064,8303.1924177389,-0.71716179976839,-0.6020172626648141,-0.4735660978486317,-0.3126895955981751,-0.8954428812602234,-1.2237730486062406,-0.10036361263097564,-0.36843295575982404,-0.8398526469496284
2024-06-04T00:00:00.000,42,76,0.3,4,8,0.022069790024266383,0.3838899803536346,7455.047363017799,-0.2869391342705236,-0.506955951957963,-0.43629097613388845,-0.3547284660457205,-0.5429977978489827,-1.136754959050859,-0.030763649120691856,-0.2185779149910486,-0.8285779005145495
2024-06-05T00:00:00.000,27,41,0.5645161290322581,3,5,0.013103056116723596,0.1267909715407262,6883.692707522001,-1.0773167258122076,-0.577780366015163,-0.4628018121099659,-0.31329006067822385,-0.6350700824667841,-1.219667247694973,-0.006495179027671455,-0.5451314896485365,-0.8620066904799852
2024-06-06T00:00:00.000,24,159,0.3142857142857143,4,5,0.0019124735463648165,0.09633117520109868,8455.4689418919,-0.6801806376642592,-0.6099572662109759,-0.5486529464208036,-0.47730103457646633,-0.6233713680805363,-1.1295795905077683,-0.10756533541439424,-0.7303326906671505,-0.6528978978097111
2024-06-07T00:00:00.000,82,40,0.26785714285714285,5,7,0.006971334476165755,0.7671770710639969,7166.2669234098,0.08072227892144178,-0.5361752037187877,-0.3830021918701309,-0.4786868658870283,-0.3315760108270756,-1.0388091851710897,-0.26589470770946344,-0.6092077047838922,-0.6460497597828337
2024-06-11T00:00:00.000,46,38,0.3698630136986301,6,14,0.015657777565166838,0.560463290145269,7027.4390589326,-0.2079356840934025,-0.43432998058379024,-0.28127382998053546,-0.33579134698446567,-0.19437229829428346,-0.7761147030347458,-0.30230011365722487,-0.2880619629652288,-0.8623956091700471
2024-06-12T00:00:00.000,91,22,0.17272727272727273,7,17,0.04557466388672157,0.751471165162809,6917.181931313401,0.6705115121588443,-0.24283985129791663,-0.057333425979971556,-0.23712159701758884,0.09349353971446224,-0.5149809023524835,-0.04103212581010367,0.01274295719296017,-0.9556474048326911
2024-06-13T00:00:00.000,65,21,0.23529411764705882,4,24,0.010867527363054035,0.3312414198862522,7523.4995741944,-0.1372788569615679,-0.0548322775277887,0.11576749947085019,-0.20024318356861617,0.8392927142886633,-0.4249769022373333,-0.06344949814324252,0.18274075882132593,-0.8329573313261681
2024-06-14T00:00:00.000,51,20,0.34615384615384615,5,26,0.012620495957717649,0.4919607843137255,8479.6388935218,-0.07824386692167343,0.06555507662072846,0.2382320989117682,0.05091700269863407,0.7665853862460266,-0.335739927813398,0.05628086147625165,0.5070108441656419,-0.824400729339825
2024-06-17T00:00:00.000,48,21,0.35135135135135137,6,19,0.02613701603636777,0.30574622474995095,7514.357793932301,-0.1499523953196055,0.019420141772519002,0.08169317408709657,0.08496386068437314,0.57626545591537,-0.24647889017208127,0.26770029320832034,0.1278828485101074,-0.756085749825553
2024-06-18T00:00:00.000,68,12,0.22727272727272727,7,17,0.027604612634987393,0.754365312929174,7368.735903614001,0.44313618647068836,0.14963451588533716,0.18156333809796282,0.13156125404356014,0.8939353859417789,-0.156397724913445,0.3987516266293838,0.2857678971113873,-0.6877401657132675
2024-06-19T00:00:00.000,62,14,0.3404255319148936,7,19,0.029369859202383393,0.2713893249607535,7046.161668690899,-0.066918353097443,0.0021485428340797114,0.0489537991692152,0.14588638215690247,0.5146942862781821,-0.1497603404640718,0.21884899774611086,-0.10570833630762375,-0.6578749887401568
2024-06-20T00:00:00.000,37,54,0.4393939393939394,8,10,-0.0020318962521839483,0.152306182531894,7242.2963108762015,-0.582940263677347,-0.0869837385090761,-0.07834524592145363,0.08656782469161411,0.05785365131002309,0.20256331779145356,0.0759571870282365,-0.2515475212310657,-0.7019353832323403
2024-06-21T00:00:00.000,48,39,0.25,9,11,0.00988264665198861,0.4239450441609421,6193.9007545521,-0.05107245485309168,-0.08154945609535975,-0.09087997774409314,0.05272863439678621,0.2764191225211811,0.5553263776672993,0.046151668192651485,-0.30566151190487323,-1.1049305057964696
2024-06-24T00:00:00.000,31,83,0.43636363636363634,10,10,0.008328349999104255,0.061064205772629096,6954.2927406798,-0.5134093616533548,-0.15424084936210963,-0.167464309375349,-0.05820803909395376,0.08791428938523023,0.9082146794342993,-0.1492771181286376,-0.5035020069752966,-1.1973634407810594
2024-06-25T00:00:00.000,69,61,0.19767441860465115,11,11,0.025601790837244627,0.5259433962264151,6480.0233026435,0.4281729225401015,-0.157233502148227,-0.16152654395392446,-0.1453027761596113,0.16049699067424555,1.258836869257302,-0.16973940157737774,-0.6888268949259582,-1.3545727583522644
2024-06-26T00:00:00.000,66,25,0.23255813953488372,5,15,0.026243005962142164,0.9014720314033366,6431.7788742402,0.2522421035040319,-0.093401410827932,-0.14197633988398267,-0.16382396961751403,0.40556226947602403,1.0848239529831971,-0.20151791708668795,-0.17584438380822026,-1.4610334878583398
2024-06-27T00:00:00.000,44,23,0.4567901234567901,5,14,0.019455928139488345,0.09903713892709766,6261.8170792846995,-0.7154146453141886,-0.11989628715530035,-0.10881888599325944,-0.10668681957304176,0.36847705818163345,0.820486548910007,0.037115959594219886,-0.213891750914651,-1.6359561202920105
2024-06-28T00:00:00.000,48,27,0.4,5,10,0.0021393736881026304,0.5674135220125787,7030.9652357197,-0.37381164492602964,-0.18444412516988792,-0.10808158340976023,-0.08388120901138278,0.03330957286554272,0.4695663533573076,-0.04736998262692334,-0.09726664571789281,-1.4573853816461064
2024-07-01T00:00:00.000,62,19,0.3333333333333333,4,10,0.0132882302144596,0.6765631144317735,6579.0036606147,-0.18233243631888937,-0.11822874010299485,0.034104909079210724,0.03236883411753903,0.26587258690418736,-0.05330924017410177,0.007460069692623017,0.4020107134371522,-1.516109053777574
2024-07-02T00:00:00.000,67,6,0.37383177570093457,5,20,0.029340016636812266,0.4636256390090444,6444.917258368,-0.1656348379288806,-0.23699029219679124,0.025054291874841334,0.13203550476646422,-0.13057741396947092,-0.5753666825689934,0.04867395235761586,0.35113958439111664,-1.5098912822291124
2024-07-03T00:00:00.000,64,6,0.3904761904761905,4,27,0.02742534876049802,0.2576204523107178,5802.532793619099,-0.4914385649938848,-0.38572642589637457,0.015781477846470375,0.16671501198073227,-0.48364690789669584,-0.6616743482721663,0.06163007487478563,-0.16909190313675349,-1.6297983866709944
2024-07-04T00:00:00.000,25,31,0.4186046511627907,4,10,-0.010192406479310693,0.07589461266220998,5830.2618196565,-1.0876691976230721,-0.4601773363581513,-0.07116159301652898,0.15265325834915042,-0.3955949565203977,-0.7486929170238658,-0.2651254234026982,-0.18547407364956942,-1.7078456492431493
2024-07-05T00:00:00.000,59,4,0.2236842105263158,4,8,0.023674250596521475,0.7496558505408063,5747.211243633698,0.010590580979287192,-0.38329689117708793,-0.021241532361883343,0.19424088052076743,-0.0013494156961868953,-0.8361026232969391,-0.028010488412560253,-0.040448265610430266,-1.9501667933823832
2024-07-08T00:00:00.000,24,39,0.4782608695652174,4,7,-0.006073536376827207,0.08713611329661684,5818.755170466699,-1.1490840474400588,-0.5766472134013219,-0.194677107446576,0.15821585232553398,-0.32293879650871543,-0.8375144285260788,-0.23881153016477263,-0.5135014810521739,-2.08730300243647
2024-07-09T00:00:00.000,56,26,0.2112676056338028,5,7,0.034919873714975645,0.7968565815324165,7242.561303905401,0.38711356332582814,-0.46609753315038,-0.24422714543613072,0.12232172057410189,0.04017203895031964,-0.8371960594916821,-0.17630757813764097,-0.24660091655758481,-1.9208447919540432
2024-07-10T00:00:00.000,51,47,0.3855421686746988,6,10,0.023022880247897927,0.28888452474469756,6773.6861611208005,-0.3140106948941169,-0.4306119591304265,-0.30289798122298683,0.04877334049052125,0.05267811088421585,-0.6636804537982094,-0.22382585609099728,-0.22101321253270995,-1.704317661642819
2024-07-11T00:00:00.000,106,8,0.22627737226277372,7,15,0.0337247238366032,0.933032207384132,7867.6493757346,0.8136660991304332,-0.05034489977972543,0.0672500045395916,0.09063428680671197,0.47976311259949816,-0.40312841051048676,0.2597989182120829,0.4635540559040153,-1.3102862660094912
2024-07-12T00:00:00.000,52,11,0.4090909090909091,8,19,0.01830935775765858,0.3715632364493323,6868.2910880992995,-0.1544924177867085,-0.08336149953292456,0.03544677230044537,0.07853913460671773,0.06827790622845249,-0.05664057919496979,0.20084893870089368,0.16209627855882167,-1.0720989479308332
2024-07-15T00:00:00.000,48,16,0.25,9,13,0.004082901522010501,0.1661103475358335,6020.0062319309,-0.20510047644695423,0.10543521466569634,0.14519565626344783,0.12054761200152822,0.5748425568208717,0.37456857876220895,0.31246652423742943,0.22921749607451583,-1.0187919215001273
2024-07-16T00:00:00.000,57,10,0.3132530120481928,10,20,0.026063771561288602,0.4356960534066366,6405.5833794134,0.17550672874786954,0.06311384775010462,0.14932041619903122,0.14981134114959405,0.3472760031430032,0.8024873336491523,0.21399043833775458,-0.05765910813376203,-1.1634294900940405
2024-07-17T00:00:00.000,48,16,0.25,11,24,0.024119430673044926,0.27072691552062866,6749.251596760801,0.23454289103855977,0.17282456493663995,0.13513880257574346,0.2059582936789416,0.6453692316182688,1.2264086326589385,0.2244508307689809,-0.06939263174640656,-1.1581612049979868
2024-07-18T00:00:00.000,52,14,0.2463768115942029,12,13,0.014626301127075683,0.41969726754472186,6720.5771289275,0.3200906341085416,0.07410947193226165,-0.11168716996327462,0.19536105604920403,0.5979844382788758,1.6437014995413297,0.014864766580472533,-0.47644845039596345,-1.3450098365648122
2024-07-19T00:00:00.000,62,10,0.29545454545454547,13,17,0.02308955060404701,0.5987023200943767,6696.4088292975,0.4984400848823341,0.2046959724660702,-0.06687467754272268,0.19734729564898937,0.8456872678661759,2.0511402016601394,0.06647868631580407,-0.2948544301171766,-1.366052536568718
2024-07-22T00:00:00.000,69,13,0.2247191011235955,14,21,0.020537184270477973,0.5590953785644052,6563.5224525966005,0.6194919171761787,0.36961445119069675,0.02747269826998707,0.20293492050911613,0.8968752728751804,2.444741044219418,0.24542059349904588,0.017188621816967054,-1.247331992854837
2024-07-23T00:00:00.000,54,18,0.4807692307692308,15,16,0.008226700120176178,0.10462143559488692,6619.545001352899,-0.13361001233338293,0.30779110297444623,0.01208701605474129,0.18872471388079193,0.5269064411045472,2.8205403738419137,0.04984428655576121,-0.2455363539315459,-1.1980287566850856
2024-07-24T00:00:00.000,51,34,0.25,16,18,0.008016613852041127,0.15083579154375615,6270.413847976399,0.21881782991744286,0.30464609075022286,0.02402274419807805,0.15656803192254612,0.522986239914425,3.1746870297443506,-0.12564539506160882,-0.3397909034047727,-1.280305112061458
2024-07-25T00:00:00.000,59,9,0.2891566265060241,17,16,0.022196226928387786,0.6317135549872123,5884.7983108284,0.5836520226025401,0.3573583684490226,0.054121456381755736,0.16584041747730616,0.4258455640937611,3.5019173490995286,-0.04302428338949714,-0.16995591250866862,-1.4332360120110272
2024-07-26T00:00:00.000,67,14,0.2717391304347826,5,12,0.020580763459518286,0.8432645034414946,6059.574488971501,0.10396024462609102,0.278462400397774,0.07532473111023419,0.15887777080383747,0.4750086400154901,2.827980595111199,-0.06947795663933334,0.0248167322962237,-1.5432937099132336
2024-07-29T00:00:00.000,76,4,0.20833333333333334,6,21,0.04646677810582327,0.4487507377532953,5857.7567632201,0.24639081572506655,0.20384218010755153,0.10545288844629627,0.17525284038373795,0.5056074491263667,2.15668222767825,0.21324923196403683,-0.06201700841005965,-1.6673323684357668
2024-07-30T00:00:00.000,81,4,0.2702702702702703,7,25,0.02927294777598116,0.6298190401258851,5992.6551955053,0.20686975270699157,0.2719381331156264,0.22609376176263712,0.2005654239253411,0.9613124825647485,1.4933674973164588,0.44087697721371216,0.35346725800668743,-1.7721164689801998
2024-07-31T00:00:00.000,90,5,0.3333333333333333,8,16,0.014666803178384735,0.9490558615263572,9029.209878194699,0.6026606478754658,0.34870669670723103,0.4007798837659366,0.2528051368285795,0.7727648132701282,0.843885221888476,0.5113123042374437,0.9820381867633989,-1.3226386698033452
2024-08-01T00:00:00.000,73,7,0.2912621359223301,9,22,0.028175773082963824,0.4162077104642014,7820.541147550401,0.3457930973471033,0.3011349116561436,0.460622827731828,0.25635692393442067,0.7636093796564947,0.2160440022759162,0.5748633712241086,0.8068216915344235,-0.9703738147641856
2024-08-02T00:00:00.000,59,12,0.3979591836734694,10,22,0.015017944739522912,0.18973653165552498,7221.521118105,-0.1193575618430154,0.2564713503623223,0.41980738039764665,0.2598341397209741,0.4824670749497305,0.5872494867490172,0.5112151808351746,0.28802740995601195,-0.7533012200722979
2024-08-05T00:00:00.000,52,41,0.40229885057471265,11,18,0.0052931281601936156,0.0971675845790716,7902.0233032462,-0.1855183376687331,0.17008951968356242,0.3060306955548117,0.1932187058827487,0.05436075758410963,0.9578950269638401,0.05960367088190033,0.011691137606712055,-0.39217335668918507
2024-08-06T00:00:00.000,73,27,0.21505376344086022,7,18,0.024781013181633213,0.8918387413962635,6539.897493918901,0.41689627820497893,0.2120948247831599,0.2664284767839477,0.1520649239712633,0.17577396910670956,0.9503615777523965,0.011963081200348247,0.2155235201840985,-0.2874517755166441
2024-08-07T00:00:00.000,74,17,0.17777777777777778,8,23,0.017344095632287036,0.4068029885961463,5918.540321657801,0.13002424701029816,0.11756754461012638,0.1908469764678999,0.13086267868727813,0.5171840475872574,0.9428116103486058,0.04237423842228689,-0.21108917420700818,-0.7900175650354351
2024-08-08T00:00:00.000,72,20,0.30097087378640774,9,24,0.004231283756032285,0.44584234322783567,6197.275596881499,-0.06337599264568013,0.03573372661156969,0.1839668522954519,0.10793472363274503,0.49169685164515897,0.9351968614921257,-0.2191134917020145,-0.18663467209869114,-1.062911038983788
2024-08-09T00:00:00.000,41,26,0.5,4,13,-0.002763655664692669,0.23550226066443877,5629.5034730437,-1.0058118221190762,-0.14155712544364246,0.0995926023093161,0.0834417077769887,0.2635893284071661,0.47429823781472064,-0.41262747887078194,-0.14811197134717294,-1.3510823041957336
2024-08-12T00:00:00.000,39,47,0.417910447761194,5,7,-0.006929841279697589,0.27790880503144655,4957.7936194697995,-0.9660576541638518,-0.2976649887426662,0.038921215398353415,0.07348726062298094,0.2286432327251434,0.015438219598626613,-0.5439701882272657,-0.004261855383118384,-1.8919128059333832
2024-08-13T00:00:00.000,48,14,0.2727272727272727,6,8,0.015802833363350272,0.7045990566037735,4772.0563825516,-0.22116802419491707,-0.42527784922264544,-0.0767091223309144,0.09776385457560838,0.09787172119493008,-0.06388909144552533,-0.6398002645794701,-0.15059495022912572,-2.2415870917440204
2024-08-14T00:00:00.000,43,4,0.4342105263157895,7,12,0.035307141805566676,0.2564354490076636,4773.331918216701,-0.5130081085226478,-0.5538843203292346,-0.21956841625802354,0.12198362494865626,-0.46874605181199014,-0.14316132369307502,-0.44028260378646494,-0.26640588900603746,-2.4610095826977068
2024-08-15T00:00:00.000,54,11,0.25,3,13,0.03259655487565256,0.7296128905482413,5913.7671226075,0.004901914002065537,-0.5402287389996855,-0.30251780573288367,0.13889589774074212,-0.3571699785441653,-0.6031281112643484,-0.1280278313107994,-0.04404250087351018,-2.4856108430128327
2024-08-16T00:00:00.000,44,12,0.30158730158730157,4,12,0.02377348044374435,0.3096875614069562,5910.6090210952,-0.3589137227297342,-0.4108491191218171,-0.2898487058751269,0.16472241688884223,0.07690210739129531,-0.6074644973790725,0.16259468762100887,0.014688909950513173,-2.397538752450179
2024-08-19T00:00:00.000,54,18,0.25,4,11,0.0213171086509401,0.36615566037735847,5704.817302664201,-0.2636401337919484,-0.2703656150474364,-0.22274465458171117,0.21736696043613465,0.4458355035495932,-0.6880425278758009,0.4721994170703976,0.08265773588137419,-2.1998317398120415
2024-08-20T00:00:00.000,37,14,0.3508771929824561,5,8,-0.0023170106176338373,0.10355669090194537,5575.74361356,-0.7690777580739985,-0.3799475618232527,-0.2749525975535957,0.21759323570303443,0.2717567837567545,-0.7682795693927359,0.2693810334517318,-0.38540783717947386,-1.9897239815484835
2024-08-21T00:00:00.000,53,8,0.2535211267605634,6,13,0.026229842328602232,0.3514734774066798,5094.2893495862,-0.20341481380757354,-0.3180289028802378,-0.23082549818967038,0.21060750730913677,0.6713588749589329,-0.8468427648818577,0.16907329281849903,-0.31119391199744734,-1.8883798201792577
2024-08-22T00:00:00.000,41,14,0.3787878787878788,7,10,-0.007618296213870777,0.14953821968952644,5490.0693936363,-0.7118681801500133,-0.46138292171065365,-0.2920651599044471,0.20547994653379925,0.3861104259667471,-0.5426745613474819,-0.2742556714550656,-0.7604200025223496,-1.9518554292457764
2024-08-23T00:00:00.000,49,18,0.3,8,8,-0.002152725873996419,0.35089443679968546,5101.0174814557995,-0.40896474755928314,-0.4713931266765634,-0.2704911787726222,0.19495725971641725,0.392304938713824,-0.2387927406348887,-0.557572361653988,-0.7274409884858876,-2.0927168156187976
2024-08-26T00:00:00.000,62,11,0.27906976744186046,9,16,0.031146010908130548,0.7227353114560817,5263.6258550457005,0.22825402231306663,-0.3730142954555603,-0.23505200888930317,0.20792060724232955,0.3286896909451499,0.1416905499693817,-0.4477513607748306,-0.4496129792412569,-2.1569845674403925
2024-08-27T00:00:00.000,58,9,0.32558139534883723,10,22,0.014642450816406546,0.19791666666666666,5113.1053536862,-0.24260005974164672,-0.26771875578909,-0.1401958330810956,0.21726438394365447,0.3855420505138128,0.5218280902801286,-0.25703394195041857,-0.37574723293658996,-2.225688807293121
2024-08-28T00:00:00.000,55,10,0.45544554455445546,11,13,-0.001930156678351621,0.6407232704402516,4964.5953751907,-0.31235714383438057,-0.28950722179445143,-0.13276430310543122,0.2139456398547253,-0.06599938337689153,0.900425464848172,-0.5659123657168298,-0.15220456128991183,-2.2240410437749922
2024-08-29T00:00:00.000,67,2,0.20238095238095238,12,17,0.029050318903033275,0.791625712600747,6071.173158410899,0.677520211707967,-0.01162954342285536,-0.014928730935803403,0.235867705301075,0.3294533825194491,1.2759208725470654,-0.1581899415060025,0.3443427180963231,-2.093872809982094
2024-08-30T00:00:00.000,80,0,0.4444444444444444,13,25,0.03591732436444618,0.8743856890112051,8761.8954982452,0.7579664432207844,0.22175669473315818,0.12577979645696358,0.2684476513512341,0.0081737667038416,1.6463250928504376,0.26221073807343687,0.7471470494780739,-1.5057872317818801
2024-09-02T00:00:00.000,55,10,0.34523809523809523,14,17,-0.005426853493656012,0.15870206489675517,7055.3870773049,-0.013146905386410977,0.17347650919326263,0.09124806313367433,0.27027872593178964,-0.13909012051512676,2.00838221740904,-0.1396679519683367,0.30713497545016033,-1.183950345088362
2024-09-03T00:00:00.000,74,7,0.2815533980582524,15,27,0.029029792654212388,0.7434132913881243,5804.570051981399,0.6485235943671736,0.3517012400150267,0.16274315548845017,0.27381127329479354,-0.03915262076670598,2.359202468185317,0.01819817785130573,0.725162413763601,-1.038056187711574
2024-09-04T00:00:00.000,45,38,0.36619718309859156,8,19,0.006999283080318988,0.24577270939834842,5592.3222200891005,-0.4670106178094534,0.32077054522001214,0.1143200706807423,0.22319365794069487,0.16366294208817705,2.1131616615678643,0.11766437230239749,0.4165909580600764,-0.903199846099867
2024-09-05T00:00:00.000,66,8,0.2826086956521739,9,15,0.023581623130307545,0.7438065277231616,5346.9475589251,0.1982374934866418,0.2249140015757471,0.107424250924992,0.2122743964096135,-0.013556143927772624,1.8658133246271054,0.05644858810387079,0.37364988986620257,-1.0276562949737813
2024-09-06T00:00:00.000,44,5,0.4942528735632184,10,17,0.010364527137643511,0.10027526543452615,5424.3456653833,-0.6034581442054048,-0.04737091590949074,-0.060936612206473985,0.20297423769677128,-0.12507899182064658,1.6192249793665574,-0.2250921389844623,-0.22692602996774114,-1.5157618554504397
2024-09-09T00:00:00.000,57,22,0.32142857142857145,5,13,0.015994035255084194,0.3695908733280881,5184.4649300255,-0.40576623841901566,-0.12589478251601166,-0.05364212799781519,0.18108573052555024,-0.0721252714514091,0.9382891044345453,0.010759570623291106,-0.06445084670773858,-1.8211796370385052
2024-09-10T00:00:00.000,49,34,0.36363636363636365,4,12,-0.0007619965771065162,0.6274586939417781,5275.0523001612,-0.5426290364677916,-0.3641253086830047,-0.17000072383866122,0.1323818461289337,-0.2596515607828084,0.11879464322044023,-0.31509038184544885,-0.15273311204993226,-1.902577871613556
2024-09-11T00:00:00.000,35,32,0.3137254901960784,4,9,-0.005919148018925473,0.2997248427672956,4994.3980220789,-0.7597510235866807,-0.4226733898384502,-0.2168205014697123,0.14342406063520324,-0.14326144671248348,-0.1792014421644589,-0.4549729684163101,-0.10927639144008228,-1.998605039301307
2024-09-12T00:00:00.000,48,6,0.36,5,11,0.0316268906004408,0.36497641509433965,5154.6025182009,-0.349434506201387,-0.532207789776056,-0.30013512036943835,0.1472781297859165,-0.3212707190195905,-0.47583634980891587,-0.36271327078578075,-0.39862210968929473,-2.0141550885452872
2024-09-13T00:00:00.000,46,22,0.31343283582089554,6,13,0.013717960356334005,0.17177672955974843,5246.5996988574,-0.47838738809209114,-0.5071936385533933,-0.29063750222268875,0.11720942166362018,0.08388340738639237,-0.7708158950767103,-0.3231351298084456,-0.34042715882516755,-2.026432612990752
2024-09-18T00:00:00.000,32,30,0.3333333333333333,4,9,-0.01192220245633819,0.2907159716758458,4791.6790375043,-0.8678685947049297,-0.599614109810576,-0.4053963564484988,0.10352794301330812,0.05660893526481736,-0.845725233324384,-0.6280866937824066,-0.39761395362924407,-2.080613409767624
2024-09-19T00:00:00.000,78,7,0.28440366972477066,5,11,0.04166379802667611,0.8995873452544704,6268.071825736599,0.3963302193008636,-0.411822258656845,-0.27161898798761797,0.15291967558961234,0.24087496173809858,-0.7718685157303573,-0.1603882208463346,-0.18546106153031489,-1.8872136618310005
2024-09-20T00:00:00.000,61,6,0.18666666666666668,6,18,0.028199952959775388,0.3079190410689723,5745.5710870702005,0.06646563320012956,-0.24657892729948294,-0.15242674680952228,0.20030289711542912,0.5382036181594848,-0.623230389031489,0.21481566539231145,-0.17716506708005447,-1.7265524688425402
2024-09-23T00:00:00.000,60,19,0.27710843373493976,7,17,0.02653464505099955,0.49587426326129663,5508.1653591466,0.004703397426340183,-0.17575134657393748,-0.09857665127776225,0.17727566746195184,0.7279399937823292,-0.47537254037681675,0.1567692568406766,-0.07580045567568498,-1.6424946967722558
2024-09-24T00:00:00.000,99,7,0.3076923076923077,8,15,0.030502351942973,0.9664113140836771,9710.0406732833,0.8324181817104268,0.08640976738656608,0.1447317543869552,0.2047564485195374,0.7369284533592875,-0.3280863123360204,0.34037037973443746,0.5357456227274604,-1.0295779746856941
2024-09-25T00:00:00.000,70,5,0.5483870967741935,9,26,0.03882400325895837,0.7757706656194777,11569.8633836181,0.4656137075892489,0.35310622784540185,0.31710465062506726,0.2501124185712735,0.228401289029956,0.03837015871644962,0.895744878892593,0.9052205653076356,-0.1632103662251617
2024-09-26T00:00:00.000,155,4,0.17989417989417988,10,25,0.058930629392851826,0.9625049077345897,11620.6930474535,1.669636607056923,0.6077675053966137,0.6696609288250314,0.25567196834092726,0.4667744951299092,0.4026998249492209,1.080900737192927,0.9458844034315106,0.43278017990677053
2024-09-27T00:00:00.000,142,3,0.36036036036036034,11,59,0.07296247804071133,0.9762465645857872,14454.318646278402,1.6286114795977407,0.9201966746761359,1.0358768403626573,0.2612478840777235,0.05582336145665086,0.7648338259263052,1.559232638996968,1.449098353338699,1.3152638185739487
2024-09-30T00:00:00.000,863,2,0.28795379537953797,12,114,0.11412554634381247,0.9984285994892949,25920.3143573833,4.837652183193731,1.8867864318296141,4.689282091189506,0.292056889870203,0.02740731439082993,1.1251140471076886,2.482633684239101,1.8209539452955645,2.770057050714405
2024-10-08T00:00:00.000,793,5,0.6914396887159533,13,413,0.09273437414310849,0.9388637703951248,34503.6633488464,3.06361056252589,2.333024907992707,6.684084269947863,0.29573130169020023,-0.859942709991142,1.4814984318251871,3.093296365424542,1.781717080918589,3.854789616133708
2024-10-09T00:00:00.000,54,962,0.47058823529411764,14,38,-0.04613412966256304,0.055042264596029095,29390.622766052402,-0.9618240805573695,2.047537350363383,6.60553970777941,-1.4287978632760574,-0.6604981083996639,1.831727984744285,2.218728229901904,1.2308228463185258,4.535238655475277
2024-10-10T00:00:00.000,86,55,0.44516129032258067,8,11,-0.034249429919636254,0.5718215759481234,21423.562018697798,0.14785386082016685,1.7431808011160317,6.213291187163855,-1.5108445806801003,-1.2629364756766324,1.672721999637749,1.2545009394762403,0.9242178706479173,4.911314667243192
2024-10-11T00:00:00.000,51,36,0.3625,4,12,-0.024010363365836732,0.08528198074277854,15716.1279219645,-0.33053692191733564,1.3513511208130164,5.799913479886483,-1.5641609945508212,-1.2598099089377084,1.1560871948194436,0.2505969886459804,0.24894871331581117,4.827882372511927
2024-10-14T00:00:00.000,119,6,0.2119205298013245,5,15,0.035698020516147434,0.93713163064833,16345.9405221997,0.9904075593913989,0.5819021960525501,2.272002398173151,-1.5712051361390869,-1.0878177852748847,0.6418087402493114,-0.6074839579095963,0.19425711139768734,4.231754001871269
2024-10-15T00:00:00.000,74,2,0.34513274336283184,6,27,0.028858073909443067,0.146925947750933,16344.589739602403,0.28045232188047825,0.02527054792346778,0.11088711782309417,-1.5665167212244822,-0.2830401097546269,0.13032594808330444,-1.2623241358836528,-0.39707465125036057,3.444636387670999
2024-10-16T00:00:00.000,102,6,0.1774193548387097,7,25,0.03144022593102713,0.49803690616411467,13750.9823633725,0.7492291727613963,0.36748119858722095,0.22700487324769975,0.15617510568421242,0.3712051782090685,-0.3767851531311385,-0.4968524769481422,-0.06756721442249405,2.759188077471341
2024-10-17T00:00:00.000,64,9,0.4336283185840708,8,24,0.008231194029376037,0.3042966450853443,14909.3621871198,0.10064530669615938,0.35803948776241945,0.17024521720928126,0.22970682208204735,0.39844808545502974,-0.37614947384265757,-0.08139848391279295,-0.2666948738938698,2.4321191212398987
2024-10-18T00:00:00.000,122,0,0.35106382978723405,6,27,0.06385113719399815,0.9501569858712716,20972.100494654696,1.1307060696479432,0.6502880860754752,0.34286778130344525,0.2870135338494971,0.42418712471834635,-0.23336461674844577,0.7582273177136283,0.3749550899870767,2.5981303717047792
2024-10-21T00:00:00.000,151,1,0.27751196172248804,7,43,0.06205420496870181,0.6905416012558869,21835.2315987505,1.200439732878042,0.6922945207728037,0.41874033133475796,0.29458752196663707,0.27730130673142855,-0.09185585417154293,1.0035661567000709,0.19055680284594537,2.7531653800023306
2024-10-22T00:00:00.000,130,1,0.3157894736842105,8,52,0.027111343102753,0.6962323390894819,19121.4787878326,0.8424257853560422,0.8046892134679166,0.5534754441315018,0.29569176207437753,0.3447475254037987,0.049763855074629784,0.9850561353394003,0.5950192572624684,2.8090705149892408
2024-10-23T00:00:00.000,126,2,0.37,9,47,0.0346992695523124,0.49774199882191245,19264.7049405531,0.7386458307978753,0.8025725450752125,0.6088661041789489,0.30168701852463436,-0.08042473984032697,0.19144915456817874,1.0121243920952472,0.5920794072840587,2.992226478715747
2024-10-24T00:00:00.000,127,3,0.2905027932960894,10,42,0.024815524522283364,0.3762512266928361,15201.8704060181,0.6644707443736385,0.9153376326107082,0.7600620278335377,0.31087828190868394,0.2390642830565949,0.3326521856980712,1.166084126109296,0.6437409571019952,2.9548815665667796
2024-10-25T00:00:00.000,186,1,0.25,11,59,0.0547054721326515,0.8268891069676153,17717.4970141733,1.3875541685862012,0.9667072523983599,0.912246385413237,0.3088566320923829,0.4633709127330645,0.6873827088262147,1.0700540988495297,0.5489806696877558,2.776059359186335
2024-10-28T00:00:00.000,282,1,0.14545454545454545,12,103,0.06498801562944231,0.793753682969947,18623.3285384978,1.8324497085863432,1.0931092475400201,1.2259126442168031,0.3084506043542821,0.7549832343161584,1.0392607493259685,1.0909608929034647,0.6210368272334346,2.61115978043003
2024-10-29T00:00:00.000,142,26,0.43873517786561267,11,71,0.020269591376823985,0.16555380989787902,20615.709500198805,0.45017091354580635,1.014658273177973,1.2460632927266755,0.26825036119755163,0.4813010678978145,1.2449502830723145,1.0230661376387618,0.22850889303823382,2.6104678766744596
2024-10-30T00:00:00.000,186,8,0.20851063829787234,12,68,0.04654623880066242,0.43202357563850685,18460.1757335569,1.2122223265020342,1.1093735723188047,1.3817612926990326,0.2584862949062476,0.8343495754096925,1.4487413941853298,1.1277167862971944,0.17872228472111257,2.5358373780130234
2024-10-31T00:00:00.000,209,14,0.3685800604229607,13,87,0.054465674998537134,0.6810683424980362,22166.5146592492,1.2958027626193507,1.235639975967947,1.5688314268271086,0.24069039057954827,0.6590288648653998,1.6498751823393962,1.3985898705864181,0.3995827683641643,2.732881328213595
2024-11-01T00:00:00.000,118,176,0.4158415841584158,14,47,-0.008202510989517174,0.18460329929300864,22298.719477681898,0.243385510935732,1.0068062444378532,1.391505064840493,-0.03848919931757748,0.2900351422706438,1.8474952939139127,0.8082972828924581,-0.07659302410736317,2.8253931505724066
2024-11-04T00:00:00.000,178,49,0.20535714285714285,15,42,0.019273802010897827,0.8354604358924014,16935.075638783,1.2647599176196067,0.8932682862445059,1.1246785188982376,-0.11425212447036992,0.15525964111753415,2.041024903921751,0.37777986382805545,-0.04913468745767635,2.71752188787401
2024-11-05T00:00:00.000,210,2,0.21933085501858737,16,70,0.05548167935128892,0.9452511773940345,23030.484227352,1.8121119056270394,1.1656564846607527,1.2784549316241312,-0.07531342206162642,0.6368651952133653,2.3720064765935627,0.6988383114210082,0.5183342344963071,2.730409665338521
2024-11-06T00:00:00.000,168,8,0.3684210526315789,17,76,0.047860438805601334,0.5108887580929958,25623.122595522098,1.297021071184403,1.1826162335972263,1.2249231733295385,-0.07469304271380821,0.2842242917695712,2.695192518162455,0.703677172352714,0.571509086821952,2.8734804354581622
2024-11-07T00:00:00.000,225,11,0.25249169435215946,18,67,0.039805215176168196,0.85167745732784,25045.62141599,1.7184928225944627,1.2671542455922489,1.251843809999316,-0.06912663903287122,0.5381599339144015,3.0095347357895,0.5620531101312096,0.6939820552702486,2.883632713073937
2024-11-08T00:00:00.000,156,6,0.35269709543568467,19,68,0.01851397652411389,0.4245930574622475,26810.5029812455,1.1340570529726997,1.4452885539996423,1.333527624199586,0.2026801903597673,0.6760541328873801,3.3029509344204913,0.8064666067154553,0.8677238870122392,2.927616502402577
2024-11-11T00:00:00.000,214,19,0.22743682310469315,20,64,0.042602655066797564,0.7559874361994503,25071.275194670103,1.734482178461556,1.5392330061680322,1.407716339633359,0.25045105109626875,0.6240738262791593,3.5704997958591576,1.017311225309698,0.8079104958031043,3.0966683091954774
2024-11-12T00:00:00.000,114,22,0.4647887323943662,21,49,0.006793399067508892,0.2745829244357213,25501.741169979898,0.7272157872570203,1.3222537824940281,1.1712895376350327,0.21874766523549902,0.08477515957167596,3.8087835615893075,0.5676293912630742,0.3171806957700768,3.0873704663935313
2024-11-13T00:00:00.000,83,27,0.39855072463768115,7,24,-0.000802907145489314,0.47693817468105987,20088.7139855908,0.11188598452215512,1.0852267651615788,0.9644107525178269,0.18871310720129736,0.01905577596596255,3.118986470455347,0.1213077517328526,0.2933139879463902,2.890799510311375
2024-11-14T00:00:00.000,58,27,0.5126050420168067,8,24,0.0031570412325114296,0.08457613814756672,18378.3517395349,-0.28102517497111357,0.6853231656484635,0.5654525543124945,0.16353073948668537,-0.5504894757258016,2.4307397081651363,-0.213831187730373,-0.2678852868420847,2.6697451078731875
2024-11-15T00:00:00.000,75,59,0.34210526315789475,9,16,0.016190408657326658,0.15361977633902296,18261.7369380464,0.13640728413876357,0.48579321188167623,0.37192502741490713,0.07961736557402645,-0.526428698683203,1.7577189210137227,-0.23467815188665084,-0.46405620796146235,2.4164542277003944
2024-11-18T00:00:00.000,91,106,0.3546099290780142,10,29,0.02198088443165062,0.2055359246171967,17572.914712924103,0.18192746651308792,0.17528226949198267,0.08044217105242193,-0.0580415633689418,-0.8035643096872122,1.1053523572021784,-0.42358282892026133,-0.8639840321634698,2.1903540923291636
2024-11-19T00:00:00.000,101,37,0.2986111111111111,11,18,0.011230724080133347,0.8744113029827315,15578.270250854002,0.641181299657781,0.1580753719721348,0.04844110859635549,-0.0805861601025563,-0.43857186441254836,0.47871409019679917,-0.38219663175876245,-0.4209750721097826,1.9017021333954394
2024-11-20T00:00:00.000,171,6,0.2119815668202765,12,41,0.06137813806878733,0.8482352941176471,16139.882637608302,1.293567014629975,0.3944115779936988,0.2525416564594195,-0.045680788200289146,-0.030707558516384736,0.7784130076728715,0.18680506384281537,-0.1476198329573256,1.7671294976547849
2024-11-21T00:00:00.000,123,12,0.29714285714285715,13,52,0.03179263704087428,0.46058823529411763,16110.574502019903,0.714130138885382,0.593442640764998,0.4019487089967327,-0.0204348040708829,0.43942491359999575,1.0748612618410398,0.44704379540027217,0.1290086698481286,1.6822459397396994
2024-11-22T00:00:00.000,76,23,0.525,10,40,0.027913291792430312,0.07624460995687965,17893.709022182597,-0.05145183384475037,0.5558708171682951,0.4015131725645026,0.03797380985579694,0.03954036325258814,1.129333943078895,0.5517257605614279,0.07492926564738389,1.6560794052174717
2024-11-25T00:00:00.000,170,28,0.18269230769230768,11,49,0.058177746630024035,0.7100568515977259,14897.1043504143,1.1282535018831363,0.7451360242423049,0.5827662721884288,0.1628632011376269,0.4096617396884394,1.182527622349228,0.8782876720354308,0.44153943086978203,1.558306231427198
2024-11-26T00:00:00.000,107,69,0.39204545454545453,7,37,-0.011568000012652627,0.2931608857534784,13047.662245175401,-0.23361537498522228,0.5701766893137041,0.5927904858954134,0.11226263186742946,0.20499124250975442,0.9378907907536325,0.6698882367750001,0.016288473910243816,1.4571249634844556
2024-11-27T00:00:00.000,104,25,0.22388059701492538,8,24,0.013535837936499496,0.810858486867895,14585.023839173999,0.5818875896738426,0.42784080432247773,0.4321457499915543,0.08251299112045218,0.17378625869209197,0.6928713539555204,0.23156404384384896,-0.012563575230835289,1.3945688078847116
2024-11-28T00:00:00.000,110,8,0.42105263157894735,9,36,0.03673498374088674,0.46784313725490195,14902.574410927798,0.3293947776537781,0.3508937320761569,0.3984830393574994,0.08948051220405084,-0.09395709754153621,0.4495633359227574,0.2747662759853899,-0.006548228350454396,1.344468286955392
2024-11-29T00:00:00.000,138,13,0.22033898305084745,10,38,0.030508988480470466,0.8041136141038198,17081.078865366,0.89758773377997,0.540701645601101,0.5396695687973031,0.10607966115728881,0.5654800521360075,0.44583953771164353,0.2969876966339446,0.5213222961706943,1.3095327066008253
2024-12-02T00:00:00.000,183,8,0.28515625,11,55,0.053898490614416386,0.8679208308837938,17864.3040891042,1.1161486915703835,0.5382806835385504,0.5658144544784042,0.13856525604271322,0.3415118836590805,0.4419046782029957,0.25646740106667726,0.6341245901012279,1.3895765212187547
2024-12-03T00:00:00.000,133,6,0.357487922705314,12,57,0.025395283246655007,0.4540466392318244,17156.7687485575,0.5511681358641685,0.6952373857084286,0.6223618061473019,0.2393186142629292,0.41588208806567784,0.7339952078815445,0.5909771970480836,0.7492940122934255,1.514832774260038
2024-12-04T00:00:00.000,97,22,0.41916167664670656,9,37,-0.0002711333938731866,0.1826376641191456,16629.356975065497,-0.0668330724890104,0.565493253275858,0.6022363288197896,0.24422859557092308,-0.0039153488848963965,0.7887011259180242,0.46627960993560363,0.2932937082751989,1.5676287532963633
2024-12-05T00:00:00.000,143,11,0.20994475138121546,8,44,0.03905033923430743,0.7205248726987857,14984.337166789299,0.7914439695807381,0.65790309166125,0.6748483331456402,0.2395364521165783,0.4476217978481206,0.7255860142210192,0.48640286617570094,0.47341659940505687,1.557909578716634
2024-12-06T00:00:00.000,134,7,0.3431372549019608,9,46,0.03185272667607313,0.6992554858934169,17885.973142194103,0.6200314830157475,0.6023918415084054,0.6611244422658874,0.24911475398622346,0.18354452934873,0.6625567465018922,0.4976171676838179,0.39646642718070285,1.5663188235915848
2024-12-09T00:00:00.000,120,28,0.3103448275862069,10,35,0.013466539972270179,0.39709917679341433,16342.227828735698,0.35431861579508744,0.4500258263533462,0.510273625836094,0.21727183337513067,0.12852541391276323,0.5993636852355622,0.1313490979026658,0.05453694918946541,1.5088601790217429
2024-12-10T00:00:00.000,116,8,0.40816326530612246,11,36,0.023629360764781893,0.5407523510971787,21998.8716816345,0.5020068166705774,0.44019356251462805,0.46716887999279033,0.21406904688126485,0.01993634091678862,0.5363234352057453,0.11343389244770626,0.1155994899352009,1.6148238522229004
2024-12-11T00:00:00.000,158,13,0.19387755102040816,12,40,0.030534200915263675,0.7439764936336924,17760.9667835803,1.0049702197962262,0.6545542209716754,0.6049268715937585,0.22832529623719414,0.4994708638718722,0.7091672533003223,0.3885924493634156,0.5202901393393856,1.6311066730957802
2024-12-12T00:00:00.000,158,10,0.25471698113207547,8,57,0.0344876460628278,0.6654915785350568,18666.1740597055,0.7414055728896665,0.644546541633461,0.6350951945014385,0.22978774005556363,0.3994656315813806,0.7030584820007263,0.3442182769804917,0.47908938377042,1.721111082544207
2024-12-13T00:00:00.000,101,19,0.37267080745341613,6,35,0.007812819269857678,0.15572967678746327,20689.987960868697,-0.03205965316330255,0.514128314397651,0.5539610171409476,0.2106175240679637,0.3342303694542825,0.5201789587993363,0.12463997951135712,0.08309263600844723,1.772177715801223
2024-12-16T00:00:00.000,120,32,0.4117647058823529,7,29,0.017122291399618208,0.3376394597768644,16995.3269874748,0.05444841833229112,0.4541542749050918,0.5496992204021793,0.20431928072906183,0.11750783240908484,0.33850781904228183,0.15573370657954913,0.039691283524186896,1.7736207816492986
2024-12-17T00:00:00.000,31,171,0.6025641025641025,5,14,-0.030003525644484448,0.10340775558166862,15099.885436907198,-1.0871822977794223,0.13631645201509177,0.34898028312820495,-0.05480751145953868,-0.29371222963695015,-0.018606001413458008,-0.32876096175604586,-0.2761534243871352,1.5772750096305657
2024-12-18T00:00:00.000,109,17,0.2482758620689655,6,21,0.0698826106933497,0.5406305071470531,13603.1877084646,0.6264960994900777,0.060621627953862056,0.23208818456102978,-0.05999430053543179,-0.41165488964896363,-0.3732181958419747,0.023213190059532263,-0.42442494448660784,1.4383423515694505
2024-12-19T00:00:00.000,82,29,0.32786885245901637,7,17,0.0021896207802100773,0.43419506462984725,14438.7829118716,0.021282664176924797,-0.08340295378868627,0.053421161220347305,-0.08898243506056826,-0.5656855829783539,-0.4306634175914385,-0.26638094810574436,-0.5909535164375086,1.3054240624324627
2024-12-20T00:00:00.000,98,18,0.27941176470588236,8,17,0.011222105174901407,0.6769712385051849,15148.0950514797,0.3716509110407025,-0.0026608409478852567,0.0445418442187248,-0.08614737443203516,-0.36749049498313263,-0.3111662827038825,-0.23376852864195294,-0.21288398484298177,1.1482889347500638
2024-12-23T00:00:00.000,32,219,0.42857142857142855,4,12,-0.020554097481097183,0.10315130162458407,15305.188489669299,-0.8554317842473081,-0.1846368814638051,-0.16122961212560336,-0.38192395516811917,-0.3997700824846776,-0.4882631435703506,-0.5689401490662819,-0.3833130125730354,1.0909817847414327
2024-12-24T00:00:00.000,83,39,0.3025210084033613,5,14,0.03910909737446,0.733607359561558,13073.9828589779,0.31704447954748954,0.09620847400157727,-0.04239385540369281,-0.16955584426751905,0.23438688643131939,-0.4887013450197518,0.05096638152420434,0.07164640194093504,1.0171106928055462
2024-12-25T00:00:00.000,46,63,0.30303030303030304,5,15,-0.004070191035183196,0.17430473952213082,12811.2422755329,-0.3397657864819409,-0.09704390319282644,-0.1899935981597654,-0.2409062010861518,0.11868385025176105,-0.5490819611063656,-0.6090909660615452,-0.19194059965690338,0.9830221534691859
2024-12-26T00:00:00.000,107,10,0.24647887323943662,6,19,0.04742934453032086,0.6880015658641613,12722.818531741299,0.533412974225446,0.005382158816877802,-0.13333761783835302,-0.20902183471460148,0.28815842593261853,-0.6094217720427277,-0.20790373003600898,-0.009081737713482974,0.9182833781307007
2024-12-27T00:00:00.000,79,19,0.35772357723577236,6,17,0.0011257352450343397,0.6686900332876444,14336.716308993999,0.04609015341363397,-0.05972999270853592,-0.17877701019373937,-0.20895319486632688,0.12277879653216184,-0.7283649712952489,-0.29530821909784394,-0.016091898277093362,0.8866065482383396
2024-12-30T00:00:00.000,55,29,0.367816091954023,7,15,0.01685068411889267,0.25607366771159873,12759.9911951808,-0.1306535904654075,0.0852256460478442,-0.1267548153456587,0.09451730187737431,0.24924520718487822,-0.5511398460105323,0.039153231821220026,0.09488830157508306,0.7966701412325452
2024-12-31T00:00:00.000,58,31,0.30952380952380953,8,18,0.020681198758370233,0.11141570393577442,13455.5005427509,-0.034290218815640684,0.01495870637521816,-0.18612596564538325,0.10760211351836964,0.23385057678213456,-0.37478979408746943,-0.12408627536241493,-0.35579804809503734,0.8040583375163282
2025-01-02T00:00:00.000,69,33,0.41025641025641024,9,20,0.013819356639788593,0.16258570029382957,13962.495670851598,-0.13250224519746295,0.05641141463211376,-0.13426521852555517,0.15533958986057766,0.007713918071011716,-0.13990742957526645,0.03279200395270519,-0.36429253173845344,0.8374995703797772
2025-01-03T00:00:00.000,53,118,0.3291139240506329,10,19,-0.0036716181695339873,0.09612372748629601,12675.970784633599,-0.2685783252286987,-0.10398684525871518,-0.2610791428541151,-0.015544297612252423,-0.16611787956989077,0.09412977553796763,-0.41856355391447675,-0.7901483371682201,0.8294155187699819
2025-01-06T00:00:00.000,67,96,0.3163265306122449,11,17,0.017463287694069067,0.42871132001566786,10584.7921244104,0.08565868609573847,-0.09607313872229428,-0.29009692344384297,-0.13661569029125217,-0.0802186599103045,0.3866209764648085,-0.2752217324412908,-0.9608492857489919,0.6838693443148144
2025-01-07T00:00:00.000,105,20,0.21641791044776118,8,18,0.0298962320050682,0.814053630847524,10764.6745762192,0.5345837231138965,0.03697432399356652,-0.17532738748509447,-0.12151773896786947,0.235589411153672,0.43991680337249284,-0.16162030975699992,-0.5586611198485736,0.6004406094873387
2025-01-08T00:00:00.000,72,10,0.3394495412844037,9,25,0.03671568601887829,0.35329810138970447,12428.188595831902,0.1988519423166318,0.08360275622002102,-0.14464899724466815,-0.08747109971554186,0.16863750471595568,0.49387046528761547,-0.021080719902971647,-0.38296177938510023,0.5588739197848582
2025-01-09T00:00:00.000,98,13,0.2283464566929134,7,28,0.03459012996250412,0.48904109589041095,11118.356291074399,0.33731612595122684,0.17756643044975898,-0.07901583997262551,-0.05508809930080005,0.5469687731347609,0.36872272234037506,0.16171614757983985,-0.14964703630811552,0.4493083456748786
2025-01-10T00:00:00.000,45,61,0.5360824742268041,7,15,-0.017838888688179972,0.10115437292115045,11481.095423525501,-0.7862987956313392,0.07402233636923086,-0.09976310011907763,0.035753385956895326,0.10871461389500361,0.18477273284737747,0.03597348914394769,-0.14665858096383355,0.3993638138243038
2025-01-13T00:00:00.000,53,42,0.3116883116883117,8,9,0.0035564393051657176,0.5810176125244618,9662.4623586631,-0.04469714195886334,0.047951170758310506,-0.13402298077021202,0.12144531013856234,0.11629939496003734,0.0022436629845416474,-0.08616923490850817,-0.03732835777349912,0.3531904006772521
2025-01-14T00:00:00.000,156,3,0.20408163265306123,9,19,0.056119204105484884,0.9915900645413651,13504.739461785297,1.026955798164399,0.14642558576841103,-0.01637356175046989,0.14866895906417216,0.1415087654072453,0.06002036284433473,0.14455631938972222,0.09287042802927462,0.4537278273945984
2025-01-15T00:00:00.000,82,11,0.31666666666666665,10,30,0.02319337178187462,0.3036168132942326,11886.8247821033,0.16444752227743556,0.13954470176057177,0.005604475777160105,0.14750619368975043,0.19098929942506887,0.11881417474053957,0.025730144862796872,0.058826064415421354,0.4293425594132656
2025-01-16T00:00:00.000,86,8,0.3384615384615385,6,29,0.029978839258599073,0.6162267839687194,12736.571769291,0.19352257180011018,0.11078599093034844,-0.023676655273988427,0.15587103984631825,-0.03926185919498918,0.057748784730749736,-0.015338316181799838,0.15191182142871418,0.4882471211574346
2025-01-17T00:00:00.000,65,17,0.2777777777777778,7,19,-0.0030721971478221213,0.5015643332029722,11353.9160974106,-0.02232967346385633,0.263579815363845,0.021694516895702187,0.2259412428699446,0.5041668246183814,0.05706650271761997,0.1168208011316694,0.4401052278345521,0.47926359147904574
2025-01-20T00:00:00.000,80,26,0.3548387096774194,5,20,0.015551976301142637,0.6872677488754156,11827.514313403999,0.01373242417749542,0.27526572859111675,0.08275840964655941,0.25140615906656266,0.4126570963888616,-0.12289352863924294,0.22093108121852617,0.5137491363331735,0.5682517461233773
2025-01-21T00:00:00.000,52,28,0.4157303370786517,6,20,0.015857675875480447,0.37106549364613883,12051.1047429435,-0.23875915569600373,0.022122737819036196,-0.16159797959688632,0.21180542186143098,-0.03313105952369848,-0.30182403531020496,-0.13380993674586608,0.06240935766293417,0.5110073963855445
2025-01-22T00:00:00.000,48,29,0.323943661971831,7,17,0.01183699305593696,0.1957413557335417,11356.8013961938,-0.20039250806796738,-0.05084526825004439,-0.24232569915109678,0.1834191277435105,-0.049250008029090964,-0.4799324243923676,-0.23430613361014574,-0.018766113015114126,0.48524437270399456
2025-01-23T00:00:00.000,46,31,0.48314606741573035,8,14,0.00886912406395896,0.433203125,13551.2469418195,-0.2396796457767104,-0.13748571176540852,-0.3367273947806934,0.14719040045511605,-0.3530348171078145,-0.3568581538876132,-0.41974739442172615,-0.15250001214976666,0.5092773895346389
2025-01-24T00:00:00.000,73,33,0.1797752808988764,9,16,0.014719193161038473,0.7393003713113152,12218.691566402202,0.4604449094494996,-0.040930795182737324,-0.31888763289687017,0.12219898787274974,-0.14690976616763018,-0.2347984927702597,-0.26493183885335353,0.018529254229996628,0.5382839223062066
2025-01-27T00:00:00.000,48,50,0.43529411764705883,10,10,-0.0043856307282610545,0.348378272762798,11177.384069267599,-0.2955763797378705,-0.1027925559658105,-0.3943058842082879,0.08471976057323398,-0.31690324894285415,0.06580253974526659,-0.439882762919585,-0.22601114434727382,0.5070328483388273
2025-02-05T00:00:00.000,83,49,0.30833333333333335,11,15,0.02608979509180631,0.6453125,12893.663121316098,0.3881225968622984,0.02258379454584992,-0.32252664050335117,0.05224331943155176,-0.09150561474921298,0.3645743093532222,-0.3505460531825565,-0.027493102175269922,0.5333403436465666
2025-02-06T00:00:00.000,100,4,0.2537313432835821,12,28,0.05433006632375899,0.8861328125,15351.585780713902,0.9468355294212685,0.2520294020436971,-0.20218391745440695,0.09270264090385004,0.05503819547056728,0.6613463128593928,0.02032654184527045,0.46916327969901,0.6678127609821967
2025-02-07T00:00:00.000,89,2,0.3732394366197183,7,27,0.045576582250941175,0.7631322007420426,19599.1260009704,0.49358982734781215,0.3986832966686016,-0.10335427307848928,0.13930821426826334,0.2837183132245843,0.5956551202310235,0.3385327736782554,0.7037931274853545,0.8331298008712201
2025-02-10T00:00:00.000,137,3,0.16463414634146342,8,36,0.04188696004464229,0.7590784849668099,17305.268442243098,0.8591872751526648,0.47843176980923463,0.04411624291810294,0.18725597002943667,0.31592727928312997,0.5310493483430151,0.5718537390341666,0.7118343935405521,0.9869854155162393
2025-02-11T00:00:00.000,80,2,0.3277310924369748,9,31,0.016131863123044106,0.3171255614137864,16357.0374340245,0.15146513100903064,0.5678400719586149,0.11633045953849677,0.26335382516208494,0.5419691102822456,0.46750646352341063,0.7481729548118679,0.6826723320745629,1.1548753583176359
2025-02-12T00:00:00.000,95,2,0.25196850393700787,10,23,0.026983424635781066,0.6594415153290373,16768.3123345524,0.5812381300502557,0.6064631785962064,0.1415124926158174,0.3369056237152054,0.6579693138388143,0.40516443204659075,0.7504153583068757,0.6861497684264514,1.2671252612236898
2025-02-13T00:00:00.000,74,8,0.36752136752136755,7,23,0.02269565302647206,0.2176884029675908,18195.2263247063,0.007401863839199908,0.41857644547979256,0.07798161128571446,0.32930254325763775,0.417308985579818,0.10433112897346235,0.47000437259202893,0.1960613031010922,1.335045173568795
2025-02-14T00:00:00.000,85,9,0.3253968253968254,8,17,0.017439142084956716,0.4503026752587385,17145.7994527865,0.19878576461006764,0.3596156329322437,0.06648077193782663,0.3170970276455004,0.5162385118257891,0.1652592328530093,0.2231154465737401,-0.03267978437167725,1.261798224061518
2025-02-17T00:00:00.000,112,8,0.3945945945945946,9,24,0.04046212668932156,0.6759024390243903,19410.4283528941,0.48695497203055654,0.285169172307822,0.0066780198623791805,0.3081737776796999,0.030673801534828748,0.22527062529511688,0.21275587881776334,-0.09107577595792811,1.303707878922895
2025-02-18T00:00:00.000,52,25,0.45263157894736844,6,18,0.0064918378052142315,0.13563622170179548,17988.0858943308,-0.37114893336003235,0.18064635943400945,-0.05990524965947232,0.2709080599113795,-0.23156891183353162,0.043333738800226486,0.12871885930629112,-0.22338294291359623,1.3364209624267698
2025-02-19T00:00:00.000,119,4,0.16783216783216784,6,14,0.03660262462450404,0.8563622170179547,17207.9231955279,0.7397543973893914,0.2123496129018366,-0.004446678516899938,0.2671979406663227,-0.05221070092701012,-0.19921843470992315,0.21515941523798093,-0.07727313220735148,1.3372388807697377
2025-02-20T00:00:00.000,106,1,0.22627737226277372,7,28,0.027731602865877954,0.6185828616045286,17563.4051554975,0.4958082731816429,0.3100308947703252,0.06925014979375003,0.27735750319374036,0.24321902468618886,-0.2016348252677232,0.2582120527360575,0.21397402240019453,1.3098383358500687
2025-02-21T00:00:00.000,118,4,0.1917808219178082,8,19,0.01743545557135976,0.5250731707317073,21920.3691332363,0.5577424870427302,0.3818222392568577,0.14459050978308205,0.283256471935605,0.5208429802209491,-0.20376201376453462,0.25283028067724395,0.26505833754266883,1.40993910840299
2025-02-24T00:00:00.000,91,19,0.34057971014492755,6,21,0.016439990627555648,0.5191331511128465,20799.0671358607,0.15379724854560192,0.3151906945598668,0.09246059825729087,0.26309515337812917,0.6294956899412946,-0.38584812458529616,0.03391780589981703,0.1450497666150674,1.428163972412765
2025-02-25T00:00:00.000,67,8,0.4017857142857143,5,17,0.013655431800576224,0.2876953125,18963.9211219756,-0.1860002755300294,0.35222042612586735,0.12412867842150717,0.2867388244176367,0.7284938926885696,-0.4473790469505997,0.08689045837483193,0.2473653261871723,1.4393048497419538
2025-02-26T00:00:00.000,107,3,0.3227848101265823,4,21,0.03301079470831364,0.789494239406366,19380.3993044805,0.36716399342458167,0.2777023453329054,0.09275385352093438,0.29876263304669204,0.394665997140625,-0.5695737628252727,0.05182044026722821,0.19539992632855907,1.4800873298515722
2025-02-27T00:00:00.000,87,12,0.2018348623853211,5,21,0.007175859216042205,0.3842547372533698,20042.4282027753,0.16825057581379335,0.2121908058593355,0.04605263469289559,0.28507113110022564,0.44331335559848045,-0.6911072070270242,-0.14237316986613927,0.018262801886719693,1.526116094630191
2025-02-28T00:00:00.000,52,52,0.3953488372093023,6,14,-0.00699547104875356,0.10060558702871654,18666.4287017446,-0.4782214100795876,0.0049980264348719276,-0.11030447381287592,0.18300494051318913,0.007353797117297956,-0.8125135205494788,-0.373829576734682,-0.2990765877219056,1.440351606232559
2025-03-03T00:00:00.000,67,36,0.4224137931034483,4,9,0.0010064711915475089,0.5843267539573969,16244.2992371213,-0.284813833507802,-0.08272418997580885,-0.16576033507105709,0.14279641108459476,-0.1722067621546685,-0.9341740954305271,-0.518078425184669,-0.2503078429806177,1.3186617199062831
2025-03-04T00:00:00.000,83,16,0.23853211009174313,4,11,0.01007695729593395,0.7468255518655987,14353.4867664849,0.1683810303216386,-0.01184792880547526,-0.12215823597815682,0.1322873196349329,0.17232747458465197,-0.9933073560867012,-0.5500776991435085,0.0922684484169382,1.185724546933517
2025-03-05T00:00:00.000,70,7,0.2857142857142857,5,16,0.01866122729916364,0.42379835873388044,14936.028069938899,0.03135930017910436,-0.07900886745457072,-0.20436554937454096,0.12152579961261098,0.25042193248549366,-0.9296941428782762,-0.6763202481488725,-0.17647805407855005,1.0618481902001407
2025-03-06T00:00:00.000,115,6,0.24342105263157895,4,18,0.031046793920012895,0.8236903831118061,19061.521462420096,0.5089843693759472,-0.010862108742139952,-0.12473507010053844,0.13468683105300966,0.16159743805761917,-0.9859853307190928,-0.44714447829946363,0.1539918796196347,1.031553969193852
2025-03-07T00:00:00.000,59,13,0.4824561403508772,5,19,0.00681887181866001,0.30857924565174905,18179.662185318,-0.37622933396496855,0.009536306480783862,-0.1054794781324397,0.22588880031642455,-0.023011338418585582,-1.0409250202772538,-0.313293142502745,0.3113972031664269,1.0121771212136599
2025-03-10T00:00:00.000,91,8,0.2288135593220339,6,14,0.011185530904557971,0.6007426226304475,15053.896655197199,0.2491544724068393,0.11632996766371213,-0.04075404087722589,0.29137839293446455,0.39187624862188297,-0.913566034829514,-0.21376449373145806,0.3273475139012622,0.9717921876265734
2025-03-11T00:00:00.000,65,5,0.23529411764705882,7,19,0.018455214501380737,0.537890625,14816.330683093302,0.2508751230948208,0.13282878621834854,-0.08398708167993847,0.31731231163286006,0.39907716812852934,-0.7262338341829344,-0.13081288138563893,0.1752051412102951,0.9792406798052674
2025-03-12T00:00:00.000,94,3,0.37333333333333335,7,21,0.024653593826258504,0.4883766360617308,16835.1024340508,0.15480037415101247,0.1575170010127302,-0.02061053337052828,0.3269240827047269,0.2129269679520842,-0.5994218552330249,-0.06970347789770866,0.227471701539318,1.0250321213942446
2025-03-13T00:00:00.000,53,15,0.28378378378378377,8,15,-0.0012197252902139016,0.2698691661784808,16063.979737958301,-0.0752828518792207,0.040663556761696605,-0.17756238499342641,0.30432460084706286,0.1285311641817141,-0.3530242002471145,-0.37619642873413595,-0.18512092740514624,0.9436930736829229
2025-03-14T00:00:00.000,92,6,0.25806451612903225,9,19,0.026040004832564117,0.833626244874048,17915.0138006665,0.6254961590883195,0.24100865537235422,-0.09190921212227285,0.3194951928835948,0.61202108435713,-0.10800844449850525,-0.19119065489138717,0.21504836266709987,0.9316042592108207
2025-03-17T00:00:00.000,81,11,0.2894736842105263,9,24,0.022629705453087734,0.5748631743549648,15727.300433158398,0.3406177427326731,0.259301309437521,-0.11667224834210703,0.31094815849159313,0.48254675193173024,0.07494179844408932,-0.08095671824122111,0.19850326096730972,0.9457981628112531
2025-03-18T00:00:00.000,79,13,0.24761904761904763,10,24,0.021856731771702168,0.55533866874878,15194.3943361649,0.4139032480167728,0.2919069344219114,-0.08059758457838619,0.2905189086849435,0.460100589990044,0.256221663039236,-0.048173990108218066,0.21323424938808272,0.9520447045376782
2025-03-19T00:00:00.000,57,9,0.3448275862068966,11,23,0.013334113985599064,0.2880859375,14662.3283180895,0.0520153794587183,0.27134993548345254,-0.17513653978858326,0.27491380991737824,0.5147429230034805,0.49577003799058394,-0.15785514430999706,0.059633316447168405,0.8873811451241377
2025-03-20T00:00:00.000,75,8,0.336283185840708,7,25,0.04296380797065814,0.3805154236626318,14413.048028562198,0.1780696382594566,0.322020433511188,-0.11822461557842864,0.29157741067664456,0.39803889044305796,0.4317387322122615,0.2716780855799523,0.1438531000908642,0.8354814311539649
2025-03-21T00:00:00.000,56,33,0.3563218390804598,7,20,0.014695868106459726,0.18641421042357995,15504.2333791399,-0.21230060015430752,0.1544610816626626,-0.209804691930202,0.22679693306421073,0.1783201877710294,0.3067209270900647,0.16066471711306374,-0.3494532324089127,0.7679827309393847
2025-03-24T00:00:00.000,54,53,0.35714285714285715,6,14,6.122177951858876e-6,0.2465352332617607,14503.8023867423,-0.3842679844109447,0.009483936233939038,-0.2780829827775594,0.1264630195641862,0.027614049266019403,0.12092377590526704,-0.06107018592547444,-0.5979536105023002,0.7284934881074351
2025-03-25T00:00:00.000,58,50,0.3958333333333333,7,15,0.01935594631438957,0.4424502536090519,12580.005480565,-0.1905322646767266,-0.11140316630476084,-0.3306578792587382,0.03866909526154244,-0.30020790811136977,-0.06416631317948883,-0.08566565419855592,-0.6806631960876227,0.6428696914409076
2025-03-26T00:00:00.000,92,12,0.2396694214876033,8,14,0.022365388512539917,0.6781743709771796,11540.7586052153,0.35008655065229505,-0.05178893206604549,-0.2401292021589704,0.03277558613832129,-0.06626115885213993,-0.24830288673714757,0.0021569157147954656,-0.3789446597349052,0.5361828811677283
2025-03-27T00:00:00.000,54,30,0.39325842696629215,5,12,-0.009389639344915627,0.34750390015600624,11903.813184793798,-0.5145951718133658,-0.19032189408060998,-0.29304932190358596,-0.0185632113814097,-0.19258155203372013,-0.37194627311850015,-0.505990439708217,-0.4010715367910245,0.45094907637218806
2025-03-28T00:00:00.000,35,37,0.4927536231884058,3,6,-0.007886033316829688,0.17674600078033553,11187.7121213301,-0.9056666881127835,-0.3289951116723052,-0.3459141412726374,-0.026596090981607524,-0.49473509265435744,-0.6153234342140158,-0.7229543867829497,-0.40552712872214636,0.3080844929215789
2025-03-31T00:00:00.000,42,48,0.3333333333333333,4,8,0.017997112055680047,0.24336973478939158,12213.0034709097,-0.3679096960581078,-0.3257234540017378,-0.3755075217567286,-0.013053650076942558,-0.4403313982420031,-0.7342150513076525,-0.5445554263979007,-0.4049033230853298,0.2325021928543935
2025-04-01T00:00:00.000,65,21,0.38095238095238093,4,11,0.021627443522185624,0.7121123464014043,11319.447857829002,-0.09390632363877637,-0.30639826579414775,-0.35669600693164355,0.057894416142807624,-0.4053735175773728,-0.9116106703030173,-0.5197246380113627,-0.19534574266624705,0.18606829878780234
2025-04-02T00:00:00.000,49,19,0.379746835443038,5,8,0.0023812896503088016,0.5133554299083642,9743.0105907816,-0.3614421571746284,-0.4487040073595324,-0.46534598544664296,0.042356819678854296,-0.7131118550340576,-1.0873668731351485,-0.7107318616251289,-0.31905805130518033,0.11232975535057776
2025-04-03T00:00:00.000,57,34,0.2597402597402597,4,10,0.030184195534694307,0.37382995319812795,11374.596524468601,-0.0590271081099847,-0.3575903946188562,-0.4561157957447398,0.03400048525766096,-0.41418301652952777,-1.1397176318856128,-0.3229386755988822,-0.29621079384604293,0.09203266601515205
2025-04-07T00:00:00.000,23,3038,0.3783783783783784,4,12,-0.011906431473781955,0.01794771751853297,15870.7960830382,-5.831996909879874,-1.3428564389722744,-0.48463109768906676,-7.156563255535792,-0.15672356485241576,-1.0701977846757114,-0.3586979235768659,-0.41494650283447126,0.24176505635840387
2025-04-08T00:00:00.000,122,190,0.18666666666666668,5,17,0.0981553361570293,0.5923542032377609,16252.8555552995,0.8156265102230862,-1.1061491977160354,-0.2796072657405527,-7.262425292115081,0.16847309065325422,-1.00235590109274,0.4165585895222761,-0.1471067080424112,0.3634191028030064
2025-04-09T00:00:00.000,116,14,0.2795031055900621,6,24,0.03755912881405373,0.8331384015594542,16992.742840657098,0.5416273468639482,-0.9790424636154906,-0.1496668441738132,-7.26285974373764,0.39097470600078243,-0.8753457498791487,0.5635674414054465,-0.055861504484374214,0.5358944495603142
2025-04-10T00:00:00.000,173,2,0.2791666666666667,6,26,0.046115371381305524,0.9153996101364522,16091.864996396402,0.7354447658998116,-0.7596650790006024,0.16508256313017222,-7.256649320028201,0.6107885494589814,-0.8107413301369484,0.9766371329711273,0.24894878634281464,0.7482780652578367
2025-04-11T00:00:00.000,103,11,0.2896551724137931,6,28,0.007957245085935045,0.6104503801910703,13484.808292413201,0.10354735756071856,-0.7271501858664619,0.27996578551734835,-7.223585815817327,0.5402231769112447,-0.6871401858695556,0.7581613681501768,0.4249957100928764,0.8173286599500035
2025-04-14T00:00:00.000,129,4,0.2752808988764045,7,22,0.02730564629345058,0.843603744149766,12772.8046183648,0.46212356445377045,0.531673909000267,0.546662456710677,0.01495912711311449,0.7630176215868756,-0.5044911581525356,1.1301831566820248,1.0519011181217972,0.7194850409399152
2025-04-15T00:00:00.000,80,12,0.3220338983050847,4,23,0.0029159075720743472,0.45142411236831836,10770.3920170623,-0.2664706069223436,0.3152544855711811,0.4367373663513915,0.1870538576452652,0.458948409104435,-0.564222558843556,0.20940641716002636,0.9400619953563771,0.5387959122243281
2025-04-16T00:00:00.000,54,16,0.31645569620253167,5,21,0.010100282860102639,0.18596491228070175,11117.1489977024,-0.34888818436183744,0.1371513793260239,0.2770939746983803,0.18475377898286827,0.37449655453839414,-0.6232601518175196,-0.0499784441192193,0.4434666418786465,0.3534873011206171
2025-04-17T00:00:00.000,100,12,0.24242424242424243,6,23,0.03493202906771033,0.5709551656920078,9993.3631580272,0.24254093390189774,0.038570612926441136,0.08986424455637591,0.174786564840305,0.4523671294437549,-0.6207146567776607,-0.1548492325181123,0.18148940726267548,0.14705083367774976
2025-04-18T00:00:00.000,65,23,0.32989690721649484,5,19,-0.0010802418902970741,0.42912848508481183,9145.1830430541,-0.35815370030510024,-0.053769598646722615,-0.007340105179007755,0.1631432023716491,0.35967278804224867,-0.6780143476975137,-0.2383469763142973,0.04520934084114055,-0.020711092591277857
2025-04-21T00:00:00.000,114,24,0.21379310344827587,6,19,0.023853062857281223,0.8108793137063756,10411.7531524066,0.37087883732981186,-0.07201854407151434,-0.04615495800332022,0.1436542079471677,0.4923867091090763,-0.7358247211329012,-0.27033922381674036,0.021327371557357245,-0.10917919416123964
2025-04-22T00:00:00.000,92,24,0.25806451612903225,6,29,0.02236485155138765,0.4805929393407451,10898.291986718,0.08152748843243492,-0.0024189250005586444,-0.016531441465907896,0.13193432940656005,0.6293083550556473,-0.6125782447402417,-0.08790596851773935,0.04391211256286143,-0.10507161730509018
2025-04-23T00:00:00.000,72,35,0.36283185840707965,4,16,-0.008015391868318972,0.5909534022226555,12295.8067716865,-0.3244465706000042,0.0024693977518080003,0.02751735390053032,0.11343546584825873,0.5206530544647638,-0.6709579096976671,-0.262331378602538,0.3521697275451302,-0.06320052919582181
2025-04-24T00:00:00.000,64,36,0.37254901960784315,5,19,0.016148105107993842,0.2938194579840125,11088.5825710628,-0.3430013304634998,-0.11463905512127151,-0.06550334390122863,0.09013613228332465,0.22770161241834633,-0.7291702881029594,-0.4418992794640616,0.1367518905908372,-0.020490109673158834
2025-04-25T00:00:00.000,76,35,0.3504273504273504,6,12,0.0016594535644434668,0.532176287051482,11134.073891343198,-0.20755068242318211,-0.08451845154488788,-0.03901202141438653,0.07849084514878353,0.179184372028324,-0.6665337743557754,-0.4186431682058629,0.2133826368498141,0.06150194913488827
2025-04-28T00:00:00.000,53,80,0.3375,6,14,-0.007780636828327644,0.23115970324092153,10561.55076075,-0.5129131392579929,-0.26127684686244884,-0.1954742592352521,0.02324862531088278,-0.09921387025513748,-0.6646824248054259,-0.7240812767884679,-0.23394672284166126,0.06521200057792029
2025-04-29T00:00:00.000,76,62,0.30275229357798167,7,9,0.017035331159032285,0.6634615384615384,10219.2619757064,0.033766097397134626,-0.27082912506950885,-0.23770414442768367,-0.017817632406766315,-0.19978135555489654,-0.603654821885492,-0.7768646182996566,-0.09552873317621542,0.03554743026414877
2025-04-30T00:00:00.000,98,41,0.3049645390070922,5,16,0.019280784209731994,0.6288012556405729,11691.2486503281,0.0398457716942101,-0.197970656610666,-0.17078914216033653,-0.02722449722988518,-0.0717897703904076,-0.5442424522500191,-0.5179002794192457,-0.06606855533323634,0.012220100508468635
2025-05-06T00:00:00.000,143,29,0.1875,6,40,0.0441207161108713,0.9181800429603593,13359.8351351058,0.7344082799381687,0.01751126546966768,0.03160632740445042,-0.02377258298166186,0.3409575144348076,-0.4858956524329853,-0.24682334825792127,0.41582083517987434,0.09068576494111026
2025-05-07T00:00:00.000,100,15,0.40119760479041916,7,49,0.03796427616439748,0.6135077103259808,14680.976766179701,0.17902303837644457,0.094826009629593,0.09253287038363286,-0.007509777514552313,0.22421715052335975,-0.4281888412778754,0.09935424591611497,0.47574758961691854,0.20762882975955294
2025-05-08T00:00:00.000,104,10,0.2463768115942029,8,35,0.020058243571452635,0.7177985948477752,12932.585081258201,0.3710452906729838,0.27161769561578836,0.22223789247862383,0.05821124932218726,0.4265550518078209,-0.31013268300116537,0.3644332833667488,0.8480171811534479,0.2920018941828556
2025-05-09T00:00:00.000,60,10,0.45454545454545453,5,28,0.010827844488386772,0.21838407494145198,11918.856247276803,-0.537621682675484,0.15734013960126464,0.18092355174716152,0.10959581280025794,0.08625010493566525,-0.4336962514264261,0.3020351085943565,0.5014406376197115,0.35483201293812605
2025-05-12T00:00:00.000,89,4,0.29365079365079366,6,24,0.02716730278807688,0.7550741608118657,13082.757026244199,0.259098208190882,0.20119062690059897,0.15612529656143764,0.14588716842956284,0.10981625584621173,-0.374819733170559,0.3754228690225605,0.5963866354038471,0.39951589621113237
2025-05-13T00:00:00.000,71,16,0.39316239316239315,7,23,0.013071538827138449,0.36702439024390243,12913.6520192226,-0.21359188868841647,0.011590593175281943,-0.029978441230100662,0.1582332324823179,-0.3502948603532629,-0.3155148631564849,0.07059308365132569,0.167188255687158,0.3809077451460207
2025-05-14T00:00:00.000,89,10,0.22608695652173913,7,26,0.033345661032128354,0.4197073170731707,13165.9919040473,0.26448611000520433,0.028683207501033897,-0.05890954992315708,0.1626983373113664,0.04052715780129947,-0.3171054700547521,0.02436959578823088,0.018599035203943137,0.3306033463803069
2025-05-15T00:00:00.000,77,12,0.3418803418803419,8,33,0.02457991091462393,0.24902419984387197,11522.4460193635,-0.09445036991614739,-0.06441592461679234,-0.12794094711438664,0.1603295231847967,-0.17132916988718694,-0.31803847273259933,0.06883878657963097,-0.3409883847740738,0.27821719242627285
2025-05-16T00:00:00.000,71,13,0.37719298245614036,9,20,0.010004188546172186,0.5601951219512196,10894.312941658201,-0.06543898266554027,0.030020615385196413,-0.09935375223244744,0.15698682882507264,0.0035338446882230866,-0.07636657401715163,0.06085043793836149,-0.07290918131092895,0.23740270380524597
2025-05-19T00:00:00.000,122,1,0.24691358024691357,10,30,0.04161499945764236,0.6634127294025771,10863.051876446,0.564626091427878,0.09112619203259562,-0.01413029804234509,0.15945380634725564,0.10906657592890714,0.16451985357582508,0.20276230683867383,-0.13979696561981467,0.15600806519966784
2025-05-20T00:00:00.000,100,10,0.3630573248407643,5,43,0.032758031112542205,0.7020280811232449,11695.3298154979,0.09745052988553479,0.15333467574738588,0.06047070531567038,0.16475324843461714,0.17723870600678443,0.0406128393746364,0.3945630325322568,0.1231238646763094,0.11258033389142703
2025-05-21T00:00:00.000,83,3,0.26548672566371684,6,34,0.02138567191641808,0.3034738485558158,11732.6072748106,-0.0321213154536935,0.0940131906556063,0.04495033491822077,0.17090516791818403,0.09108704803300387,-0.0218451368592688,0.27797495300297564,0.03301081385923856,0.06200915371689052
2025-05-22T00:00:00.000,51,18,0.4574468085106383,4,19,0.011496270045041706,0.169140625,11025.199696331001,-0.6536363547517439,-0.017824006311512996,-0.022532043016643733,0.16401181995150632,-0.16316529995972784,-0.26540136040274076,0.1499926087779734,-0.029379068724180925,0.041705299193223
2025-05-23T00:00:00.000,52,21,0.4090909090909091,5,14,0.006140462713487501,0.20499804763764154,11553.8622218369,-0.5374139433343591,-0.11221899844527676,-0.07216156473257444,0.15502933733541405,-0.23232102004975203,-0.5081704520040635,0.11122263980924654,-0.3046484748619545,0.06551654538674698
2025-05-26T00:00:00.000,85,4,0.2857142857142857,6,16,0.026159510838680036,0.6935546875,10097.7262258426,0.1417241500566062,-0.1967993867195311,-0.16836000422247224,0.15100884336215353,-0.3187710315007604,-0.7513668525299397,-0.04125153997810593,-0.28099838295256585,0.032143260784973274
2025-05-27T00:00:00.000,95,5,0.26356589147286824,7,35,0.03818226211359915,0.4958984375,9987.5422649049,0.20699830004675326,-0.17488983268728742,-0.1820083485971939,0.15501685637619006,-0.09837241833521651,-0.6305186277492768,0.010415500712143833,-0.44089240514586614,-0.037869386071792105
2025-05-28T00:00:00.000,75,13,0.3644067796610169,8,25,0.018771892346895747,0.3311840562719812,10097.5076446823,-0.1773740192309152,-0.20394037344273178,-0.2032792357695096,0.1441667387252314,-0.3183424281851667,-0.5105412887126008,-0.016511108634132715,-0.4185322250191355,-0.10454306650380799
2025-05-29T00:00:00.000,118,16,0.19727891156462585,6,27,0.03104046742622843,0.8252294473735599,11852.3108180148,0.48536176003303394,0.0238592495142238,-0.03221065048784375,0.1454173222189507,0.2565785256562725,-0.3924439840787827,0.17215934043898784,0.09269943453585308,-0.07518524168387068
2025-05-30T00:00:00.000,52,19,0.38823529411764707,4,20,-0.0035898794163803163,0.21019730416096893,11388.159530154702,-0.6220409882794334,0.006933840525208934,-0.03305414579927278,0.1468781815460874,0.3019908966428356,-0.45721844740164463,0.07683370654883012,0.09650203238458518,-0.08339534024495815
2025-06-03T00:00:00.000,82,13,0.29914529914529914,5,17,0.03343194150369147,0.6236559139784946,11411.9483241503,0.11124354067224003,0.0008377186483356974,-0.04132711444730429,0.13750989975158434,0.2717800419701509,-0.5195846624345093,0.14758916239100922,0.042432988591991495,-0.032536285284572364
2025-06-04T00:00:00.000,87,2,0.36496350364963503,5,25,0.028551063936197565,0.7391134544034368,11528.5272571676,0.055374517883411314,-0.029487037784332693,-0.06288433137297056,0.1400809210965725,0.04645138680424099,-0.6410472391589616,0.052821571713730905,0.23095178822325346,0.02721663820380558
2025-06-05T00:00:00.000,76,13,0.3090909090909091,5,15,0.005592946321134516,0.501073589693539,12901.920233168199,-0.14242268418196866,-0.022496770774543384,-0.061427400477271,0.13964749087834555,0.16769928329243267,-0.8216142641092086,-0.07565146451047901,0.3629635845568505,0.13090537494752627
2025-06-06T00:00:00.000,65,5,0.38095238095238093,6,16,0.017681739031852352,0.48439328911431917,11518.421375650802,-0.1882287291469527,-0.1572148686105407,-0.19879297931641182,0.15010512916313715,-0.2406601851561815,-0.8178290116573754,-0.2046192648793721,0.09531944555021091,0.11597278602220802
2025-06-09T00:00:00.000,90,4,0.3382352941176471,7,21,0.03136945562983581,0.7625927372120266,12862.2487176766,0.2525148666644715,0.01769630237824027,-0.10257313679001719,0.1644487501688783,-0.13193479611041087,-0.6318032809861547,0.13673934594888087,0.5230879061281476,0.16590932828835822
2025-06-10T00:00:00.000,62,2,0.38613861386138615,8,26,0.02975105421096874,0.22913416536661466,14151.798217333198,-0.11207365058797948,-0.026967135873803633,-0.155795443343987,0.17474727843812654,-0.32653030648887327,-0.4481296157728131,0.0993398211809052,0.2117811593392918,0.2558171555307247
2025-06-11T00:00:00.000,71,7,0.36607142857142855,9,18,0.02189125330388095,0.6293120249464043,12552.7423339882,0.10413355181405336,-0.017215329087675226,-0.19852585849090468,0.1690852670166773,-0.33140724811562017,-0.20541746342512618,0.03304959287316784,0.12386324074589054,0.28884516578218916
2025-06-12T00:00:00.000,73,5,0.27722772277227725,10,23,0.030248756322249864,0.4279867472227636,12716.2989414799,0.2416764180430629,0.05960449135733109,-0.20797796994149548,0.17625584954518433,-0.2621511430256631,0.09657607848003458,0.27189125110391776,0.06417088532970558,0.27846648800963425
2025-06-13T00:00:00.000,63,21,0.25882352941176473,5,11,-0.02082347273346197,0.15494055739621906,14670.647434024198,-0.44619633916092033,0.008010969354537567,-0.2148477346853293,0.15939844838365566,0.007822252881127745,0.02823913508253917,-0.10911834837582904,-0.19472402139722136,0.3793070535928205
2025-06-16T00:00:00.000,75,7,0.27884615384615385,4,18,0.040599584636295066,0.6577717179587067,12149.112329129399,0.15966872443344782,-0.010558259091667166,-0.25512330626664925,0.1554893496429246,0.13683830024444954,-0.1624140167943803,-0.021556518484820784,-0.27673240253202336,0.34959078054882975
2025-06-17T00:00:00.000,60,10,0.3548387096774194,3,13,0.011622559575511095,0.41934228449114613,12070.7737267358,-0.3757749568244114,-0.06329852033895356,-0.26225034480266385,0.14637537111993043,0.20038468023561537,-0.47507709547071464,-0.19911970412115326,-0.129172134802076,0.27576958546838765
2025-06-18T00:00:00.000,50,13,0.3333333333333333,4,15,0.011207649940886912,0.33644677952909124,11909.2584767416,-0.3709542473319359,-0.1583160801681514,-0.31823210031764326,0.13918741874755397,0.26912973766895215,-0.7854613611308172,-0.3027426846162172,-0.35843996329061983,0.2483463917617322
2025-06-19T00:00:00.000,39,23,0.4090909090909091,5,8,0.015227864567046605,0.1342934994161152,12505.043019874702,-0.5514068118519257,-0.3169327261471491,-0.4076720935957729,0.1201868064134994,-0.03435112229467583,-1.0950453653155878,-0.44875462010803746,-0.5895883509366261,0.23669566280715726
2025-06-20T00:00:00.000,52,21,0.2463768115942029,6,9,0.006639652782506755,0.28540856031128403,10675.8695639784,-0.2430977092173844,-0.27631300015844196,-0.4376312668887395,0.11878777793376587,-0.007087025518672907,-1.0347584295970553,-0.17771086101684536,-0.48932739011148935,0.09353619408994338
2025-06-23T00:00:00.000,84,3,0.22935779816513763,7,20,0.03927127415387396,0.8204479065238559,11224.570049047701,0.4422979443364121,-0.21978715617784905,-0.4152639117896359,0.12137128557109364,0.10465016094638105,-0.8510399614193733,-0.19163521098761385,-0.36168133052171497,0.055088874955920186
2025-06-24T00:00:00.000,85,19,0.22727272727272727,6,19,0.016472549650865264,0.8814944541739638,14142.732840749102,0.3366754955704699,-0.07729706569887282,-0.35142395021882816,0.11131089923205018,0.39135126863596786,-0.6671312786206851,-0.1455223635590553,-0.0008152840412836149,0.12115124867972482
2025-06-25T00:00:00.000,77,7,0.27358490566037735,7,28,0.03298182670272885,0.7266536964980544,16025.351982246299,0.3672625929295462,0.07034630235342361,-0.28216899290910624,0.11641308025982271,0.5249711261537662,-0.48341281044300316,0.06564206570717566,0.3029352895268285,0.24804435817848192
2025-06-26T00:00:00.000,72,7,0.3076923076923077,5,23,0.028479394510455648,0.2956048230260599,15829.547402049302,-0.06387404603779288,0.16785285551625018,-0.19723352393872165,0.131507645874259,0.7564487883441171,-0.4854556274011025,0.19311793050102607,0.42882383814697744,0.3477609370871959
2025-06-27T00:00:00.000,60,6,0.3877551020408163,4,10,-0.002332987551475191,0.6284546516154146,15409.3560421506,-0.29859592801428264,0.15675321175687054,-0.17696426611490906,0.14608501624947196,0.4333194493809698,-0.61069596109324,0.10452825439847273,0.6964502446174835,0.5045497448598452
2025-06-30T00:00:00.000,94,7,0.21008403361344538,5,15,0.03652778775352443,0.7539898793304788,14866.3685385848,0.4251116053643404,0.15331594396245618,-0.15189902144847536,0.14178424514487292,0.477302503746828,-0.7345736905798518,0.07755043117989095,0.6400135629781126,0.6230335767158164
2025-07-01T00:00:00.000,74,8,0.3565217391304348,4,15,0.022834542043556286,0.48978002725326064,14658.046813198402,-0.1420732727388065,0.05756619030060091,-0.1810565647356149,0.15251947341807917,0.18427746200878775,-0.8573732012146656,0.13961044449551985,0.33185626581951705,0.6331294523125836
2025-07-02T00:00:00.000,62,9,0.3111111111111111,5,13,0.0023055342345632977,0.36156542056074764,13767.2670015086,-0.2806069792744042,-0.07200772414018917,-0.2207870839692086,0.15031635764502232,0.09908221458986248,-0.9793489765212083,-0.15842515818729352,0.044955662820277145,0.5601529146412247
2025-07-03T00:00:00.000,66,9,0.26666666666666666,6,15,0.014438945685333111,0.6088395638629284,13095.867115745601,0.047445042385267984,-0.049743906455577004,-0.23740114007785076,0.14799022279310153,0.19168012479859406,-0.9141351038350617,-0.294494180706828,0.2875375155986968,0.4706152162403095
2025-07-04T00:00:00.000,41,13,0.44594594594594594,4,10,0.006267667481696952,0.22250340665758225,14283.6485127025,-0.6278044960474778,-0.11558562006221602,-0.28773596390222683,0.14062556394290546,0.0576423535776549,-0.9091370486738934,-0.20999569190091857,-0.03221301669573382,0.4317144632167004
2025-07-07T00:00:00.000,79,7,0.15053763440860216,3,14,0.03618468985556402,0.6131983648043605,12084.9682844896,0.25745247102013574,-0.14911744693105694,-0.32754927662447475,0.14000455509573018,0.1933567399458584,-1.0264496774563932,-0.2136298180195361,-0.14349396444789025,0.3339393129893072
2025-07-08T00:00:00.000,76,7,0.24,4,18,0.021770355725656623,0.7903445590811757,14537.6411665298,0.20779341085966932,-0.07914411021136178,-0.32321015779174284,0.14018285821562992,0.45745256636431647,-1.0189786386524957,-0.22435546891216002,0.08947215042667597,0.32542791887024414
2025-07-09T00:00:00.000,60,6,0.3939393939393939,5,21,0.032542240986098855,0.3521400778210117,15049.761554946099,-0.1879396528548239,-0.06061064492744572,-0.3292729515171867,0.1423011568944004,0.2675329862740443,-1.0127343343278468,0.06808787022977403,0.07951855470464333,0.3602922032500516
2025-07-10T00:00:00.000,68,15,0.2765957446808511,6,20,0.03072962813813523,0.5426070038910505,14939.361308791002,0.14500884150056262,-0.0410978851043868,-0.32483435091535967,0.13558341204452035,0.24414909980586136,-1.00778241415069,0.2250726032832901,0.02626354476061587,0.4138629094410545
2025-07-11T00:00:00.000,68,14,0.3333333333333333,5,20,0.024181339285070914,0.5384017110635816,17118.439539302002,0.0030353056491485087,0.08507007523493845,-0.25562340089540986,0.1339085646296842,0.49962433018551655,-0.9422164569638788,0.39704129865822163,0.2723747121994478,0.49038147883098804
2025-07-14T00:00:00.000,72,20,0.2871287128712871,5,21,0.023213309951217488,0.5873540856031129,14584.576471259199,0.04932060682903059,0.04344370239671743,-0.2744701522356725,0.12056046018979635,0.18554142153352773,-0.8175749797128302,0.26897692840376586,0.2524078957110526,0.5686643428873824
2025-07-15T00:00:00.000,51,28,0.34615384615384615,5,16,0.013078303347589913,0.24747081712062258,16118.0126333027,-0.3227434741778315,-0.06266367461078273,-0.3400005417686971,0.09953083360918874,-0.05883487943886612,-0.7567214122605718,0.18304881865364586,-0.1750984355930672,0.6094298945228888
2025-07-16T00:00:00.000,68,11,0.29896907216494845,6,16,0.031045166438771234,0.6143218525004864,14418.536969431401,0.13597941066643807,0.0021201380934696536,-0.3196483368620851,0.09456828773865292,0.15486158557743637,-0.6966248520003944,0.16739945456804878,0.030799910285559985,0.5834849173470694
2025-07-17T00:00:00.000,66,7,0.34,7,21,0.03193107698447112,0.6607003891050583,15391.163242906601,0.16141176333755072,0.005400722460867274,-0.3255693887217237,0.10251768260867862,0.006349355726359846,-0.6369088048288722,0.1773061269746417,0.1232256107533464,0.5908844747136406
2025-07-18T00:00:00.000,51,3,0.34615384615384615,8,17,0.019512816677958546,0.4921190893169877,15708.5594839022,-0.005813912066182568,0.0036308789178010593,-0.370321131812715,0.11350985007826467,-0.024559450201728845,-0.4548676092925354,0.1304338104078647,0.08530088458201886,0.5459197986634388
2025-07-21T00:00:00.000,126,6,0.19745222929936307,9,13,0.020698129915459676,0.7391473622737006,16996.870100283402,0.5923300634432379,0.11223277024064253,-0.23066966244048176,0.127359379101442,0.18173157658772576,-0.2115330428541405,0.10388532045070802,0.20434935820244265,0.6105064626368019
2025-07-22T00:00:00.000,108,11,0.18796992481203006,10,62,0.06337857772552319,0.4617332035053554,18927.2491825083,0.7887372799902764,0.33452892107426413,-0.08400179980367495,0.14405467252819246,0.5454248781937358,0.09276199401989867,0.593240210697752,0.3707456873782519,0.6794768045056935
2025-07-23T00:00:00.000,57,12,0.5128205128205128,4,30,0.00916108791734683,0.23798404358824674,18642.7463882025,-0.6239877397134167,0.18253549099829317,-0.11490970796862528,0.1426235915827097,0.04936312083411805,-0.035928803650914866,0.3771051642683796,0.0674183539183019,0.7920767180040833
2025-07-24T00:00:00.000,78,2,0.27102803738317754,4,17,0.027708848955227055,0.8098481899571818,18444.017795233398,0.27707111718011274,0.20566736176680558,-0.08493173670637288,0.14725274086342943,0.20793792022848362,-0.22406470190794153,0.334327108723003,0.18985775269149655,0.8692924484755409
2025-07-25T00:00:00.000,48,16,0.4146341463414634,5,9,-0.011724445723236011,0.47723735408560314,17869.821931559498,-0.456739504617437,0.11548224325655469,-0.09425861975459611,0.13394044677397643,0.04938505522843739,-0.40988309510124327,0.03015291950437038,0.17701703610138692,0.9220219600435511
2025-07-28T00:00:00.000,62,12,0.31868131868131866,6,6,0.010013018972380704,0.5203267846722428,17419.1394761574,-0.05919543505379586,-0.01482285644285208,-0.2618651955572556,0.12773140243707118,-0.23057908406183264,-0.5939400196191127,-0.07279699638646783,0.0016737676664553974,0.9260161304211778
2025-07-29T00:00:00.000,48,8,0.3684210526315789,7,11,0.018773886247523696,0.4163265306122449,18028.878071967,-0.10765452379062523,-0.19410121719903242,-0.4184211338437924,0.13055741268759538,-0.6459861479857552,-0.776542024927237,-0.5083408846586885,-0.03609707432963176,0.8961213326642825
2025-07-30T00:00:00.000,55,10,0.2857142857142857,8,13,0.03531900122262091,0.317201166180758,18439.650471939698,0.1480231441331379,-0.03969904042972149,-0.42346190953766116,0.132500919551349,-0.1186869139553823,-0.5245682936729787,-0.2532856344929607,0.025489309583193266,0.8841192395163903
2025-07-31T00:00:00.000,50,9,0.4186046511627907,9,14,0.015067698249260051,0.19766536964980544,19357.502939129896,-0.22641152088710167,-0.1403955680431644,-0.4967267394526188,0.12546582814643562,-0.4553260533691924,-0.21104482516838283,-0.37527273530270594,-0.4701348737133227,0.9002704225576366
2025-08-01T00:00:00.000,51,9,0.42045454545454547,3,13,0.015756593475064525,0.6125267457693055,15981.5363850029,-0.3132279468024712,-0.11169325648017121,-0.4888664441837731,0.1323793808370795,-0.4642483620542026,-0.3320542762703128,-0.10764524830559523,-0.3615764917142562,0.8401586463298623
2025-08-04T00:00:00.000,70,6,0.2222222222222222,4,15,0.03418418031606958,0.7238224990268587,14983.921076639199,0.26354876199349064,-0.04714441707071391,-0.4677899518616456,0.13828265195872924,-0.23897388368859235,-0.4516445277265704,0.12614304728346792,-0.19743093179202992,0.7614026763316442
2025-08-05T00:00:00.000,70,2,0.2391304347826087,5,16,0.0294440901665877,0.7330219887137576,15958.4638963071,0.27463328953151533,0.02931314559371421,-0.4103945353254369,0.14412900340238075,0.059833383755938205,-0.5698583115367122,0.22797116513539656,0.05678376018039229,0.696727553544041
2025-08-06T00:00:00.000,76,6,0.2692307692307692,5,22,0.026031944768811946,0.6144718926278934,17337.7363399552,0.16775314393708896,0.03325914555450441,-0.3558191379493182,0.14789100100292096,0.09872185049982377,-0.7498876295768067,0.13615901351522675,0.29427215162413095,0.6614767697655537
2025-08-07T00:00:00.000,73,8,0.23958333333333334,5,19,0.02670109680308285,0.3896887159533074,18252.2881652858,0.10098596155649729,0.0987386420432242,-0.296188905292019,0.14867525550947835,0.5099534944402937,-0.9924988803428836,0.24690923045087027,0.4460029758869455,0.6283173236498845
2025-08-08T00:00:00.000,74,2,0.3333333333333333,6,13,0.007473419852382396,0.45963820268430267,17099.9849780601,-0.11551431906030181,0.13828136759165807,-0.2367782755870878,0.1554024271904661,0.7082251539692155,-0.7988365844298317,0.16496444733234855,0.3203010441480075,0.6546913605184888
2025-08-11T00:00:00.000,85,12,0.30327868852459017,3,18,0.03198712018371112,0.7775617343962667,18266.9124600452,0.18557921044380668,0.12268745728172128,-0.19835430366154536,0.14921721497928944,0.5210649971821879,-0.8637471469170197,0.14331160738290644,0.36316406382083344,0.7441557681853972
2025-08-12T00:00:00.000,60,6,0.3939393939393939,4,20,0.020383066391206302,0.39253789350952195,18811.0577186347,-0.2518513191432045,0.01739053554677732,-0.22489522840512932,0.1451003876132352,0.16576097847952415,-0.9256503420317624,0.05609685377933874,0.08744679194382961,0.8178743074484057
2025-08-13T00:00:00.000,100,5,0.25925925925925924,5,27,0.0539993018336917,0.5140023337222871,21505.240261148097,0.44199244153527895,0.07223839506641531,-0.16236260057755386,0.1460861723079421,0.19036814838476185,-0.9222538376543549,0.3273157155097849,0.009134486419789315,0.9173806810745381
2025-08-14T00:00:00.000,52,16,0.4222222222222222,4,19,0.004548377346672503,0.1380785686503306,22788.973993989,-0.5098409422980622,-0.049926985704496586,-0.21708321255970747,0.13813119042599373,-0.22783562255820242,-0.9824014530764295,0.11399308328216004,-0.1940877241447499,1.0197948386994597
2025-08-15T00:00:00.000,104,4,0.2571428571428571,5,18,0.04658694719462823,0.8484730597160085,22442.624130021202,0.6089535811304716,0.0949665943336581,-0.13888652587976044,0.13617993825132207,-0.051001089134109744,-1.04131603747708,0.4909708993188566,0.12328422862593025,1.1455347466304484
2025-08-18T00:00:00.000,118,2,0.30994152046783624,6,31,0.04901090557749492,0.7338003502626971,27636.664487246202,0.614078471098557,0.18066644646460817,-0.05342264612376011,0.14601435619620892,-0.0669419767291987,-0.839966935333557,0.6510057280608187,0.08743550956506403,1.3405410896166816
2025-08-19T00:00:00.000,105,10,0.2905405405405405,6,33,0.03673754282490836,0.543757292882147,25877.8580718019,0.3960042134601932,0.31023755298528766,0.06285908816645518,0.14180185841020349,0.1712585008688932,-0.7051280686152446,0.8041502082193217,0.20987011721490703,1.4868511666324786
2025-08-20T00:00:00.000,103,17,0.2196969696969697,5,23,0.01221905452038778,0.6824284880326912,24077.2751360744,0.34556497285360177,0.29095205924895223,0.06913639993172346,0.12960687733660783,0.26443018491033043,-0.7001116797961899,0.3974982186993238,0.3450957858066957,1.531008627854175
2025-08-21T00:00:00.000,58,15,0.41414141414141414,5,12,-0.008663068742505504,0.40820692337611825,24235.164863502003,-0.3605707818123102,0.32080609134610266,0.08315084732430653,0.1303280732966595,0.2819888000277621,-0.6307372521718398,0.2690315618228893,0.5618975190698543,1.549983090053087
2025-08-22T00:00:00.000,81,4,0.16494845360824742,6,14,0.018737410274175418,0.5289770517308441,25462.0260272525,0.4217148300983297,0.2833583411396743,0.021419525710729293,0.1299937349541329,0.497190416076419,-0.5634623231144121,-0.0017557645747939,0.2983646781923997,1.6017581207332454
2025-08-25T00:00:00.000,91,8,0.32592592592592595,6,19,0.03504690259518377,0.6281602489303773,31403.9282722063,0.4107363330866563,0.24268991353729413,-0.050630334908996086,0.1236733381241357,0.4584421953987932,-0.5622361954684113,-0.1386000950861574,0.21083478386767934,1.6573457028340157
2025-08-26T00:00:00.000,92,8,0.264,7,22,0.027703521323616503,0.5302352712424655,26775.862279430497,0.3945443511885956,0.24239794108297463,-0.08619034939434138,0.12538005291669255,0.5179543804205377,-0.4968354434768453,-0.2274204127655433,0.197496822688848,1.666400537191474
2025-08-27T00:00:00.000,51,16,0.5565217391304348,5,15,0.0013810259090976313,0.11644634525660964,31649.166905883798,-0.6296217930581786,0.04736058790061857,-0.22381594731162463,0.12613797962211953,-0.2685818037473333,-0.49652747833070554,-0.33308958543281686,-0.27004215923024705,1.7974431097349381
2025-08-28T00:00:00.000,65,10,0.30851063829787234,5,13,0.03257680580558775,0.5279937791601866,29703.600661853197,0.24535822282597178,0.16854638882827497,-0.2073236976928286,0.1309027269170761,-0.02620685383322231,-0.4982745629483601,0.06129910971336785,-0.17214681539265692,1.891574815034549
2025-08-29T00:00:00.000,79,15,0.2403846153846154,6,12,0.023701461962814727,0.3598521688387473,27979.0181452798,0.2416666397138203,0.13253675075137308,-0.21421651511087653,0.11980383834106374,-0.2047642593101366,-0.4997210067480308,0.10815678409377487,-0.31109268100091825,1.9295910949947352
2025-09-01T00:00:00.000,121,7,0.22435897435897437,7,19,0.032225840847140114,0.5950204240420152,27496.027599163303,0.5859223603100582,0.16757395619605348,-0.13720844666446852,0.12078951525615897,0.029709183498190406,-0.4366870610338435,0.08125805817812277,-0.33755678813229195,1.852713232270506
2025-09-02T00:00:00.000,53,28,0.46464646464646464,8,19,0.0015005373890745913,0.20672889926098795,28746.4810698776,-0.32972802578837157,0.022719480800660007,-0.241079932472332,0.10090391102995895,-0.43056662299820225,-0.3737392677398123,-0.17012868654384755,-0.6055876912603011,1.8792346555891566
2025-09-03T00:00:00.000,39,23,0.5517241379310345,9,8,0.002239933143332966,0.151049766718507,23636.6620280583,-0.5445537180917928,0.039733095793937155,-0.27398230880447083,0.09399994878991005,-0.4052910205615842,-0.1174262242488143,-0.16121687830197184,-0.5771683033096914,1.719216456994183
2025-09-04T00:00:00.000,40,48,0.4444444444444444,3,8,0.001956306471253555,0.4094886253159635,25439.3258324043,-0.4846226605888102,-0.10626308088901922,-0.3408399109574337,0.056306480519989724,-0.709135706623151,-0.2502133048833969,-0.45582485628695435,-0.6764984523468908,1.6323641843547025
2025-09-05T00:00:00.000,103,7,0.16260162601626016,4,7,0.021500361424116304,0.8952177293934681,23043.006809799495,0.5446233308455924,-0.045671742662664785,-0.27912935019855306,0.06445183391186558,-0.5356456866774643,-0.38021182199132014,-0.4778917446907692,-0.23727792384475027,1.526002494852338
2025-09-08T00:00:00.000,86,7,0.2833333333333333,4,16,0.03226035343564564,0.7434402332361516,24184.229670039902,0.32151018690590344,-0.09855417734349572,-0.3718284953982734,0.06464347362725446,-0.6706885372173707,-0.5726865521754518,-0.477721522354677,-0.11734834550276332,1.4557507376168117
2025-09-09T00:00:00.000,66,9,0.3125,5,14,0.014389526164451103,0.24349008938981734,21181.4314879265,-0.18570502856751045,-0.0697495778993235,-0.33844747459869245,0.08373509759579237,-0.320225225006732,-0.7633239994585777,-0.35416356330962706,-0.08828496097641739,1.2924630804589898
2025-09-10T00:00:00.000,65,5,0.32989690721649484,6,16,0.02056074379717513,0.46114996114996115,19778.3935356577,-0.022640541200757505,0.034633057478883546,-0.27119012532839254,0.10174923043925521,0.18513599583602883,-0.9525102266390645,-0.18040416627433725,0.16587808516898275,1.1937726091497123
2025-09-11T00:00:00.000,96,6,0.16521739130434782,5,14,0.02462457119468399,0.7829382044306258,24373.714388423203,0.5537500613917372,0.24230760187499306,-0.12541277734592832,0.14358904827062666,0.8118003573027803,-0.815337737152926,0.036302872898490636,0.4729933462954493,1.1722181028564589
2025-09-12T00:00:00.000,74,8,0.27450980392156865,6,20,0.02701763768035995,0.3622062536414838,25205.977756020504,0.16279193681293055,0.16594132306846066,-0.20228365410452004,0.14260354814336235,0.5569998306885534,-0.6787597398289811,0.08925959521568871,0.03420925763339093,1.2195604237317306
2025-09-15T00:00:00.000,82,13,0.32786885245901637,7,15,0.013494160315965797,0.34712509712509715,22771.672396795304,-0.009007385034531261,0.0998378086803737,-0.21353053718899048,0.13665745758074335,0.4541506325468454,-0.47664730039886694,-0.09325227607276634,-0.2918865493143772,1.1833732336100282
2025-09-16T00:00:00.000,89,7,0.2644628099173554,8,22,0.022828743142825774,0.6811031268207419,23411.665486204703,0.4330666169087762,0.22359213777563106,-0.1538917663476832,0.1386936292399717,0.5589187320715,-0.27202904015059914,-0.012705459575713151,0.07219430641844124,1.2339645627734999
2025-09-17T00:00:00.000,78,4,0.30357142857142855,8,20,0.025945278685897057,0.45784770784770784,23764.758624359598,0.24500400794613292,0.2771210476050091,-0.12080289315491861,0.1396157516528656,0.615309668234038,-0.13330002303332766,0.038808540327375476,0.06962775272505262,1.3305885364839785
2025-09-18T00:00:00.000,63,10,0.5227272727272727,9,23,0.02924009814960485,0.18418496211385274,31347.695483789004,-0.11428702226380505,0.14351363087390065,-0.20833459560389986,0.13554090146584352,-0.18901731524835835,0.13622080675156586,0.08266728732378084,-0.42505858670197083,1.4725769181303436
2025-09-19T00:00:00.000,60,27,0.3181818181818182,6,15,-0.00673642280346764,0.35858585858585856,23234.811914847403,-0.21900739664613655,0.06715376418208722,-0.24621934755682248,0.11655616707490432,-0.28745389956981715,0.1390184710789119,-0.24583646177951984,-0.4293893921870218,1.4234008122139759
2025-09-22T00:00:00.000,73,15,0.27,7,14,0.009001878400084023,0.40902021772939345,21212.4587292163,0.03993670485703893,0.07694258216040127,-0.2707754043306255,0.11449280735096594,-0.15835750237875068,0.14120603814780752,-0.28890342770000704,-0.37813057408180867,1.3790661381152276
2025-09-23T00:00:00.000,54,24,0.2987012987012987,6,19,0.02620791858281518,0.21149737813167604,24940.663877409697,-0.02587834721679697,-0.014846410664713355,-0.3637202948771793,0.09742346881188044,-0.2364557600124734,0.006758408238666436,-0.2572067958515193,-0.7682599354017536,1.4175360344393857
2025-09-24T00:00:00.000,87,14,0.3203125,4,13,0.027240924819145623,0.8202836603846901,23264.667802250697,0.25075899868059254,-0.013695412517821437,-0.34097255765011747,0.08740244577342175,-0.27447010786845183,-0.26281595057121043,-0.2461444538209278,-0.46542399452804323,1.406556731040579
2025-09-25T00:00:00.000,52,9,0.35,5,15,0.008671360569743138,0.2790291262135922,23708.5048846239,-0.2519580595861243,-0.04122961998228529,-0.37116876248513236,0.08836071200144538,0.11110320310919208,-0.5318378288927343,-0.4467062954751511,-0.3870014985832105,1.2486431304495942
2025-09-26T00:00:00.000,58,24,0.34831460674157305,5,14,0.0009740755672107959,0.33495145631067963,21466.5082570985,-0.3130205437426681,-0.060032249401591596,-0.3775693381098828,0.0912342327730115,0.04283718764916498,-0.6002307572918159,-0.3727361326371693,-0.40719199807358947,1.20343105987914
2025-09-29T00:00:00.000,68,7,0.29896907216494845,6,12,0.009507294868860676,0.6629082426127527,21612.0975301138,0.10130838705073446,-0.04775791296285249,-0.39207960419842786,0.09903190394693429,-0.022692498612690497,-0.6685106947311134,-0.37064154685056544,-0.19706343683797095,1.2176504865438669
2025-09-30T00:00:00.000,63,11,0.3225806451612903,7,15,0.02117211016101718,0.4952399455993783,21811.070623189,0.08679217411724181,-0.025223808696044736,-0.36948328545938713,0.11187409507653065,-0.0758716186169181,-0.6019904565257435,-0.41947428581782215,0.038139006089114115,1.1402398843819133
2025-10-09T00:00:00.000,98,26,0.3287671232876712,4,11,0.013888445881654849,0.5813727396461209,26526.881657822403,0.08546813997996384,-0.05828198043617048,-0.3412403359308818,0.099925929780427,-0.09335898569216948,-0.6023271804544809,-0.5478479960756171,-0.16191468084602428,1.2387893861655537
2025-10-10T00:00:00.000,72,15,0.30097087378640774,4,18,0.014377746236153954,0.5035957240038873,25152.687326008,0.02263397227694949,-0.0033635740635557113,-0.2894126778664318,0.09393564212444379,0.01856298887878638,-0.6690298079344479,-0.4911039927514631,0.023557783728065742,1.2899450453761574
2025-10-13T00:00:00.000,72,10,0.23404255319148937,5,18,0.020121811642947584,0.3129978628327181,23544.2838882838,0.07466960136203302,0.0741744549573845,-0.2529785908893861,0.1079038769140898,0.276423189724636,-0.6676479801945103,-0.30350834083817013,0.004360275579516748,1.354668754405516
2025-10-14T00:00:00.000,45,9,0.55,6,16,0.022778100373467874,0.3133864387021566,25759.025955996698,-0.3755468929288702,-0.021196601038536433,-0.3135577839979773,0.10601734468216173,-0.29313985331338266,-0.6649490908667305,-0.1710909809835737,-0.2854909748286971,1.4738351320384449
2025-10-15T00:00:00.000,83,7,0.1782178217821782,7,12,0.008203658536687475,0.8004662910433262,20725.90181872,0.4338809659983224,0.04822115733767968,-0.25997435202708724,0.110113314440959,0.0336918402548354,-0.6611581244919471,-0.2948314879845636,-0.022346391333786998,1.4320533025053486
2025-10-16T00:00:00.000,55,9,0.34523809523809523,8,16,0.01451156260662732,0.22019417475728156,19309.1343257355,-0.18299264439909305,-0.005470999538131699,-0.37159475245261026,0.1271232668019536,-0.003886189729504408,-0.38708943359318243,-0.2843380004580758,-0.323380308223925,1.2048684208884226
2025-10-17T00:00:00.000,44,31,0.38028169014084506,4,13,0.014746259445133095,0.11274985445371628,19378.436235430097,-0.5470601005335242,-0.11940981410022641,-0.4716805806104235,0.11133959883088025,-0.18221515979443154,-0.38334019957217774,-0.27566013190626837,-0.6500665612220102,1.0157543355728467
2025-10-20T00:00:00.000,95,6,0.24,5,13,0.02903734161479535,0.7525232919254659,17374.0866839315,0.34182679033970403,-0.06597837630469222,-0.3712963290770429,0.11550447695725026,-0.19293773920987495,-0.378838184082775,-0.16949475011930953,-0.2658705464894815,0.8010844378883883
2025-10-21T00:00:00.000,91,5,0.2222222222222222,6,16,0.018166569451551862,0.8481848184818482,18737.0089101282,0.41555510933018536,0.09224202414711889,-0.221994107918337,0.11706459947382016,0.5535859891471915,-0.37265226234087484,-0.20999522303981846,0.19788859432977132,0.5817965793780799
2025-10-22T00:00:00.000,74,8,0.27450980392156865,7,26,0.02216546709909981,0.41021160939623375,16676.0604266253,0.009548006414008159,0.0073754322302560515,-0.26458692453466914,0.11329199437030794,0.33264462607845036,-0.3651925507676067,-0.06728762702510356,-0.13144508544699018,0.434203592937404
2025-10-23T00:00:00.000,72,9,0.2727272727272727,8,15,-0.0030850151911998927,0.5666601979429459,16436.8405233247,-0.06574589592598697,0.030824781924877264,-0.24530328379779037,0.1103346613887154,0.49211122200141305,-0.35800789133216704,-0.2756903173675916,0.1657380799594513,0.32659100262211044
2025-10-24T00:00:00.000,72,11,0.28,6,16,-0.007425010357379728,0.5572370974000777,19740.2096327027,-0.12129002677510739,0.11597879667656064,-0.1678275350237171,0.12714702959930096,0.7133646768610789,-0.22038261832595812,-0.5340632206701559,0.547357498007773,0.34625574628760286
2025-10-27T00:00:00.000,64,20,0.40186915887850466,7,16,0.022650735461867254,0.628954007374345,23399.2151665979,0.06066119760614035,0.05974567812984788,-0.33384390683206944,0.10969723993324756,0.3314790148803086,-0.08307198678031893,-0.6056297472064058,0.43862004275243505,0.5609690901617388
2025-10-28T00:00:00.000,71,11,0.297029702970297,8,21,0.032754789474780166,0.44323694934989327,21476.383795266298,0.24026395989681057,0.024687448243172917,-0.4394358009140776,0.10324774194164946,0.15688023743018023,0.05342295001731538,-0.44321364694916915,0.08569745792110742,0.6562131982552051
2025-10-29T00:00:00.000,62,10,0.38613861386138615,9,14,0.008801306765339566,0.4649718610518145,22557.737084028602,-0.05074049675701553,0.012629747608968178,-0.5025648209039619,0.10117062372650691,-0.10497370248647923,0.18956936225138202,-0.5927137091387371,0.12996757358509728,0.8679529062289701
2025-10-30T00:00:00.000,62,13,0.30337078651685395,10,17,0.016516655028258154,0.2284549689440994,24213.9503903191,0.08674379779380649,0.04312768635292687,-0.5532409775498683,0.09717463833132504,-0.17502456150045045,0.32564561073099524,-0.3660845762048603,-0.16672972805082567,1.140153398714173
2025-10-31T00:00:00.000,77,18,0.3937007874015748,11,19,0.01453217563742971,0.687172520861634,23174.9012055027,0.2902908954024963,0.1254438707884476,-0.5229040183101064,0.09009906075909255,-0.4411787478440717,0.6677883522618961,-0.11419147806244276,-0.050718330344239185,1.2492122570590052
2025-11-03T00:00:00.000,91,11,0.2890625,12,24,0.030204078562575235,0.6664726426076834,21068.7581523739,0.6410582359871603,0.24152327846465158,-0.37331603412871706,0.09968127575231549,-0.17502234925357976,1.0077730470453474,-0.022606991362375338,-0.01444316394477998,1.1685971651443507
2025-11-04T00:00:00.000,68,11,0.32673267326732675,13,22,0.025958888399340047,0.309662398137369,19154.4730426184,0.2280567575860248,0.23908183800249444,-0.38553060796788563,0.09989193240108725,-0.24547472721039507,1.3445960354342594,-0.09342624158045927,-0.1300957695775708,1.083612244518426
2025-11-05T00:00:00.000,82,9,0.3333333333333333,14,27,0.03281260067343046,0.6204889406286379,18721.2571386415,0.5594160017295345,0.36111313769980447,-0.2725183438130906,0.10116720787891491,-0.12023164344724217,1.6770090376574387,0.1846513158426616,0.009553352941791837,0.9481610368381576
2025-11-06T00:00:00.000,72,20,0.36283185840707965,15,18,0.008600531965629286,0.5485060147458285,20549.922717338202,0.313062182501758,0.40637681464139475,-0.21367772329091855,0.09412019029256635,-0.2588178936721196,2.0044959829664237,0.0960148577352448,0.29403010409570296,0.828472184362864
2025-11-07T00:00:00.000,64,10,0.36633663366336633,16,16,0.02827333402753281,0.39437439379243455,19987.1496989661,0.3801323129936928,0.42434509815963406,-0.2833569242620346,0.10268979537380434,-0.1922060379678438,2.3258543705021544,0.2599084538162651,0.03682233794694476,0.7207036917081484
2025-11-10T00:00:00.000,92,15,0.35664335664335667,17,17,0.032193928682483636,0.6298953082590151,21741.9496880378,0.774604345399304,0.4510543200420628,-0.26364385760683073,0.0986513226198249,-0.3503919330605515,2.636731860672269,0.2887670569800111,0.006049730586659763,0.7412160601030576
2025-11-11T00:00:00.000,81,6,0.3305785123966942,18,26,0.030554928810420826,0.5100814269096549,19934.0586774103,0.6860561601161496,0.5426542005480879,-0.18319217689832243,0.1039572336215161,-0.3559295116085356,2.9352843372790756,0.34805070030754803,0.18289139405811805,0.7675174270772152
2025-11-12T00:00:00.000,77,10,0.2803738317757009,19,26,0.021068926559052133,0.31589147286821706,19448.9865512643,0.5749959567303391,0.5457701915482487,-0.2016578466343474,0.10296055130168118,-0.22669177374882157,3.2198108957494385,0.218385502298425,-0.08623510444815348,0.7938191163195194
2025-11-13T00:00:00.000,106,1,0.30718954248366015,12,30,0.037905563652506725,0.7218453188602443,20418.1494609389,0.7654639502912745,0.636250545106152,0.013035182453859729,0.12205851333711822,-0.09407412131692391,2.9890159857197225,0.5659029706926058,0.06838361026771862,0.7894316745889637
2025-11-14T00:00:00.000,90,9,0.3382352941176471,7,31,0.018239853119041194,0.37056428155904597,19579.1998282074,0.002064692753666275,0.5606370210581467,0.17795901358298014,0.1221614501203637,-0.02792184143142155,2.385161603193799,0.44719888745768976,0.04519480748657243,0.774705226997044
2025-11-17T00:00:00.000,100,13,0.2366412213740458,8,32,0.024716504351941893,0.48681148176881306,19106.4316720262,0.3920536849985581,0.48412688897799755,0.2465432893984348,0.12339572016419886,0.2621562199688216,1.7910700806289,0.36217608358331344,-0.08027076812955226,0.6838175972318669
2025-11-18T00:00:00.000,63,37,0.35714285714285715,9,25,0.0016549029369273215,0.24156649864288485,19258.5651199948,-0.30699792061074577,0.2855160728326184,0.13752222015294113,0.09030051227066335,0.1971971929880756,1.2122128705989406,0.018787814172202832,-0.3194027672010366,0.6619946668465431
2025-11-19T00:00:00.000,65,35,0.3229166666666667,6,18,0.018352023958237814,0.22248062015503875,17257.279593631603,-0.2976629224474642,0.11098429699705777,0.06287757943934098,0.06358466100537008,0.09604366481498108,0.3877504537070801,-0.011348337839483764,-0.4019636783072544,0.5799457361593706
2025-11-20T00:00:00.000,49,25,0.4948453608247423,7,16,-0.008349763976257765,0.26981973250629965,17080.2514954363,-0.8178617213815084,-0.2056808373374988,-0.302704005449805,0.03869586609617291,-0.3545176823255374,0.08584651839836735,-0.5623493266974346,-0.8017713319464788,0.4570341005622245
2025-11-21T00:00:00.000,33,107,0.3888888888888889,6,12,-0.005513764632274297,0.06432861848478977,19653.5410256793,-0.8608289446359836,-0.3782595648154287,-0.6936392340645657,-0.06295776119435911,-0.4725599028683526,0.027205477621077966,-0.8411275766076223,-1.0719509926112787,0.46721303601709907
2025-11-24T00:00:00.000,79,35,0.2616822429906542,7,15,0.03789299004515237,0.777196044211751,17275.4992488703,0.47226787343325055,-0.3622167271284903,-0.8161062707920241,-0.08521585852651603,-0.5318748890725257,-0.02081205732646966,-0.6772299716407912,-0.8060230176368656,0.4017449750957603
2025-11-25T00:00:00.000,96,7,0.2835820895522388,5,19,0.02767706119872743,0.7889427740058196,18119.9616769098,0.3769024258598327,-0.22543665783437455,-0.5743757072582986,-0.05337102669520858,-0.3534973099035767,-0.28954411119092405,-0.36111555919670996,-0.31059338008932313,0.36444048949341895
2025-11-26T00:00:00.000,76,8,0.3333333333333333,5,26,0.027560466307112248,0.31663754610755196,17831.8174741249,-0.12903072600682083,-0.1917102185462459,-0.4916700443189187,-0.024839076863432008,-0.380889276763744,-0.3621178245067856,-0.2504160739790719,-0.22470410062880095,0.39266486723703187
2025-11-27T00:00:00.000,63,14,0.3883495145631068,4,11,-0.010638900916073016,0.5304854368932039,17096.4863528233,-0.56369584099275,-0.14087704246849422,-0.39285885820941513,-0.013283970055095943,-0.127556253444547,-0.579756450851008,-0.2772835976821371,0.008387620524740041,0.39621221243800375
2025-11-28T00:00:00.000,82,6,0.29310344827586204,5,13,0.010411441663259703,0.773354049329967,15856.670427320103,0.061755067295269174,0.04363975991775633,-0.03318906652742235,0.09150445383440993,0.09887592214900738,-0.6511935526150086,-0.08627979791837297,0.6433442652338754,0.24241609526780583
2025-12-01T00:00:00.000,75,8,0.3181818181818182,6,24,0.02924112415291348,0.6087801087801088,18738.4377609769,0.17744664172798533,-0.015324486423296707,-0.06199278993318299,0.11881858245262851,-0.040392546812314856,-0.7216936142289441,-0.19246161409575627,0.4882920241805694,0.3021585534739236
2025-12-02T00:00:00.000,55,9,0.32098765432098764,7,18,0.01921169323894502,0.2929528246942341,15933.220326061899,-0.24965473215281658,-0.1406359180258266,-0.3616050771542067,0.11594504311838663,-0.13149588248411223,-0.5618802819809849,-0.29261845708726936,0.038788918509437,0.208414310897964
2025-12-03T00:00:00.000,54,16,0.38636363636363635,6,13,0.01172094200962171,0.2714756641458212,16698.2535215848,-0.48025819408158416,-0.21088141164077925,-0.5206795076726556,0.10690065116044192,-0.2595197122384984,-0.47885624886170836,-0.48024521338187764,-0.004141324175664374,0.1603714736845082
2025-12-04T00:00:00.000,40,28,0.42028985507246375,3,10,-0.0035257457177546624,0.2735208535402522,15488.571145715698,-0.9614632440814415,-0.2904348922585175,-0.6886002005339401,0.09179547808255464,-0.3404718674715788,-0.5539957932018803,-0.39194935060694797,-0.2382407033671699,0.08841819128934003
2025-12-05T00:00:00.000,80,12,0.23809523809523808,4,11,0.01220715600320329,0.8014748690083446,17256.5901492199,0.18594888776616375,-0.2655961281643386,-0.692983962375907,0.0853901624483443,-0.2009768864567123,-0.6266246403880814,-0.366367711652558,-0.2071494635723982,0.14953960484694248
2025-12-08T00:00:00.000,78,8,0.30973451327433627,5,27,0.05098809744430851,0.6178467507274491,20365.1405368351,0.40978754308020043,-0.21912794789389559,-0.6613468212810053,0.08512084087003344,-0.17926745334935085,-0.6974951240438443,-0.09218271214006646,-0.19779049716823965,0.20906613185520415
2025-12-09T00:00:00.000,54,12,0.3493975903614458,6,18,0.019240692043379398,0.2482544608223429,19037.731199012596,-0.29224007009546843,-0.22764501548242597,-0.6653359363107929,0.08165062692338529,-0.24921534130110823,-0.767736856247359,-0.09047037154205875,-0.2391659154461027,0.3367586855470546
2025-12-10T00:00:00.000,61,12,0.35106382978723405,6,16,0.013508668531431968,0.45429846691247816,17783.578597713902,-0.20601493617808883,-0.17279636390172687,-0.6081661143616033,0.08549217038372657,-0.164936842551771,-0.7613539798255755,-0.06789099371506539,-0.072799253689796,0.38008046644799665
2025-12-11T00:00:00.000,36,30,0.4782608695652174,5,10,-0.002791292955073323,0.14584949573312644,18569.8268535847,-0.9574370725292118,-0.17199112959128096,-0.639530516871998,0.08311611024085679,-0.30993760436864876,-0.5991655084070864,-0.0599150402166881,-0.18763222567438625,0.5091268781589844
2025-12-12T00:00:00.000,82,27,0.1717171717171717,5,14,0.03493155964926653,0.49243892981775883,20920.638699568903,0.4706593903636641,-0.11504902907178087,-0.6126088042765866,0.0673076835620373,-0.14356708790283612,-0.5160072390245606,0.21945524252201948,-0.46605719408671636,0.646134195704177
2025-12-15T00:00:00.000,64,27,0.36633663366336633,6,17,0.015619803243803477,0.4250533255768858,17733.265872136202,-0.21850621582339808,-0.24070778085250058,-0.713808659729198,0.04766129056460669,-0.2814819516258497,-0.43179157484906916,-0.2115733967269171,-0.636680370183281,0.5427201965822046
2025-12-16T00:00:00.000,44,39,0.36231884057971014,5,15,0.005075931958480818,0.16902500484590036,17239.9056857905,-0.667834742010305,-0.3158267152354679,-0.792100803996822,0.019783365198820624,-0.31281580465755654,-0.5049571740427502,-0.3822756055118915,-0.707226856709523,0.46880587307144755
2025-12-17T00:00:00.000,58,27,0.2839506172839506,6,10,0.0013697126133755753,0.6744186046511628,18110.022365487202,-0.053848361540478916,-0.2853934003079459,-0.8113909304608748,0.004490358556890283,-0.1439989916084685,-0.4986404745163231,-0.5280703539127973,-0.5005822684337785,0.48043885821973076
2025-12-18T00:00:00.000,71,8,0.3106796116504854,7,21,0.03157465397918456,0.5322486926205694,16552.7414001995,0.17339807709036453,-0.05922637038403065,-0.5309989445680396,0.027780510922238145,0.2742879400467897,-0.3348070433518611,-0.10326752380740604,-0.1431686198146272,0.3955890878846919
2025-12-19T00:00:00.000,84,7,0.26956521739130435,7,20,0.03213380328030788,0.8211933359163115,17257.1852678707,0.5399587132561549,-0.045366505805532496,-0.502922814933662,0.048814450660134776,0.03038286265814518,-0.17114999780497692,-0.13646090810990136,0.15926723968422343,0.2545036272073096
2025-12-22T00:00:00.000,104,8,0.2925170068027211,8,21,0.02275174465047028,0.5498255137650252,18617.229934709198,0.45421996254832425,0.08917872986881197,-0.1649488967512501,0.06871619410928083,0.21153742344196474,-0.006158884760669436,-0.04804817168439355,0.27313709510978723,0.2900163496169644
2025-12-23T00:00:00.000,68,16,0.31313131313131315,8,27,0.013197059563709397,0.2864613596746078,18996.871558205,-0.043710656598737914,0.2140035469511254,0.03442562174765266,0.09273769764473795,0.3335578041433442,0.23963900975659436,0.053955018441226854,0.38304309535464204,0.36066658156967996
2025-12-24T00:00:00.000,86,6,0.25217391304347825,9,19,0.025381915178743813,0.7723136495643756,18801.2900265944,0.6643239367091974,0.3576380066010606,0.2775553846312464,0.1145870851800858,0.41303891344043214,0.4860753270642718,0.35065405188774784,0.47309743099695467,0.38845785300668617
2025-12-25T00:00:00.000,95,2,0.21487603305785125,10,27,0.03402481281504239,0.6986646022837236,19243.8073660457,0.8839559857253383,0.49974958832805544,0.49210503711556564,0.12069091783623835,0.6508508978731559,0.7316648790525786,0.3801810767772832,0.6240156794340612,0.49873863020750553
2025-12-26T00:00:00.000,91,3,0.24793388429752067,11,25,0.024259949626282966,0.3457220286488579,21600.3068990697,0.5963788052821271,0.5110336067332498,0.5648992367987863,0.12467163845371958,0.7024948835612876,1.0547277362908243,0.2829430568599901,0.1852027920304134,0.6622959031377281
2025-12-29T00:00:00.000,90,25,0.23728813559322035,12,23,0.0053198259784118405,0.3780959752321981,21392.0730105825,0.49059584518306415,0.5183087832601978,0.4603166032443946,0.10611523155646625,0.8400240768529468,1.372331337905495,0.06290269898415926,0.025018432536905368,0.761453101741018
2025-12-30T00:00:00.000,66,19,0.35294117647058826,10,24,0.009322600354293616,0.33539651837524176,21424.4685437775,0.024488239981313158,0.5319485625762079,0.4428456639038593,0.10218545660613443,0.7326877073220925,1.5231013245311744,0.010518738124006388,0.06663681870785809,0.8456642288383314
2025-12-31T00:00:00.000,62,13,0.28735632183908044,6,12,0.012646790792995542,0.4563914136530652,20451.002836057203,-0.01906068525620836,0.3952716381831269,0.23276454473087677,0.09403299038495425,0.6401187182139914,1.2746065565546538,-0.1506009282821946,-0.22640284378757108,0.9023824294671782
2026-01-05T00:00:00.000,127,13,0.23952095808383234,6,19,0.0258279238218567,0.7656159350222395,25461.013809076398,0.9168367395633917,0.40184778895073753,0.5204803387452428,0.08175265281658475,0.5778923292800278,0.9472155570801103,-0.24905286110098154,-0.16425183322636375,1.0988983390605433
2026-01-06T00:00:00.000,141,2,0.17543859649122806,7,52,0.057634235958497995,0.7430891165667891,28062.886111173102,1.5055294391224119,0.5836779157187946,0.9602010001670406,0.08129154860520492,0.7621421280439102,0.6198463700665683,0.18311895094777456,0.2003781643257332,1.27876724787533
2026-01-07T00:00:00.000,98,7,0.35947712418300654,8,34,0.015063299267480392,0.40162350212601466,28540.1813873112,0.3336288555822261,0.5522845177986269,1.0250398600126274,0.09903975063745991,0.44823738021787446,0.29495583904628747,0.303058130738318,0.22109199008281166,1.47456867385501
2026-01-08T00:00:00.000,112,7,0.2631578947368421,9,33,0.03882177227746707,0.6829692634834719,28001.537105460302,1.0403711403798668,0.7554610978783376,1.4214188142747828,0.11027297857914231,0.6739518117936794,0.21307243066937387,0.6765316271257078,0.5404097814080432,1.652570241297635
2026-01-09T00:00:00.000,111,3,0.3508771929824561,10,27,0.030802226139290005,0.7188708430007734,31225.385784067403,0.9363843908548873,0.9465501131005567,1.8433383676282116,0.11946037476236009,0.5101362631811408,0.5275166222347126,0.9059086472176899,0.7812476986149781,1.9382428180648048
2026-01-12T00:00:00.000,197,9,0.24521072796934865,11,50,0.06018678279585168,0.748646558391338,36010.9329063375,2.064521307886274,1.176087026765133,2.4300756718532774,0.12234065340030842,0.492331602022119,0.9182485692095149,1.346001380862686,0.763612116970612,2.1599991930374154
2026-01-13T00:00:00.000,75,58,0.5,12,33,0.00931266744071408,0.2942884801548887,36507.664438145,0.08973822196092554,0.8929287833328358,1.83812622566989,0.06335831756741275,-0.33464782108727714,1.305813001209302,0.7179844294719507,0.34529666583297425,2.3145706646656
2026-01-14T00:00:00.000,108,20,0.3898305084745763,8,23,0.04344351125169078,0.4958389781304432,39411.2605486201,0.7626197774617479,0.9787269677087403,1.9024242387850439,0.04950950259145518,-0.40824045839749407,1.2983005197331,1.0764405698445638,0.4288679381422008,2.5037864632623132
2026-01-15T00:00:00.000,65,72,0.29347826086956524,4,17,-0.02080902621346477,0.4195357833655706,29052.747640259804,-0.37128673371242843,0.6963953928902813,1.4910673723913208,-0.018414233836458037,-0.4850890996363499,0.9006257955876149,0.3118289122563288,0.17984032595184135,2.4949086775176714
2026-01-16T00:00:00.000,67,61,0.4322033898305085,5,8,-0.0034886828896517705,0.4352281515854602,30260.913107146098,-0.3584752455705012,0.4374234656052035,1.1048860109051373,-0.079225532042666,-0.6883065836066916,0.5046754456446775,-0.12710135317881419,-0.08948600992990786,2.4365222814446907
2026-01-19T00:00:00.000,103,31,0.23134328358208955,4,13,0.027189842379814342,0.6589986468200271,27081.852798622596,0.5519316467305734,0.13490553337406344,0.27323282977541075,-0.10254484731412601,-0.6550237893529312,-0.04540932831312046,-0.5580267222848837,-0.17517948741783457,2.2072900785259297
2026-01-20T00:00:00.000,62,24,0.3111111111111111,3,16,0.023570036483764042,0.4130140953852095,27776.0651579686,-0.06839238850525245,0.10327941128082785,0.16406576678979773,-0.06730108075448388,-0.17382411755575983,-0.7476289857185666,-0.3757502553327738,-0.06927349348833393,1.992668045025915
2026-01-21T00:00:00.000,90,11,0.2682926829268293,4,13,0.02264231385749878,0.5722565687789799,26004.478259019903,0.30632541081161563,0.01202053795080138,0.014249868626049,-0.05818904293270808,0.13116427125870925,-1.0527979102579845,-0.6402698812498011,0.0008578709053265298,1.6891285893060193
2026-01-22T00:00:00.000,92,5,0.2459016393442623,4,21,0.02930809502115816,0.651661514683153,26914.891928227997,0.4927946325345739,0.18483681120020184,0.23658170694618855,0.011485796751797252,0.2514054504876196,-1.0449140059978015,-0.0016152929858715749,0.21844958510508997,1.6224644380943911
2026-01-23T00:00:00.000,120,2,0.1780821917808219,5,22,0.023784669721038935,0.7160517674328761,30849.725793349102,0.8929483033538824,0.43512152098507856,0.6729246280393811,0.07278572210136067,0.8920829427367248,-1.037602361793191,0.3422484496235284,0.48306827275896713,1.6203429934287796
2026-01-26T00:00:00.000,79,42,0.3875968992248062,5,20,0.0022765104381860138,0.2973129711965977,32478.3080620386,-0.219445541365971,0.28084608336576966,0.4723640157927737,0.060997952576949066,0.49568328111623083,-0.9520937495254331,0.02423899311845714,0.1380641988159357,1.7266678916654754
2026-01-27T00:00:00.000,59,13,0.2891566265060241,6,15,0.025803039353679114,0.35878600425285134,28947.281301242998,0.12134204132771757,0.3187929693323637,0.4440035831382464,0.0722934188642391,0.5491534809899101,-0.7108253525809073,0.054690306248857144,0.08441552312395133,1.7378198255422497
2026-01-28T00:00:00.000,85,31,0.2916666666666667,7,11,0.02087919225427764,0.3152909336941813,29650.884019310997,0.2497986187724725,0.3074876109245351,0.4039888857654136,0.05117725559862777,0.4891094581807769,-0.47103589579390165,0.03262492852325413,-0.16169659247746718,1.8082452366750423
2026-01-29T00:00:00.000,88,36,0.36231884057971014,8,20,0.03027689130548222,0.332044839582528,32297.141267093597,0.32793585882661197,0.2745158561829427,0.3723543201372216,0.018682322959480448,0.19303316501844775,-0.1547604668415231,0.04733633765776912,-0.46521039562168254,1.9101757099708863
2026-01-30T00:00:00.000,59,61,0.3516483516483517,5,9,-0.01144043566837003,0.4563914136530652,28352.144710399,-0.37604655440888085,0.020716884630390044,-0.13329253047717843,-0.04273086907341929,-0.24702141126614907,-0.15241365450088337,-0.40615004722012155,-0.7088945877137833,1.8355212926642657
2026-02-02T00:00:00.000,44,130,0.3888888888888889,3,12,0.004029881504520321,0.14266383143243766,25844.830133389103,-0.8099269756872494,-0.09737940223386563,-0.42306170933167353,-0.13410119467151418,-0.24873267579464722,-0.3072699351709023,-0.38192349475370485,-0.8538732412030097,1.6673064352883926
2026-02-03T00:00:00.000,82,23,0.21904761904761905,4,16,0.04351579717711671,0.8857750289911094,25440.6268021004,0.7225164305137011,0.022855475603331076,-0.22905004084960084,-0.1437883730778149,-0.07117875334020222,-0.46132319832516233,-0.1554307551776848,-0.3470422007175176,1.5678016507113006
2026-02-04T00:00:00.000,77,16,0.2524271844660194,4,15,0.031534829350728266,0.606722039791385,24807.5451157252,0.3202545187552364,0.036946655599883846,-0.2970696267401371,-0.1274150636563907,0.026871264126414895,-0.6933071883035191,-0.0208277893061527,-0.06731931814190768,1.4376943112208802
2026-02-05T00:00:00.000,57,24,0.24,4,13,0.008293375322983102,0.30674135599768204,21759.8355518783,-0.2622226873507922,-0.08108505363559698,-0.5597552257451888,-0.1143271423168926,0.3347455503118293,-1.0016370540460906,-0.30445805900856593,-0.0910512821124724,1.168887837468203
2026-02-06T00:00:00.000,63,10,0.31521739130434784,5,11,0.0030158169332850154,0.4973913043478261,21455.6494293217,-0.21932535440580966,-0.04974081363498274,-0.5271264036081209,-0.06065086715206889,0.4238593538658296,-0.9960943460380435,-0.1151593070053897,-0.05168124599151823,0.9786671204844332
2026-02-09T00:00:00.000,99,8,0.20161290322580644,6,20,0.033903811854581904,0.8449942017781213,22492.8601787057,0.8000757281012891,0.27225972712272495,-0.06701944967027254,0.06682612729622536,0.8978401508252165,-0.7553138855626018,0.2642622390505488,0.6184875551377697,0.8807353527821894
2026-02-10T00:00:00.000,71,12,0.20224719101123595,4,24,0.027432497016778586,0.41541135573580534,21054.123089662604,0.13064138612343923,0.1538847182446726,-0.1620419274167139,0.07783925133006578,0.9379787902863977,-0.7495647745474517,0.05517519473082412,0.16713982974814745,0.7506666635814391
2026-02-11T00:00:00.000,62,13,0.25301204819277107,5,16,0.0011807964122345482,0.38180764774044035,19840.9326498795,-0.24952820390698324,0.03992817371222865,-0.28906330401541896,0.0805645894488947,0.9334345817263678,-0.6652279582340646,-0.33359783002078436,-0.04585185527859521,0.5992389923592015
2026-02-12T00:00:00.000,70,23,0.2222222222222222,6,22,0.024528128927580665,0.3849864917020455,21415.072684384406,0.1583715642899596,0.124047024040379,-0.17825968459229882,0.08131187564750617,0.9756242053799568,-0.5028885882767182,-0.12309151413812665,0.03144138479586023,0.5841914894664739
2026-02-13T00:00:00.000,46,17,0.22033898305084745,7,11,-0.011018405301561625,0.27606177606177607,19825.049529617,-0.358641072151398,0.09618388049126134,-0.3220113201453267,0.07383446468034359,1.2151858434434648,-0.34020789038615523,-0.3044374128049876,-0.1777113623684068,0.5286348410198977
2026-02-24T00:00:00.000,110,22,0.3167701863354037,5,13,0.01890630690976279,0.7266409266409266,22017.8137804886,0.3732719516267656,0.010823125196356632,-0.2219564431884769,0.05928314549410456,0.9160497914176201,-0.4138519012820134,-0.49013215411371586,-0.2850004539445315,0.5113698919915098
2026-02-25T00:00:00.000,101,4,0.31756756756756754,6,26,0.03616899820829159,0.6837937029167471,24622.3572769867,0.5680319968719374,0.09830124734605626,0.036908848292528204,0.06794225030134679,0.6194770830100274,-0.25179175862959613,-0.37081750764451993,-0.024000444693467227,0.6103902607860752
2026-02-26T00:00:00.000,80,7,0.2727272727272727,7,21,0.017235175043759873,0.4625193199381762,25382.368408763,0.2627111160275687,0.20074911133296663,0.19164959049496516,0.07446367306193301,0.568015080340601,-0.09002913002687166,-0.16019649192987165,0.05392453532899453,0.7674165220610167
2026-02-27T00:00:00.000,92,1,0.226890756302521,8,16,0.022991772470766635,0.6112828438948995,24870.929617099297,0.624265792025388,0.2939279568800523,0.37979914253020286,0.09762454912990988,0.5559704148482877,0.07192304360213193,-0.17820093153697136,0.2704279533570505,0.8599515262297552
2026-03-02T00:00:00.000,98,24,0.26865671641791045,4,26,0.02558222547888663,0.21314009661835748,30202.613970785005,0.1804123897838574,0.4017386492671034,0.8234047298935907,0.09041281383471425,0.4288176566125429,-0.16293658886223142,0.2966338747111038,0.20808257264832006,1.127755486031684
2026-03-03T00:00:00.000,80,88,0.3220338983050847,3,38,0.032485170249891344,0.10604597257098705,31290.7727998134,-0.13018676245915692,0.30104690644991894,0.5660667098054188,0.021571699712682236,0.4112199081457931,-0.31881286182554935,0.4709949227861495,-0.39097616340766816,1.3472641299326067
2026-03-04T00:00:00.000,46,27,0.352112676056338,4,6,-0.030267953391247993,0.3142139822325222,23655.0369585242,-0.8500150702909968,0.017437493017332086,0.09691751289171661,-0.0021361997821416146,0.3185085435981862,-0.4742475542697776,-0.38462385725009485,-0.7448659216474576,1.312509927580894
2026-03-05T00:00:00.000,78,7,0.35537190082644626,2,8,0.02503099271147312,0.7460899787603784,23898.42668169,0.05635618987580899,-0.023833492213019856,0.0827570362184493,-0.0017219698414529029,0.10416054264364452,-0.8658501480021688,-0.28266441532739683,-0.4682822990667009,1.2647668078844876
2026-03-06T00:00:00.000,88,5,0.26666666666666666,3,12,0.01734260750267197,0.7855212355212355,21999.7303113213,0.2634787750499044,-0.09599089560811656,0.05436905323247947,-0.00546063016883167,0.005664690549216811,-1.2550268053718374,-0.3519485611112039,-0.2982381737392075,1.1787041573525687
2026-03-09T00:00:00.000,50,10,0.46808510638297873,4,13,0.013430552704372562,0.26529037237121356,26472.4443165789,-0.6000215992761727,-0.2520776934201226,-0.3532590291414466,0.009553748069047283,-0.510014537282083,-1.2467979639337778,-0.5050352262783936,-0.24487668709544286,1.0858858417212391
2026-03-10T00:00:00.000,71,7,0.3486238532110092,5,10,0.034590239545460186,0.8303416328894035,23976.927014665205,0.34163343469094487,-0.15771365399010223,-0.4248534416228328,0.09448995083075547,-0.5746070993744593,-1.0815507271045073,-0.4788120867025986,0.45218881212323864,0.9091490139196889
2026-03-11T00:00:00.000,67,2,0.3163265306122449,4,15,0.025026957579752006,0.3715277777777778,25081.9901040554,-0.05409100452901473,0.0014711591622941639,-0.24039832843826456,0.12066035375780518,-0.47870712909330493,-1.0759117791611337,0.2344940054287404,0.5076444262781007,0.9425165653641164
2026-03-12T00:00:00.000,64,7,0.28888888888888886,4,17,0.021921668732692526,0.28125,24416.713145967304,-0.12652983600320206,-0.035106046013508044,-0.35701789613848345,0.1205971064962855,-0.3028682023945695,-0.9131991467451591,0.1938291462871678,0.06051227196908959,0.9524043984311132
2026-03-13T00:00:00.000,69,24,0.2736842105263158,5,13,0.009049551046974354,0.2770596179818638,24000.855348808203,-0.1552208615206619,-0.1188459733276213,-0.5185847930206382,0.10051095093204927,-0.32089809731984503,-0.7536647318288329,0.0857945212758855,-0.4286032919629282,1.0035236286309606
2026-03-16T00:00:00.000,63,13,0.29213483146067415,5,13,-0.00967952540419005,0.5301042068699344,23251.217361754698,-0.23174647950949476,-0.0451909493742857,-0.40494348514748985,0.097126403657386,0.1374077210067512,-0.6746273195321091,-0.21189918426338358,-0.17517066053050612,0.9157698791893522
2026-03-17T00:00:00.000,52,15,0.30666666666666664,6,19,0.017276504189523225,0.1586872586872587,22077.0292879315,-0.3037940345032212,-0.17427644321311891,-0.5670627985800579,0.08850437568900545,0.24575402211310543,-0.5964870753376947,-0.4324623432739628,-0.8167022604179172,0.8585209773156899
2026-03-18T00:00:00.000,70,14,0.2708333333333333,7,12,0.010977199532902403,0.6627413127413128,20458.7396783269,0.1850745080656329,-0.1264433406941894,-0.5396489376837411,0.07572578567077055,0.36428570814702593,-0.36175678835948827,-0.6117765732450582,-0.5364747273309867,0.7245421479421524
2026-03-19T00:00:00.000,36,17,0.28,8,12,0.009479101989188667,0.09498069498069497,21107.5851101151,-0.3748027831807545,-0.17609793012969985,-0.7803670456943174,0.06510973518348326,0.38658977281345186,-0.050038812453102335,-0.7690174238939619,-0.7129897211035805,0.6280279842401282
2026-03-20T00:00:00.000,40,26,0.4117647058823529,8,12,0.008163918522608699,0.11966801775718973,22865.9432980058,-0.5635268903519769,-0.2577591358959629,-1.026728303137546,0.06304414870047238,0.019780651857497177,0.18175557663972577,-0.7782444796092802,-0.8573018005239723,0.5933802548013636
2026-03-23T00:00:00.000,38,145,0.3333333333333333,9,11,-0.007871937686656899,0.05614508971638048,24311.597177915297,-0.6153864353595292,-0.3344871270659698,-1.235435564875297,-0.07453028306462199,-0.08774977790153657,0.4915305840447487,-0.7511396123325988,-1.301573029010943,0.6174877936784607
2026-03-24T00:00:00.000,101,8,0.25735294117647056,7,12,0.038222955345396145,0.939200926462073,20827.121439990304,0.848444374008319,-0.10403944536366175,-0.8088940411877651,-0.06649883046427409,0.04466944517543223,0.566243838255165,-0.4849587839386082,-0.5555883788918434,0.576750633506262
2026-03-25T00:00:00.000,106,5,0.20300751879699247,8,29,0.04474535583325136,0.8905827865688923,21796.3192939921,1.0801410042998014,0.07497385388317199,-0.49627486007873,-0.056395232235506264,0.22588690573446263,0.6411645724301233,-0.05857128538574426,-0.3440626064588526,0.6130694831764514
2026-03-26T00:00:00.000,52,14,0.34177215189873417,4,16,0.008600991401128346,0.16927234124686355,19434.5261209492,-0.6017393565987236,0.029586539199578165,-0.3529497183814304,-0.05262111642654094,0.062004089801636596,0.3260812984215048,-0.06994931220780878,-0.2624096343888294,0.5569501675785156
2026-03-27T00:00:00.000,94,5,0.19658119658119658,5,16,0.0209860079223541,0.80278153370678,18530.7065258213,0.5046155491754608,0.2432150271050657,0.11271630095018177,-0.030056573239893036,0.6334061808970175,0.09161687214769698,0.09158896128552474,0.3825685959112791,0.42066485178365304
2026-03-30T00:00:00.000,77,20,0.24509803921568626,6,17,0.017325753929030418,0.5423270197139544,19156.5916728002,0.16208897486521265,0.39871010915001404,0.4473813692926609,0.10092613133066519,0.8648601493589382,-0.1410350965538241,0.4101486025559926,0.8413321965940244,0.2673574114716416
2026-03-31T00:00:00.000,59,19,0.3655913978494624,4,9,0.01120114477270688,0.17435798416682757,19924.3280686245,-0.564709071993811,0.11607941994958806,0.0879499518705571,0.08947403178858478,0.5765457745482854,-0.37246403114460575,0.06877775659351257,0.12528333953906504,0.23698911645171772
2026-04-01T00:00:00.000,66,15,0.3888888888888889,4,9,0.0012997144338241224,0.8159011964492474,20122.309665793502,-0.22330038387717108,-0.1446088576858064,-0.25422466366172236,0.0790853506852988,0.08425917800633545,-0.6807546053039697,-0.4770163360558679,0.05233439385750969,0.18405467867177114
2026-04-02T00:00:00.000,31,20,0.44642857142857145,5,6,0.009680403729854218,0.1725202624469317,18427.9686070982,-0.8772556283857634,-0.19971211204321437,-0.4312080992690507,0.07293855956918191,-0.18949169127072046,-0.5964334360107518,-0.4602338920022646,0.05865402505596786,0.14778974962513727
2026-04-03T00:00:00.000,39,46,0.3157894736842105,6,6,0.0016735299446157348,0.13467103993825968,16563.2541867354,-0.6881830806307402,-0.4382718380044546,-0.896802149983715,0.03021117763780081,-0.5040243997829095,-0.5122172928966655,-0.6995791505212114,-0.5593947927595756,0.0739037422750945
2026-04-07T00:00:00.000,101,18,0.2462686567164179,7,7,0.013885258677527096,0.7342211928199189,16141.963880938201,0.38309938675901817,-0.39406975562569346,-0.6928797875142558,0.03231372328763783,-0.5071386103150078,-0.4284951040350352,-0.7401815992696522,-0.38495208866085334,-0.03715482287268738
2026-04-08T00:00:00.000,134,12,0.16770186335403728,4,15,0.018421138803907815,0.9406093328191284,24341.6937230423,0.9210549043248341,-0.09691696036196444,-0.059672901299684875,0.03946717738861268,0.011066199714141512,-0.4253262537297295,-0.6471313495982748,0.31619145960128187,0.08698694538990197
2026-04-09T00:00:00.000,64,14,0.26436781609195403,5,17,0.018059126633199047,0.21496047811837285,21339.1950173746,-0.16252781652575252,-0.08476244689168073,-0.07580757175714822,0.04032278523924314,0.3359744556557514,-0.34322149806931673,-0.4345742852189183,-0.23662914718274436,0.12059813309136795
2026-04-10T00:00:00.000,78,13,0.3275862068965517,4,16,0.019878158228158208,0.7146435452793835,23227.099264945995,0.12315312716839834,0.11531930421915162,0.32178591164350034,0.04733800212106632,0.645229979906783,-0.420049308219722,-0.3073481003903975,0.25690220785915197,0.26337643661367915
2026-04-13T00:00:00.000,86,10,0.19626168224299065,5,21,0.027950932420043425,0.4466075558982267,21501.7321138351,0.33522570784990674,0.320001061915281,0.7144642788577622,0.08454416576567578,0.9541960445498138,-0.4980804326351637,0.021084307003141546,0.5405425785581298,0.4232564913076078
2026-04-14T00:00:00.000,73,11,0.26262626262626265,6,19,0.025093651525816708,0.6774566473988439,23835.502742531797,0.35455989320012754,0.31429316320350287,0.4722581100049955,0.09138385431120355,0.9050423027350156,-0.5763666728712395,0.15970451005038702,0.4831853611332105,0.6648446770609476
2026-04-15T00:00:00.000,68,15,0.31313131313131315,5,16,0.010935934642128073,0.32806476484194297,24150.5924894191,-0.18131554077956222,0.09381907418262365,-0.08855203812308725,0.08788816073755963,0.5181214543660151,-0.49787104415424344,0.061317843169677345,-0.07839074938042619,0.6542198926628704
2026-04-16T00:00:00.000,88,10,0.22807017543859648,6,12,0.019957903239961175,0.7830861105759969,23415.0463943717,0.5202857301429339,0.23038178351636093,0.10856578895382574,0.09167425948321772,0.6084078733650671,-0.42040633470941036,0.08132699207548608,0.4356805379862257,0.7074233674601147
2026-04-17T00:00:00.000,75,7,0.2647058823529412,7,15,0.0229233504797044,0.4028901734104046,24253.708005895704,0.22561191094775063,0.2508735402722314,0.07856430588498155,0.09751201503907667,0.7677368276516534,-0.18549488689075705,0.11811221427960235,0.15024491356368957,0.7294393923773732
2026-04-20T00:00:00.000,93,17,0.19130434782608696,6,16,0.029140834563718496,0.6165863066538091,25786.027432580704,0.6189887705900661,0.30762615282026323,0.13457205340252903,0.07766304962217765,0.775058158617008,-0.10919912339976123,0.13205721787359576,0.3023810563081629,0.8408506573181308
2026-04-21T00:00:00.000,65,19,0.23529411764705882,4,16,0.01070937140106861,0.3691714836223507,24083.520025792805,-0.1341992534373658,0.2098743234927646,0.062497068192245556,0.028972773560139102,0.843765456283123,-0.27075549411790883,-0.056043025726126974,0.01945041596087411,0.8412330702970061
2026-04-22T00:00:00.000,62,17,0.30337078651685395,4,11,0.023097877232936673,0.5122374253227983,25595.4039883935,-0.020282651978891945,0.2420809012528986,0.008129719858715556,0.007097579735977426,0.8667397375145681,-0.35154569207826336,0.10476489573872558,0.18641188147404258,0.8729681865265249
2026-04-23T00:00:00.000,59,31,0.2976190476190476,5,11,0.018205273414894352,0.2513977250819356,28042.503752294502,-0.25947176767371827,0.0861294016895682,-0.24163142076683647,-0.17616392808662446,0.6821561464925315,-0.4313823666554164,0.08637425007892566,-0.3001607239912599,0.9837138547556578
2026-04-24T00:00:00.000,68,40,0.32,6,10,0.0011304089653474843,0.38461538461538464,26414.9264778912,-0.36431578870867665,-0.031856138241717256,-0.2985476483523218,-0.4620922970457613,0.5357284993715943,-0.5103222427306562,-0.20404447792225783,-0.31557721302212194,1.0318624120095043
2026-04-27T00:00:00.000,85,54,0.27350427350427353,7,12,0.01003087060753137,0.6136933461909354,25891.109234617998,0.011307855074837241,-0.15339232134476302,-0.3515616784836662,-0.8794093768244349,0.3201070409443,-0.42949915587961146,-0.449479407659763,-0.31053040376964625,1.0266267322594806
2026-04-28T00:00:00.000,76,54,0.23232323232323232,5,19,0.01753845769037712,0.32078022402471995,25359.466622384003,-0.21253353178864628,-0.1690591770150191,-0.247721036556308,-1.261321666630384,0.3274964739583999,-0.3488765727038193,-0.3541775328186725,-0.3513567712134014,1.0525428668590515
2026-04-29T00:00:00.000,120,42,0.21052631578947367,5,18,0.012969810964540356,0.7241847826086957,25899.1861962892,0.44119773005100044,-0.07676310060904064,0.2798947889261755,-1.5290079783632644,0.5701124615971656,-0.26918542361198206,-0.4907667914369312,-0.15082707325003403,1.052438311875586
2026-04-30T00:00:00.000,97,55,0.19166666666666668,6,24,0.02360621802045939,0.518540089303048,27405.7743472525,0.2758858496212266,0.030308422849948335,0.6239946552158588,-1.7804102380023514,0.8458799863696683,-0.19000368924538502,-0.41562212445219365,0.0975203630715806,1.0308000069924605
2026-05-06T00:00:00.000,125,63,0.23780487804878048,7,31,0.032575654256652764,0.7040540540540541,32264.5971948971,0.6524396994556525,0.23365952048281416,1.137308860893191,-2.014147600376453,1.0573639893951334,-0.11138877464602659,0.015357586571047733,0.39290661488236117,1.1582159666604457
2026-05-07T00:00:00.000,127,55,0.23952095808383234,8,34,0.036499873798744205,0.6263990737167117,31436.147614291996,0.757022347458272,0.3828024189595011,1.5107852829371542,-2.000539158126162,1.1423073025667017,-0.033306764462910254,0.3761185916130587,0.40341686586460224,1.2808348123240632
2026-05-08T00:00:00.000,125,32,0.2331288343558282,7,28,0.02929447454460319,0.6515444015444015,30483.313905747003,0.8013880117477791,0.5855867276667862,1.9427175446291312,-1.7431928474163254,1.1360101615971268,0.12425335722262573,0.535054260702743,0.7086779645876818,1.3955866523445204
2026-05-11T00:00:00.000,134,30,0.25139664804469275,8,35,0.02640795496519884,0.584942084942085,35386.099947636896,0.8860171514123661,0.6745506119390594,2.048992615118832,-1.601601083652708,1.0248382064406631,0.36026897263350255,0.7158736510891284,0.577972163057467,1.59550975888653
2026-05-12T00:00:00.000,94,34,0.29850746268656714,9,41,0.023357264184823753,0.24637960996331337,32423.8977228938,0.2675326861622789,0.6728799792472697,2.008909372771735,-1.3631155866000724,0.7413180923611721,0.5949687728540807,0.7075398666550458,0.3232967653587596,1.6972425713301682
2026-05-13T00:00:00.000,146,17,0.1797752808988764,9,32,0.03306961997138534,0.5857611421956396,32397.037166394406,1.2578751897583331,0.793967077307806,2.1693469267952414,-0.8615797412035244,0.8894353402415167,0.7492937986954209,0.7100935525727614,0.21320564003947648,1.6879740240137486
2026-05-14T00:00:00.000,81,48,0.3816793893129771,10,28,0.001390823246856335,0.194867837159946,33619.2185717,-0.271454655082863,0.5882716767995789,1.7444068554714112,-0.7939297218997993,0.5150737895229013,0.9022114391656713,0.21889922042416626,-0.189993807519016,1.7212339624317181
2026-05-15T00:00:00.000,73,45,0.416,11,14,-0.006644561540642395,0.3265817901234568,33442.574137320706,-0.29995644918000003,0.3680027846140231,1.274157828816948,-0.9452127162360432,0.03681169234440249,1.2116221111011118,-0.28178361417277287,-0.4913455583822176,1.7717697488267334
2026-05-18T00:00:00.000,101,55,0.2887323943661972,6,14,0.008791318733642767,0.44553691922112976,28936.0396841729,-0.09005001333727138,0.1727893516640956,0.9715078910921526,-1.226589347070944,-0.06231233869768987,1.04770646082032,-0.5256786256409256,-0.6191431449872198,1.6240345661329758
2026-05-19T00:00:00.000,123,26,0.15753424657534246,7,25,0.030724593857789233,0.6476263990737167,28863.0957463145,0.9278667660910164,0.3048561676498431,1.2219754699627154,-1.145318840516907,0.30325414590340527,0.883655053286733,-0.42302156040941175,-0.24112707931400373,1.5345759846363705
2026-05-20T00:00:00.000,71,41,0.3486238532110092,8,14,-0.00006737942722490967,0.3083301195526417,29534.177549417596,-0.33111092289550664,-0.012941054880924863,0.5676456120531043,-1.4076434164829221,-0.13646772376688826,0.7991829312750696,-0.8784680911023312,-0.49633499246445834,1.4614982963219518
2026-05-21T00:00:00.000,36,69,0.6869565217391305,7,7,-0.00825723358300862,0.12854114472923492,34812.2886251202,-1.5605819446423277,-0.27076651279281777,0.18029109933777124,-1.630710462393706,-0.9209591964940094,0.5590084819510335,-1.0040289288262507,-0.5537428711730633,1.4747762880485
2026-05-22T00:00:00.000,138,20,0.14814814814814814,3,11,0.03223565475804214,0.7198998266230013,29030.481343747404,0.9131651161295132,-0.028142199730915186,0.7444351424081688,-1.3500023391140539,-0.24229781472021408,-0.07109432527955914,-0.462198008854544,-0.18334519744493388,1.36750714488873
2026-05-25T00:00:00.000,130,27,0.2696629213483146,4,31,0.03781718304521987,0.4085917934887305,32054.4844723578,0.5392389346468708,0.09771558986591325,0.9907248928404133,-1.0344259686127748,-0.1971778994407539,-0.2265522982358069,-0.060325687701199594,-0.21445832899287448,1.4262244192043891
2026-05-26T00:00:00.000,68,37,0.3333333333333333,3,26,0.016246579584225616,0.25313041803120784,32434.1055753272,-0.39365243227994257,-0.16658824980827852,0.5119243557471931,-1.1447891061074569,-0.6508773901064263,-0.536750279232036,-0.2587343250806541,-0.5810036595104184,1.4941126556318496
2026-05-27T00:00:00.000,62,35,0.3404255319148936,3,16,0.013619689669577432,0.18011943748795994,32382.163629900595,-0.49873998138960995,-0.20011406150709918,0.43625367872899323,-1.0697977457605272,-0.6245414265499255,-0.9230130063125696,-0.06702121916778792,-0.6974790362128962,1.5448003247250193
2026-05-28T00:00:00.000,126,13,0.24096385542168675,4,14,0.011162620576354906,0.5293777692159507,29678.794626515097,0.4524817350518095,0.20249867443172823,1.2029640380311573,-0.4579748070068728,0.5185813644611112,-1.151559227237021,0.20251646506106744,-0.32194837279830407,1.42491126051096
2026-05-29T00:00:00.000,71,64,0.48175182481751827,5,16,-0.0011361514921564898,0.2786127167630058,33186.380301275,-0.8695783012546012,-0.15405000904509467,0.6220433802132943,-0.923145483330277,-0.30978821620769786,-0.9878639329129054,-0.2540456546754535,-0.7318172708113455,1.5062671144087232
2026-06-01T00:00:00.000,168,25,0.22580645161290322,6,23,0.025184743118387126,0.676617873651772,28772.387648970802,0.9744437579432015,-0.06700904438582853,0.9354768951039307,-0.8954790746677481,-0.20196224887750178,-0.8250764398398364,-0.42439058848677735,-0.48019754927959235,1.422565695346726
2026-06-02T00:00:00.000,96,18,0.29927007299270075,7,32,0.010490288874790693,0.26449624349836254,27926.1456114121,0.08337901120957136,0.028397244312074254,1.1657660830149283,-0.6870930230566584,-0.11750774984286405,-0.5083151132891824,-0.49918156971614047,-0.46630738467398414,1.3114194677484217
2026-06-03T00:00:00.000,82,30,0.4533333333333333,7,20,0.02327317880680224,0.3164581328200192,31299.8355047352,-0.14239389179578663,0.0996664622308389,1.3308034386916905,-0.6275704621597541,-0.3933238179578466,-0.1939674986246643,-0.3632898659169088,-0.3369724108326083,1.2819858524159644
2026-06-04T00:00:00.000,91,34,0.2601626016260163,4,15,0.015265468567537585,0.2490856592877767,27574.156758744295,-0.13811775095195059,-0.018453434969913095,1.0288969497868148,-0.84514119445816,-0.44178158141516644,-0.1934886520494901,-0.3047052312781907,-0.5968534706259397,1.2238991352507411
2026-06-05T00:00:00.000,86,18,0.4228187919463087,5,8,-0.006312547703401208,0.5737925726380604,30688.103567617596,-0.22015132041643962,0.11143196119771923,1.149646134639569,-0.35035737253344934,-0.2948110849361438,-0.1936168518929428,-0.3744380884669849,-0.32117353485614697,1.164774526430134
2026-06-08T00:00:00.000,62,56,0.29545454545454547,6,17,0.011497759096142736,0.12793382070026935,27925.230628731802,-0.5361052629018167,-0.1906778429712844,0.2557233299404471,-0.674413180317147,-0.4666556777550336,-0.19455437439769,-0.5597044636905959,-0.8328891269873211,1.1377485924083497
2026-06-09T00:00:00.000,142,19,0.1791907514450867,3,11,0.014430128644957912,0.6186994998076183,26401.077223110897,0.5797768918780941,-0.09139826683757986,0.6323805034709847,-0.680509152611654,-0.17233879149664827,-0.505697971769678,-0.5029628379642267,-0.5024037818448843,1.0917441643530474
2026-06-10T00:00:00.000,75,74,0.25742574257425743,4,16,0.0068212709926052835,0.29239653512993263,26190.106196247,-0.6038490249251937,-0.18368929346346125,0.5718633135206973,-1.1365940797670397,0.3050753628209718,-0.7368450776120532,-0.7256787179572625,-0.5247890792738638,0.9611432240243213
2026-06-11T00:00:00.000,79,55,0.3416666666666667,3,11,0.0072211869179812285,0.259580204120932,25518.1253057736,-0.6628873849946865,-0.28864322027200845,0.47234183999758894,-1.3434537859974576,0.10459916877245493,-0.8101952376875609,-0.8313343146900614,-0.5125921816007393,0.9001319693017165
2026-06-12T00:00:00.000,104,23,0.4090909090909091,4,14,0.0061108715065551775,0.7139006546014632,32147.618380121996,0.0693628546471714,-0.23074038525928625,0.6182189426483171,-1.3880217717432781,0.13896721093041023,-0.883783300532377,-0.6568856949553048,-0.3791624567212942,0.9354843735585234
2026-06-15T00:00:00.000,164,12,0.24423963133640553,3,17,0.0218093092778046,0.706879938331085,30310.148411087797,0.8497866181130835,0.04643799094369381,1.4486907937660587,-0.9194056665995662,0.2636138880517741,-1.1121310055755078,-0.5120509469367354,0.1630755682132671,0.9932733056865665
2026-06-16T00:00:00.000,140,11,0.23497267759562843,4,39,0.04087289009701052,0.5055833654216404,30645.339150418502,0.837468326508488,0.09797627786977259,1.4109862368479622,-0.8324088568624368,0.12483518290195425,-1.029388799460425,-0.14609415299834033,0.058564232947967323,1.0993401017117272
2026-06-17T00:00:00.000,97,21,0.2595419847328244,5,26,0.019470833770731846,0.30751445086705204,30915.1857558087,0.18918625492362828,0.256583333839537,1.5798220313606532,-0.27199168784599087,0.11894016882296352,-0.9489293385579256,0.02758171818457783,0.07356836645231661,1.2170920784601647
2026-06-18T00:00:00.000,103,42,0.33548387096774196,4,16,0.00934347323092792,0.3779876638396299,33096.7385084486,-0.13417662845998596,0.3623254851464771,1.7608076965442172,-0.1340507606870119,0.1317402808262202,-0.8684789149253064,0.05561804746453973,0.18434607901919342,1.4062959677834876
2026-06-22T00:00:00.000,153,33,0.15934065934065933,5,28,0.03921080493953336,0.5183972259680216,37368.7868126252,1.0279588626554068,0.5540446867481241,2.12993552270638,-0.23359251653007482,0.7397296587964206,-0.7881111483348685,0.5106468500430343,0.0037096557089469294,1.515994784847031
2026-06-23T00:00:00.000,123,53,0.359375,5,29,0.013363277467258234,0.4908530714423262,34404.9211645991,0.03882942924506765,0.391853248974521,1.767984455950078,-0.6500335167424515,0.4540817784024512,-0.6301647415280075,0.39401313348800987,-0.19652679138932613,1.6036184246408933
2026-06-24T00:00:00.000,106,66,0.22627737226277372,4,17,0.0026065829910863845,0.26617873651771956,32840.867653143396,-0.2541269525194851,0.1735341931689264,1.4819948875795792,-1.2062649762863438,0.4701424743145134,-0.6263953131068133,-0.13157518006546934,-0.41942116371994353,1.6462586234669623
2026-06-25T00:00:00.000,94,91,0.2932330827067669,5,18,0.024507541167076968,0.23097669042573685,35940.0370512988,-0.31606205032410006,0.0724845321193807,1.4484638851374676,-1.9053503923637565,0.3839289467516164,-0.6214818268258673,-0.0602708842907889,-0.48948316338131814,1.7515851598083116
2026-06-26T00:00:00.000,73,46,0.39166666666666666,6,12,0.0035373855385206847,0.14558058925476602,35520.808807019006,-0.4905683802283752,0.0012061817657028628,1.2071502752543304,-1.9257677231205999,0.2455533700898755,-0.4628662543665472,-0.14194187517784512,-0.7069060997970652,1.793221579477772
2026-06-29T00:00:00.000,126,75,0.29608938547486036,5,15,0.01322674763722847,0.4611678550780497,35175.1573092353,0.011401689984698418,-0.20210525276843877,0.9803847935322636,-2.3232188194547043,-0.08946075530582273,-0.46009577857790396,-0.4981340790795117,-0.7587142385761478,1.7345021080827556
2026-06-30T00:00:00.000,172,22,0.19248826291079812,6,30,0.03192523099992304,0.559583494022368,32734.585458764202,1.0766714039466474,0.005463142171877111,1.3436998662233073,-1.993120682701625,0.3154291032026078,-0.3815732641991456,-0.24002978657693658,-0.691893206799137,1.6857299660540697
2026-07-01T00:00:00.000,224,13,0.30864197530864196,7,41,0.03128394016329171,0.7791481981113895,36597.1506408666,1.456104660458413,0.3475094647674567,2.209672688038114,-1.4463518487744451,0.11446434643273606,-0.150193841160899,0.15437882967385322,-0.21031391901255975,1.7609099981753977
2026-07-02T00:00:00.000,158,44,0.3008849557522124,5,65,0.01232487606168925,0.40681555641124373,34503.1013769552,0.293593741512506,0.4694406231347779,2.643334827200102,-0.9551296500596951,0.0944207886291554,-0.15320117690510907,-0.015798793325084926,-0.047526840514481736,1.7199852069185593
2026-07-03T00:00:00.000,159,28,0.28699551569506726,5,49,0.012123524436550724,0.6791835162719045,31822.3851589896,0.5619173700909592,0.6799377731986448,3.235824809358845,-0.771518090676594,0.3470175846887514,-0.23303489117943837,0.10265748267361516,0.4510015138831506,1.6276160036421843
2026-07-06T00:00:00.000,73,53,0.4112903225806452,5,12,-0.00356674977525166,0.349826723142087,30909.059811182695,-0.6483101051639582,0.5479954141689135,2.819284878142872,-0.5461997606648847,0.06553969207753556,-0.23430109372344546,-0.13219253238721154,0.3427520433141434,1.5210846724233857
2026-07-07T00:00:00.000,34,50,0.4426229508196721,5,6,-0.023629145173157135,0.12302656911821332,25809.9991259648,-1.3242350208724933,0.06781412920508538,1.7876899140252127,-0.8128513116811842,-0.5401982853691276,-0.3118460040241869,-0.9019960370648036,-0.07091531159718083,1.324815940146868
2026-07-08T00:00:00.000,57,47,0.22972972972972974,6,9,0.01890853474291985,0.29514824797843664,25633.5734798587,-0.22540653468067232,-0.2684881098227317,0.548056027473614,-1.1358324773658275,-0.34631081111978756,-0.38818986111897436,-1.0692431360543075,-0.5233418922785276,1.0354453817046891
2026-07-09T00:00:00.000,75,15,0.27884615384615385,7,6,0.010996948366338181,0.45860608394301117,29135.395618794406,0.16068098556547825,-0.29507066101213725,-0.0419986851729868,-0.8489154142760162,-0.2895651575833122,-0.23145328951348149,-1.0802701903469498,-0.4706551296635636,0.8973632394713495
2026-07-10T00:00:00.000,93,7,0.5079365079365079,2,10,0.006761905750882388,0.6761648055448595,33883.6199297698,-0.17752311166149184,-0.4429587573626274,-0.5061205922025402,-0.6410341971005262,-0.8205929000610371,-0.46415948051544376,-1.1472464903914892,-0.4666095224478445,0.9450518811804891
2026-07-13T00:00:00.000,32,187,0.37254901960784315,3,11,-0.026011560647762534,0.15008658841639408,28175.7766991627,-2.2022725765008277,-0.7537512516300013,-0.7854899729415159,-1.9194600977549672,-0.7195794172620132,-0.617728815095482,-1.445851032517975,-0.651249506600616,0.8631000807625602
2026-07-14T00:00:00.000,87,29,0.19444444444444445,3,7,0.028208370661669077,0.7540888974408313,27037.8153192304,0.38110683305439597,-0.4126828808446235,-0.418094712772697,-1.6993226025063446,-0.11893947074989542,-0.7709435549021908,-0.7241214112379805,-0.05037948387005557,0.8930210701267998
2026-07-15T00:00:00.000,73,39,0.2980769230769231,4,15,0.011434882672936386,0.6152366294728742,25709.3127190967,-0.15855921492929723,-0.3993134168943485,-0.3075737911356525,-1.5957150706464323,-0.2839963833531857,-0.9241171004965747,-0.8225240708941017,0.2519853167327245,0.886747181532783
2026-07-16T00:00:00.000,46,41,0.3783783783783784,5,9,0.022117291223376252,0.45102944006157397,24033.8669185399,-0.43114890237893994,-0.5176793944832322,-0.5055882445019382,-1.8170905999029305,-0.5206626120732574,-1.076835411900297,-0.6688906288189523,0.24566581816927427,0.7196459176454761
2026-07-17T00:00:00.000,34,213,0.2765957446808511,4,8,-0.013347743575216509,0.07795957651588066,26547.4322849705,-1.9610977508802285,-0.8743943223269796,-0.9089725388892174,-3.58971590484744,0.03831963561265102,-0.9177755956289744,-0.9364812228506321,-0.3194021232136704,0.5132674935284269
2026-07-20T00:00:00.000,55,266,0.4444444444444444,3,8,0.004252688713951899,0.3288435635943814,27019.210735974404,-2.0013154189531197,-0.8342028908174377,-0.7483271712735142,-3.851912568446944,-0.13601425793541178,-0.9161095708997109,-0.5134316494987746,-0.14768733351791272,0.474062315850203
2026-07-21T00:00:00.000,120,28,0.07692307692307693,4,5,0.012441775099578202,0.5523278183916891,29569.034563331003,0.5921681408567167,-0.7919906292569737,-0.523656908322649,-3.8171823523097204,0.1484906936131792,-0.8375339745226661,-0.7242325846839324,-0.3366327272389326,0.546813448665905
2026-07-22T00:00:00.000,47,10,0.4777777777777778,5,12,0.016376389217504884,0.2754905732974221,26531.661133886395,-0.5234448711692902,-0.8649677605049723,-0.699493079297661,-3.577970046296696,-0.2772288746684842,-0.7598449368458676,-0.6533502245273229,-0.6538494317489931,0.5669622698502181
2026-07-23T00:00:00.000,128,2,0.15789473684210525,6,15,0.04256215990147079,0.7689495959984609,21949.9748884242,0.9657840138230773,-0.5855811772645689,-0.14226598287071854,-3.2700915552478804,0.24437549459338692,-0.6826912811840143,-0.3736863880715071,-0.35228646573793576,0.4775779376666872
2026-07-24T00:00:00.000,43,24,0.2833333333333333,4,18,-0.0030547984823591614,0.10275158745430056,19309.216259072797,-0.8364879470493835,-0.3606592164983998,-0.07751647381061373,-1.6334947271379612,0.22729334610096616,-0.6822184000393164,-0.22728950351970112,-0.32314466886044035,0.19175591177826787
2026-07-27T00:00:00.000,121,6,0.1037037037037037,5,9,0.033462069268644125,0.9406893895628731,20764.7484471304,0.9312057654261501,0.2258450203774541,0.3661926601505051,0.33886968613658,1.0320085957693386,-0.5268952211092476,0.1670158796882877,0.2497990687126455,-0.0460755267059304
2026-07-28T00:00:00.000,67,50,0.26373626373626374,6,19,0.009988615744414772,0.4568733153638814,20256.140092892,-0.3148553441264968,0.04444032338081144,0.003864111387038216,0.19373595849441036,0.5751284842424533,-0.3724198907381003,0.13607698906046256,0.15900739604054306,-0.3843107848211272
2026-07-29T00:00:00.000,86,11,0.17307692307692307,7,12,0.0061499470615353005,0.764105526670518,22963.386086378603,0.41034043863187797,0.2311973853410451,0.26550687922108046,0.18700050943496488,1.2862440408632891,-0.2184930998645648,0.0011336317898147596,0.6137163652400599,-0.5167266292973289
2026-07-30T00:00:00.000,55,82,0.2948717948717949,8,11,-0.002684653417464955,0.31479699826823165,23425.748676199,-0.5872740704111589,-0.07941423150580215,-0.22949090634275815,-0.3391887996194023,0.9581425812342129,-0.06495443606809195,-0.6036292646076302,0.18861363350395846,-0.46539242864090413
2026-07-31T00:00:00.000,102,0,0.5506607929515418,9,10,0.026583429396488088,0.8456802001154512,25417.5578516502,0.3393267384965034,0.15574870560337523,0.16514617186827046,-0.17958477137264298,0.3379081348459696,0.31934459891272937,-0.20358835572863176,0.8783505666723567,-0.2273354059744251
2026-08-03T00:00:00.000,83,9,0.20952380952380953,6,17,0.011521724750983444,0.7438907061766403,19971.6370356782,0.23336434078067064,0.016180420674279328,-0.09149362161143473,-0.19770536004548275,0.08334176988991934,0.39611012749751995,-0.4937063960587091,0.6901170521261654,-0.273400627078023
2026-08-04T00:00:00.000,140,1,0.15151515151515152,7,20,0.045997352590931295,0.6553781027515875,22133.7111727541,1.0378898737494668,0.2867294642494721,0.4003850271437816,0.12667018993124085,0.33807697305375256,0.4743880947640845,-0.0019102875032853462,0.8715038839683068,-0.20200763161157673
2026-08-05T00:00:00.000,104,1,0.31125827814569534,8,32,0.05273951193671708,0.6591652240815541,26594.3197558575,0.8376682276214853,0.3721950220473935,0.5193046483341703,0.19297055261682522,0.01728911634657337,0.552242386416735,0.626075200261841,0.7704721646738995,-0.07298891431829028
2026-08-06T00:00:00.000,83,1,0.2169811320754717,5,21,0.038383277894626054,0.5075,25286.066365166906,0.4509540274857287,0.579840641626771,0.7051299453524003,0.7260996542651056,0.19521000220404472,0.32048485085685297,1.1735206183069729,0.946374484307999,-0.007935063905978201
2026-08-07T00:00:00.000,75,4,0.2647058823529412,4,14,0.012578647484298718,0.5134563629373318,26642.514812795802,0.05353492419195216,0.5226822787658608,0.5216242734934415,0.6986789966659879,0.8510759881506778,-0.06526116853573974,0.9835218257043818,0.6377003982660702,0.03143563761620569
2026-08-10T00:00:00.000,103,6,0.1487603305785124,5,13,0.023271338535320502,0.7450528338136407,25229.417605015602,0.6398534960084664,0.6039801098114199,0.6522189715912768,0.7169920479570262,0.9866231446865952,-0.14274318806900688,1.1366842277084892,0.6369851076063122,0.2411004571992466
2026-08-11T00:00:00.000,60,2,0.25925925925925924,6,16,0.006788479740141113,0.29971181556195964,23208.394645482203,-0.18256474144267226,0.35988918677299214,0.10797427722405642,0.7090982882099088,0.7345187363039719,-0.22076885911264696,0.601604783843575,0.30870333871657557,0.27809374222550376
2026-08-12T00:00:00.000,96,0,0.1111111111111111,7,17,0.032002561671415554,0.7417371252882398,21522.7615522275,0.7758853025262701,0.3475326017539491,0.051248252847227393,0.7143454123333441,1.185700314482226,-0.2973550390258416,0.31915037479820973,0.3837784183233214,0.07586047851915641
2026-08-13T00:00:00.000,62,4,0.38613861386138615,5,22,0.011340062906465873,0.2084534101825168,25507.602764083,-0.4011285845280183,0.17711607935119972,-0.09428062944890145,0.6932528834120821,0.7937569161524489,-0.29502635239901565,-0.043427523406304236,0.10610634065142657,0.07943092049666119
2026-08-14T00:00:00.000,63,13,0.25882352941176473,5,11,-0.0009367722434731965,0.44610951008645533,21427.2438538036,-0.3118829525259264,0.10403250400762398,-0.17899785237770738,0.633553759920327,0.8003480085667556,-0.21632460950085863,-0.2233901890403856,0.042670795909083195,-0.12963238542384692
2026-08-17T00:00:00.000,110,1,0.12698412698412698,4,15,0.0353334492501237,0.7816644243705555,23873.0737042887,0.7681064671080503,0.1296830982275408,-0.13408798598048124,0.6654677996178917,0.841676146935012,-0.2936146969850907,-0.06005382535624748,0.07501024950365291,-0.18661600014195234
2026-08-18T00:00:00.000,80,6,0.26605504587155965,4,18,0.01225915627166956,0.3537663335895465,24006.3580670655,-0.12430269679618558,0.14133550715683812,-0.0022911993323691594,0.638818446884949,0.821345830757996,-0.44816165587049106,0.015638124773816174,0.12507843482757872,-0.16107943194361346
2026-08-19T00:00:00.000,38,130,0.2962962962962963,3,8,-0.026511440452471086,0.08089930822444273,25108.684222569398,-1.5228893815910616,-0.3184194296666282,-0.3951524096257676,-0.2073190063764388,0.3961551809619805,-0.7574839874987548,-0.7633335605526848,-0.4795188381692377,-0.022283386405495202
2026-08-20T00:00:00.000,83,12,0.3897058823529412,4,5,-0.015728739654133714,0.7524980784012298,20792.4661628113,-0.43222253367859853,-0.3246382194967442,-0.2540776580639946,-0.25803241205120864,0.38816488482535394,-0.8343585791651321,-1.1114160260173,0.022255817333960693,-0.22500356333888932
2026-08-21T00:00:00.000,58,15,0.2564102564102564,3,13,-0.006586270153183089,0.4624399615754083,18791.5107050684,-0.5773758321844057,-0.3777367954284401,-0.2871299301169466,-0.2688159482516954,0.3932801116220369,-0.986706878019856,-1.1720721326313892,0.03916182595364166,-0.36187461655487246
2026-08-24T00:00:00.000,48,14,0.30434782608695654,4,10,0.0061420215005804964,0.2657960437872095,20072.278404060202,-0.6039510118650007,-0.6521482912230503,-0.7032795410722956,-0.35144321651443633,-0.009349915113501297,-0.9838647534552335,-1.5508199897775856,-0.43093272559954343,-0.5353478970287571
2026-08-25T00:00:00.000,70,4,0.2857142857142857,5,8,0.007826505279316531,0.7617127496159755,18316.2639065857,-0.09299308200566646,-0.6458863682649464,-0.7683938233162462,-0.3375530853795699,-0.053840676215225924,-0.9043340661037235,-1.5987924428003477,-0.056229634171071116,-0.8020608498684416
2026-08-26T00:00:00.000,56,2,0.3333333333333333,5,13,0.02263229261077983,0.5298521789210981,18083.812265296798,-0.24684777841011754,-0.39067804762875763,-0.6435169308279236,0.49580660905161744,-0.13732503900223397,-0.747809350110672,-0.9358140832891042,0.35557753280539905,-1.121665072028387
2026-08-27T00:00:00.000,77,4,0.21428571428571427,6,16,0.030168780532141722,0.6125935880207334,21256.2498838649,0.3263469780011327,-0.23896414529281138,-0.6821760813228742,0.5469050320314963,0.2576214596907406,-0.5929541513934876,-0.32859211614557404,0.2263869012190371,-1.0999400611290189
2026-08-28T00:00:00.000,82,3,0.21904761904761905,7,17,0.027296344422924935,0.5368663594470046,21014.720246386798,0.3202543727734351,-0.05943810430124323,-0.5187988934826812,0.6231539027549869,0.34028644531973473,-0.28481758967990906,0.11890551947970902,0.29457916371491916,-0.9893752782154632
2026-08-31T00:00:00.000,87,13,0.2926829268292683,6,18,0.00709928803587893,0.5762581636573185,21305.6334387468,-0.02883950747540453,0.055584196576675994,-0.25484099827711343,0.6293373916063261,0.36400741718732077,-0.1314246877882748,0.13226247156225962,0.5779634712781595,-0.9282156895319469
2026-09-01T00:00:00.000,83,0,0.14432989690721648,7,18,0.014361595008329248,0.5943921643940849,20328.9663586774,0.355808291947688,0.1453444713673469,-0.16501551295790529,0.6544233308082708,0.6812522446051348,0.022056864822849374,0.22096017504687432,0.4257467308259762,-0.822012533579773
2026-09-02T00:00:00.000,52,9,0.2876712328767123,5,15,-0.007565898373004659,0.23943932411674348,17908.7852238176,-0.7047941499518754,0.0537551970589953,-0.19049543492329804,0.6089632726335099,0.78144292936091,0.02039485666381614,-0.17770694409684978,0.15979661099228668,-0.8261089112174085
2026-09-03T00:00:00.000,46,17,0.43209876543209874,5,9,0.00251884666935863,0.3465156459973123,17586.9880998235,-0.8469878352902825,-0.18091176559928773,-0.39636628493966314,0.5256818447475207,0.28680799247609357,-0.05811394209351536,-0.5399963645941384,-0.08105524507978568,-1.0033403597115267
2026-09-04T00:00:00.000,41,9,0.5444444444444444,5,7,-0.006273889181938658,0.4319185711542155,20304.4064752141,-0.9384398911748596,-0.43265061838894675,-0.6683384681267975,0.4872984900440704,-0.4472633360934653,-0.21323668644077887,-0.9821876473724199,-0.17499937993310222,-1.029827300800134
2026-09-07T00:00:00.000,94,2,0.21008403361344538,6,13,0.04661570507491185,0.5838294603418475,19458.1888227842,0.5169906648065075,-0.3234845839325643,-0.6182579801390359,0.5570948613066788,-0.26155056761266854,-0.2132298685953693,-0.4524731513379258,-0.1659162954295487,-1.1100590857200814
2026-09-08T00:00:00.000,74,1,0.34513274336283184,4,19,0.029161613048552273,0.6255041290570386,19601.4422011641,-0.03276169162033623,-0.40119858064616915,-0.6755584981655625,0.5501790734133081,-0.7108050563028273,-0.4446210001028611,-0.25492140753705345,-0.13535217479710482,-1.1373110010310836
2026-09-09T00:00:00.000,49,9,0.36363636363636365,5,15,0.01201574810295715,0.3320530055694258,18554.2761840944,-0.5595961660321298,-0.37215898386222,-0.6928478536810475,0.5497513071772803,-0.8809856934195921,-0.4432486997797474,0.007195674393724261,-0.05058086179071617,-1.094396759935442
2026-09-10T00:00:00.000,39,14,0.4,4,9,-0.000819686524383329,0.1790242028428736,16469.713935614698,-1.0433575569578197,-0.4114329281957275,-0.7361310684421635,0.5685694876088123,-0.8058935811740554,-0.5190257783593797,-0.03390746965797446,-0.2051695788261559,-1.1484725085191765
2026-09-11T00:00:00.000,40,21,0.38461538461538464,4,7,0.00569610743031204,0.1161897445746111,19716.629064499502,-0.8945043609142385,-0.4026458221436032,-0.7386478846370569,0.49163199118383194,-0.4435938886572801,-0.594307493595113,0.12871668404033337,-0.4949291575416065,-1.1673910057983323
2026-09-14T00:00:00.000,57,18,0.40625,4,11,0.03213136596231169,0.564432494718648,16290.291223857397,-0.4144593389025269,-0.5889358228854101,-0.9823727843999913,0.38956615528684735,-0.8809446953015394,-0.7460347961876976,-0.06356140639221497,-0.5120320838549197,-1.3271711493483558
2026-09-15T00:00:00.000,32,34,0.43859649122807015,5,7,0.0036016796406453566,0.20249759846301632,16126.0236684341,-1.1158684244010328,-0.8055571694415494,-1.2590554404520073,0.17941814516822166,-1.0924385158293142,-0.6654054037495084,-0.40053616938536074,-0.8996720414607134,-1.5012107603821647
2026-09-16T00:00:00.000,91,4,0.13333333333333333,6,12,0.03654816122950143,0.7468305800998848,18390.092837469103,0.60955335130478,-0.5717272659741675,-0.974456898287467,0.21154869134639825,-0.567088781040376,-0.584240292438573,-0.07407329995062488,-0.5170691137110954,-1.4967111677374354
2026-09-17T00:00:00.000,50,2,0.3150684931506849,5,9,0.0010603980733072305,0.4807064695718948,18230.322603427,-0.4484475989457354,-0.45274527437175055,-0.8986235509503263,0.2870941238954745,-0.3778179828124414,-0.5041975356196732,-0.04949446779226356,-0.23968677720732495,-1.3864907301157001
2026-09-18T00:00:00.000,79,1,0.25471698113207547,4,12,0.025028824365931093,0.7558072566711461,20768.5247079282,0.23623299804471984,-0.22659780257995893,-0.6366188066445322,0.4132999982654992,-0.08560126232481743,-0.5027837756781572,0.20456487950307323,0.34880514714608984,-1.3278507983268688
2026-09-21T00:00:00.000,104,3,0.22388059701492538,5,22,0.032405778370249994,0.8093684008446919,20313.6103101512,0.5423998506327365,-0.03522596467290624,-0.32311042405846857,0.5071389768307926,0.32393074011333783,-0.4250776989547231,0.20575400751126588,0.5737737862561015,-1.1089911404086508
2026-09-22T00:00:00.000,64,5,0.30434782608695654,6,24,0.023769157151939217,0.43847187559992323,21353.663083169897,-0.02886808089673215,0.18217410402795392,-0.1105726716853583,0.6900152612474549,0.6230809910388817,-0.34818638683285547,0.47063350602187404,0.7877468224074289,-0.8374987940017491
2026-09-23T00:00:00.000,51,14,0.3780487804878049,4,12,-0.0013153501067779075,0.33723608445297504,17647.8186860852,-0.7925229417432806,-0.0982411545816582,-0.377750786894216,0.624842004117017,0.06197447681612896,-0.5042479425195953,-0.030546082290184316,0.4101844623721146,-0.8721442136728734
2026-09-24T00:00:00.000,52,14,0.21212121212121213,5,13,0.005530142372643254,0.20806142034548944,16531.3278098655,-0.5189680213862052,-0.11234523906975218,-0.36196325099521415,0.5482825977105683,0.299645938952819,-0.5042479425195951,0.030918374141774608,0.16010052423983856,-0.9591529150184573
2026-09-28T00:00:00.000,35,60,0.3,5,7,-0.01763192198060077,0.1654510556621881,17026.6014982937,-1.1732880905480223,-0.39424945678830065,-0.6532004036854564,0.1735233303128496,0.1961283441930123,-0.42611853721026105,-0.5280761111998917,-0.3829438895068778,-1.1390589304214802
2026-09-29T00:00:00.000,56,12,0.17647058823529413,6,10,0.025832266269517547,0.6257915947035118,14090.7071107306,-0.008994216765389775,-0.5045282702679258,-0.9698630866132263,0.11761725181033197,0.3046824522844867,-0.34747181361444424,-0.6136203762555443,-0.5518294749535377,-1.4712128445335488
2026-09-30T00:00:00.000,56,12,0.2,7,12,0.013323103038799711,0.4500287742183004,14378.359181176102,-0.20505206967825743,-0.539765068024231,-1.017779892026727,0.07477215142228563,0.5425556676108739,-0.2682391421970528,-0.7468761115171044,-0.5380168959990292,-1.8247712534628633
